#Nsample
#ln(Lhood)
#O1 : x (arcsec)
#O1 : y (arcsec)
#O1 : emass
#O1 : theta (deg)
#O1 : rc (arcsec)
#O1 : sigma (km/s)
#O1 : rcut (arcsec)
#Chi2
1 9.278364 33.077580 -40.933971 0.164311 32.513622 0.001218 60.235076 5.120226 0.777255
1 8.663339 33.041824 -40.882226 0.294501 84.098805 0.001659 67.061397 1.549092 2.007304
1 8.630815 33.191430 -40.942362 0.001044 155.432572 0.001448 57.646043 3.084472 2.072353
1 9.497720 33.157218 -40.866470 0.411241 174.390609 0.001223 62.936123 1.507009 0.338542
1 9.336242 33.027437 -40.831306 0.658511 33.634435 0.001476 67.544563 3.401107 0.661499
1 7.450906 33.058932 -40.839214 0.201187 121.256384 0.000350 62.605979 3.154664 4.432171
1 9.050935 33.017530 -40.896283 0.332963 157.025005 0.000590 52.955442 3.825999 1.232113
1 9.489342 33.074009 -40.946537 0.918478 44.675360 0.000488 103.970862 1.262913 0.355298
1 8.951631 33.213323 -40.965422 0.697244 145.492003 0.001877 61.548381 5.669331 1.430720
1 8.906452 33.072063 -40.827355 0.156781 121.422695 0.001114 54.318718 4.856490 1.521078
2 9.237253 33.114598 -41.004809 0.036397 156.783117 0.001366 60.128092 5.120815 0.859478
2 8.926051 33.200975 -40.873987 0.677196 150.410967 0.000083 73.011232 1.412923 1.481881
2 8.639062 33.229800 -40.983345 0.084506 150.771003 0.001382 58.492314 2.794069 2.055860
2 8.991251 33.081580 -41.055105 0.627928 121.919950 0.000069 61.573517 4.595749 1.351480
2 9.129854 33.072558 -40.819979 0.544064 37.961181 0.001954 62.525108 2.314502 1.074275
2 9.218016 33.066569 -40.872891 0.005294 137.655810 0.000999 56.391641 2.323823 0.897950
2 9.266483 33.120786 -40.877995 0.140670 177.576488 0.000291 56.766065 2.759268 0.801017
2 7.549367 33.092868 -40.981491 0.931578 62.658727 0.000011 97.149023 1.683002 4.235250
2 9.627099 33.200357 -41.030231 0.133132 5.436130 0.001671 70.664491 1.314994 0.079785
2 9.034813 33.125438 -40.884792 0.887398 155.176925 0.000951 65.069577 4.876026 1.264357
3 8.723556 33.051791 -40.951066 0.008006 178.873709 0.001541 60.731269 4.792141 1.886870
3 8.013417 33.170643 -41.016377 0.255667 4.097888 0.000994 58.272558 2.772178 3.307149
3 8.842062 33.153689 -41.078060 0.647964 55.802194 0.000011 69.097311 3.664270 1.649858
3 9.338492 33.119047 -41.049325 0.360035 99.117875 0.001956 64.130012 2.257022 0.656999
3 9.479474 32.966563 -40.804064 0.107811 112.228720 0.001435 54.853217 5.205296 0.375034
3 9.615764 33.144623 -40.988346 0.256549 43.718648 0.000533 61.867150 3.814135 0.102454
3 9.634298 33.046819 -40.911225 0.024476 130.474103 0.001618 63.336799 1.429606 0.065387
3 8.445261 33.105484 -40.959566 0.901339 48.710859 0.001880 104.146160 1.350205 2.443461
3 7.266922 33.031686 -40.853282 0.828633 48.311813 0.000473 88.552213 1.611305 4.800139
3 9.611007 33.096855 -40.986027 0.192189 137.212734 0.000419 56.878900 4.938185 0.111969
4 8.971771 33.141501 -40.826246 0.434649 156.182561 0.000157 58.354469 4.155318 1.390440
4 9.561099 33.183347 -41.019913 0.112652 174.379577 0.001066 62.050738 3.206087 0.211784
4 9.269825 33.006598 -40.914338 0.671128 141.621297 0.000446 70.312832 1.138447 0.794333
4 9.186453 33.062396 -41.095019 0.434082 111.176825 0.000193 59.457149 2.157229 0.961077
4 9.529562 32.987758 -40.817969 0.012389 90.056323 0.001365 55.098691 5.557150 0.274859
4 9.323951 33.109329 -41.008843 0.003564 67.633875 0.000826 56.173921 4.688808 0.686080
4 9.309542 33.165202 -40.887335 0.427531 12.771589 0.001789 61.709291 5.254868 0.714898
4 9.478919 33.087363 -40.957219 0.949849 39.258344 0.001667 114.333927 1.158931 0.376145
4 7.834248 33.007062 -40.866550 0.930345 130.057898 0.001825 78.643316 3.206924 3.665488
4 8.759980 33.156504 -41.007140 0.388954 117.506136 0.000898 71.006604 1.414353 1.814022
5 8.418413 33.205341 -40.845803 0.377514 21.388359 0.001992 63.049189 4.076040 2.497156
5 9.434059 33.132699 -41.045566 0.138643 31.107180 0.000644 62.076738 2.962920 0.465865
5 8.212910 33.042952 -40.925433 0.495153 133.522181 0.000238 77.723484 1.126036 2.908162
5 9.137421 32.967760 -40.819953 0.336090 63.312419 0.000903 55.814539 2.556673 1.059141
5 9.640609 33.130694 -40.957999 0.764756 41.175190 0.000521 76.111231 2.854266 0.052765
5 9.601277 33.120802 -41.004391 0.132624 55.317280 0.001022 60.729681 3.942773 0.131428
5 8.056670 33.041706 -40.893329 0.457714 117.583631 0.001659 59.510850 5.929337 3.220643
5 8.845443 33.103888 -40.984683 0.972015 32.941452 0.001787 134.764401 1.018221 1.643097
5 9.061915 33.142048 -41.034042 0.473229 114.704204 0.001582 71.501743 1.340809 1.210153
5 9.335756 33.134387 -40.990691 0.508810 128.540325 0.000833 71.804467 1.247036 0.662470
6 8.687492 33.199877 -40.869176 0.268633 26.513224 0.001733 60.821257 3.394120 1.958999
6 8.750310 33.109395 -40.938587 0.058174 36.720481 0.000885 62.454627 3.686679 1.833362
6 6.122556 33.118335 -40.810699 0.744186 138.109873 0.000305 84.815391 1.155661 7.088871
6 9.556008 33.050613 -40.985298 0.690668 130.249282 0.000266 58.718077 3.993765 0.221967
6 9.150118 33.028615 -40.809949 0.766454 161.573891 0.001616 59.272211 5.893307 1.033747
6 8.783230 33.011758 -41.026571 0.188895 50.237796 0.001108 61.596105 2.427978 1.767523
6 8.121224 33.056995 -40.868551 0.127615 155.651896 0.000627 52.767504 2.156497 3.091534
6 8.556542 33.069630 -40.861600 0.701944 26.954970 0.001928 69.059786 5.090591 2.220898
6 9.303773 32.987552 -40.852999 0.869910 130.886505 0.000495 60.882462 5.145700 0.726437
6 9.569325 32.976519 -40.971137 0.322537 83.814441 0.001202 56.222214 4.771521 0.195332
7 9.364354 33.065081 -40.822616 0.189383 4.169119 0.000562 53.702363 4.986189 0.605274
7 8.972722 33.050877 -40.882539 0.671830 147.168921 0.000718 67.260964 2.022949 1.388538
7 9.107244 33.119593 -40.853255 0.814206 140.071902 0.000032 62.130526 3.574388 1.119495
7 9.591915 33.133734 -41.090987 0.443704 124.895114 0.000756 67.366590 1.503802 0.150153
7 8.995058 33.044536 -40.996553 0.226233 105.889168 0.000239 70.491785 1.362071 1.343866
7 9.379428 33.051605 -41.005747 0.247095 128.493302 0.000945 59.390631 3.032145 0.575126
7 9.427472 33.006066 -40.978110 0.198183 67.883393 0.001252 62.664080 1.692053 0.479038
7 9.073314 33.164781 -40.894436 0.083592 0.153638 0.001886 57.474331 5.356569 1.187355
7 8.820106 33.175178 -40.939688 0.274364 31.036925 0.000249 68.248079 2.166844 1.693770
7 9.421027 33.089675 -40.948992 0.333759 153.015152 0.000996 58.518915 3.714734 0.491929
8 8.356968 33.118833 -40.882096 0.033703 148.900621 0.001857 56.514224 1.954208 2.620047
8 9.468957 33.004761 -41.007633 0.606648 123.681419 0.001021 59.358220 2.664593 0.396068
8 9.290963 33.184404 -40.973334 0.630818 133.227200 0.000472 60.246522 2.618218 0.752057
8 9.618154 33.201030 -41.028819 0.173062 35.375160 0.000934 64.759552 2.371987 0.097675
8 8.910659 33.038166 -40.972303 0.148643 173.761078 0.000086 58.172963 5.419517 1.512665
8 9.019789 33.082895 -40.845400 0.441203 153.785074 0.000848 51.058429 4.969043 1.294404
8 7.984272 32.966613 -40.809586 0.407999 78.586269 0.001598 63.156120 2.826900 3.365439
8 9.061801 33.012923 -41.038995 0.169230 82.233740 0.001975 57.116503 4.159563 1.210381
8 8.955302 33.033725 -40.829674 0.354289 53.834931 0.000616 55.696151 4.887581 1.423380
8 7.370162 33.078667 -40.843054 0.507235 113.687880 0.001990 61.439107 2.661739 4.593659
9 7.041678 33.107053 -40.966282 0.608748 134.140625 0.001752 48.810657 4.606968 5.250626
9 9.555880 33.114013 -40.804933 0.481627 6.211042 0.001444 58.675851 2.802479 0.222222
9 9.375027 33.131250 -41.047634 0.713992 122.908056 0.000886 64.288665 2.626296 0.583929
9 8.474135 33.030897 -41.061015 0.061949 78.652618 0.000913 71.626073 1.185007 2.385713
9 7.258350 33.139173 -40.958765 0.099912 17.879193 0.001041 72.246903 1.785284 4.817284
9 8.432309 33.207317 -40.915905 0.625415 133.794826 0.000355 55.986957 5.135524 2.469365
9 9.485612 33.032815 -40.806898 0.613566 166.843178 0.000006 60.237520 2.171224 0.362759
9 9.351749 33.132559 -40.942564 0.724036 145.806806 0.000626 57.004269 3.377201 0.630484
9 8.786601 33.152000 -40.902976 0.758992 133.109035 0.001636 59.920734 4.118651 1.760781
9 9.449198 33.188551 -40.867863 0.677378 158.736662 0.000286 55.329910 4.978820 0.435586
10 7.659606 33.232561 -40.860489 0.671164 157.740915 0.001759 67.117303 3.247763 4.014771
10 9.496117 33.055319 -40.824262 0.520064 7.885829 0.000927 64.641054 1.650054 0.341748
10 9.308897 33.107896 -40.916871 0.886134 136.393215 0.000641 67.946890 2.988709 0.716188
10 8.607664 33.039977 -41.035125 0.001503 61.815734 0.000917 72.330742 1.140504 2.118655
10 8.414511 33.015841 -40.814062 0.750288 43.283860 0.000049 79.586078 1.623433 2.504961
10 9.547826 33.238972 -40.933200 0.606789 157.591098 0.000913 58.876523 5.745438 0.238331
10 9.171364 33.087341 -40.944412 0.180195 15.838409 0.000390 59.979728 5.619993 0.991254
10 9.308313 33.181722 -40.945208 0.553983 166.549425 0.001578 60.157716 3.141425 0.717356
10 8.790119 33.139671 -40.909227 0.285461 156.920508 0.000395 65.045899 2.232297 1.753746
10 9.413840 33.171622 -41.063985 0.855671 136.673631 0.000086 65.146566 4.106878 0.506303
11 9.098311 33.241839 -40.870636 0.687574 150.029883 0.001938 59.519964 3.760994 1.137361
11 8.969040 33.250527 -40.931426 0.460037 157.771496 0.000931 57.577317 2.602607 1.395902
11 9.593632 33.072411 -40.933123 0.102351 27.403220 0.001029 61.260451 1.890975 0.146719
11 9.044075 33.150098 -40.992797 0.365097 63.522412 0.000536 62.470813 4.285924 1.245832
11 9.353648 33.027110 -40.849547 0.842203 48.346265 0.000089 80.078102 1.922388 0.626686
11 8.726342 33.223832 -40.841318 0.794981 162.163939 0.000492 71.581229 2.383930 1.881300
11 9.607596 33.029158 -40.880240 0.014041 59.943033 0.001993 59.316967 2.455787 0.118790
11 9.580337 33.192403 -41.009503 0.582526 34.472182 0.001141 78.350560 1.423188 0.173308
11 8.861374 33.048539 -41.012039 0.108140 177.607503 0.001352 58.334403 4.568494 1.611235
11 9.094447 33.001652 -41.072055 0.449390 110.506188 0.001739 59.688914 4.056861 1.145089
12 7.853942 32.981084 -40.825889 0.748299 120.836709 0.001435 50.306121 3.991864 3.626098
12 9.210574 33.091863 -41.075614 0.178552 123.471014 0.000128 65.662800 1.739996 0.912835
12 9.290937 33.061403 -40.808643 0.749338 141.720904 0.001775 55.348430 5.112716 0.752109
12 9.546667 33.126379 -41.025601 0.075805 28.477002 0.000481 60.126109 4.072271 0.240648
12 9.308725 33.024420 -40.841017 0.819956 35.361283 0.000117 79.807729 1.887864 0.716533
12 9.048774 33.121745 -40.871174 0.343730 40.672030 0.001426 60.676290 2.668632 1.236435
12 9.436453 33.034818 -40.848684 0.107130 24.295317 0.001347 59.252717 3.167551 0.461076
12 9.235789 33.156783 -40.856383 0.862866 145.977077 0.000067 66.328441 1.957266 0.862404
12 9.243472 33.076250 -41.013385 0.209934 36.229165 0.000900 60.787491 4.429665 0.847040
12 9.332344 33.127847 -40.936237 0.657185 143.865248 0.001024 63.145935 2.815415 0.669294
13 9.349420 33.097188 -41.010291 0.166132 33.883222 0.000994 59.154750 3.742399 0.635143
13 9.622013 33.207088 -40.819337 0.708198 14.965671 0.001589 63.823011 4.946156 0.089956
13 9.305278 33.141424 -41.021569 0.389073 34.506568 0.001296 63.234964 3.401484 0.723426
13 8.933210 33.103669 -41.095686 0.627062 128.744988 0.000990 60.189303 5.909757 1.467564
13 9.493431 33.186804 -40.997062 0.194210 133.913413 0.001630 69.660715 1.166160 0.347120
13 9.377268 32.974171 -40.887659 0.230115 64.617910 0.001864 63.596680 1.963208 0.579446
13 8.552786 32.967153 -40.855594 0.284365 166.443943 0.001430 61.455577 2.890281 2.228410
13 8.678540 33.043130 -40.856726 0.492443 159.651349 0.001641 69.044220 1.592692 1.976902
13 9.522932 33.020755 -40.880467 0.453954 54.236528 0.000418 66.179763 1.623661 0.288119
13 9.531110 33.208118 -40.877861 0.615428 165.206050 0.000934 61.064395 3.566143 0.271763
14 8.941810 33.094640 -41.061043 0.871105 60.256463 0.001600 82.095833 5.820210 1.450362
14 9.063526 33.166560 -40.810182 0.668330 10.677435 0.001350 64.710851 4.749114 1.206930
14 9.377313 33.113501 -41.032143 0.383734 58.534399 0.001045 62.156339 3.316248 0.579357
14 9.119811 33.077900 -41.039383 0.260598 136.218616 0.001358 71.292210 1.118725 1.094360
14 9.244643 33.205173 -41.083413 0.193156 47.227620 0.001212 62.506929 3.085510 0.844696
14 9.475785 32.998187 -40.911529 0.302534 92.628624 0.001588 65.617904 1.423976 0.382412
14 9.417225 33.218112 -40.917485 0.861505 147.027795 0.000275 70.706185 2.332338 0.499533
14 8.558344 33.071938 -40.928266 0.106889 77.188410 0.000912 66.414902 2.073117 2.217294
14 9.641198 33.039561 -40.925141 0.150114 60.093846 0.000656 57.983919 3.888460 0.051586
14 9.576854 33.049555 -40.870447 0.435887 31.600316 0.001756 59.022767 4.324117 0.180274
15 9.425421 33.076386 -41.051747 0.913137 53.622765 0.001600 101.917020 1.653915 0.483141
15 9.114775 32.966376 -40.925724 0.341573 110.462897 0.000714 61.107399 2.797851 1.104432
15 9.246401 33.152624 -41.017448 0.445553 132.926309 0.001061 54.405619 4.384347 0.841181
15 9.219050 33.026522 -40.923501 0.397735 100.259779 0.000276 57.402922 4.816681 0.895882
15 8.544815 33.160143 -40.907543 0.103133 0.357613 0.000206 60.355202 1.525418 2.244353
15 9.586237 32.999687 -40.902007 0.267314 80.259686 0.001512 66.375285 1.168334 0.161508
15 8.335509 33.211486 -40.929407 0.804380 133.490532 0.000332 68.331698 2.108624 2.662965
15 9.356248 33.047178 -41.027688 0.158805 113.146640 0.000504 57.445402 5.444381 0.621486
15 8.519780 33.091280 -40.918796 0.459093 34.493658 0.001627 68.062405 3.123692 2.294423
15 8.090865 33.061559 -40.928061 0.429957 127.618568 0.000408 61.257542 4.656640 3.152252
16 8.328591 33.181169 -41.000754 0.618696 132.893498 0.001277 58.330824 1.792453 2.676801
16 9.554190 33.036311 -40.856575 0.578151 139.885685 0.000734 61.616788 1.562190 0.225602
16 9.186859 33.175495 -41.078405 0.320864 42.182203 0.000198 65.721165 4.937245 0.960265
16 9.637267 32.983983 -40.899016 0.254387 116.379399 0.000750 54.283115 4.750916 0.059448
16 8.770383 33.153103 -40.938402 0.034271 15.973227 0.001927 58.507742 2.126516 1.793216
16 9.487598 32.978591 -40.880965 0.197298 85.079865 0.001222 60.004920 1.475846 0.358786
16 9.050659 33.080466 -40.907275 0.389229 115.299111 0.001495 55.399373 5.523988 1.232665
16 9.332846 33.023826 -41.030576 0.240999 100.022715 0.000581 58.391559 5.137689 0.668291
16 7.428633 33.012164 -40.957663 0.307707 77.900857 0.000373 74.560126 1.427442 4.476718
16 8.933745 32.983085 -40.920630 0.528280 94.900653 0.000354 59.582511 4.484995 1.466493
17 9.138188 33.262341 -41.048426 0.476177 151.909153 0.000836 60.485957 2.302384 1.057606
17 9.466649 33.017164 -40.840884 0.612931 44.967091 0.000484 61.544453 4.850079 0.400684
17 9.537404 33.107457 -41.015989 0.384610 127.293999 0.000575 58.694281 4.050116 0.259174
17 9.535673 32.972992 -40.864111 0.214574 131.233821 0.001187 54.479067 2.882806 0.262636
17 8.620290 33.008285 -40.846798 0.444925 97.894563 0.001258 53.113066 5.793451 2.093402
17 8.905025 33.145317 -40.998536 0.242695 78.465390 0.000249 61.680012 2.061114 1.523933
17 9.481721 33.086170 -41.030118 0.645384 53.540431 0.001701 71.509848 2.122561 0.370541
17 9.296656 33.142829 -41.004276 0.271340 123.958765 0.001567 59.312833 4.580393 0.740671
17 7.448922 33.013107 -41.046553 0.459366 105.814491 0.000426 71.568565 1.872033 4.436139
17 9.159157 33.005765 -40.886806 0.262444 11.511388 0.001964 54.114236 5.731631 1.015669
18 8.758305 33.180357 -40.953736 0.188056 1.123154 0.001302 58.855187 2.144716 1.817373
18 9.632664 33.102209 -41.088100 0.335123 104.972908 0.001170 60.761471 2.994563 0.068654
18 9.477309 33.026927 -40.890091 0.337084 156.800169 0.001254 53.929719 5.812450 0.379365
18 9.537078 33.007768 -40.898048 0.130351 121.847948 0.001246 57.177407 3.998052 0.259826
18 8.084264 33.261865 -41.021106 0.619448 17.472960 0.000137 71.737246 3.788472 3.165454
18 9.516110 33.010331 -40.879764 0.462242 121.867171 0.000348 53.427788 5.976414 0.301762
18 8.755833 33.184326 -40.944779 0.644686 34.929517 0.000003 66.477354 3.627831 1.822317
18 8.677051 33.039532 -41.015064 0.159513 23.271543 0.001990 58.588355 3.935495 1.979880
18 9.071571 33.150836 -40.937410 0.025950 133.139422 0.000947 56.036112 3.882131 1.190841
18 9.572069 32.978064 -40.879369 0.299195 50.102390 0.000143 65.151304 1.211233 0.189845
19 8.263281 33.074806 -40.882255 0.907795 145.009957 0.000289 72.678209 4.200323 2.807421
19 9.267275 33.143208 -40.899865 0.475997 145.183537 0.001569 61.732995 1.412006 0.799432
19 8.109568 33.124233 -41.049542 0.690443 114.402809 0.000673 68.628309 2.419986 3.114846
19 9.520855 33.005501 -40.912626 0.116935 119.860949 0.001296 57.823133 3.563030 0.292272
19 9.522491 32.995941 -40.985357 0.275126 93.499368 0.000176 57.192535 5.594618 0.289002
19 8.902015 33.145724 -40.829958 0.504252 8.489570 0.001754 62.050156 5.504558 1.529953
19 9.012902 33.227937 -41.013724 0.006130 57.217325 0.000646 60.808625 5.869185 1.308178
19 9.109719 33.063619 -40.993646 0.214901 28.409652 0.001695 58.143507 4.659033 1.114544
19 9.303191 33.093543 -40.878114 0.391500 167.955115 0.000883 54.276993 3.874294 0.727600
19 9.294743 33.046076 -40.832367 0.376951 2.842386 0.000317 65.845139 1.640714 0.744496
20 9.577543 33.095706 -40.927255 0.031950 131.318184 0.001295 59.513697 2.726262 0.178897
20 9.292928 33.125107 -40.892688 0.488164 166.803459 0.000889 61.345071 1.576657 0.748127
20 8.623519 33.083272 -40.810873 0.054278 75.592215 0.001758 55.178016 4.796871 2.086945
20 9.478639 33.016084 -40.846727 0.530970 26.207747 0.000523 60.454499 4.496951 0.376706
20 9.273366 33.013588 -40.998708 0.104209 79.966006 0.000122 55.736907 5.663380 0.787251
20 8.688843 33.165961 -40.868342 0.265538 24.560700 0.001983 60.802543 5.585046 1.956296
20 7.541123 33.050294 -40.967917 0.837068 123.799218 0.001221 52.635250 3.773677 4.251736
20 8.835036 33.194951 -40.899678 0.525926 3.167379 0.000050 66.224034 2.884195 1.663911
20 8.332031 33.154396 -40.828200 0.744814 17.131433 0.000529 61.131694 5.022449 2.669921
20 9.238329 33.040962 -41.074802 0.390598 62.976096 0.000167 69.018747 1.517154 0.857325
21 9.533083 33.123504 -40.937987 0.042571 145.408403 0.001258 59.169055 2.632044 0.267816
21 9.606847 33.253377 -40.963306 0.527895 153.093107 0.000086 60.605206 2.796399 0.120289
21 9.631108 32.973748 -40.946012 0.473769 105.527303 0.001939 54.967061 5.669126 0.071768
21 9.547226 33.068465 -40.801702 0.336806 170.758229 0.000613 54.356432 5.281452 0.239531
21 8.740622 33.256355 -41.035119 0.192998 130.057241 0.000645 56.450726 5.362932 1.852739
21 8.543365 33.150827 -40.878089 0.325014 27.746435 0.000019 62.654769 5.360623 2.247252
21 8.911977 33.052915 -40.973051 0.243954 26.427942 0.000312 60.971768 4.776981 1.510029
21 8.742445 32.976105 -40.862352 0.577191 27.453480 0.000170 65.947768 2.510971 1.849092
21 9.591532 33.060566 -41.023091 0.335918 59.974150 0.001804 60.125585 5.885427 0.150918
21 9.231028 33.006484 -41.076289 0.413022 77.252456 0.000231 71.765193 1.057706 0.871926
22 9.115193 33.128301 -41.028848 0.852163 130.810246 0.001703 56.582785 5.739561 1.103596
22 9.299144 33.110533 -40.883730 0.596923 138.891755 0.000344 54.582758 3.737355 0.735695
22 8.768809 32.990853 -40.817103 0.209948 171.289591 0.001516 58.742919 5.480241 1.796364
22 9.560925 33.003924 -40.808779 0.481922 163.738083 0.000423 54.225396 5.155159 0.212133
22 8.372452 33.120244 -40.908621 0.827693 151.970764 0.001306 87.499238 1.132549 2.589079
22 9.368209 33.137938 -40.907720 0.187863 5.083930 0.000811 62.304443 2.658499 0.597565
22 9.275810 32.972407 -40.910475 0.330576 52.145088 0.001417 57.328968 3.104219 0.782364
22 8.726985 33.088144 -40.835447 0.739082 46.158112 0.000187 66.865654 5.538133 1.880013
22 8.539211 33.113615 -41.072766 0.192217 52.585113 0.001760 65.129172 4.031713 2.255562
22 9.169722 33.008659 -41.089117 0.535622 110.335169 0.000192 75.127009 1.052911 0.994538
23 8.774520 33.184425 -41.024487 0.418324 113.333241 0.001887 66.588439 1.656752 1.784944
23 9.222886 33.178266 -41.007504 0.383413 43.034007 0.000667 65.625494 4.818670 0.888212
23 8.655453 33.034367 -40.955891 0.266662 168.363547 0.001454 58.826803 4.364907 2.023076
23 9.349994 33.204192 -40.810343 0.702682 171.326364 0.001938 58.966242 2.775598 0.633994
23 9.391141 33.159637 -40.959111 0.818075 141.558889 0.001867 73.798936 1.144055 0.551700
23 9.642750 33.057140 -40.940362 0.134548 53.086353 0.001611 57.853834 4.625067 0.048483
23 9.556359 33.077978 -40.828312 0.370046 17.577402 0.000822 62.366078 2.221752 0.221265
23 9.620764 33.130326 -40.821765 0.746811 25.143329 0.001837 65.970759 5.518851 0.092455
23 8.826555 33.067659 -40.878984 0.574331 152.827691 0.000281 51.804735 4.145670 1.680872
23 8.406870 33.014518 -40.831160 0.102454 172.402306 0.001559 72.870749 1.153609 2.520242
24 9.192461 33.130253 -40.927537 0.124981 21.393777 0.000727 58.311893 2.455635 0.949060
24 9.574191 33.187893 -41.010553 0.408894 29.545031 0.000489 63.630345 4.241268 0.185602
24 9.224102 33.121598 -40.912526 0.383572 39.885756 0.000388 63.381070 4.299639 0.885779
24 9.100024 33.232524 -40.853694 0.478098 163.212083 0.000002 57.332953 3.216922 1.133935
24 9.484575 33.180474 -41.057762 0.717996 128.167182 0.000875 59.065493 5.093281 0.364833
24 9.355939 33.169724 -40.921291 0.138017 19.407589 0.000308 60.775892 2.612233 0.622104
24 9.607961 33.104883 -40.889913 0.653848 148.367004 0.001032 67.126942 1.343427 0.118061
24 9.583432 33.167286 -40.999812 0.000308 55.883482 0.000971 59.977158 3.550833 0.167118
24 9.481356 33.111023 -40.939702 0.085232 116.074392 0.001592 60.962235 2.376351 0.371270
24 8.888689 33.161821 -40.896536 0.504643 150.851243 0.001188 74.389311 1.187389 1.556605
25 8.864977 33.035392 -40.935947 0.029586 61.368049 0.000908 61.161200 3.852016 1.604028
25 9.532765 33.191108 -40.901622 0.318517 3.894210 0.000561 58.983008 4.929837 0.268453
25 9.102916 33.010128 -40.965103 0.422727 54.294045 0.001231 66.479439 2.575341 1.128152
25 9.266127 33.002502 -41.073119 0.771862 111.966145 0.001975 63.125350 4.497210 0.801729
25 9.257482 33.250109 -40.845008 0.689705 7.424436 0.001004 69.140462 2.521879 0.819019
25 9.566854 33.147618 -40.927989 0.516358 156.464761 0.000623 73.016188 1.027446 0.200275
25 9.634758 33.094154 -40.958551 0.624861 136.039472 0.001223 59.841314 2.633865 0.064467
25 9.495093 33.138115 -41.039869 0.189910 44.374462 0.001438 61.905398 2.921176 0.343796
25 8.118035 33.173373 -40.920978 0.294836 122.403051 0.001493 59.532031 1.751203 3.097913
25 9.592093 33.130436 -40.907484 0.516269 154.198330 0.001366 62.172416 1.682570 0.149797
26 9.365088 33.158691 -41.087756 0.316079 107.730674 0.001024 71.986714 1.347862 0.603807
26 8.603781 33.012758 -40.990879 0.141829 170.746496 0.000967 56.880214 5.230515 2.126421
26 9.541288 33.200115 -41.029766 0.076191 140.619709 0.001273 59.075448 3.769500 0.251406
26 9.183851 32.975820 -41.086780 0.726120 98.336676 0.000043 62.917377 4.786244 0.966280
26 8.856656 33.184199 -40.957370 0.654117 163.074599 0.000693 67.620834 1.943989 1.620671
26 9.533836 33.100477 -40.904540 0.362156 174.518966 0.000780 56.350383 5.882887 0.266310
26 9.609377 33.150865 -40.999526 0.033349 113.944589 0.000012 63.560942 1.953148 0.115228
26 8.805366 33.217825 -40.957877 0.337491 12.817986 0.001801 61.948545 2.060733 1.723251
26 9.322074 33.142579 -40.920890 0.334439 136.876344 0.001672 60.258183 1.858072 0.689835
26 9.238447 32.988082 -40.835287 0.384852 117.995634 0.001478 55.937711 4.928779 0.857088
27 9.629496 33.146494 -41.030159 0.016926 129.766450 0.000974 60.867318 2.860298 0.074992
27 9.373094 33.090980 -40.985461 0.271423 54.422143 0.000275 62.632008 1.946399 0.587795
27 8.477750 33.166086 -41.093751 0.639211 115.868563 0.000934 55.237614 5.210734 2.378483
27 9.301617 33.040774 -40.816637 0.617554 161.886052 0.000668 57.055807 2.214092 0.730749
27 9.151820 33.128559 -40.858948 0.520103 175.634542 0.000539 54.913914 4.298273 1.030342
27 8.987398 33.003098 -40.895693 0.443386 64.726763 0.001823 67.956542 1.784570 1.359188
27 9.256229 33.177148 -41.077764 0.530365 56.499267 0.000185 65.891452 4.843381 0.821525
27 9.032293 32.984217 -40.908988 0.167532 26.835217 0.000211 59.831125 1.570918 1.269396
27 9.351197 33.146310 -40.939717 0.196445 13.520648 0.000247 57.912042 3.205949 0.631589
27 9.331914 33.041860 -40.940008 0.143842 158.817568 0.001329 60.152010 2.794065 0.670154
28 9.609714 33.179046 -41.058401 0.081834 88.327208 0.001459 63.185956 2.626893 0.114555
28 9.527538 33.033282 -41.072925 0.451725 101.877597 0.000211 62.596067 2.510438 0.278907
28 9.516716 32.997539 -40.801247 0.295825 140.889569 0.000991 53.694702 5.223569 0.300551
28 9.169915 33.059045 -40.833045 0.598948 138.390503 0.000590 58.064363 1.800585 0.994152
28 9.564260 33.184930 -40.928278 0.666809 155.790038 0.001786 68.504401 1.505671 0.205462
28 7.638808 33.099011 -40.947129 0.495042 47.546774 0.001871 61.124913 2.465530 4.056367
28 9.629756 33.137587 -41.080771 0.493224 54.187280 0.000190 65.621952 5.195593 0.074470
28 7.660686 33.249703 -40.810523 0.477423 158.500228 0.000497 53.721397 4.440663 4.012610
28 8.805191 33.163536 -40.890053 0.327176 145.458564 0.000444 58.237371 1.811662 1.723601
28 9.128618 33.035766 -40.897886 0.415272 138.670097 0.001872 50.671825 5.847712 1.076747
29 9.364627 32.998254 -40.946091 0.148911 113.873024 0.000858 53.181649 5.674814 0.604728
29 9.480344 33.023692 -40.820631 0.346114 175.136934 0.001918 58.323786 3.517557 0.373295
29 9.191757 32.999468 -40.871908 0.744825 33.648773 0.000774 74.404066 1.661704 0.950469
29 8.861458 33.002802 -40.903928 0.657383 37.116118 0.000272 67.363577 1.757222 1.611066
29 9.467746 33.182437 -40.930992 0.631116 148.546723 0.001648 66.907189 1.241040 0.398491
29 8.865352 33.095183 -41.024859 0.943788 125.784162 0.000937 78.233482 3.340542 1.603278
29 9.504241 33.138919 -41.050904 0.290330 60.980425 0.000231 62.357872 5.544874 0.325501
29 9.167029 33.116571 -40.821156 0.819121 35.452075 0.000125 76.513060 3.643259 0.999924
29 9.520501 33.035570 -40.924815 0.182406 113.645056 0.001838 53.434347 5.773198 0.292981
29 8.837701 33.119627 -40.890589 0.339495 8.111221 0.001532 63.556793 1.157950 1.658581
30 8.777047 33.165345 -40.819826 0.304929 172.709769 0.000997 57.838383 5.379677 1.779888
30 9.012837 32.993549 -40.983416 0.239069 126.272060 0.000095 53.422618 4.848098 1.308308
30 8.185492 33.172436 -41.031104 0.456521 67.616682 0.001161 65.832823 2.134364 2.962999
30 9.267859 33.207370 -40.859295 0.586474 174.111481 0.001742 74.698693 1.193882 0.798265
30 8.486209 33.113749 -40.939529 0.125141 114.071318 0.001919 61.279986 4.143960 2.361565
30 9.526208 33.096629 -40.821976 0.673649 167.144996 0.001051 61.114030 2.343679 0.281566
30 9.631164 33.139259 -41.072902 0.597541 51.485059 0.000491 69.209164 4.254388 0.071654
30 9.631365 33.030553 -40.818934 0.987472 36.859652 0.001007 125.490243 5.947498 0.071252
30 9.478270 33.161001 -40.975149 0.002899 121.790878 0.000747 56.987486 5.698389 0.377443
30 8.393511 33.185365 -40.922254 0.523586 42.014572 0.001031 62.329279 5.031640 2.546960
31 9.235674 33.104084 -40.880218 0.079383 154.346231 0.000988 57.611541 4.805198 0.862634
31 9.198383 33.116616 -41.062735 0.058530 25.914866 0.000155 61.083003 4.147993 0.937217
31 7.798666 33.235447 -40.803473 0.928404 175.630158 0.001767 74.341332 5.076273 3.736651
31 9.548152 33.085220 -40.944884 0.061643 171.003361 0.000249 67.217196 1.364861 0.237678
31 9.645473 33.124107 -40.996926 0.143840 135.996886 0.001974 58.958510 3.229876 0.043036
31 9.624810 33.055176 -40.814624 0.336712 2.259411 0.000603 57.082041 3.007347 0.084362
31 9.115595 33.115411 -41.052412 0.560048 40.017551 0.000427 66.798464 4.567204 1.102792
31 9.579973 33.032998 -40.821893 0.988205 35.514844 0.000984 126.545102 5.945109 0.174036
31 8.578223 33.185317 -40.873817 0.111991 21.073133 0.000421 61.554607 2.054052 2.177537
31 9.350899 33.109060 -40.940260 0.381900 167.782276 0.000213 61.304545 2.066743 0.632184
32 9.322528 33.051743 -40.856279 0.061505 50.367931 0.001023 56.072277 2.805458 0.688927
32 9.478423 33.120006 -41.001394 0.180403 159.104920 0.001843 60.572409 2.723797 0.377137
32 7.954174 33.128765 -40.943168 0.780948 130.146643 0.001464 52.128415 4.857664 3.425634
32 8.992904 33.115475 -40.956107 0.189352 171.266140 0.000344 68.957471 1.573245 1.348175
32 9.052831 33.096441 -40.937294 0.548798 156.962436 0.000980 62.445639 2.472850 1.228320
32 8.810733 33.006090 -40.807440 0.278138 91.110935 0.000481 54.446659 3.672179 1.712517
32 9.592424 33.123159 -41.076285 0.599723 57.811425 0.000603 68.701192 4.306293 0.149134
32 9.600212 33.153874 -40.875312 0.686803 157.226618 0.001633 58.236120 4.919556 0.133558
32 9.408012 33.132087 -40.981749 0.259764 143.326413 0.001068 57.033520 2.761149 0.517958
32 9.027905 33.195306 -41.019751 0.463116 20.826426 0.000754 70.165172 1.585037 1.278173
33 9.522169 33.138453 -41.004358 0.012005 102.004948 0.001000 67.413431 1.599818 0.289644
33 9.621815 33.063087 -40.938640 0.047561 145.910523 0.000272 56.543303 5.471331 0.090353
33 8.878701 33.126005 -40.959935 0.072409 36.701460 0.001459 69.819059 1.589725 1.576580
33 8.020531 33.168065 -40.965649 0.268735 110.916672 0.001757 62.633394 3.138098 3.292921
33 8.845789 33.008322 -40.969928 0.130949 17.321756 0.001058 56.577310 3.949028 1.642404
33 9.570057 33.237252 -40.920817 0.746656 154.538316 0.001967 65.517734 2.473350 0.193869
33 8.696493 33.085942 -41.083357 0.428481 63.113209 0.000275 66.800355 4.586493 1.940997
33 9.277853 33.116185 -40.894150 0.753365 136.036062 0.001237 55.308387 5.805906 0.778276
33 8.193596 33.042966 -40.989066 0.801874 108.271455 0.000418 66.970041 2.801993 2.946791
33 9.129230 33.025164 -40.955324 0.064862 162.532356 0.000843 66.007588 1.552785 1.075523
34 9.462282 32.983755 -40.846635 0.545304 43.649037 0.001906 59.150460 4.571268 0.409418
34 9.338178 33.242942 -40.999262 0.521432 161.523330 0.001592 62.037043 3.554270 0.657627
34 9.590080 33.252226 -41.020192 0.268631 3.838815 0.000282 59.885915 5.077861 0.153822
34 8.605136 33.170013 -41.004688 0.661203 147.048397 0.000831 67.634949 2.488822 2.123710
34 8.846339 32.982880 -40.875002 0.521929 40.819921 0.000279 64.436670 1.266790 1.641305
34 8.660969 33.111424 -40.854466 0.125802 116.310086 0.001281 55.136516 3.951659 2.012045
34 9.532505 33.092360 -40.859490 0.552173 25.714790 0.000850 61.763892 3.212530 0.268973
34 9.326018 32.997015 -40.852050 0.544486 148.834126 0.001554 61.052846 2.385045 0.681946
34 9.128063 33.087248 -40.966933 0.326574 164.630087 0.000769 60.385124 2.663248 1.077856
34 8.905181 33.113608 -40.944986 0.259220 102.119560 0.001693 55.056576 5.035562 1.523620
35 8.944263 32.982072 -40.863636 0.229949 39.766140 0.000474 52.799657 5.002232 1.445456
35 9.013090 32.993246 -41.038654 0.704954 56.062629 0.000772 74.744153 1.501969 1.307802
35 9.207490 33.032806 -40.979535 0.788592 130.777463 0.000820 61.613313 4.828682 0.919003
35 9.293898 33.213351 -41.061121 0.822399 139.567147 0.001227 70.539000 2.461263 0.746187
35 8.810557 33.180532 -41.068257 0.092967 86.050287 0.001688 59.246660 2.852702 1.712868
35 9.393156 32.976941 -40.813700 0.176438 127.659526 0.001792 52.285910 3.808890 0.547671
35 8.599905 33.094527 -40.887454 0.265532 99.441771 0.000551 58.385689 3.096010 2.134174
35 9.351365 33.045514 -40.873144 0.613677 128.177035 0.000220 65.399559 1.389524 0.631253
35 9.571341 33.065251 -40.807889 0.463877 22.860666 0.001627 64.133504 1.557492 0.191302
35 9.424490 33.186107 -41.031330 0.442551 148.299953 0.001258 58.532914 5.470990 0.485002
36 8.486015 33.029583 -40.804709 0.224969 127.904995 0.000852 49.414532 5.656451 2.361953
36 9.382515 32.992786 -40.829364 0.731620 38.672370 0.001382 78.517940 1.226495 0.568952
36 9.342098 33.009763 -40.871343 0.126177 119.988780 0.000450 58.838099 3.285099 0.649786
36 8.954080 33.239226 -41.036748 0.667401 141.253731 0.001359 67.391106 2.635477 1.425822
36 8.819328 33.094201 -41.063028 0.111721 79.441352 0.001177 63.277250 3.747698 1.695326
36 8.506249 33.006415 -40.805954 0.384508 98.155958 0.000247 55.335027 4.271830 2.321485
36 9.247322 33.071647 -41.033784 0.060603 109.367831 0.001210 58.538540 2.903466 0.839339
36 9.523454 33.078160 -41.080949 0.878376 123.708785 0.000057 65.950628 2.887765 0.287075
36 9.028284 33.101574 -41.017206 0.308548 129.896724 0.000741 62.417654 3.017284 1.277414
36 9.563475 33.134422 -41.038099 0.065188 96.719196 0.001964 64.364298 1.686545 0.207033
37 8.932366 33.031306 -40.829881 0.244571 134.541465 0.000690 50.514587 4.838505 1.469251
37 8.913046 33.001451 -40.864264 0.295462 23.155556 0.001579 61.667938 3.639367 1.507890
37 9.110969 32.970411 -40.949443 0.311847 62.558171 0.000493 63.314086 2.713260 1.112044
37 9.379107 33.048737 -41.086284 0.665541 106.260298 0.001784 72.565760 1.409911 0.575769
37 8.938989 33.097221 -40.989701 0.309537 64.260392 0.001221 63.070834 4.756803 1.456005
37 9.082026 33.018301 -40.972770 0.087879 141.928380 0.000796 54.887516 4.005642 1.169930
37 9.628430 33.104211 -41.080404 0.350581 111.268408 0.001146 60.296369 2.761713 0.077122
37 9.006262 33.161082 -40.943737 0.198117 136.227621 0.001735 53.721377 5.826796 1.321459
37 9.240428 33.083292 -41.054490 0.231650 121.314342 0.001090 60.870355 3.342308 0.853126
37 9.584875 33.007741 -41.011708 0.404039 107.280211 0.001132 55.889092 4.373694 0.164233
38 9.577504 33.130207 -41.069623 0.104271 74.157095 0.000100 61.925791 3.097333 0.178974
38 9.400082 33.048429 -40.895194 0.222170 71.629339 0.001311 57.905533 3.325182 0.533818
38 9.178452 33.090933 -41.034100 0.556694 108.608217 0.000959 56.588021 4.373844 0.977078
38 9.477700 33.054075 -41.077168 0.727756 122.375209 0.001786 72.240229 1.403178 0.378583
38 9.486417 33.196073 -41.084799 0.671435 138.399481 0.000777 61.379655 2.753592 0.361148
38 9.448762 33.017176 -40.921872 0.103760 156.146647 0.000796 55.234526 3.801487 0.436459
38 8.571236 33.115783 -40.859602 0.687546 10.347996 0.001165 59.246060 5.675891 2.191510
38 9.520969 33.105047 -40.961958 0.211463 151.208282 0.000089 68.223253 1.014815 0.292045
38 9.484872 32.990831 -40.912319 0.188282 64.723114 0.001557 57.721335 5.987041 0.364239
38 9.441426 33.018633 -40.971605 0.430865 99.196863 0.001102 58.973111 3.762497 0.451131
39 8.281217 32.974425 -40.895425 0.293276 125.377651 0.001618 59.882876 5.036099 2.771550
39 9.339442 33.249410 -41.061699 0.691681 42.678069 0.001191 75.566068 5.643914 0.655099
39 9.435871 33.219451 -41.056712 0.035961 143.793061 0.000818 65.686065 1.644649 0.462241
39 9.279923 33.047147 -41.087271 0.359146 107.827779 0.001537 62.732406 1.685699 0.774136
39 9.554332 33.009774 -40.919289 0.092656 136.030366 0.000575 56.458529 3.124827 0.225319
39 8.556573 33.007312 -40.954898 0.384038 155.459410 0.000681 57.821153 3.205504 2.220837
39 9.199489 33.107842 -40.824944 0.467448 6.444293 0.001105 66.580504 1.874309 0.935005
39 8.885277 33.212759 -41.051041 0.368887 123.087465 0.000167 75.210357 1.193704 1.563428
39 9.631574 33.039436 -40.948764 0.114811 65.329858 0.001848 57.407669 4.405755 0.070834
39 9.272431 33.030067 -40.973716 0.494887 100.271093 0.001036 56.790241 3.287396 0.789121
40 9.495058 33.261641 -41.047730 0.089637 165.321396 0.000994 60.859826 4.710646 0.343866
40 9.154966 33.000241 -40.829900 0.837431 133.094052 0.000802 77.429448 1.116987 1.024051
40 8.751760 33.049723 -40.921590 0.365963 12.083285 0.000324 60.175262 5.478976 1.830463
40 8.368216 33.123195 -41.060222 0.200035 55.165435 0.001117 64.347747 5.508993 2.597551
40 8.744325 33.029950 -41.024425 0.808635 126.209663 0.000269 78.317559 1.526195 1.845332
40 9.179513 33.263514 -40.918240 0.482952 152.822434 0.000807 59.888371 3.007932 0.974957
40 7.374979 33.071007 -40.874400 0.642545 127.430986 0.000368 67.904879 2.418467 4.584025
40 8.982174 33.205968 -40.981539 0.568777 143.496725 0.000281 73.191959 1.436802 1.369634
40 8.597980 33.020841 -40.896877 0.359640 32.639260 0.001953 64.182809 3.602874 2.138023
40 9.269374 33.018341 -40.972684 0.488929 94.463882 0.001091 56.997747 3.316143 0.795234
41 8.840834 33.162235 -41.077605 0.577552 115.260979 0.000715 55.789481 5.135347 1.652315
41 9.617146 33.060498 -40.945440 0.646342 132.741879 0.001334 57.067554 3.537214 0.099691
41 9.384457 33.033683 -40.868118 0.356071 124.693614 0.000818 60.315913 2.116312 0.565068
41 9.036748 33.144849 -41.020728 0.326875 47.433457 0.000978 73.472773 1.592805 1.260487
41 9.216522 33.084863 -40.936924 0.274227 162.231049 0.000334 66.826081 1.565487 0.900940
41 9.550732 33.202876 -40.905778 0.341586 175.761662 0.000822 58.592875 3.666536 0.232519
41 9.645399 33.080941 -40.948930 0.015286 66.500996 0.000317 57.797275 3.924380 0.043185
41 8.957820 33.196764 -40.938279 0.363494 141.447528 0.001013 72.137463 1.181836 1.418343
41 9.482869 33.156041 -41.051342 0.657804 137.583750 0.001573 55.977972 5.967207 0.368244
41 9.616568 33.014034 -40.934148 0.275032 67.230074 0.001741 58.583001 3.184332 0.100846
42 9.087706 33.132986 -41.074903 0.535894 135.453463 0.000476 59.952624 4.745409 1.158570
42 8.982318 33.067536 -40.981596 0.482306 148.490433 0.000867 56.623472 3.355450 1.369348
42 9.492772 33.256814 -41.064030 0.634232 141.884083 0.000513 70.957867 1.209465 0.348439
42 9.447483 33.199971 -41.057230 0.287108 46.769872 0.000812 73.572584 1.527880 0.439017
42 8.984795 33.000821 -40.826617 0.537077 51.316779 0.001884 68.158281 1.928289 1.364393
42 9.566529 32.966013 -40.884700 0.090416 69.487236 0.001858 54.469559 4.972205 0.200924
42 9.621308 33.082285 -40.954811 0.144723 45.837359 0.000461 60.835956 2.380967 0.091368
42 9.492268 32.992195 -40.852168 0.168347 69.630805 0.001784 54.128738 5.078324 0.349447
42 9.382372 33.143731 -40.975894 0.105407 97.510546 0.001893 58.290652 4.986759 0.569238
42 9.556087 32.973471 -40.886160 0.275911 48.388234 0.001807 59.682024 2.279792 0.221808
43 9.013131 33.146663 -40.926171 0.726844 47.396060 0.000844 71.158707 4.416698 1.307722
43 9.019621 33.073540 -40.927303 0.554118 116.156373 0.000874 55.080691 5.288886 1.294741
43 8.770762 33.156022 -40.881779 0.394299 167.427118 0.001162 61.239746 1.268540 1.792460
43 9.115863 33.237932 -41.029352 0.337773 138.878787 0.000550 59.674116 5.798125 1.102256
43 9.542921 32.972406 -40.900511 0.075444 99.860702 0.000717 64.112933 1.263871 0.248140
43 9.056154 33.163841 -40.864148 0.449236 160.860769 0.001141 64.780914 2.110909 1.221674
43 8.696777 33.001821 -40.871405 0.231442 18.374604 0.000963 72.289541 1.171249 1.940428
43 9.482115 32.980743 -40.804175 0.239607 36.386178 0.001474 57.997002 4.301712 0.369753
43 8.405856 33.147551 -40.804192 0.316760 6.782770 0.001610 54.552163 3.521040 2.522270
43 8.618678 32.997087 -40.951272 0.638379 54.740297 0.001193 65.340769 1.862089 2.096627
44 9.091133 33.088340 -40.857086 0.295666 37.456542 0.001270 57.270488 3.351613 1.151716
44 9.590687 33.038877 -40.929979 0.391407 127.549046 0.000878 53.825516 4.810693 0.152609
44 8.964521 33.002629 -40.828676 0.682361 142.637704 0.001601 61.071046 3.907706 1.404942
44 9.096197 32.986700 -40.857766 0.099580 62.055387 0.000948 59.150864 4.476780 1.141589
44 9.229778 32.988182 -40.930688 0.032437 133.391273 0.000621 62.391801 1.247685 0.874427
44 9.485324 33.076802 -40.910387 0.076925 154.821050 0.001732 65.079616 1.582563 0.363334
44 9.316921 32.973575 -40.883861 0.015188 17.452978 0.000817 57.094421 5.437161 0.700141
44 9.314164 33.203529 -40.873971 0.352991 167.543508 0.000509 56.304095 4.990700 0.705655
44 8.981014 33.047622 -41.087392 0.445753 124.396435 0.001415 59.855347 3.381411 1.371954
44 9.147476 33.011141 -40.872215 0.165537 134.804826 0.000487 61.431933 1.031830 1.039031
45 8.924435 33.200822 -40.992381 0.309515 121.493233 0.000256 69.297643 1.286041 1.485113
45 8.394032 33.183910 -40.953676 0.109657 168.530493 0.000191 57.613737 2.234734 2.545919
45 9.326384 33.002998 -40.853618 0.539759 128.462794 0.001980 61.803978 2.160891 0.681214
45 8.736650 33.182474 -40.851436 0.369389 177.694535 0.001073 55.393049 3.287430 1.860682
45 8.805408 32.980346 -40.883879 0.952641 122.018633 0.000512 69.142736 5.133933 1.723167
45 9.159965 33.061379 -40.857685 0.490784 48.325459 0.001225 69.457710 1.083276 1.014053
45 9.121739 33.078802 -40.964759 0.375248 46.311524 0.001186 64.823381 1.545843 1.090504
45 8.605527 33.169863 -40.899072 0.267594 47.773267 0.001562 67.388646 1.379924 2.122928
45 7.895768 33.067946 -40.884964 0.233602 6.527078 0.001117 51.589694 4.236333 3.542447
45 8.858460 33.153952 -40.832964 0.342954 9.693043 0.001859 59.944991 5.913510 1.617063
46 8.742784 33.051138 -40.898379 0.553981 111.041972 0.001971 55.249469 5.532431 1.848414
46 9.348763 33.185823 -40.959701 0.388679 0.115591 0.000624 65.144617 2.322978 0.636456
46 9.129251 33.060700 -40.891310 0.613525 124.073590 0.000174 60.274564 1.813748 1.075480
46 8.746209 33.030970 -40.877789 0.064350 1.028617 0.001127 54.066870 2.293501 1.841565
46 9.499058 33.203395 -40.861875 0.837671 154.330534 0.000586 62.942358 4.569326 0.335866
46 8.891686 33.086816 -41.084310 0.139428 136.113917 0.000634 57.933733 4.997661 1.550610
46 9.401882 33.155290 -40.953404 0.084415 18.655822 0.000689 68.823924 1.060660 0.530219
46 8.991024 33.126970 -41.087375 0.524224 79.269787 0.001157 69.713258 1.607212 1.351935
46 8.914954 33.011726 -40.870970 0.200524 129.573645 0.000435 58.470749 4.924207 1.504075
46 8.906819 33.065183 -40.867332 0.391671 170.808496 0.001696 52.589513 4.333688 1.520345
47 5.365999 33.053938 -40.810662 0.495500 124.599067 0.001282 63.565931 4.282259 8.601985
47 8.631535 33.020640 -40.984350 0.234438 93.936537 0.001824 70.423333 1.485475 2.070912
47 9.390217 32.970940 -40.910411 0.323668 124.575830 0.000953 58.209057 3.219974 0.553549
47 9.445418 33.069687 -40.929916 0.241884 56.490138 0.001813 63.684731 2.288170 0.443146
47 8.535248 33.212692 -40.869307 0.381584 7.338884 0.000610 55.904297 4.517267 2.263486
47 9.603960 33.129352 -41.028128 0.346142 125.807266 0.000519 61.491682 2.480732 0.126063
47 9.301179 33.201004 -40.971979 0.223072 158.416843 0.000744 75.216335 1.046862 0.731625
47 8.564395 32.979977 -40.982980 0.774599 108.864345 0.001951 63.801014 5.011344 2.205192
47 8.770968 33.156192 -40.939703 0.095233 38.158298 0.001111 55.293978 5.373146 1.792047
47 9.463784 32.979170 -40.951076 0.154252 95.276602 0.000735 58.400852 2.949766 0.406415
48 9.571065 33.035546 -40.847823 0.435244 153.856526 0.000683 58.928582 1.818406 0.191852
48 9.271256 33.159458 -40.866285 0.484996 19.148204 0.001929 68.290624 2.011732 0.791471
48 9.528233 33.006166 -40.850884 0.028799 98.410293 0.001762 54.374879 3.729508 0.277517
48 9.287559 33.012459 -40.942803 0.357366 95.317653 0.000678 61.692167 2.597171 0.758865
48 9.477923 33.155406 -40.859729 0.428224 6.311107 0.000630 57.434547 3.924761 0.378137
48 7.837966 32.993046 -40.895069 0.713905 131.556474 0.000387 71.317056 2.150907 3.658052
48 8.472555 33.230072 -41.018267 0.352293 155.656622 0.000599 62.617806 4.950628 2.388872
48 8.737427 33.186178 -40.978795 0.523687 157.849803 0.000348 66.991374 1.068644 1.859129
48 9.550866 33.103681 -40.951721 0.087268 39.739996 0.001071 56.603734 4.972706 0.232250
48 9.339472 33.044942 -40.945690 0.185592 85.719026 0.000755 55.929948 3.198755 0.655039
49 8.845197 33.037597 -41.036577 0.104412 105.975862 0.001782 55.006055 5.003473 1.643589
49 9.482602 33.049463 -40.940254 0.087574 178.474095 0.001210 60.645847 1.847089 0.368779
49 8.767415 33.021741 -40.983366 0.097637 104.596766 0.001735 66.079927 1.891249 1.799152
49 9.035199 33.018380 -40.949523 0.376745 135.593670 0.001330 56.168835 2.034363 1.263585
49 8.782564 33.068611 -40.868155 0.583394 54.661428 0.001115 62.759715 3.679195 1.768854
49 8.205735 32.993775 -40.956082 0.255717 129.218306 0.001112 59.565195 5.552418 2.922513
49 9.526978 33.006775 -41.005708 0.485451 86.963002 0.000395 60.802005 2.376136 0.280026
49 9.331514 33.138988 -40.941460 0.522419 152.010752 0.000853 65.613006 1.933097 0.670955
49 9.250221 33.053960 -40.871708 0.179809 61.214786 0.000195 62.625987 2.073176 0.833541
49 9.103331 33.073033 -40.990835 0.016732 5.318847 0.000090 59.900963 5.052210 1.127321
50 9.308307 33.056762 -41.017502 0.733531 116.024614 0.001357 67.322143 2.028176 0.717368
50 8.615243 33.076651 -41.036909 0.358463 96.133131 0.000410 53.754059 5.798184 2.103498
50 8.747963 33.019120 -40.987882 0.046410 101.901252 0.001687 64.684344 2.113932 1.838057
50 9.472390 33.101917 -40.901735 0.118216 40.771752 0.000010 58.341221 3.823720 0.389203
50 9.228988 33.019737 -40.987063 0.658138 46.469916 0.000803 68.662983 4.532975 0.876007
50 8.994857 33.143640 -40.965421 0.035721 79.478481 0.001163 58.773997 2.241634 1.344269
50 9.474210 33.003999 -40.976216 0.840511 123.273403 0.001157 68.906352 2.108958 0.385563
50 8.497919 33.012419 -41.008141 0.692142 87.385580 0.001183 61.565344 4.603453 2.338144
50 8.345767 33.045947 -40.915584 0.132054 58.358281 0.000778 52.914860 3.880776 2.642448
50 9.253686 33.153119 -41.070039 0.086264 137.064423 0.000524 63.585623 2.886258 0.826610
51 9.516622 32.992427 -40.824604 0.440772 26.893348 0.001538 58.462950 3.038215 0.300738
51 9.115075 33.010420 -40.975915 0.062128 77.377186 0.000220 59.802476 3.747146 1.103833
51 8.444724 33.208819 -40.993821 0.742788 136.108288 0.001059 53.639275 4.749971 2.444535
51 9.198226 33.004033 -40.863692 0.041810 142.398942 0.001732 60.150507 3.036742 0.937531
51 7.270878 33.047079 -41.018246 0.535183 55.004518 0.000454 70.168501 4.737881 4.792228
51 7.619199 33.091344 -40.879074 0.838339 150.699987 0.001560 70.686263 3.705284 4.095584
51 8.797972 32.994172 -40.983379 0.119592 87.388370 0.001238 55.439242 2.923128 1.738038
51 8.590160 33.049905 -41.026903 0.791489 117.411341 0.001319 53.752704 5.438810 2.153663
51 8.623438 33.099584 -40.889935 0.128588 47.081535 0.001064 63.614217 2.744799 2.087106
51 9.273960 33.138107 -41.051408 0.124914 70.438692 0.000563 60.568910 2.551480 0.786062
52 8.710178 33.182428 -40.939970 0.319153 22.241743 0.000831 65.604910 3.500931 1.913627
52 9.551731 33.045653 -40.832430 0.826725 31.898817 0.000544 72.119202 4.540412 0.230521
52 9.450169 33.010589 -41.004045 0.259353 75.244751 0.001922 62.158078 1.883236 0.433645
52 7.804025 33.262339 -40.965709 0.073307 84.898058 0.000256 60.104122 4.206816 3.725934
52 9.078204 32.970909 -40.890640 0.544271 111.904103 0.000221 51.159908 5.385327 1.177574
52 9.609235 33.057265 -41.025005 0.343279 77.378418 0.001220 62.770594 2.587486 0.115513
52 8.953311 33.171071 -40.940241 0.170819 156.589878 0.000780 53.792266 5.682078 1.427360
52 9.608421 33.003876 -40.940818 0.322562 93.024471 0.001840 61.904207 1.792787 0.117140
52 9.572441 32.982764 -40.868240 0.242054 54.666279 0.001246 57.051069 3.005720 0.189101
52 9.620686 33.156833 -41.052005 0.211263 52.667208 0.000777 63.022094 3.014224 0.092610
53 9.410736 33.168945 -41.002151 0.461281 139.416089 0.000791 68.859516 1.031424 0.512510
53 9.218833 33.221856 -40.954086 0.479420 24.983671 0.001763 70.630053 2.316697 0.896316
53 8.071710 33.121174 -40.870268 0.643278 142.775348 0.001506 68.476227 2.227541 3.190562
53 9.134569 33.138931 -40.813560 0.456005 24.113047 0.001893 60.410120 2.907571 1.064844
53 7.943716 33.140906 -40.952522 0.795175 130.690867 0.001646 52.274254 5.238970 3.446551
53 9.144477 33.110760 -41.083878 0.065947 44.221260 0.000451 61.323522 3.737479 1.045029
53 8.535639 33.238269 -40.961805 0.264934 147.077606 0.000568 60.775133 4.607442 2.262705
53 9.202497 33.028017 -40.900482 0.426483 151.876675 0.000030 62.826286 1.994418 0.928989
53 9.629555 33.076435 -40.952546 0.187380 42.219175 0.001309 60.297139 2.903964 0.074873
53 9.246475 33.020378 -40.977836 0.004698 124.161963 0.000321 58.696460 2.480415 0.841032
54 9.280606 33.107258 -41.053455 0.949410 126.019356 0.001858 70.332226 5.081248 0.772771
54 7.873282 32.989518 -40.838911 0.677805 161.175963 0.000123 76.177702 1.289962 3.587418
54 8.969842 32.971632 -40.932600 0.068651 8.280264 0.001978 55.013818 3.778734 1.394299
54 8.424528 33.242351 -40.915015 0.743988 147.875175 0.001982 59.082855 1.961385 2.484926
54 8.347662 33.253840 -40.855527 0.711915 151.632744 0.000533 59.724295 1.846492 2.638658
54 8.797155 33.112614 -40.981458 0.016619 101.029292 0.001420 75.204534 1.137057 1.739673
54 9.190159 33.028137 -40.987668 0.793829 122.999931 0.001406 55.403339 4.433814 0.953664
54 9.110958 32.974539 -40.866557 0.147131 123.724860 0.001891 50.429730 5.679521 1.112066
54 8.977855 33.080879 -40.891823 0.428168 56.603155 0.001966 63.718326 1.854319 1.378274
54 9.279139 32.992652 -40.838017 0.162131 95.627180 0.001638 62.435617 1.802565 0.775705
55 9.215558 33.152664 -41.039032 0.720873 123.575177 0.000151 56.403556 5.880715 0.902868
55 9.260383 33.228000 -40.870507 0.890519 161.600907 0.001531 77.960135 1.406084 0.813217
55 8.796988 32.989429 -40.950922 0.155337 119.711343 0.001421 52.652697 3.718501 1.740007
55 9.437896 33.233475 -40.920078 0.792337 152.317046 0.001963 63.166504 2.227094 0.458191
55 8.814339 33.207949 -40.857294 0.644084 154.461914 0.000554 54.666920 3.335400 1.705304
55 8.749254 33.127057 -40.888434 0.085021 123.788972 0.000332 53.698179 5.077260 1.835475
55 9.307245 32.978914 -40.944830 0.111623 57.271651 0.000740 55.188110 5.992417 0.719493
55 9.532352 33.122163 -40.916018 0.482276 34.738552 0.001857 66.639395 2.641506 0.269279
55 8.559836 33.093108 -40.960882 0.162951 66.586038 0.001431 55.808858 3.147247 2.214310
55 9.320471 33.070805 -40.929745 0.945110 48.704329 0.001190 105.830374 1.264752 0.693041
56 8.718025 33.216290 -41.044319 0.546177 40.706432 0.001555 68.767502 2.605852 1.897933
56 9.488230 33.123968 -41.066629 0.605488 130.268700 0.000158 60.371631 3.713297 0.357522
56 6.540712 32.995262 -40.845313 0.348059 104.031001 0.000012 69.622265 1.932948 6.252559
56 8.313538 33.199281 -40.833019 0.319895 169.766170 0.001594 58.330163 1.895202 2.706906
56 8.939286 33.088021 -41.058843 0.541558 112.572940 0.000632 56.083773 2.998125 1.455411
56 9.615411 33.261508 -40.993697 0.532565 23.901991 0.001455 68.221923 3.580364 0.103160
56 9.272756 32.976332 -40.939286 0.072101 54.902356 0.000850 56.518087 5.950176 0.788471
56 8.258330 33.104227 -40.914856 0.595204 36.695850 0.000112 79.730021 1.411759 2.817322
56 8.437421 33.096423 -40.968877 0.077940 74.682381 0.000673 63.068950 3.889653 2.459140
56 9.119280 33.114973 -40.865784 0.086580 37.191484 0.001052 60.818512 1.993896 1.095423
57 7.616706 33.183640 -41.018281 0.056008 156.803594 0.001136 54.127036 4.875264 4.100570
57 9.246579 33.081555 -40.958070 0.762202 144.151754 0.000242 58.186852 5.751664 0.840824
57 8.867447 33.206159 -41.017261 0.744843 130.145900 0.000674 58.416757 3.149537 1.599089
57 9.171166 33.093525 -40.839069 0.101516 153.502523 0.000174 57.780028 2.329197 0.991652
57 9.450753 33.198820 -41.033821 0.337689 19.770837 0.000750 74.760753 1.154888 0.432477
57 8.617012 32.986010 -41.029435 0.737991 128.519490 0.001784 71.892566 1.511417 2.099959
57 9.031126 32.971414 -40.852008 0.188655 67.050636 0.000880 57.789211 1.426658 1.271730
57 8.766346 33.006350 -41.021923 0.056382 92.176952 0.001897 58.191184 5.626592 1.801291
57 9.251909 33.261445 -40.826587 0.548648 2.169857 0.000938 63.741447 2.436827 0.830164
57 9.505811 33.098610 -40.895434 0.130425 33.990412 0.000930 64.708297 1.425138 0.322361
58 8.442873 33.197587 -40.918075 0.352586 149.222745 0.000327 54.978617 2.721861 2.448237
58 9.388982 33.051228 -40.967999 0.726820 119.397780 0.000308 56.769628 5.829995 0.556019
58 8.431647 33.179733 -41.033103 0.376354 178.747749 0.001351 62.537447 2.243047 2.470688
58 9.039827 33.052919 -40.866034 0.077264 90.567097 0.000714 53.394304 3.998910 1.254329
58 8.657025 33.185344 -41.034248 0.364378 15.454988 0.000756 69.035199 2.334723 2.019933
58 8.156123 33.201193 -40.912185 0.737329 145.848137 0.000975 70.567639 2.381288 3.021738
58 8.901850 33.078034 -40.984014 0.328158 61.345834 0.001569 68.871944 2.013729 1.530282
58 9.249979 33.046422 -40.853925 0.325527 147.902797 0.001851 59.570492 3.117021 0.834024
58 9.521390 33.241230 -40.830464 0.921831 157.967563 0.001395 67.957302 4.487899 0.291203
58 9.474566 33.087819 -40.941725 0.370788 51.162945 0.001052 63.239289 2.165375 0.384852
59 8.658512 33.115799 -40.816831 0.103928 155.415874 0.000261 55.521284 3.201873 2.016959
59 9.228472 32.980341 -40.804302 0.439009 132.807317 0.000230 50.335019 5.473124 0.877038
59 9.009019 32.965185 -40.811733 0.725967 28.566292 0.001974 68.371422 2.617533 1.315945
59 9.438589 33.081661 -40.895362 0.001885 144.704396 0.000614 59.414898 1.928434 0.456804
59 8.808551 33.071573 -40.940458 0.442061 134.917089 0.001160 50.599742 5.630111 1.716881
59 8.901296 32.971453 -40.905159 0.769271 105.778218 0.001357 65.795673 1.895945 1.531390
59 9.562830 33.215392 -40.820161 0.684619 4.816635 0.000606 61.062953 3.959458 0.208323
59 9.370298 33.084504 -40.912507 0.352329 166.943164 0.001732 60.433701 2.808808 0.593386
59 9.372378 33.005991 -40.802850 0.326412 132.554564 0.001702 57.587108 1.960242 0.589226
59 9.610342 33.053881 -40.981005 0.478244 58.095013 0.001486 66.742674 2.163632 0.113298
60 8.582431 33.084017 -40.941694 0.184730 112.561549 0.000024 69.385221 1.544024 2.169121
60 9.248846 33.149627 -40.947094 0.357336 15.463570 0.001700 72.256655 1.369443 0.836290
60 9.139001 32.969236 -40.813322 0.745270 29.081636 0.001972 68.094865 2.711206 1.055980
60 9.073626 33.007107 -40.821559 0.595161 136.678802 0.000987 65.993618 1.751432 1.186730
60 9.356925 33.190526 -40.895338 0.427234 6.118996 0.001214 57.611755 4.313360 0.620134
60 8.387616 33.037751 -40.857422 0.537843 40.103423 0.001010 57.002794 5.019471 2.558751
60 8.699925 33.216364 -40.806751 0.605480 170.374922 0.000637 62.280269 4.158922 1.934133
60 9.376555 33.043727 -40.946664 0.439830 108.024295 0.001514 57.857626 2.640263 0.580873
60 9.024523 33.015398 -41.011196 0.324829 59.444704 0.000426 61.762640 5.666051 1.284937
60 9.466679 33.096475 -40.913076 0.392842 148.917040 0.000910 55.538223 2.940900 0.400625
61 9.378374 33.118870 -40.898902 0.057850 30.693363 0.001702 62.872878 1.765685 0.577234
61 9.469368 33.004311 -40.904778 0.841170 132.048787 0.001563 59.150663 4.296450 0.395247
61 8.828083 33.252586 -40.874531 0.632590 168.798349 0.001253 55.470917 4.381954 1.677817
61 9.573923 32.993818 -40.921144 0.271046 111.397577 0.001505 60.185203 2.238455 0.186137
61 8.950560 33.185907 -40.889703 0.510792 1.289997 0.001146 56.568698 4.083655 1.432862
61 9.515063 33.000294 -40.889919 0.047091 74.677883 0.001256 64.664104 1.047348 0.303857
61 9.437176 33.158497 -40.994550 0.274227 47.505300 0.001835 59.763307 5.407156 0.459632
61 9.250890 33.090411 -40.988797 0.469075 144.046893 0.001267 60.217645 3.023404 0.832204
61 9.346984 32.995808 -40.927097 0.204406 140.803008 0.000004 56.089286 4.726753 0.640014
61 9.299278 33.020666 -40.854537 0.110485 158.075785 0.000027 52.416429 4.184800 0.735426
62 9.207611 33.208829 -40.953897 0.273810 32.670060 0.000147 61.614065 5.989611 0.918760
62 8.433615 33.037842 -41.023496 0.870833 110.354924 0.001667 92.116650 1.016582 2.466753
62 9.014250 33.095440 -41.072378 0.287848 84.403511 0.001361 60.495063 2.255445 1.305482
62 9.634944 32.999810 -40.927133 0.244085 111.017421 0.001630 58.634198 2.243164 0.064094
62 9.074514 33.193970 -41.069733 0.483113 150.858623 0.000010 64.284657 2.155600 1.184956
62 9.619648 33.008161 -40.877833 0.027380 80.341502 0.000993 63.084334 1.487655 0.094688
62 9.104654 33.140088 -40.963086 0.291840 8.670804 0.001464 77.155329 1.007837 1.124674
62 8.802504 33.089321 -40.979232 0.493483 154.575206 0.001259 60.868385 2.876743 1.728975
62 8.883810 33.108915 -40.960154 0.909531 130.124428 0.000267 91.969200 1.092745 1.566363
62 8.607153 32.984589 -40.923384 0.248243 156.877815 0.001978 58.840781 3.935611 2.119676
63 9.624932 33.054293 -40.807448 0.426275 170.695735 0.000184 57.753160 3.050593 0.084119
63 9.568543 33.133610 -41.060925 0.468185 131.427825 0.001554 64.390586 1.684041 0.196896
63 9.609970 33.091909 -41.057579 0.348958 74.879329 0.001456 64.433830 2.411697 0.114042
63 8.761575 33.049819 -40.882473 0.275727 142.881367 0.001824 50.213177 5.135876 1.810833
63 8.820872 33.144841 -40.819737 0.407335 149.738789 0.000182 59.425387 1.725731 1.692239
63 9.365076 32.998755 -40.859377 0.122686 87.274739 0.001139 70.100655 1.032309 0.603830
63 9.623800 33.120131 -40.949026 0.471483 39.955085 0.000511 63.581588 4.781499 0.086383
63 8.551698 33.042119 -40.962053 0.017634 146.506626 0.000741 72.932629 1.221361 2.230587
63 7.969073 33.155623 -40.974769 0.914947 139.247156 0.000145 102.114316 1.129859 3.395836
63 9.310095 33.054201 -40.876492 0.390772 158.332656 0.000157 55.202576 2.588603 0.713794
64 9.286428 33.126306 -40.955875 0.201047 121.922285 0.001609 65.364730 1.697105 0.761126
64 9.116076 33.081993 -40.964847 0.548281 63.491367 0.001247 65.191010 2.951189 1.101831
64 8.909867 33.133059 -41.037332 0.264910 60.370361 0.001184 66.488169 1.375978 1.514249
64 9.500458 33.046175 -40.851276 0.025607 19.319789 0.000094 56.104084 4.433725 0.333067
64 9.500083 33.090623 -41.045723 0.291406 103.254198 0.000509 59.927713 4.051523 0.333817
64 8.390349 33.142580 -41.078269 0.001428 9.423840 0.001439 63.352048 4.838427 2.553286
64 7.957710 33.168995 -40.957994 0.342417 47.179566 0.001031 71.997509 1.970658 3.418563
64 8.974268 33.113580 -40.803914 0.595927 164.294138 0.000948 68.246091 1.734788 1.385446
64 8.493856 33.164116 -40.978484 0.916094 140.753194 0.000128 101.996206 1.047331 2.346271
64 9.181714 33.144781 -40.978748 0.878115 138.213395 0.001358 63.024318 2.694066 0.970555
65 9.330815 33.062490 -40.855289 0.006803 58.681816 0.000879 54.460486 4.542711 0.672353
65 8.301074 33.215144 -41.091666 0.363727 85.843350 0.001390 63.283935 4.529193 2.731834
65 9.492657 32.993759 -40.842801 0.529241 48.722757 0.001533 62.277369 4.152109 0.348669
65 9.307412 33.028137 -40.978759 0.079093 129.174488 0.000856 56.741898 3.173635 0.719159
65 9.342883 33.042793 -41.043881 0.684457 114.252326 0.001471 62.602399 3.347699 0.648216
65 8.365465 33.141754 -41.081667 0.015970 11.527411 0.001435 63.339067 4.872729 2.603052
65 9.589830 33.172113 -41.064172 0.606221 49.943841 0.000008 71.056758 3.898441 0.154322
65 9.642615 33.121356 -40.882465 0.357847 171.459506 0.000916 60.773203 2.110279 0.048754
65 8.967913 33.087260 -40.977530 0.191575 139.092353 0.000158 61.543042 3.352864 1.398156
65 9.237837 33.135809 -40.886817 0.095490 13.885525 0.000836 61.547122 2.352803 0.858309
66 9.283453 33.054719 -40.843171 0.069713 66.024682 0.000726 55.953505 4.449918 0.767077
66 9.516392 33.163598 -40.862793 0.453173 2.434170 0.001728 61.117848 3.480376 0.301199
66 8.803443 33.264851 -41.087475 0.028121 54.039345 0.001058 69.652730 2.237514 1.727096
66 9.518012 33.243435 -40.906488 0.819586 156.155098 0.000145 58.682569 5.931770 0.297959
66 9.239551 33.045581 -40.804991 0.532163 158.640479 0.000919 58.925224 4.088890 0.854880
66 9.526232 33.165100 -41.090046 0.353613 133.929415 0.000945 56.923335 5.605640 0.281519
66 9.282728 33.152170 -41.068607 0.616155 42.687452 0.001997 73.286318 3.362208 0.768526
66 9.070288 33.179857 -40.897683 0.272326 2.280469 0.000685 64.807009 2.312819 1.193406
66 9.193630 33.177601 -40.957131 0.203891 132.424437 0.000877 61.012531 2.628602 0.946723
66 9.593600 33.231321 -40.918139 0.486625 170.454335 0.000627 67.214537 1.384769 0.146782
67 9.509190 33.090986 -40.881335 0.160589 29.478123 0.000283 68.834543 1.106290 0.315603
67 9.253138 33.152632 -40.829973 0.442816 3.004274 0.001819 61.687096 3.349359 0.827706
67 8.936913 33.212388 -41.088275 0.006327 76.972271 0.000935 69.071235 1.197623 1.460156
67 9.098790 33.233561 -40.904602 0.766213 165.389086 0.000046 58.112825 5.961425 1.136402
67 8.695962 33.082850 -40.909730 0.189551 137.568551 0.000856 60.884731 3.757055 1.942059
67 8.916085 33.178044 -41.093392 0.377141 91.113227 0.001002 60.984562 5.381964 1.501813
67 9.052756 33.220612 -40.948100 0.198847 155.921592 0.001179 58.921427 5.556408 1.228471
67 9.517932 33.226629 -41.073240 0.682398 141.589593 0.000909 61.905156 2.693584 0.298118
67 9.592404 33.155856 -40.979362 0.192903 167.982120 0.000751 58.975486 3.091667 0.149175
67 8.689018 33.099717 -40.817915 0.596706 135.008171 0.001484 61.660423 1.706365 1.955947
68 8.892460 33.057147 -40.835310 0.066399 145.841904 0.001710 66.893069 1.419794 1.549064
68 9.218537 33.081235 -41.057653 0.666498 110.983831 0.001668 79.782622 1.002315 0.896909
68 9.316536 33.044601 -40.909418 0.095447 57.958588 0.000515 55.546194 3.181225 0.700910
68 9.595009 33.257915 -40.927295 0.766357 151.182781 0.000233 58.483896 5.326186 0.143964
68 9.373069 33.048712 -40.871919 0.240276 123.184930 0.001158 59.889883 2.225161 0.587845
68 9.524710 32.993785 -40.831588 0.258375 1.836153 0.000195 57.365011 2.194147 0.284563
68 9.400827 33.113364 -40.953443 0.034834 34.570384 0.000207 60.298875 1.939883 0.532329
68 8.504719 33.197617 -41.023842 0.063938 162.517186 0.000625 55.901175 4.316829 2.324544
68 9.156315 33.009829 -40.899309 0.701053 34.408614 0.001443 66.129707 5.319334 1.021353
68 9.543502 33.080805 -40.844510 0.292259 167.972664 0.001294 66.325170 1.278810 0.246979
69 9.031297 33.028916 -41.074020 0.200404 81.885013 0.001708 64.299661 1.737538 1.271388
69 9.542255 33.058989 -41.006918 0.570125 117.696248 0.001708 67.262207 1.533157 0.249473
69 9.619286 33.025670 -40.971719 0.329849 67.161553 0.000776 59.830670 4.204082 0.095411
69 9.195124 33.029502 -41.017089 0.691207 109.512943 0.001638 68.496057 1.833127 0.943735
69 7.336241 33.032737 -40.813475 0.285216 13.286008 0.000196 52.796606 1.811512 4.661501
69 8.355181 33.051061 -40.804247 0.539363 31.087277 0.001928 57.257017 2.937477 2.623622
69 9.495988 33.086357 -40.980758 0.078252 1.895629 0.001834 62.231235 2.229806 0.342007
69 9.354126 33.052916 -40.832567 0.816547 139.164783 0.001591 57.716891 5.042060 0.625731
69 9.186333 33.213031 -40.973922 0.685385 136.654916 0.001055 62.900737 2.845627 0.961317
69 9.243014 32.970527 -40.899937 0.163172 26.780570 0.001024 58.725283 2.127069 0.847954
70 9.353296 32.990269 -41.081329 0.654756 86.156023 0.000325 62.850439 4.369976 0.627390
70 9.465680 33.039540 -40.966128 0.385539 131.120668 0.000400 69.417017 1.145034 0.402622
70 8.392945 33.042939 -40.803373 0.641182 135.638789 0.001040 61.789600 3.211993 2.548092
70 8.935834 33.088944 -41.007942 0.239504 158.735853 0.001964 63.766319 2.087487 1.462314
70 9.615368 33.037446 -40.901399 0.085790 151.663077 0.001526 55.324283 4.003601 0.103246
70 9.452478 33.207262 -40.847659 0.550572 4.746350 0.000390 57.452673 5.926693 0.429027
70 9.581749 33.158311 -40.894132 0.336528 12.413495 0.001695 60.502931 2.776973 0.170484
70 9.446648 33.128426 -40.966003 0.144743 111.185944 0.001699 57.030278 4.657033 0.440686
70 9.115925 32.970938 -41.025508 0.554546 108.662876 0.000243 60.198156 4.312800 1.102133
70 8.950467 32.985979 -40.979217 0.009976 106.827502 0.000175 57.442745 4.318029 1.433048
71 8.724561 33.066753 -40.872621 0.365522 169.370784 0.000418 62.754329 2.939550 1.884861
71 9.541913 32.987297 -40.870435 0.490782 121.319842 0.001830 54.874721 4.857474 0.250156
71 8.182056 33.056166 -40.812621 0.479071 135.267631 0.001153 58.691164 5.042114 2.969870
71 8.586593 33.161947 -40.855267 0.652551 36.137358 0.000133 64.469008 4.241999 2.160796
71 9.270292 33.058507 -40.933430 0.650642 124.803658 0.001288 53.343688 5.441433 0.793399
71 8.208210 33.069410 -40.819816 0.058461 171.638772 0.000106 50.745949 4.710242 2.917563
71 9.549843 33.257478 -40.840584 0.759693 160.936268 0.001138 59.222966 4.610301 0.234297
71 9.290344 33.133681 -40.975829 0.327906 121.193940 0.001659 57.642331 4.874349 0.753294
71 8.838810 32.974349 -41.033327 0.507018 108.310374 0.000425 60.907073 4.149853 1.656362
71 8.490881 33.167527 -40.899908 0.017486 86.056273 0.001414 57.937686 2.603793 2.352221
72 7.015165 33.113886 -40.909046 0.717479 120.557282 0.001110 62.096809 4.909991 5.303653
72 8.301385 33.195097 -40.840688 0.299561 22.079622 0.000675 64.024471 2.579167 2.731214
72 9.003583 33.104642 -40.820584 0.237153 150.549126 0.000718 53.243278 5.147373 1.326817
72 9.088922 33.179179 -40.885537 0.541888 17.519138 0.000112 60.835544 3.176923 1.156140
72 9.483910 33.080084 -40.880623 0.865120 144.238431 0.000254 60.313093 5.662689 0.366162
72 8.315571 33.242523 -40.924919 0.133179 145.554218 0.000633 57.438996 4.514488 2.702841
72 8.597762 33.207973 -40.914861 0.572021 137.329969 0.001192 58.245351 4.651074 2.138459
72 9.453379 33.074162 -40.956553 0.168077 48.043642 0.001511 66.347355 1.748915 0.427225
72 8.749485 33.193958 -41.075941 0.296198 0.088144 0.000039 61.951226 3.332777 1.835012
72 9.312423 33.128928 -40.897245 0.201850 139.610861 0.000956 56.135944 3.984400 0.709137
73 9.436055 33.105154 -40.932226 0.018944 10.966091 0.001020 67.549738 1.410859 0.461872
73 9.414361 33.094128 -40.893327 0.231738 5.966140 0.000511 58.857050 5.154683 0.505260
73 9.575274 33.099851 -40.918793 0.274005 19.810222 0.001490 63.716159 2.126194 0.183435
73 8.353552 33.172253 -41.037106 0.114296 176.830794 0.000753 58.530603 2.511120 2.626878
73 9.335035 33.109204 -40.895405 0.852028 137.552340 0.000098 60.408999 5.849159 0.663912
73 9.004199 33.246888 -40.893906 0.562746 149.346044 0.000298 67.661349 1.306023 1.325585
73 9.371999 33.006426 -40.973157 0.425493 72.230892 0.001424 61.851186 4.047031 0.589985
73 9.403852 33.118706 -40.933598 0.191662 48.600333 0.001169 61.364663 3.258696 0.526278
73 9.562985 32.985298 -40.864156 0.519768 136.275084 0.000711 52.867204 5.419011 0.208013
73 9.294534 33.094171 -40.849384 0.185854 146.133688 0.001214 55.523316 4.005071 0.744914
74 9.067852 33.213570 -40.819862 0.801057 9.321568 0.000952 66.346802 4.575579 1.198279
74 9.604839 33.107559 -40.906190 0.495534 152.775667 0.000355 66.113819 1.253462 0.124305
74 8.573134 33.073511 -40.829548 0.131037 85.521396 0.001796 61.618137 1.290198 2.187715
74 8.412328 33.090622 -40.801143 0.128716 29.956560 0.000939 59.650392 3.577493 2.509327
74 9.522567 33.100560 -40.985521 0.173809 143.160657 0.000004 59.887769 2.105394 0.288849
74 9.520829 33.172482 -40.933870 0.277198 3.676750 0.000508 62.080854 3.011660 0.292325
74 9.340465 33.148438 -41.054662 0.217620 119.797141 0.001481 66.921676 1.193310 0.653052
74 9.644155 33.038321 -40.966875 0.314100 112.607221 0.000018 55.509968 5.255647 0.045672
74 9.411645 32.986704 -40.907137 0.346262 85.761571 0.000882 57.953542 4.701181 0.510693
74 9.235700 33.110864 -40.850024 0.413836 150.647204 0.001280 57.571678 4.501431 0.862582
75 9.424620 33.202819 -40.830577 0.776362 16.022275 0.001140 66.320373 4.286583 0.484743
75 9.453806 33.176375 -41.087028 0.124111 31.161352 0.000423 61.538110 5.064401 0.426371
75 8.837876 33.134039 -41.022259 0.214454 149.943316 0.001914 56.205823 3.122682 1.658231
75 9.062644 33.080799 -40.838713 0.004040 65.176519 0.000741 57.483183 3.683424 1.208695
75 9.136724 33.092288 -41.029905 0.145160 147.236125 0.000265 65.822171 1.730813 1.060534
75 8.970226 33.163426 -40.952177 0.335725 15.822116 0.000295 64.108416 3.908582 1.393530
75 9.332541 33.079243 -41.093912 0.480701 59.627155 0.001208 65.526501 5.767972 0.668900
75 8.763940 33.000246 -40.944747 0.350353 121.056758 0.000385 50.428164 5.231018 1.806102
75 9.290267 33.078497 -40.930445 0.262087 57.333746 0.000493 56.724725 4.957615 0.753449
75 8.995207 33.050773 -40.933536 0.015456 107.635198 0.001903 59.546367 5.342744 1.343568
76 9.349422 33.216096 -40.834612 0.761634 27.347854 0.001100 70.544740 4.372281 0.635139
76 9.045280 33.154703 -41.096124 0.262684 32.270758 0.000357 62.319905 5.451477 1.243422
76 9.280637 32.993167 -41.074552 0.720430 105.349686 0.001330 55.694886 5.565450 0.772709
76 8.778891 33.042911 -40.882246 0.075442 133.845462 0.001521 60.734060 3.618072 1.776200
76 9.442885 33.194467 -41.079325 0.083567 165.471353 0.000233 68.575847 1.729318 0.448212
76 9.417885 33.095126 -40.829272 0.262396 179.740419 0.000187 54.622910 4.602525 0.498213
76 9.439410 33.086742 -41.074948 0.453234 64.330766 0.001010 64.251172 5.697546 0.455163
76 9.035593 33.012698 -40.850142 0.400412 117.530579 0.000678 51.624014 4.679181 1.262796
76 8.120633 33.007287 -40.808062 0.636878 123.553082 0.001992 50.512791 3.691307 3.092716
76 9.271956 33.032369 -40.887668 0.043070 117.793165 0.001777 58.109926 4.961841 0.790071
77 9.541573 33.238960 -41.064444 0.048382 6.876463 0.000099 67.639834 1.601532 0.250837
77 9.154592 33.106728 -41.099233 0.500938 55.090083 0.001848 77.276082 1.099340 1.024798
77 9.456533 32.966956 -41.015961 0.786646 118.745175 0.001587 56.321180 5.875083 0.420917
77 9.597655 33.247775 -41.079781 0.041682 8.412665 0.000269 65.025235 2.590286 0.138672
77 9.579949 33.248388 -41.089227 0.164888 18.156345 0.001375 67.200330 2.044399 0.174084
77 9.013910 33.225180 -40.837600 0.848225 28.718714 0.001519 75.500063 4.356626 1.306163
77 8.912783 32.976834 -40.840220 0.438921 97.182860 0.001979 52.436141 5.675118 1.508416
77 8.878077 32.990508 -40.844146 0.419890 114.462929 0.001262 51.217168 3.920250 1.577828
77 9.601175 33.011780 -41.002322 0.674508 116.706516 0.001579 60.481191 2.333299 0.131633
77 9.553751 33.007316 -40.842561 0.160963 124.808324 0.000598 54.691829 4.155363 0.226481
78 8.864969 33.253943 -41.013949 0.218332 175.271959 0.001786 57.765384 4.042741 1.604045
78 9.563618 33.103471 -40.942076 0.168964 46.048252 0.001467 62.065779 2.039345 0.206748
78 8.732715 33.070046 -40.986838 0.528887 137.508729 0.001662 53.181304 3.482515 1.868552
78 9.362926 33.175365 -41.078325 0.161058 155.906010 0.001963 65.672665 1.923720 0.608130
78 9.400393 33.155786 -41.065590 0.072873 65.954869 0.000551 61.014407 2.716568 0.533197
78 9.470554 33.225163 -40.823684 0.830388 25.688449 0.001463 75.014780 4.601697 0.392874
78 8.815517 33.204389 -40.937985 0.006403 28.230515 0.000825 58.395061 4.284850 1.702948
78 9.619305 33.080963 -40.907912 0.258610 139.708920 0.001418 54.870993 5.476849 0.095372
78 9.192686 33.031733 -41.026230 0.551368 103.386415 0.001166 58.619910 2.240519 0.948610
78 9.452134 32.997986 -40.817646 0.218495 126.586426 0.000702 54.411283 4.844751 0.429715
79 9.409466 33.240896 -41.028310 0.398512 14.689929 0.000771 61.896757 5.534914 0.515051
79 8.845635 33.072902 -40.910425 0.041022 91.794133 0.001060 70.111285 1.355336 1.642712
79 9.518826 33.068985 -40.852496 0.583755 151.816267 0.000138 53.219252 5.538176 0.296332
79 9.639453 33.042328 -40.909938 0.025583 174.917187 0.001496 56.304805 4.933210 0.055076
79 9.548874 33.158472 -41.067677 0.016926 54.889472 0.000173 67.935664 1.620131 0.236235
79 9.414930 33.181684 -40.849949 0.827327 30.680562 0.001363 76.520888 4.738579 0.504122
79 8.673682 33.246907 -40.947851 0.310467 174.806082 0.001495 63.788094 3.772860 1.986618
79 9.480775 33.104411 -40.897413 0.337787 144.483433 0.001077 69.371404 1.131090 0.372432
79 8.684943 33.216815 -40.857179 0.783518 25.439182 0.000082 68.456122 4.595809 1.964097
79 7.849205 33.116363 -40.976272 0.159162 179.331879 0.001162 58.877366 1.608309 3.635573
80 9.457569 33.262409 -41.016648 0.483867 15.507776 0.000680 63.917135 5.753225 0.418845
80 9.330999 32.981518 -40.930858 0.705567 129.027261 0.001269 58.806857 4.711302 0.671985
80 9.261198 32.977974 -40.971072 0.682020 122.420230 0.001585 58.354924 2.077373 0.811587
80 9.284463 33.088743 -40.974181 0.067729 175.884237 0.000291 56.145616 3.634641 0.765057
80 9.437396 33.019501 -40.884447 0.318654 162.138845 0.001590 56.227280 3.624458 0.459191
80 9.569615 33.174774 -40.896468 0.849440 31.971488 0.001611 79.572016 4.812173 0.194753
80 8.496689 33.218286 -41.087910 0.430519 164.529536 0.001556 73.688585 1.135158 2.340604
80 9.162624 33.169349 -40.875748 0.825602 32.707321 0.001137 72.749681 5.816586 1.008736
80 9.186540 33.166897 -40.988612 0.155496 104.651468 0.001379 62.111508 2.532747 0.960902
80 9.192939 33.117658 -40.933016 0.237391 144.545742 0.001567 61.482738 2.901644 0.948106
81 9.276064 33.018588 -41.029130 0.250875 108.866455 0.000715 58.080182 2.580111 0.781855
81 9.006950 32.973580 -40.827804 0.487887 118.179240 0.001757 56.445844 5.929097 1.320082
81 9.594287 33.228846 -40.967555 0.618120 155.147417 0.001430 65.487333 1.761686 0.145408
81 8.918740 33.101994 -40.979201 0.012763 169.893890 0.000269 55.190438 3.635103 1.496502
81 9.507358 33.041826 -40.888870 0.319367 163.510089 0.001861 56.260049 3.927538 0.319267
81 9.151909 33.046348 -40.902269 0.051910 11.241430 0.000542 53.260300 4.450546 1.030165
81 8.907791 33.131591 -40.828586 0.379893 3.916313 0.001613 72.450113 1.192300 1.518401
81 9.599756 33.017673 -40.872228 0.041052 92.676025 0.001391 55.022102 4.177923 0.134471
81 8.742511 33.243471 -41.000941 0.076010 71.001230 0.001281 63.256707 2.847552 1.848960
81 8.760344 33.252853 -41.088775 0.243166 146.540255 0.001023 65.621829 3.124150 1.813295
82 9.432406 33.043674 -41.047205 0.529916 110.573041 0.000202 65.454571 1.979053 0.469171
82 9.383686 32.965421 -40.859734 0.460552 103.131046 0.001672 65.759746 1.051772 0.566611
82 8.680292 33.181182 -40.880814 0.431193 165.374832 0.001287 52.570490 5.303620 1.973399
82 9.576998 33.085413 -40.941655 0.156095 119.670614 0.001813 56.478519 4.973454 0.179986
82 7.215004 33.192100 -40.897214 0.902547 162.817154 0.000074 82.011925 2.298479 4.903975
82 8.573875 33.015372 -40.884008 0.048167 26.471841 0.000757 51.404849 4.314269 2.186232
82 8.775784 33.164296 -40.856792 0.134633 163.231094 0.001895 68.006029 1.116583 1.782414
82 8.873118 33.258493 -41.062852 0.140185 138.380979 0.001196 64.149249 3.487096 1.587746
82 8.865882 33.246540 -41.034796 0.112286 87.993037 0.001110 62.315256 3.251019 1.602219
82 7.586790 33.263306 -41.066777 0.210568 148.072619 0.001280 68.048228 2.947597 4.160402
83 8.993816 33.136728 -40.804157 0.407969 175.649229 0.001157 61.092458 3.138534 1.346351
83 9.226851 33.061662 -41.078486 0.862758 128.267978 0.001193 64.721920 4.421756 0.880280
83 8.703135 33.170689 -40.886292 0.540193 178.660352 0.001406 55.129934 4.968190 1.927713
83 9.212005 33.043239 -41.021026 0.044881 109.914320 0.000774 58.237206 3.456370 0.909973
83 7.767369 33.180154 -40.811991 0.913201 157.234143 0.001692 76.450412 3.979698 3.799245
83 9.014540 33.049558 -41.052462 0.585535 121.942762 0.000816 60.103954 5.163464 1.304903
83 8.997933 33.080441 -40.992913 0.388041 130.328301 0.001203 60.019121 4.387015 1.338116
83 8.154401 33.007393 -40.860975 0.101202 145.489577 0.000514 60.380671 5.069316 3.025180
83 8.786139 33.236119 -40.993488 0.556892 3.341461 0.000315 69.619868 1.928208 1.761705
83 9.222154 32.966930 -40.971275 0.685605 61.690687 0.000071 68.700260 3.699832 0.889674
84 9.059480 33.062569 -40.850426 0.430185 25.659409 0.001008 61.952191 5.704730 1.215023
84 9.417309 33.054755 -41.090133 0.854162 125.165326 0.001215 63.353890 4.499284 0.499365
84 9.053153 33.205793 -40.930795 0.554959 160.731660 0.000153 61.889023 4.187511 1.227678
84 8.693556 33.052401 -40.870136 0.103514 154.535681 0.000933 50.490322 6.002259 1.946871
84 9.089879 33.162717 -40.822592 0.948243 150.300363 0.001571 74.138256 4.110158 1.154226
84 9.569390 32.998475 -41.003703 0.451807 88.121267 0.001372 57.358290 4.223490 0.195202
84 9.263425 33.154610 -41.078658 0.603741 138.854229 0.001623 59.468467 4.348099 0.807133
84 9.030143 33.074892 -40.840537 0.109046 157.975497 0.000588 52.480080 4.703003 1.273697
84 8.871813 33.127117 -41.026642 0.615499 119.492782 0.001595 77.161913 1.162940 1.590356
84 8.827923 33.038362 -40.972383 0.584182 54.355590 0.001593 75.180883 1.703881 1.678137
85 9.577710 33.078023 -40.931312 0.261077 36.402612 0.000966 57.414486 5.808029 0.178563
85 9.577159 33.021488 -40.987999 0.422905 66.413914 0.000322 71.875792 1.018820 0.179666
85 8.298409 33.103893 -40.815913 0.615251 154.633610 0.001025 51.491516 2.980585 2.737165
85 9.303830 33.065882 -40.960107 0.233451 161.357324 0.000240 55.408497 5.160612 0.726323
85 8.998213 33.232616 -41.064835 0.947093 132.040914 0.001733 77.347742 2.390011 1.337557
85 9.534202 33.104013 -41.031256 0.296408 77.991852 0.001444 61.300986 2.921846 0.265578
85 8.377366 33.078490 -40.801497 0.399488 129.636158 0.001944 55.080222 5.263372 2.579251
85 9.118509 33.133250 -41.086648 0.202736 142.022929 0.000742 59.693810 4.276239 1.096965
85 9.418197 33.089836 -40.869635 0.799535 150.562754 0.001142 71.146415 1.591819 0.497589
85 9.215630 33.006324 -40.924454 0.674428 117.758172 0.001763 53.026055 5.586219 0.902723
86 9.516338 33.088064 -40.895821 0.508151 31.156812 0.001076 62.945890 5.453116 0.301306
86 9.573956 32.998016 -40.973083 0.473848 76.585223 0.000107 69.873136 1.215338 0.186071
86 9.520391 33.056251 -41.002475 0.638039 116.534769 0.000605 73.012251 1.107011 0.293200
86 8.387066 32.966309 -40.854481 0.508787 2.720146 0.000384 66.958379 1.378947 2.559850
86 9.104954 33.104211 -40.893500 0.336947 159.899047 0.000598 59.497467 4.482529 1.124074
86 7.643760 33.135723 -40.984192 0.507308 135.510835 0.000286 58.818195 1.261534 4.046462
86 8.876898 33.025179 -41.060473 0.682539 108.898658 0.000538 65.855843 2.930172 1.580187
86 9.501578 33.139194 -41.009254 0.290848 133.550091 0.001780 62.042048 2.558784 0.330826
86 8.256338 33.176411 -41.062515 0.377508 173.871983 0.000595 59.235929 5.115255 2.821306
86 8.868728 33.196922 -40.929513 0.317019 173.869296 0.001154 73.093383 1.330218 1.596527
87 9.317362 33.115722 -40.913974 0.494627 36.656799 0.001284 64.972236 4.782332 0.699258
87 8.779549 33.001760 -40.883746 0.322981 160.251960 0.001880 58.570359 4.820663 1.774886
87 9.322391 33.062078 -41.069388 0.585737 118.988377 0.001037 60.000737 2.009676 0.689200
87 8.503089 33.065185 -40.823581 0.293813 116.106481 0.000920 54.548464 3.035015 2.327805
87 9.526635 33.083365 -40.818099 0.517311 18.689869 0.001918 58.685697 3.714383 0.280712
87 8.425239 33.131718 -40.897905 0.551865 25.579640 0.002000 66.606951 5.862792 2.483504
87 9.153811 33.134972 -41.071196 0.572407 68.234906 0.000065 77.117052 1.354064 1.026360
87 9.411026 33.082737 -40.855792 0.313650 146.529397 0.001078 60.006031 1.553204 0.511930
87 9.506655 33.192212 -40.980052 0.553928 138.062994 0.000895 57.201768 3.980559 0.320672
87 8.826506 33.017632 -40.908889 0.334587 179.215587 0.000613 57.580433 5.791451 1.680971
88 9.575401 33.024295 -40.844872 0.318503 42.217338 0.001172 58.367396 3.558515 0.183181
88 9.307521 33.002732 -41.076042 0.563299 70.365600 0.000945 66.485790 3.375518 0.718940
88 9.224818 33.143343 -40.820011 0.314955 9.101960 0.000802 61.773809 1.940711 0.884346
88 8.972908 33.195995 -41.075420 0.290440 104.219327 0.001625 61.392036 4.411933 1.388166
88 9.099841 33.007729 -40.822804 0.476861 30.619699 0.001372 62.979459 4.175100 1.134301
88 7.912828 33.025672 -40.968856 0.414244 81.484437 0.000853 62.794941 5.839650 3.508326
88 8.961036 33.006596 -40.850901 0.027997 168.208954 0.001795 59.180417 4.448654 1.411911
88 9.599721 33.111694 -40.860638 0.474919 160.812693 0.000727 58.122855 3.561809 0.134541
88 9.609627 33.207351 -40.984081 0.375872 156.482091 0.000810 60.116407 3.439513 0.114728
88 9.611542 33.095882 -40.977154 0.759849 46.679037 0.001911 79.459093 1.919311 0.110899
89 9.059562 32.996145 -40.872248 0.288406 40.782664 0.000789 61.121857 4.513451 1.214858
89 9.439930 33.220513 -41.060813 0.854242 132.888053 0.000139 65.725657 2.754018 0.454122
89 9.569786 33.221877 -40.914728 0.523668 176.961689 0.001662 62.484825 2.453930 0.194412
89 9.302510 33.029314 -41.056941 0.246735 76.222649 0.000314 62.532373 2.242790 0.728962
89 8.972366 33.255401 -41.026619 0.152395 32.195211 0.001340 59.458366 5.152848 1.389250
89 9.559128 33.017486 -40.814614 0.632976 40.320292 0.001265 64.699056 3.352032 0.215727
89 9.164751 33.083341 -41.053011 0.497756 70.327180 0.000181 68.768140 2.401720 1.004482
89 9.406358 32.978687 -41.086517 0.862951 114.915039 0.001828 68.464975 2.970505 0.521267
89 9.305779 33.190017 -40.804832 0.777339 164.035997 0.000791 56.746378 4.215188 0.722424
89 9.617591 33.104777 -40.917399 0.516429 33.286255 0.000303 66.034805 2.696249 0.098801
90 8.744676 33.038124 -41.045608 0.906268 111.541126 0.001548 66.029380 5.384769 1.844631
90 9.296651 33.156990 -40.832870 0.901799 147.929217 0.001121 65.115838 3.862241 0.740680
90 9.601475 33.103649 -40.954628 0.056267 157.648427 0.000750 61.260417 2.439407 0.131033
90 8.798560 33.129629 -41.072831 0.352781 100.208123 0.000873 66.679340 2.359419 1.736863
90 9.526363 33.087041 -40.985495 0.195060 81.619564 0.000324 62.202067 1.843353 0.281257
90 9.115959 33.213559 -41.095303 0.581852 127.518576 0.001624 60.537559 5.727380 1.102064
90 9.315970 33.030894 -40.825116 0.093476 163.448571 0.000084 63.289936 1.669342 0.702042
90 9.345847 32.978855 -40.836931 0.122805 28.536814 0.000067 69.869581 1.061318 0.642288
90 8.662709 33.011689 -40.949673 0.188154 1.406777 0.000458 58.278540 5.609000 2.008564
90 8.433642 32.970566 -40.901735 0.337856 80.377664 0.000327 52.217245 3.615181 2.466700
91 9.379638 33.029695 -40.960770 0.621900 116.166319 0.001330 69.388954 1.392160 0.574707
91 9.310680 33.215966 -41.070124 0.789045 130.443089 0.001158 66.538392 2.831730 0.712623
91 9.405558 33.125739 -41.014561 0.008981 167.371701 0.000246 59.240506 2.649192 0.522867
91 9.039137 33.137185 -40.989316 0.334859 153.911128 0.000142 65.700938 1.109971 1.255708
91 9.512260 33.086062 -40.983297 0.188540 77.039463 0.000292 61.735856 1.925148 0.309462
91 9.483505 33.211545 -40.867695 0.641494 0.994987 0.001149 60.631022 5.666633 0.366973
91 9.091546 33.069413 -41.052740 0.736659 48.923284 0.001828 71.160624 4.906061 1.150891
91 9.608094 33.000238 -40.854229 0.352069 46.745291 0.001811 58.769287 4.542797 0.117794
91 9.487459 33.157001 -41.054819 0.355531 131.098493 0.001492 58.377392 5.854164 0.359065
91 8.822504 33.121765 -40.990063 0.315615 43.128662 0.000425 71.652098 1.772879 1.688975
92 9.501603 33.148920 -41.058907 0.052133 122.320885 0.001479 63.415276 2.597478 0.330776
92 9.407731 33.004737 -41.061063 0.472183 101.793482 0.000982 65.575489 1.295266 0.518521
92 9.036653 33.010092 -40.815104 0.206882 137.853410 0.001716 54.101515 1.994647 1.260677
92 8.961019 33.078187 -40.935966 0.236893 2.179610 0.001124 63.247261 2.661427 1.411944
92 9.625160 33.073456 -40.942308 0.277121 48.280763 0.001572 71.460724 1.058926 0.083663
92 8.602011 33.098921 -40.885624 0.331167 168.728662 0.001294 73.752643 1.210176 2.129960
92 8.995954 33.111665 -41.091993 0.564753 99.825180 0.000391 60.440097 4.345640 1.342075
92 9.158129 33.153421 -40.965879 0.181991 69.774696 0.000700 68.979070 1.200771 1.017725
92 9.466595 33.149639 -41.005835 0.313499 145.230999 0.001351 58.397585 5.196507 0.400793
92 8.517840 33.017946 -40.917929 0.362375 53.083431 0.000844 63.391516 5.304833 2.298303
93 9.141495 33.171816 -40.921670 0.527708 176.744064 0.000101 60.469772 2.485974 1.050994
93 7.503235 33.255453 -40.948724 0.058274 45.701868 0.001973 59.198647 3.029987 4.327513
93 8.716933 32.985696 -40.914955 0.211531 152.467415 0.000787 59.066770 3.993727 1.900117
93 9.488105 33.111009 -40.962272 0.182830 41.559061 0.001149 58.224341 3.926281 0.357773
93 9.160740 33.033673 -40.932931 0.273541 49.284780 0.001739 65.640499 2.212463 1.012503
93 9.344784 33.153255 -40.948485 0.008639 131.197073 0.001012 56.935990 4.450541 0.644415
93 9.643443 33.121778 -41.100728 0.533730 119.778470 0.000138 57.511152 4.812781 0.047097
93 9.361242 33.183791 -40.975117 0.179925 43.358781 0.000923 68.167848 1.399745 0.611499
93 8.808586 33.119921 -41.023461 0.075388 115.897847 0.001617 55.275560 3.996292 1.716810
93 7.552925 33.128200 -40.941184 0.828659 123.975209 0.000061 82.602450 1.332989 4.228133
94 8.770350 33.121208 -40.827470 0.165464 10.742314 0.001226 53.802558 5.349045 1.793283
94 7.936202 33.255016 -40.888202 0.639147 139.731906 0.001982 58.515318 4.023976 3.461579
94 8.938590 33.077476 -40.867131 0.206222 107.617356 0.000876 56.826592 2.719848 1.456803
94 8.368098 33.263167 -40.976333 0.468254 144.361633 0.001654 59.709627 1.810967 2.597787
94 8.989744 33.195999 -40.931025 0.112035 30.175499 0.000167 62.894514 1.943457 1.354494
94 9.233952 33.116123 -40.953591 0.217217 70.507525 0.000880 58.371822 3.915509 0.866079
94 9.215733 33.156142 -40.821650 0.593839 153.217644 0.000237 57.054865 4.733246 0.902516
94 9.518483 33.137334 -41.099402 0.117279 99.506302 0.000430 64.021042 2.281877 0.297017
94 9.070331 33.211717 -41.059146 0.321590 161.342769 0.000787 58.265573 3.942762 1.193321
94 9.049421 33.126911 -40.899765 0.903339 145.969309 0.000224 93.992174 1.018934 1.235140
95 8.483880 33.085077 -40.807021 0.217795 29.489415 0.001420 53.030428 5.685617 2.366222
95 9.153800 33.082334 -40.886390 0.288292 19.186640 0.001338 56.698161 2.956793 1.026382
95 8.841047 33.046167 -40.858873 0.155422 138.687859 0.000823 53.970560 2.159886 1.651889
95 9.009766 33.150270 -40.877059 0.504319 22.697768 0.000428 65.221257 4.215300 1.314450
95 9.256059 33.153953 -40.913072 0.083513 162.880050 0.000087 62.206897 2.207273 0.821864
95 9.234216 33.149724 -40.984685 0.347829 142.066951 0.001636 61.552158 3.212668 0.865551
95 8.519001 33.001523 -40.830029 0.700213 48.841767 0.000893 68.946986 5.607405 2.295982
95 9.305603 33.163005 -41.060345 0.145088 126.557600 0.000806 65.664314 2.213545 0.722776
95 6.403257 33.253114 -40.896390 0.742018 156.514484 0.001924 67.502898 5.627269 6.527468
95 9.413985 33.081115 -41.078118 0.798445 115.609361 0.001727 68.212979 1.946643 0.506013
96 8.499572 33.073561 -40.813580 0.236455 53.054109 0.001223 59.037173 4.236968 2.334838
96 8.388936 33.038294 -40.824443 0.020204 118.892157 0.000701 63.550352 2.276784 2.556110
96 8.720818 32.998476 -40.874481 0.050092 78.121338 0.000823 62.360010 2.856993 1.892347
96 9.066728 33.196311 -40.943337 0.472873 17.174405 0.000131 64.375767 1.984470 1.200526
96 8.483559 33.109520 -40.940100 0.221251 145.229111 0.001887 65.496564 2.329973 2.366864
96 9.619085 33.212264 -41.042827 0.079427 4.751483 0.001012 68.210132 1.495051 0.095813
96 8.036750 33.246405 -41.009579 0.065230 49.501123 0.001134 57.289449 5.044896 3.260483
96 9.057518 33.210282 -40.965537 0.224757 140.971694 0.000783 62.919682 2.438660 1.218946
96 9.388455 33.205426 -41.070809 0.140764 147.348131 0.000962 65.579702 2.342984 0.557072
96 9.306075 32.998860 -40.878771 0.012303 107.730825 0.000419 66.249071 1.435615 0.721833
97 9.535397 33.155361 -41.078100 0.017577 53.155580 0.001399 59.465491 5.607619 0.263189
97 8.144926 33.012707 -40.862473 0.692332 105.928502 0.000480 66.637644 1.187503 3.044131
97 8.968599 33.070799 -40.833068 0.004362 36.426617 0.000479 57.765882 4.201248 1.396785
97 8.097474 32.981661 -40.915090 0.232905 97.261859 0.000095 63.143961 3.282282 3.139035
97 8.801246 33.189011 -41.047732 0.178319 167.342110 0.001911 60.571562 2.178835 1.731491
97 7.341441 33.226524 -41.100547 0.804303 141.708633 0.000194 74.025536 2.858085 4.651101
97 8.530531 33.028328 -40.966552 0.461160 111.178074 0.001535 51.529295 4.172368 2.272921
97 9.421106 33.171154 -40.953747 0.047085 163.760350 0.000704 61.626305 2.297837 0.491770
97 9.248182 33.221716 -41.060376 0.294977 118.391711 0.000523 67.053634 1.641748 0.837618
97 8.078982 33.148561 -40.893290 0.509092 21.836910 0.000514 57.365219 4.867146 3.176019
98 9.010249 33.193273 -40.996489 0.067890 132.585685 0.001579 56.335496 4.445733 1.313484
98 9.560021 33.071644 -41.006494 0.135540 110.148587 0.000615 65.161071 1.582694 0.213941
98 8.936412 33.183868 -41.024700 0.445492 149.697713 0.000908 55.604402 3.747548 1.461158
98 9.474296 32.987342 -40.887967 0.764785 43.736126 0.000258 71.766539 3.497692 0.385390
98 8.893923 33.152007 -40.961943 0.050412 106.762715 0.001235 55.884289 3.715407 1.546136
98 9.185937 32.997667 -40.900926 0.667552 144.938547 0.001995 55.454911 5.948996 0.962109
98 9.139480 33.047276 -40.947121 0.534563 130.893100 0.001533 52.310692 4.245635 1.055023
98 8.328260 33.216183 -40.881626 0.183965 22.676551 0.000793 63.669204 2.458196 2.677464
98 9.462854 33.191454 -41.049662 0.354392 136.997351 0.000414 61.243311 2.012704 0.408274
98 8.904931 33.060280 -40.829945 0.219693 134.967247 0.001242 56.910315 4.914039 1.524120
99 9.544699 33.006597 -40.940306 0.706335 48.469252 0.000052 66.780524 5.032940 0.244584
99 8.993718 33.024144 -40.905246 0.367691 99.802764 0.000106 58.548240 1.641420 1.346547
99 9.142745 32.974340 -40.928333 0.317728 108.809990 0.001998 55.738955 1.959821 1.048492
99 8.373604 33.080977 -40.853315 0.271165 75.177955 0.000964 55.637820 5.865795 2.586775
99 9.508901 33.105632 -40.964953 0.191421 144.701287 0.001115 54.389296 5.715746 0.316181
99 9.441692 33.043993 -40.899670 0.540539 146.721179 0.000082 53.323192 5.434545 0.450599
99 9.590060 33.032814 -40.974914 0.190499 103.174869 0.001747 58.111540 3.752059 0.153863
99 8.802263 33.234944 -40.946419 0.073303 173.436132 0.000115 59.131369 3.478919 1.729456
99 9.047264 33.051801 -40.851431 0.785715 25.547272 0.000268 70.267799 3.035236 1.239454
99 7.601553 33.100375 -40.912148 0.772680 133.539293 0.000076 54.900470 1.998361 4.130876
100 8.917278 33.014390 -40.983446 0.070302 148.731721 0.000936 55.090096 4.115769 1.499427
100 9.154928 32.974021 -41.011764 0.596371 98.621026 0.000919 67.910041 1.837091 1.024127
100 9.463665 33.167568 -41.014237 0.248019 55.150528 0.000053 68.289091 1.512551 0.406652
100 8.166352 33.032111 -40.967936 0.412220 118.902308 0.000407 63.955128 3.078740 3.001279
100 9.011038 33.109974 -41.038286 0.274347 33.171672 0.000336 59.560012 5.276488 1.311907
100 9.321438 33.246144 -40.878532 0.667878 152.722233 0.000410 57.231713 5.189049 0.691107
100 8.704386 33.205948 -41.076722 0.315353 7.448252 0.001244 63.512596 4.592560 1.925210
100 9.523878 32.978287 -40.907266 0.272788 127.848265 0.000826 57.649095 2.821877 0.286226
100 8.233944 33.038593 -40.888270 0.527120 99.053268 0.000154 62.109951 2.252571 2.866095
100 9.614921 33.017973 -40.904888 0.068828 95.838419 0.001525 64.702019 1.359445 0.104141
101 9.257269 33.002557 -40.946477 0.051067 167.960510 0.001165 57.581759 3.944666 0.819445
101 8.518758 33.083141 -40.902188 0.117194 149.489049 0.001308 61.054678 1.063696 2.296466
101 9.539748 33.135885 -40.989334 0.059686 78.771917 0.001936 57.370648 4.897462 0.254487
101 9.453022 33.141421 -40.931638 0.144574 146.920796 0.001307 57.224746 5.199585 0.427939
101 7.868809 33.056620 -40.818651 0.429257 13.928432 0.001872 64.252074 4.267749 3.596365
101 9.533357 33.252273 -40.917226 0.761767 150.257589 0.000161 59.006138 5.733094 0.267269
101 9.510427 33.084911 -40.843212 0.474579 17.334226 0.000105 64.298681 1.472974 0.313128
101 8.633389 33.058076 -41.074203 0.335804 108.426868 0.001985 62.093330 4.197403 2.067205
101 9.257510 33.069230 -40.834496 0.618932 11.887700 0.001589 59.694471 4.330843 0.818963
101 8.722754 33.056161 -40.910973 0.210581 108.385759 0.001248 64.333779 2.167075 1.888475
102 9.336486 33.091582 -40.934605 0.913705 141.406801 0.000904 67.367580 3.761029 0.661010
102 9.298169 32.993098 -40.810943 0.509032 36.557789 0.000279 57.779228 3.455341 0.737645
102 9.549198 33.236988 -40.969620 0.354492 21.055430 0.001623 64.950619 2.470500 0.235587
102 9.532276 33.085799 -40.902710 0.743482 138.254730 0.001638 70.617013 1.242365 0.269431
102 8.937619 32.985661 -40.920372 0.181265 162.801777 0.000783 53.058842 5.200367 1.458744
102 9.247461 33.098154 -40.930903 0.407362 127.153507 0.000064 53.489083 4.547547 0.839060
102 9.630828 33.059639 -40.834469 0.494128 28.710537 0.000195 64.568236 1.949915 0.072327
102 8.892873 33.238864 -41.030166 0.165506 130.702876 0.001814 57.567874 3.797759 1.548236
102 9.349237 33.060067 -40.854287 0.503723 177.858515 0.000002 58.089296 3.685862 0.635509
102 9.305151 33.168507 -41.055351 0.181411 10.355398 0.000188 61.667794 4.078329 0.723682
103 9.101241 33.081711 -40.867081 0.896145 46.136933 0.000037 80.711502 6.005551 1.131501
103 9.176336 33.005801 -40.838661 0.503976 22.484676 0.000254 57.567874 3.567608 0.981311
103 9.540862 33.199078 -40.977172 0.380230 9.169844 0.000724 69.593496 1.477293 0.252260
103 9.610696 33.057343 -40.950784 0.343975 132.706144 0.001938 57.572903 3.404932 0.112590
103 8.987343 33.166649 -40.909296 0.831458 142.071618 0.001798 62.686021 1.947338 1.359296
103 9.534808 33.163269 -40.935433 0.797189 140.814922 0.001269 59.584775 4.832500 0.264366
103 9.588843 33.022506 -40.808021 0.276621 10.475484 0.000049 62.837348 1.603650 0.156297
103 8.861414 32.976353 -40.829630 0.307642 90.984985 0.001857 60.486774 2.776658 1.611154
103 9.535849 32.995418 -40.835066 0.170568 120.872562 0.000109 55.342056 3.807404 0.262286
103 9.419569 33.212231 -40.948336 0.840380 145.318697 0.000558 60.282792 3.672318 0.494844
104 9.111131 33.082289 -40.861146 0.887235 45.965964 0.001923 88.912810 1.404621 1.111720
104 8.604470 32.975201 -40.863318 0.467411 2.636374 0.000460 57.963777 3.779279 2.125042
104 8.426827 33.254495 -40.947946 0.362824 162.288254 0.000678 57.721906 2.362496 2.480328
104 9.569654 33.196087 -40.906989 0.699950 150.624607 0.001509 61.987734 2.908122 0.194675
104 8.984476 33.169269 -40.918462 0.074760 135.335947 0.000439 57.128120 3.713617 1.365031
104 9.561916 33.254596 -41.024376 0.769989 147.080548 0.001408 60.603777 4.315168 0.210151
104 9.504275 33.050272 -41.079549 0.539941 85.349617 0.001221 72.382353 1.116452 0.325433
104 8.695936 33.121236 -40.967793 0.377801 102.395802 0.001079 58.176184 4.282846 1.942110
104 8.830605 33.028320 -40.838229 0.087013 140.789623 0.001874 51.445896 3.676023 1.672773
104 8.632028 33.134990 -40.876262 0.887701 150.269425 0.001444 69.997974 4.308928 2.069928
105 9.546268 32.990445 -40.857565 0.030827 127.167605 0.000193 64.424488 1.013232 0.241447
105 9.564780 33.244708 -41.037052 0.747033 138.355336 0.000200 69.877566 1.551934 0.204423
105 9.350462 33.153478 -41.093486 0.361387 105.310411 0.000925 65.088201 2.299198 0.633059
105 9.164804 33.145569 -40.938391 0.105868 111.664045 0.000249 56.798824 4.142937 1.004374
105 9.481328 33.023679 -40.851847 0.007310 78.311348 0.000869 56.512499 4.887801 0.371326
105 9.520341 33.129349 -41.014176 0.517749 134.685607 0.001256 57.956377 5.242493 0.293301
105 9.264245 33.131210 -41.085591 0.473142 128.744143 0.001876 57.074526 3.180518 0.805492
105 8.910101 33.049717 -40.924283 0.016957 51.452134 0.001264 62.340069 3.039573 1.513781
105 8.771045 33.033389 -40.887426 0.066035 134.934996 0.001632 53.122247 2.676579 1.791893
105 6.647291 33.153139 -40.861038 0.743717 128.349311 0.001146 60.612780 5.980250 6.039400
106 9.425868 33.081328 -40.928153 0.463467 150.842965 0.000057 62.879355 1.422613 0.482247
106 8.945176 32.995817 -41.026841 0.783885 117.003237 0.000755 72.125273 1.982193 1.443631
106 9.580356 33.185164 -40.982672 0.274301 1.550135 0.001095 72.344313 1.036991 0.173270
106 9.531918 32.977914 -40.856218 0.036536 38.672985 0.000623 58.247990 3.102628 0.270146
106 9.260948 33.036494 -40.841641 0.019596 67.434568 0.001819 58.089554 3.825912 0.812086
106 8.809506 33.230486 -40.943767 0.671256 165.479120 0.000973 62.668854 4.854008 1.714970
106 9.338462 33.082941 -41.022603 0.187447 107.989406 0.001900 56.243636 3.578744 0.657058
106 9.231709 33.122688 -40.987034 0.130165 26.318889 0.000251 55.994600 5.898244 0.870565
106 9.355092 33.238724 -41.014311 0.390691 141.941560 0.001873 56.245130 4.674479 0.623798
106 8.818313 33.048511 -40.932834 0.938028 53.158663 0.001268 90.345512 3.665637 1.697356
107 9.064784 33.131593 -40.889837 0.702473 159.649645 0.001814 59.936668 2.129160 1.204414
107 8.996085 33.035418 -40.934987 0.489882 102.767206 0.001383 54.312963 4.933638 1.341813
107 9.018822 33.088684 -41.010200 0.298231 154.420694 0.000694 63.447313 1.773439 1.296338
107 9.285542 33.069132 -40.852007 0.193351 177.077556 0.001295 60.223825 3.101126 0.762899
107 9.088581 33.191151 -41.081878 0.420527 115.918158 0.001518 59.464314 5.828786 1.156820
107 8.634540 33.092823 -40.876558 0.172003 129.488818 0.000939 59.057787 4.431548 2.064903
107 9.560864 33.095217 -41.054817 0.369003 70.941734 0.001847 61.477103 3.664217 0.212255
107 8.076572 33.113626 -41.055024 0.210797 56.468875 0.000680 65.640595 4.382356 3.180839
107 9.494761 33.250540 -41.015102 0.777428 145.034560 0.000463 61.741997 5.218835 0.344461
107 8.088335 33.031922 -40.897446 0.604608 34.728980 0.000635 69.608764 3.736839 3.157313
108 8.993268 33.189529 -41.011839 0.897905 131.345970 0.000232 67.317535 2.496037 1.347446
108 9.527351 33.076137 -40.915371 0.684645 132.550064 0.001174 57.316493 3.705525 0.279281
108 9.269460 33.107844 -40.983882 0.267171 163.715763 0.000504 62.201973 1.787655 0.795062
108 8.790592 33.089202 -40.803410 0.122411 179.179406 0.001348 56.802815 5.828152 1.752799
108 8.725241 33.027944 -40.882126 0.732216 125.588806 0.001786 62.284146 1.273338 1.883502
108 9.452920 33.121097 -41.014015 0.351363 62.299881 0.000286 62.042354 5.125865 0.428143
108 8.785854 33.067007 -40.995766 0.556061 40.048053 0.001183 71.416707 1.334468 1.762275
108 7.803877 33.094741 -40.952930 0.202197 35.592980 0.001455 54.999732 3.470288 3.726228
108 8.782716 32.999661 -40.943211 0.641887 83.635974 0.000387 69.055164 1.140586 1.768550
108 9.524662 33.021217 -40.932330 0.788267 52.592691 0.000726 73.914210 3.472280 0.284658
109 8.737511 33.144927 -41.051409 0.388579 128.233728 0.000812 62.589822 3.785934 1.858960
109 9.454115 33.264599 -40.961007 0.884129 33.502566 0.000881 86.584909 4.419021 0.425752
109 9.415195 33.080068 -40.878493 0.386070 150.403853 0.001080 55.885588 2.390741 0.503592
109 9.127441 33.098299 -40.808409 0.182484 12.119799 0.001365 55.668326 5.567291 1.079100
109 8.817515 33.038230 -40.884877 0.768135 136.208795 0.001766 64.459592 1.144393 1.698953
109 9.113117 33.030213 -40.997731 0.144801 39.019728 0.001748 57.541644 5.253407 1.107749
109 6.664724 33.022099 -41.066873 0.913881 110.843632 0.001580 75.815441 5.299314 6.004535
109 9.028466 33.064870 -40.850180 0.124222 17.474749 0.001101 60.596829 3.421627 1.277051
109 8.600267 33.244941 -40.977192 0.697827 25.066793 0.000839 67.404632 5.842275 2.133448
109 9.533477 33.028386 -40.929469 0.797633 43.047177 0.000777 73.617286 3.841706 0.267030
110 8.812392 33.142841 -40.979311 0.292316 154.788471 0.001542 63.097958 3.134329 1.709198
110 8.808054 33.238070 -41.029052 0.874339 47.233648 0.000861 87.077073 4.534613 1.717875
110 9.282642 33.040173 -40.981814 0.122411 118.311847 0.000487 61.590366 2.583218 0.768698
110 8.462178 33.104043 -40.803337 0.125233 15.107638 0.001384 52.771269 5.945503 2.409627
110 9.131746 32.986947 -40.916856 0.605221 100.629774 0.000038 56.501087 4.689727 1.070490
110 9.338981 33.077355 -40.886631 0.306733 33.213390 0.001894 56.112778 5.673047 0.656020
110 8.591197 33.131581 -41.013494 0.479425 25.115638 0.001167 80.355371 1.074111 2.151588
110 8.127087 33.048730 -40.827086 0.213146 19.882180 0.001760 61.115934 5.793047 3.079808
110 9.536476 32.976659 -40.944545 0.266699 89.390166 0.000286 59.366111 2.981577 0.261030
110 9.540548 33.043685 -40.931614 0.853753 41.956407 0.000630 79.092649 3.717437 0.252886
111 9.402550 33.177796 -40.994660 0.005029 6.049958 0.001961 59.876333 5.012263 0.528883
111 8.616582 33.250386 -40.905971 0.574685 6.019066 0.000333 75.331616 1.567167 2.100819
111 9.351093 32.966238 -40.968637 0.260413 87.278377 0.000059 61.535371 2.358340 0.631796
111 9.412695 33.074085 -41.029532 0.090039 75.011636 0.000212 58.507492 3.501489 0.508593
111 9.105025 33.207436 -41.005458 0.055941 95.601445 0.000833 57.496175 5.348851 1.123932
111 9.435371 33.048932 -40.846554 0.024742 42.914602 0.000870 64.827065 1.264553 0.463240
111 9.406915 33.139052 -40.899100 0.879800 141.100814 0.000494 63.091953 3.722722 0.520153
111 9.198304 33.142438 -41.056177 0.096510 99.380564 0.000175 60.708395 5.893146 0.937374
111 9.557118 33.121543 -40.979931 0.086871 124.359861 0.001148 56.172804 4.802038 0.219746
111 8.186950 33.026071 -40.945198 0.724672 42.267334 0.000942 73.910408 4.654671 2.960083
112 8.633170 33.149747 -40.986365 0.822348 130.023922 0.001854 55.588821 4.514066 2.067643
112 8.906468 33.158172 -41.072365 0.031226 167.898022 0.000263 76.786420 1.136257 1.521047
112 9.164254 33.003218 -40.950233 0.035579 102.677789 0.001939 55.017152 3.392677 1.005475
112 9.614551 33.070671 -40.993002 0.225990 99.145936 0.001890 56.622960 4.765907 0.104880
112 9.123982 33.175061 -40.934907 0.246026 38.303498 0.000654 58.274286 5.782126 1.086019
112 9.098275 33.063348 -40.833058 0.064301 16.714095 0.000767 64.636498 1.608546 1.137433
112 9.413372 33.200210 -40.893435 0.611590 27.521565 0.000607 64.620828 4.495229 0.507238
112 8.550825 33.018532 -40.866764 0.664288 111.213392 0.001618 59.774775 2.088443 2.232332
112 8.838873 33.127105 -40.976022 0.240733 124.899173 0.001176 60.028422 4.915006 1.656236
112 9.479709 33.010674 -40.947389 0.815837 46.688060 0.001667 72.976674 5.590897 0.374564
113 8.998193 33.140185 -40.937837 0.965614 136.650544 0.000224 73.075580 4.402008 1.337597
113 8.229726 33.150501 -41.010784 0.128565 162.281445 0.001872 80.124161 1.024981 2.874530
113 8.913233 33.177203 -40.810957 0.457604 20.582629 0.001505 60.483623 3.093054 1.507517
113 9.524958 33.197915 -41.051898 0.393026 41.951413 0.001252 68.409795 2.998950 0.284067
113 9.214796 33.015567 -40.896968 0.478025 153.335698 0.001307 70.710602 1.014784 0.904390
113 9.123182 33.203649 -40.903087 0.823187 142.701045 0.000185 66.249779 2.775787 1.087619
113 9.302577 32.969694 -40.802029 0.934117 34.162080 0.001480 87.775854 3.035526 0.728829
113 8.981219 33.104160 -40.857744 0.520382 134.153938 0.001759 57.088797 3.849813 1.371544
113 9.591040 33.082892 -40.897945 0.316514 25.355412 0.001599 65.962773 1.347660 0.151902
113 9.464693 33.136551 -40.835469 0.571505 155.062057 0.000553 60.791442 1.790819 0.404597
114 9.443536 33.158260 -40.857447 0.516715 177.163180 0.001472 55.478691 5.802454 0.446910
114 7.539322 33.233031 -41.063720 0.960041 126.673547 0.000164 89.707334 2.553397 4.255338
114 9.572228 33.183657 -40.815357 0.626096 176.383465 0.001053 62.060242 2.942439 0.189527
114 9.229212 33.164063 -41.049874 0.383596 36.260762 0.001670 64.901044 2.857361 0.875558
114 9.450839 33.000808 -40.934296 0.375958 75.319170 0.000699 58.283746 2.746701 0.432305
114 9.566418 33.059797 -40.961059 0.352678 44.613491 0.001315 69.664220 1.328026 0.201148
114 8.934583 32.970232 -40.824877 0.266004 0.278395 0.000002 51.866750 3.632176 1.464816
114 9.199406 33.147744 -40.836494 0.528415 29.424782 0.001508 62.120659 3.423817 0.935170
114 9.011692 33.214045 -40.926206 0.214842 165.745772 0.001618 67.914435 1.602661 1.310599
114 8.851837 33.213114 -40.853999 0.928812 33.404307 0.000856 108.533439 1.206815 1.630309
115 8.898623 33.143709 -41.056277 0.831339 132.061524 0.001155 56.176032 4.767664 1.536736
115 9.427816 32.965539 -40.874390 0.002355 168.972805 0.000055 53.801791 3.794877 0.478351
115 9.103236 33.237173 -40.826052 0.674655 168.096484 0.000923 69.585832 1.822345 1.127510
115 9.165628 33.134900 -41.048222 0.182875 69.532872 0.001770 66.940884 1.301269 1.002726
115 9.365414 33.007840 -40.866897 0.180928 87.706774 0.000870 58.476215 1.740591 0.603154
115 8.683673 33.191931 -41.058951 0.262899 155.691708 0.001852 60.175958 2.125884 1.966636
115 9.512007 33.090174 -40.980233 0.183544 106.656668 0.001655 63.099184 2.062838 0.309968
115 9.003504 33.072175 -40.878007 0.565246 7.376344 0.001319 69.302628 1.268617 1.326975
115 9.555233 33.217018 -40.960660 0.392128 179.128857 0.001327 74.157864 1.116365 0.223517
115 8.086833 33.192546 -40.914413 0.084769 74.597294 0.001455 58.839744 5.877949 3.160317
116 9.566469 33.158380 -41.065345 0.753989 127.788957 0.001323 58.644192 4.754990 0.201044
116 9.346512 33.024395 -41.058080 0.588733 92.314905 0.001946 62.634489 3.122884 0.640959
116 7.109739 33.037935 -40.863065 0.073936 143.919402 0.000261 73.223511 1.422712 5.114505
116 6.116668 33.176960 -41.013723 0.386306 143.888514 0.001007 65.015960 5.126819 7.100646
116 9.270597 33.115101 -41.006335 0.108093 64.283448 0.000372 61.463290 4.431025 0.792789
116 8.007356 33.229874 -40.979022 0.479079 136.383921 0.001918 54.792877 3.005214 3.319270
116 9.498315 33.192815 -41.007887 0.007184 75.529665 0.001367 60.556617 3.386628 0.337352
116 9.135509 33.132649 -41.055385 0.235391 40.279041 0.000618 62.846515 5.799993 1.062965
116 9.443027 33.200921 -41.011770 0.272928 173.391977 0.001629 70.078094 1.460383 0.447929
116 9.274401 33.103746 -40.834639 0.384594 147.889443 0.000805 53.218848 5.412482 0.785180
117 7.512227 33.143548 -40.911215 0.360753 73.483494 0.001007 59.427033 5.922562 4.309528
117 9.004597 32.989744 -41.057724 0.249182 92.450848 0.001832 61.664226 2.255674 1.324788
117 9.226137 33.158469 -41.084375 0.520984 38.963905 0.000309 67.219882 5.391532 0.881709
117 8.899914 33.152149 -40.887820 0.418727 43.368800 0.001211 62.305849 4.303288 1.534155
117 8.010177 33.164659 -41.045839 0.147742 26.882981 0.001019 64.956506 4.941959 3.313629
117 8.982415 33.259925 -41.027624 0.627337 135.450770 0.001867 60.680077 2.241259 1.369152
117 9.002503 33.108464 -40.911956 0.428625 36.573837 0.000840 74.622826 1.324760 1.328976
117 9.105173 33.171572 -40.855231 0.641593 34.774209 0.000264 66.758662 4.116189 1.123637
117 8.703007 33.210930 -40.992434 0.463536 49.025189 0.001811 75.764877 1.097616 1.927969
117 9.189432 33.197931 -40.995510 0.573416 27.545308 0.000490 67.942914 5.746721 0.955120
118 9.023348 33.244900 -40.883598 0.657555 26.408319 0.000243 68.756601 2.564767 1.287287
118 8.548038 33.232409 -41.087525 0.840292 126.731621 0.001891 69.589065 1.582216 2.237907
118 9.210890 33.219662 -40.909289 0.656640 9.884200 0.000487 63.748918 3.985784 0.912202
118 9.238556 33.056762 -40.925341 0.283549 56.044343 0.000539 62.817255 3.213621 0.856870
118 8.841602 33.231508 -40.847356 0.527042 163.009649 0.001402 65.859367 2.024333 1.650779
118 8.530576 33.201577 -41.039076 0.302754 168.931132 0.001012 66.407329 1.263406 2.272831
118 9.157831 33.117313 -40.942774 0.535378 35.867724 0.000827 66.662029 5.087963 1.018322
118 9.560155 33.255920 -40.990068 0.398566 20.906153 0.000733 63.631789 5.790972 0.213672
118 9.370827 33.187911 -40.990065 0.288521 20.251430 0.001527 71.721480 1.061812 0.592329
118 9.128463 33.013011 -40.887031 0.359607 68.789960 0.000173 55.161369 5.000688 1.077056
119 8.571625 33.058202 -41.020951 0.108945 38.496480 0.001103 64.363054 2.792237 2.190733
119 9.193052 33.019720 -41.078921 0.287367 79.829213 0.001626 63.050412 2.541561 0.947879
119 9.619165 33.117148 -41.011556 0.009623 59.073898 0.001733 58.721376 4.084038 0.095653
119 9.046579 33.232004 -41.008461 0.464880 131.886194 0.001105 65.521003 1.890055 1.240825
119 8.204149 33.003562 -40.849522 0.583737 140.807861 0.001457 68.965907 1.924655 2.925685
119 9.614801 33.072389 -40.829718 0.426789 24.150216 0.000016 59.437456 4.180476 0.104382
119 9.047561 33.127953 -40.988357 0.652624 54.987424 0.001113 66.744886 5.230723 1.238860
119 8.917227 33.233469 -40.967532 0.259714 16.044077 0.000693 63.205958 5.130832 1.499529
119 8.394998 33.169187 -40.952782 0.258292 12.336658 0.000046 73.018989 1.533637 2.543988
119 9.565702 33.085502 -40.868195 0.379733 175.070266 0.001007 60.367522 2.535404 0.202578
120 9.540899 33.125478 -40.960817 0.104131 149.409182 0.001155 58.614888 2.550413 0.252185
120 9.581036 33.199914 -41.019646 0.787667 138.626885 0.001187 63.318610 3.395433 0.171911
120 9.417741 33.098561 -40.888476 0.428065 135.644538 0.000971 54.343337 5.903987 0.498501
120 8.997776 32.971567 -41.057877 0.944041 55.808606 0.001418 98.704550 2.409500 1.338431
120 8.256307 33.053690 -41.066370 0.685437 112.473310 0.001376 64.474773 1.138384 2.821368
120 9.021744 33.034999 -40.811278 0.403225 21.497291 0.001834 54.696900 3.719173 1.290495
120 8.289073 32.993947 -40.867891 0.291167 119.100040 0.000317 50.192751 2.888180 2.755838
120 9.447049 33.219288 -40.893139 0.558537 7.645864 0.001514 68.625910 1.973214 0.439885
120 9.636767 33.167357 -40.886526 0.688635 153.687229 0.001052 59.157276 3.585134 0.060448
120 9.420879 33.217281 -40.894596 0.465696 3.556570 0.000466 63.327149 3.223481 0.492224
121 9.060200 33.049574 -40.952185 0.101043 177.845547 0.001034 62.985693 2.425041 1.213582
121 8.984063 33.074171 -40.955745 0.391724 74.195834 0.000341 57.603364 4.630062 1.365857
121 7.829425 33.065573 -40.880222 0.872312 36.784377 0.001153 73.197650 5.630586 3.675132
121 9.383695 32.995678 -41.051501 0.928870 61.146851 0.001351 93.661499 2.033071 0.566592
121 9.557181 32.968062 -40.802511 0.345301 23.296739 0.001893 65.788775 1.261533 0.219620
121 8.286254 33.208142 -40.898293 0.655827 40.107003 0.001778 70.888444 4.912779 2.761475
121 8.705844 33.214078 -41.078089 0.869372 52.492020 0.001935 85.247471 5.614942 1.922295
121 9.450465 33.181974 -41.094691 0.540314 46.376119 0.000080 71.765611 2.334735 0.433052
121 9.217333 33.120591 -40.821707 0.641274 13.823835 0.000795 64.707013 3.744969 0.899317
121 9.363716 33.071548 -40.910309 0.879331 143.364808 0.000923 63.027342 3.912164 0.606552
122 9.456236 33.146031 -40.921229 0.543001 24.646539 0.000203 64.620930 4.794068 0.421510
122 9.028388 33.207274 -40.973152 0.670785 22.345910 0.000652 68.882431 3.278253 1.277207
122 8.826004 33.031920 -40.819921 0.007119 95.125592 0.001188 69.842605 1.157804 1.681975
122 9.326505 32.977207 -40.944627 0.840637 46.522887 0.001805 77.804123 3.240627 0.680972
122 8.878257 33.198508 -41.004235 0.075226 150.683019 0.000345 61.011312 5.723233 1.577469
122 8.923877 33.043020 -40.947367 0.563090 132.355100 0.000554 62.436963 3.092841 1.486229
122 9.267844 33.235669 -41.055843 0.869982 33.498999 0.001828 87.521878 4.968196 0.798294
122 9.585927 33.176790 -41.059606 0.792644 43.754293 0.001732 82.241475 3.118888 0.162128
122 7.782370 33.044871 -40.811299 0.518827 115.959147 0.001551 56.730187 5.484475 3.769242
122 8.618881 33.084207 -40.919578 0.906684 125.338498 0.000896 69.322108 2.965944 2.096220
123 9.517404 33.077174 -40.978856 0.222151 83.395401 0.001231 64.054023 1.937796 0.299174
123 7.535368 33.209067 -41.007731 0.630409 9.398118 0.000579 65.723220 3.890267 4.263246
123 5.592961 33.013274 -40.890884 0.239726 107.415259 0.001382 81.113750 1.135332 8.148061
123 9.275241 33.024923 -40.947450 0.017807 12.036972 0.001819 55.288985 3.696838 0.783501
123 8.323349 33.135049 -41.020297 0.874178 137.821244 0.000116 73.909319 3.069619 2.687285
123 9.341083 33.037998 -40.932657 0.563491 121.306260 0.000353 59.730721 3.265842 0.651817
123 9.443474 33.109143 -41.035364 0.001298 33.894118 0.001271 66.200779 1.691749 0.447034
123 9.599579 33.177587 -41.060563 0.796139 43.487231 0.001735 82.315011 3.134278 0.134825
123 9.240664 33.026460 -40.856602 0.178359 87.419626 0.000606 57.537691 3.772392 0.852655
123 8.332430 33.025456 -41.027691 0.565308 52.541974 0.001504 73.349369 2.275741 2.669123
124 8.892048 33.228131 -40.882355 0.766370 164.978142 0.000396 64.796553 4.427496 1.549887
124 9.140425 33.143778 -40.965042 0.138268 174.589010 0.000347 64.374547 1.235060 1.053132
124 8.922511 33.191670 -40.911931 0.798068 141.897490 0.000794 55.875972 4.199466 1.488961
124 8.841182 32.995586 -40.957859 0.054729 30.077676 0.001622 60.637330 3.274498 1.651619
124 9.593624 32.986221 -40.983136 0.374563 75.316821 0.001214 57.914407 4.573455 0.146734
124 9.480118 33.119185 -40.974469 0.076196 48.632874 0.000625 61.524691 1.943619 0.373746
124 9.155614 33.103852 -41.044341 0.077989 9.435406 0.001462 62.639635 2.111295 1.022754
124 8.587800 33.194863 -40.863426 0.351268 15.831887 0.001556 65.611642 2.617073 2.158383
124 9.526289 33.175510 -40.986828 0.237050 175.240541 0.001388 57.737985 4.569203 0.281405
124 8.125674 33.044791 -41.031978 0.558275 40.098105 0.001519 71.968245 2.382238 3.082635
125 9.282691 33.037723 -41.003983 0.122585 111.604542 0.001572 65.593070 1.613895 0.768600
125 9.219845 32.990244 -40.940862 0.419040 136.385919 0.001049 55.781353 5.369199 0.894292
125 9.594765 33.155117 -40.960975 0.280298 21.429494 0.000658 60.468836 5.408795 0.144453
125 7.368524 33.254062 -40.903232 0.367998 6.581485 0.000389 65.333160 4.649215 4.596936
125 8.604940 33.206803 -40.873693 0.468640 169.118812 0.000474 64.459287 1.088522 2.124103
125 8.412642 33.071153 -41.001460 0.078997 119.274228 0.000707 58.450279 1.684135 2.508699
125 9.488956 33.172541 -41.077447 0.053971 112.156507 0.001669 59.584776 3.532049 0.356070
125 8.493106 33.135812 -40.852535 0.610654 175.898723 0.001937 62.749478 5.101863 2.347771
125 8.731863 33.117260 -41.077426 0.352630 122.016475 0.000379 61.217064 4.995473 1.870257
125 9.634327 32.984878 -40.895842 0.283123 118.620273 0.000386 55.294098 4.214751 0.065329
126 9.606373 33.019385 -40.995653 0.765333 55.783143 0.000223 69.896162 5.967116 0.121236
126 8.736087 33.008657 -41.001952 0.692495 123.810818 0.001824 63.629889 3.581707 1.861809
126 9.430692 33.165416 -41.043344 0.116410 33.231179 0.001105 58.582897 5.205955 0.472599
126 9.416326 33.060765 -40.911053 0.526111 129.090957 0.000273 57.718360 3.999945 0.501330
126 8.247748 33.168324 -41.087374 0.141453 90.491309 0.000410 68.392798 2.551128 2.838487
126 9.129773 33.170345 -41.061626 0.209827 143.942520 0.000726 72.425361 1.343261 1.074436
126 9.072301 33.202836 -40.903306 0.838229 33.196439 0.001602 80.377515 5.968083 1.189381
126 9.472432 33.175233 -40.870403 0.531644 16.015586 0.001931 62.446515 5.540615 0.389118
126 9.468537 33.071950 -40.945921 0.271898 120.527988 0.000632 58.352202 3.692885 0.396908
126 8.904810 33.015401 -40.862585 0.111200 108.954227 0.001173 59.335771 4.082428 1.524363
127 9.446846 32.987819 -40.836598 0.061197 107.595411 0.001835 55.360400 2.354231 0.440291
127 9.440390 32.982052 -40.955559 0.461763 115.676978 0.001967 58.372265 3.767496 0.453203
127 9.239967 33.242640 -41.027282 0.030343 6.338438 0.001191 61.378802 4.834466 0.854049
127 9.316401 33.175170 -40.921250 0.723453 154.852170 0.001669 59.399158 2.705046 0.701181
127 9.638748 33.142373 -41.031472 0.227377 129.680540 0.001812 56.968781 4.906036 0.056487
127 8.835485 33.198134 -41.092561 0.034961 162.657876 0.001092 76.296077 1.278698 1.663013
127 8.863224 33.127715 -40.933163 0.636853 47.899078 0.001258 79.519133 1.380490 1.607534
127 8.587014 33.181415 -40.845444 0.303209 4.451901 0.001698 54.708175 4.712095 2.159955
127 9.159666 33.120757 -40.925024 0.133852 69.839181 0.000557 59.317118 3.935162 1.014651
127 9.013996 32.969492 -40.882030 0.575174 48.733033 0.001371 65.563593 4.648221 1.305991
128 8.788863 33.006495 -41.069242 0.268000 95.946090 0.001918 65.312075 2.047355 1.756256
128 8.497888 33.187571 -40.923297 0.093185 123.235160 0.001933 59.430563 4.091700 2.338206
128 9.498671 33.065043 -40.916874 0.068485 67.036224 0.000727 54.829934 5.610179 0.336641
128 7.783640 33.245323 -40.932745 0.651473 137.442322 0.001627 70.101795 1.845532 3.766703
128 9.448585 33.146058 -41.096484 0.057385 107.638432 0.001788 60.021100 5.127497 0.436813
128 9.618224 33.183246 -40.980489 0.271599 167.144209 0.001566 67.622986 1.436590 0.097535
128 9.299123 33.233545 -40.943595 0.367701 6.963143 0.001954 60.275269 3.016965 0.735737
128 9.537207 33.208017 -40.967456 0.395751 177.204900 0.001462 58.235903 5.943549 0.259568
128 9.381042 33.240397 -40.983735 0.339406 32.132981 0.000253 63.868954 3.493960 0.571899
128 9.259153 33.234363 -40.852211 0.655697 175.622875 0.001301 59.469935 2.924872 0.815677
129 8.960085 33.196869 -40.839090 0.386236 164.058029 0.000041 60.436590 1.815866 1.413813
129 9.488730 33.111108 -40.943051 0.072576 109.878206 0.000026 61.974256 2.128431 0.356523
129 9.068601 33.079276 -40.964959 0.369542 20.482063 0.001086 59.844563 5.677550 1.196780
129 9.460066 33.112964 -40.988956 0.240268 31.158901 0.001360 65.823742 2.081611 0.413851
129 9.580477 33.116288 -41.070035 0.173839 98.659467 0.001829 59.443836 4.910507 0.173028
129 8.641704 33.225483 -40.996430 0.733172 130.747450 0.000242 56.990052 4.304188 2.050574
129 8.944293 32.973696 -40.811553 0.043988 174.028923 0.000319 65.579732 1.615247 1.445397
129 9.419291 33.188892 -40.891731 0.452120 167.773943 0.000816 59.610053 4.520786 0.495401
129 9.296634 33.185793 -41.097421 0.171029 79.979164 0.001687 65.281480 3.062944 0.740714
129 9.161454 33.063388 -40.927236 0.623720 134.251705 0.001879 64.379534 1.108215 1.011075
130 9.629096 33.211742 -40.870127 0.558252 178.988724 0.001481 58.303608 5.848130 0.075790
130 8.964331 33.099805 -41.039322 0.145582 6.609661 0.000845 59.879877 3.473581 1.405321
130 9.359482 33.069185 -40.862422 0.128850 7.925405 0.000881 63.981353 1.089368 0.615019
130 9.022160 33.095133 -41.056229 0.772594 125.810005 0.001258 60.281023 2.146210 1.289662
130 9.415761 33.055724 -40.827592 0.251308 31.600024 0.001679 56.870513 3.514107 0.502461
130 9.603423 33.168716 -41.057843 0.404552 133.271773 0.000028 68.579702 1.429757 0.127137
130 9.599936 33.064531 -40.936685 0.068972 14.274952 0.001865 60.009755 2.722157 0.134110
130 8.790302 33.014593 -41.067265 0.635623 81.767672 0.000209 64.375307 5.141819 1.753378
130 8.676350 33.160543 -40.838096 0.786744 17.960700 0.001401 64.680052 4.756290 1.981282
130 9.451393 33.196544 -41.069072 0.699438 39.457958 0.000725 75.078287 3.391442 0.431196
131 8.807682 33.002976 -40.960699 0.554919 125.674507 0.001140 51.414754 4.168052 1.718619
131 9.640893 33.127279 -40.961866 0.098133 22.547413 0.000662 59.508130 3.433966 0.052197
131 9.439805 33.112365 -40.845183 0.467879 165.170537 0.000278 61.150914 2.667165 0.454372
131 9.068043 33.090538 -41.046343 0.764223 125.352313 0.001296 59.275592 2.345421 1.197896
131 9.632216 33.024080 -40.908848 0.005821 43.698269 0.000558 56.113731 4.794739 0.069551
131 9.107307 33.081393 -40.909166 0.718787 128.621269 0.001271 58.203050 2.454992 1.119369
131 9.273767 33.090016 -40.829762 0.643612 151.636668 0.001532 56.231779 2.371433 0.786449
131 8.503592 33.052472 -41.074016 0.747772 61.823219 0.000333 67.397908 5.831507 2.326799
131 8.805033 33.206550 -40.840604 0.676696 28.539742 0.001850 65.038198 4.656625 1.723917
131 9.569052 33.195163 -41.046586 0.683935 45.250725 0.000852 73.824252 3.453323 0.195878
132 9.574551 33.054301 -40.963801 0.410749 46.005016 0.001995 60.698327 5.129323 0.184880
132 9.596052 33.092564 -40.962926 0.090785 175.606019 0.000129 59.594871 2.973511 0.141878
132 9.000841 33.253788 -41.055416 0.030539 30.757061 0.000794 58.335666 5.520550 1.332302
132 7.195574 32.984138 -40.863897 0.839475 106.200021 0.001162 67.049285 3.323622 4.942835
132 9.552147 33.028463 -40.889589 0.034492 48.518959 0.000744 57.286610 4.693437 0.229689
132 9.533110 33.062310 -40.905742 0.491862 136.563861 0.000859 54.996390 3.278516 0.267763
132 8.071286 33.031759 -40.805522 0.425109 52.802648 0.001637 65.207642 2.677131 3.191411
132 9.575160 33.020584 -40.835448 0.198941 27.456107 0.001664 55.515139 4.159747 0.183662
132 9.453229 33.078982 -40.962682 0.547028 142.666143 0.001688 57.117434 4.404485 0.427525
132 9.637484 33.197342 -41.035559 0.252842 33.738947 0.001593 63.660980 3.608698 0.059014
133 9.236021 33.078002 -41.019157 0.155292 117.993158 0.001255 59.830199 1.887418 0.861941
133 9.327648 32.971622 -40.900005 0.375690 99.573285 0.001539 60.248139 2.802756 0.678687
133 8.820741 33.262207 -41.060430 0.161027 143.091835 0.001560 58.713208 3.158731 1.692501
133 8.702218 33.117425 -41.044422 0.026443 148.474283 0.000579 67.489605 2.077871 1.929548
133 8.329364 33.206833 -41.072648 0.410879 16.830914 0.000304 63.342580 3.793913 2.675256
133 7.791020 33.135734 -40.928218 0.776398 149.906149 0.001938 72.921452 2.399712 3.751943
133 9.184262 33.063951 -40.816923 0.397459 11.450246 0.001227 61.289008 3.652706 0.965458
133 9.581133 33.029590 -40.849588 0.190550 2.632780 0.001375 54.294050 4.863265 0.171717
133 9.425376 33.116625 -40.985850 0.443049 125.284629 0.001719 58.965018 2.169024 0.483230
133 9.515579 33.204030 -41.043923 0.201539 52.213238 0.001520 62.648539 3.904985 0.302825
134 9.283347 33.044077 -40.931905 0.755312 51.276686 0.001481 68.652800 4.156539 0.767288
134 8.749492 32.986754 -40.912021 0.287107 85.597428 0.001238 62.458861 3.103205 1.834999
134 9.318960 33.111116 -41.076543 0.555038 121.263113 0.001869 59.015138 2.315188 0.696063
134 7.808563 33.072451 -41.045562 0.769294 124.008097 0.000127 54.177097 2.804103 3.716856
134 9.078017 33.202771 -41.042356 0.011371 104.051550 0.000715 63.499313 3.691948 1.177950
134 9.130306 33.118830 -40.868408 0.053698 166.967650 0.001765 56.641235 5.535837 1.073370
134 8.064713 33.205851 -41.012634 0.086585 149.257947 0.000909 65.374802 3.324429 3.204556
134 9.438630 33.050724 -40.857682 0.340410 20.354401 0.000139 61.706001 2.923273 0.456724
134 9.537012 33.184262 -41.024011 0.392562 148.390421 0.000187 58.130500 5.304403 0.259959
134 9.498662 33.157244 -41.084427 0.153419 88.471522 0.000249 59.292060 4.004304 0.336658
135 9.466390 33.147763 -40.828834 0.439173 165.945558 0.000116 61.269340 1.914400 0.401203
135 8.748688 32.979645 -40.950753 0.118135 106.338879 0.001260 60.417778 3.646358 1.836607
135 9.024477 33.068350 -40.950911 0.510168 137.173661 0.000920 59.384998 4.794194 1.285029
135 8.937537 33.110621 -40.842826 0.498430 156.356850 0.001508 52.347580 3.638923 1.458908
135 8.653315 33.140026 -40.903541 0.357678 123.720836 0.001619 56.081252 5.102565 2.027353
135 8.657262 33.105054 -40.868981 0.041847 101.576670 0.001150 67.718233 1.416565 2.019459
135 8.798969 33.196691 -40.976019 0.744206 38.296672 0.000356 72.169987 3.777781 1.736044
135 8.684502 33.012816 -40.933087 0.212772 40.520852 0.000858 57.996382 1.959898 1.964979
135 9.395613 33.045128 -41.067499 0.541876 90.643206 0.000111 59.599718 5.889814 0.542757
135 8.930570 33.124873 -41.075465 0.239547 89.673139 0.001764 57.815979 3.438072 1.472843
136 9.288904 33.040257 -40.856076 0.518173 145.125845 0.000226 61.326976 2.595007 0.756174
136 9.464935 33.113844 -41.058080 0.322128 116.945050 0.001067 55.364160 5.354071 0.404113
136 9.494884 33.095888 -41.003257 0.065584 170.096989 0.001206 57.398165 5.662233 0.344215
136 8.730174 33.168013 -40.877742 0.122053 145.993699 0.001392 57.182267 4.088113 1.873634
136 8.013325 33.049626 -40.863719 0.561872 38.620595 0.001476 67.402004 5.706981 3.307332
136 8.753458 33.107434 -40.882008 0.053120 103.332036 0.001133 65.730020 1.681272 1.827068
136 8.933574 32.965331 -40.939491 0.371476 48.912236 0.001074 61.494673 5.052762 1.466835
136 9.363732 32.994310 -40.901331 0.349485 48.037864 0.000874 66.020055 1.844096 0.606519
136 9.624350 33.086413 -41.040366 0.267678 83.082755 0.000486 59.024094 5.121960 0.085282
136 9.259728 33.154513 -40.997844 0.204590 100.036901 0.000067 64.371200 1.745835 0.814527
137 9.530915 33.100872 -40.894167 0.165901 20.900183 0.001662 63.349310 1.944858 0.272152
137 8.894093 33.126651 -41.038392 0.193183 161.410865 0.000631 55.721675 5.566003 1.545796
137 9.644783 33.087045 -40.955964 0.023801 166.299406 0.000573 56.551965 5.271362 0.044417
137 9.520456 33.064066 -40.994305 0.338414 74.925477 0.001515 59.727932 3.326533 0.293070
137 9.414902 33.064067 -41.048261 0.625302 64.390482 0.001386 66.655955 5.369421 0.504179
137 9.418476 33.065323 -40.986185 0.223083 46.356599 0.001282 64.519264 2.271770 0.497032
137 9.217906 33.079686 -41.032119 0.737186 62.721626 0.000681 74.528672 1.988032 0.898170
137 9.268198 33.098039 -40.840440 0.197529 20.164925 0.000981 57.355216 2.836737 0.797586
137 9.116551 32.987045 -40.832634 0.416603 38.463952 0.000332 55.967607 3.456266 1.100881
137 9.586032 33.115299 -40.965806 0.247625 130.001500 0.000306 61.224707 1.841492 0.161918
138 9.255858 33.196969 -40.901729 0.505307 145.875660 0.001491 60.312251 2.273024 0.822266
138 9.539326 33.089231 -40.904292 0.319060 135.564100 0.000242 61.613508 1.775120 0.255330
138 9.468251 33.013368 -40.944239 0.018477 131.923468 0.000241 56.141500 5.633591 0.397481
138 9.465031 32.991219 -40.893350 0.034854 86.116830 0.000596 55.114525 3.052286 0.403921
138 9.563935 33.039141 -41.019460 0.550062 62.088240 0.001421 64.038897 5.580844 0.206113
138 7.496841 33.066532 -41.093225 0.619187 101.140070 0.000842 64.878265 5.145795 4.340300
138 9.166012 33.129283 -41.040923 0.711109 44.384238 0.000766 83.016659 1.681640 1.001959
138 9.304129 32.995595 -40.928707 0.471128 49.381500 0.000180 67.374802 1.225560 0.725724
138 9.300665 33.008110 -40.939769 0.168997 32.646751 0.000188 57.337277 3.737469 0.732653
138 9.625195 33.089457 -40.952226 0.002584 148.574382 0.000633 59.277626 3.204234 0.083592
139 8.291818 33.166240 -40.977553 0.308369 141.663023 0.001115 79.647579 1.028067 2.750346
139 8.881734 33.147133 -40.883265 0.192373 11.443828 0.001479 58.534445 2.070381 1.570514
139 9.604665 33.198572 -41.024227 0.048353 14.047259 0.001787 63.097666 2.582282 0.124653
139 9.437563 32.970569 -40.901378 0.009452 171.849265 0.000759 59.501177 2.163504 0.458856
139 9.148142 32.985550 -40.914553 0.239314 91.575970 0.001699 65.167158 1.796543 1.037699
139 9.438457 33.208856 -41.003489 0.172826 163.470674 0.001494 60.469709 4.661908 0.457068
139 9.107885 33.186380 -41.025677 0.655920 52.494862 0.000789 77.711118 1.940154 1.118213
139 8.377778 33.139621 -41.071909 0.636956 140.012834 0.000473 63.654842 3.693817 2.578427
139 9.206693 33.127699 -40.902198 0.014432 74.310562 0.000165 58.726289 3.437430 0.920596
139 9.385852 33.093458 -41.037838 0.212362 127.900789 0.000685 60.011031 3.429861 0.562279
140 8.676980 33.137100 -40.990365 0.214021 142.919810 0.001450 76.490082 1.104873 1.980023
140 9.422771 33.096795 -40.844614 0.623692 33.408273 0.000168 65.417379 5.189533 0.488441
140 9.210299 33.234452 -41.011980 0.166766 41.767937 0.001554 61.457473 3.749626 0.913385
140 9.421435 32.992755 -40.920655 0.022324 14.115127 0.000816 63.216284 1.348879 0.491113
140 9.066359 32.968577 -40.900056 0.337423 94.155138 0.001601 66.821982 1.578464 1.201265
140 9.346083 33.015845 -40.905211 0.142700 163.313724 0.000895 56.677922 5.981847 0.641816
140 8.777743 33.007313 -40.881228 0.148350 97.995305 0.000775 59.320722 4.953675 1.778497
140 8.558956 33.073808 -40.867450 0.639857 134.180766 0.001271 75.490253 1.211818 2.216070
140 9.633607 32.997835 -40.873877 0.343435 42.820098 0.001439 58.061033 5.286416 0.066768
140 9.448443 33.193362 -40.955918 0.200523 5.936707 0.000693 59.467391 3.015186 0.437096
141 7.859013 33.105568 -40.956880 0.204788 146.578545 0.000414 76.583958 1.190669 3.615956
141 9.559046 32.978339 -40.845353 0.691957 42.119439 0.001369 63.390548 5.523666 0.215891
141 8.069792 33.199524 -40.969359 0.546277 136.482611 0.001904 62.080643 4.656165 3.194399
141 8.208774 33.093991 -40.943628 0.081846 42.204542 0.000389 61.814285 5.946824 2.916434
141 9.613194 33.060809 -40.858988 0.314965 19.942429 0.000494 56.607585 4.959500 0.107594
141 9.368298 33.071718 -40.936929 0.247464 126.986808 0.001425 57.900023 4.719877 0.597387
141 9.595480 33.027847 -40.893895 0.183511 38.580741 0.000071 56.293534 4.433896 0.143023
141 9.271388 32.992202 -40.943524 0.541100 57.264080 0.001424 64.993489 1.649864 0.791207
141 9.553680 32.993582 -40.819996 0.450508 25.166065 0.001742 67.864285 1.053011 0.226623
141 9.408112 33.098776 -40.889630 0.426191 39.080692 0.000364 70.776102 1.044275 0.517758
142 5.877190 32.998709 -40.992266 0.900487 122.307860 0.000349 76.377743 4.956553 7.579603
142 9.128599 32.981800 -40.967287 0.577302 47.063132 0.000770 62.815430 5.130930 1.076784
142 9.269779 33.152940 -41.057272 0.131263 159.813114 0.000467 60.155069 4.911586 0.794424
142 9.542750 33.020881 -40.926848 0.286407 57.554904 0.000422 56.959860 4.679590 0.248482
142 9.012426 33.047718 -40.992453 0.238277 141.237643 0.000161 59.120722 3.861762 1.309131
142 9.513990 33.049250 -40.965893 0.213655 132.047102 0.001175 58.889020 3.024285 0.306003
142 9.357845 32.972269 -40.927716 0.145655 81.530754 0.001083 54.158556 4.457187 0.618293
142 8.947823 33.013033 -40.949946 0.100115 60.541134 0.001815 56.052051 2.593149 1.438337
142 8.672059 33.216678 -41.049230 0.179066 105.273620 0.001985 56.783243 5.214680 1.989864
142 9.617832 33.096682 -40.944101 0.481372 43.270025 0.000422 71.403143 1.443204 0.098319
143 7.775347 32.968950 -40.985797 0.932371 120.211424 0.000127 76.516345 4.832421 3.783288
143 9.406712 33.167282 -41.060235 0.402599 127.953088 0.001642 71.630165 1.337584 0.520558
143 9.518408 33.154165 -41.057798 0.034007 168.943024 0.000715 59.634141 5.358112 0.297167
143 8.266683 33.223675 -41.032670 0.878395 146.489765 0.001314 71.805755 3.880533 2.800618
143 9.405840 33.045567 -40.860122 0.197284 124.690530 0.000611 53.979060 4.496393 0.522303
143 8.404912 33.072499 -40.961878 0.582050 150.833195 0.001047 59.644458 5.410319 2.524158
143 9.261309 32.979898 -40.856647 0.115552 48.242557 0.000844 58.641019 4.596138 0.811365
143 9.045185 32.983572 -40.937051 0.010367 65.781546 0.000001 54.735764 3.282144 1.243612
143 7.090216 33.146466 -40.997709 0.155075 148.822448 0.001560 51.637819 5.385023 5.153551
143 9.539574 33.052539 -41.021876 0.697832 116.954446 0.000618 59.009474 4.240098 0.254834
144 8.988227 33.255410 -41.018406 0.967061 137.283242 0.000298 76.945087 5.683535 1.357528
144 6.978319 33.130764 -40.869721 0.337661 140.847984 0.000325 63.112645 3.721331 5.377345
144 8.627685 33.127893 -40.956187 0.004733 63.633071 0.000696 61.166519 5.232527 2.078613
144 9.292094 33.177562 -41.015096 0.161733 76.548433 0.000505 60.725237 3.623655 0.749794
144 9.149788 33.022276 -40.910978 0.247263 173.579696 0.001710 54.514886 4.501930 1.034406
144 8.888560 33.050380 -40.944281 0.694017 127.535541 0.001102 61.191417 4.791725 1.556863
144 8.614318 33.053734 -40.909096 0.306342 70.988160 0.000131 60.519580 5.872546 2.105346
144 8.751737 32.990992 -40.954482 0.254205 120.376366 0.000981 61.574919 2.977898 1.830508
144 9.311533 33.254558 -41.019372 0.483480 19.455437 0.001771 65.541051 3.280789 0.710918
144 9.383018 33.002760 -41.085357 0.686620 117.960486 0.001148 60.552081 2.896410 0.567947
145 8.841302 33.007665 -40.999673 0.065614 134.424592 0.001977 68.804203 1.182111 1.651378
145 9.474947 33.057094 -40.802360 0.311321 158.473208 0.000094 58.693523 2.056151 0.384089
145 9.531263 32.985740 -41.036488 0.777600 108.561861 0.001989 64.565957 2.589548 0.271457
145 9.041902 33.224551 -40.993719 0.003927 67.116533 0.001995 61.503061 3.836254 1.250178
145 9.210867 32.989763 -40.932717 0.201616 148.410590 0.001655 54.636360 5.275292 0.912248
145 8.676782 33.226615 -41.090202 0.316995 35.649024 0.001133 70.218657 1.499223 1.980418
145 9.441740 33.003349 -40.836702 0.412230 18.801621 0.000031 60.553172 2.857843 0.450503
145 9.084435 33.057293 -40.967472 0.445327 43.526183 0.000986 59.092388 5.945029 1.165113
145 9.639194 33.107896 -40.908558 0.563991 144.963641 0.000873 58.550443 2.896436 0.055595
145 9.132530 33.045155 -41.091565 0.632217 86.144437 0.000950 65.638418 2.714914 1.068923
146 9.147332 33.051607 -41.002912 0.230901 112.871181 0.000406 53.142801 5.766142 1.039319
146 9.505565 33.024958 -40.803384 0.507468 146.980158 0.000068 56.496184 2.341445 0.322853
146 8.793613 33.155795 -40.884917 0.011843 165.587141 0.001969 68.028262 1.244185 1.746757
146 8.173892 33.131464 -40.903661 0.088955 174.534451 0.000970 61.381944 4.973124 2.986199
146 9.577874 33.061661 -40.917298 0.050829 153.486280 0.001276 57.115102 5.013512 0.178235
146 9.394739 33.222697 -41.069811 0.293349 25.327602 0.001188 69.980102 1.618777 0.544504
146 9.546438 33.042524 -41.023837 0.409490 80.427513 0.000204 63.802519 1.828436 0.241106
146 8.342257 33.037090 -40.837764 0.344067 100.699787 0.001420 57.331751 4.550406 2.649469
146 9.482998 33.109922 -40.966985 0.189724 11.371460 0.001546 65.686035 1.730145 0.367986
146 9.568415 33.011833 -40.972212 0.601720 113.439900 0.000722 58.302581 2.784672 0.197152
147 9.031460 33.040120 -41.024163 0.539275 103.050723 0.001051 64.801590 2.451855 1.271063
147 8.280639 33.029265 -40.801180 0.480531 113.464521 0.000159 57.421772 2.105267 2.772704
147 9.159239 33.061220 -40.896459 0.158214 48.124160 0.000377 63.988151 2.253919 1.015505
147 9.312648 33.034128 -40.993293 0.621677 111.128198 0.000896 55.616861 4.034739 0.708687
147 9.529124 33.116644 -40.830161 0.767608 150.663377 0.001185 64.738476 1.931199 0.275734
147 8.829963 33.028187 -40.944340 0.270724 179.045035 0.000487 57.554706 3.150643 1.674057
147 8.843752 33.046240 -41.061007 0.353471 88.465826 0.000534 67.396698 1.038815 1.646478
147 8.297078 33.262249 -41.048638 0.100811 102.606810 0.001113 63.569380 4.148347 2.739827
147 8.333890 32.977344 -40.919197 0.311404 110.577906 0.001688 51.915978 2.416685 2.666203
147 8.896266 33.144761 -40.995543 0.411738 114.620611 0.000999 59.483433 3.930357 1.541452
148 8.884096 32.996983 -40.916000 0.661833 43.451342 0.001999 68.568908 5.357960 1.565791
148 9.629743 33.129724 -41.017036 0.036831 59.426851 0.000994 60.012091 3.758278 0.074496
148 9.221722 33.072770 -41.006300 0.245564 41.872131 0.001844 60.545609 2.919461 0.890538
148 9.204727 33.019479 -41.043009 0.797779 66.171312 0.000519 70.978829 5.829294 0.924529
148 9.524620 33.129346 -41.081190 0.457337 122.965561 0.001029 66.233169 1.367578 0.284744
148 8.836062 33.208856 -40.839321 0.825097 28.499229 0.001102 72.794296 3.909307 1.661858
148 8.855400 33.087927 -41.051452 0.367694 136.891369 0.000499 70.884786 1.307532 1.623182
148 9.533664 33.081756 -41.032629 0.848067 129.404738 0.001015 65.010778 2.683269 0.266654
148 9.099779 33.144063 -41.003042 0.100715 169.669081 0.001033 69.913848 1.546719 1.134425
148 9.440353 33.072157 -41.006309 0.063093 124.774773 0.000210 67.295653 1.358303 0.453277
149 9.157102 32.986653 -40.912674 0.682157 52.973947 0.001981 68.168579 5.361105 1.019779
149 9.117620 32.995460 -40.813968 0.418503 53.869192 0.000872 62.161124 2.883001 1.098743
149 8.368394 33.111994 -40.805227 0.221735 42.310904 0.000423 59.960122 2.591108 2.597195
149 9.611645 33.213065 -40.930260 0.512095 157.692411 0.001754 58.347369 3.269724 0.110693
149 9.485145 33.264754 -41.072068 0.529273 140.678795 0.000751 62.778097 3.189125 0.363693
149 9.189205 33.195368 -41.085950 0.780246 44.038345 0.000845 81.704993 4.614327 0.955572
149 9.300275 33.148826 -40.956674 0.258434 40.218059 0.000792 61.346135 2.524256 0.733433
149 8.961351 33.081097 -40.983289 0.610969 135.979511 0.001207 65.189323 2.452193 1.411280
149 9.343389 33.111476 -40.823380 0.552469 1.240552 0.000577 56.920879 3.183258 0.647205
149 7.743129 33.056106 -40.876748 0.791403 137.071295 0.000050 53.765744 2.167396 3.847725
150 9.344730 33.017068 -40.868118 0.712876 51.787806 0.001790 76.031042 1.383823 0.644522
150 9.594007 33.170369 -40.822633 0.533876 6.449644 0.001044 58.542754 5.168514 0.145968
150 8.835729 33.099237 -40.951016 0.124282 56.554963 0.001004 55.231062 4.023383 1.662525
150 9.045158 33.247671 -40.878289 0.547604 158.073027 0.001941 55.153850 4.499871 1.243667
150 9.547368 33.239411 -41.062535 0.571608 145.289084 0.000881 62.671470 2.820315 0.239248
150 9.022779 33.140507 -41.095692 0.844598 44.440166 0.000770 83.428693 3.946901 1.288424
150 8.744750 33.145378 -41.047449 0.262962 67.476320 0.001203 67.491212 2.714984 1.844483
150 7.884037 33.093833 -40.888502 0.112113 123.840445 0.001206 76.980093 1.032842 3.565909
150 8.191928 33.062115 -41.002598 0.708873 110.774395 0.001338 66.961295 2.708141 2.950127
150 9.171180 33.153413 -40.817816 0.551535 173.981272 0.001574 60.729147 4.469706 0.991623
151 9.294348 33.001103 -40.828633 0.589897 50.172626 0.001757 70.019758 1.533195 0.745287
151 8.521009 33.085988 -40.937315 0.565809 128.628934 0.001484 64.711400 2.683906 2.291964
151 9.618110 33.117501 -40.956317 0.018999 15.790402 0.001894 58.428819 3.556762 0.097762
151 9.048701 33.250812 -41.093018 0.942009 138.579127 0.001752 97.529810 1.416415 1.236581
151 9.289846 33.128222 -40.986206 0.190996 8.878018 0.001052 65.095129 1.403206 0.754291
151 8.901152 33.108677 -41.096132 0.856886 59.785521 0.000892 86.750157 3.112795 1.531678
151 9.446042 33.123532 -41.037964 0.027707 12.615053 0.000990 60.077696 2.932104 0.441898
151 9.247334 32.990413 -40.905238 0.482889 96.073435 0.000499 57.332165 4.158341 0.839315
151 8.621986 33.084405 -40.932874 0.250057 99.573893 0.001178 63.478683 2.473984 2.090011
151 9.091174 33.066095 -40.817881 0.189553 138.868094 0.001121 66.220724 1.163392 1.151634
152 9.459417 32.991369 -40.803149 0.618905 42.920631 0.001305 73.499405 1.138280 0.415148
152 9.149006 33.089330 -41.066285 0.116044 62.073472 0.000080 70.454378 1.102505 1.035971
152 9.065495 33.225040 -40.997194 0.600011 132.251927 0.000975 64.799808 1.933244 1.202993
152 8.899907 32.991809 -41.084980 0.529943 107.518205 0.000119 62.292849 3.425228 1.534169
152 9.380077 33.104244 -40.975211 0.206386 9.363489 0.000914 65.072486 1.830775 0.573828
152 8.483623 33.090001 -40.806691 0.805566 157.157134 0.001239 67.471926 3.513278 2.366737
152 9.184218 33.184149 -41.020900 0.775214 49.620126 0.000487 81.567459 2.580803 0.965547
152 9.131793 32.982001 -40.994970 0.808346 128.266305 0.000681 60.161666 5.321562 1.070396
152 8.014334 33.235513 -40.919093 0.005583 132.325791 0.001565 60.239297 2.882749 3.305314
152 8.958198 33.038061 -40.885086 0.451120 110.743898 0.000089 58.417871 1.849001 1.417586
153 9.276992 32.983173 -40.805375 0.590525 41.305443 0.001220 71.112414 1.499670 0.779998
153 9.021230 33.117048 -40.836041 0.199020 27.152703 0.001941 69.114176 1.117210 1.291523
153 8.349414 33.101269 -40.882819 0.094784 98.935032 0.000055 52.123292 5.878397 2.635155
153 9.385059 33.207578 -40.860859 0.616890 172.403781 0.000799 60.199552 5.918215 0.563866
153 9.614097 33.118356 -40.862332 0.385115 162.542707 0.001785 54.741929 5.800173 0.105788
153 8.521868 33.193278 -41.069324 0.593092 117.421076 0.001047 59.289778 2.705141 2.290246
153 9.369297 33.120111 -40.857811 0.585543 0.787170 0.001831 59.778304 3.313478 0.595388
153 9.623526 33.003176 -40.891070 0.005990 53.991669 0.000458 57.193322 2.877435 0.086930
153 9.569786 33.072879 -40.985308 0.245018 56.164982 0.001472 60.187536 5.167106 0.194411
153 9.351398 33.101241 -41.047597 0.035956 144.290268 0.001489 57.782803 5.207156 0.631187
154 9.547721 32.984130 -40.809428 0.216960 46.852610 0.000161 58.090761 2.794445 0.238540
154 9.336203 32.995185 -40.826872 0.234586 16.016642 0.001643 52.743286 5.629964 0.661576
154 9.345334 33.036938 -40.864200 0.053623 50.790838 0.001999 53.707530 4.630887 0.643315
154 9.473228 33.166199 -40.826317 0.540712 163.334005 0.001915 55.199809 5.231793 0.387526
154 8.173462 33.261815 -40.929196 0.243032 162.667478 0.001922 60.672574 5.710022 2.987058
154 7.717743 33.060440 -40.824863 0.532389 148.111694 0.001993 80.793805 1.021635 3.898496
154 9.403896 33.001302 -40.819602 0.005883 66.771924 0.001972 56.591906 4.513661 0.526191
154 9.325814 33.056628 -40.903000 0.083814 62.974484 0.001849 54.593245 4.368326 0.682355
154 9.125250 33.160711 -40.969429 0.090537 39.224015 0.001880 61.370895 4.629634 1.083483
154 9.015073 33.046696 -41.023591 0.006798 163.652430 0.001755 67.357135 1.191565 1.303836
155 9.275351 32.965998 -40.801659 0.372433 13.632052 0.001763 59.811320 3.337996 0.783281
155 9.012843 33.054536 -40.825717 0.464980 138.581910 0.001524 56.441902 5.816725 1.308296
155 9.294424 33.024340 -40.877147 0.268354 66.985044 0.001390 59.348816 3.859650 0.745135
155 8.376436 33.105816 -40.889206 0.179472 145.067414 0.001612 58.857375 1.265707 2.581111
155 9.177891 33.263712 -40.834363 0.783871 163.025228 0.000222 62.919209 1.961393 0.978200
155 9.448821 33.024373 -40.862811 0.935952 37.278127 0.000460 87.397776 5.930394 0.436341
155 9.033364 33.112984 -40.941475 0.537307 55.953030 0.000316 63.183593 5.449472 1.267254
155 9.307706 33.033097 -40.988299 0.145022 47.277304 0.001670 58.283592 3.757769 0.718570
155 9.354191 32.982329 -40.833708 0.452339 158.999217 0.001713 60.075026 1.505580 0.625600
155 7.476457 33.115157 -40.948529 0.866817 122.356874 0.000329 67.363272 4.512064 4.381069
156 9.271196 32.994787 -40.988865 0.470793 107.971364 0.001707 53.323442 4.564896 0.791591
156 9.400046 33.038951 -40.995023 0.499915 124.903639 0.001378 53.208199 5.531924 0.533890
156 9.563421 33.112397 -41.001307 0.254893 62.249694 0.001558 63.063516 2.286710 0.207141
156 9.203609 33.113249 -40.866070 0.800338 140.263755 0.001494 59.972952 5.323157 0.926765
156 9.610054 33.264189 -40.822044 0.776331 168.597745 0.000108 66.536747 1.967953 0.113875
156 9.618954 33.013873 -40.853663 0.925534 42.619938 0.000577 86.718446 5.992829 0.096075
156 8.083037 33.214052 -41.072677 0.372622 123.720490 0.001581 66.644564 2.774432 3.167909
156 8.644574 33.248489 -41.097939 0.312152 147.902738 0.000338 62.935160 4.952716 2.044835
156 9.233963 33.264903 -40.940580 0.275015 9.824830 0.000624 59.598951 5.417768 0.866056
156 9.513939 32.969365 -40.851038 0.230313 29.465714 0.001961 57.522433 4.253524 0.306105
157 9.041189 33.226868 -40.846564 0.769637 17.231227 0.001589 76.257656 2.121931 1.251604
157 8.809905 33.137834 -40.953470 0.375659 135.943955 0.001118 59.372163 1.490483 1.714173
157 8.502110 33.081680 -40.995855 0.283788 139.880015 0.001875 63.317516 2.959839 2.329762
157 8.637723 33.121369 -40.946650 0.450904 163.767124 0.001098 60.659869 1.532618 2.058537
157 9.260368 33.136461 -40.820862 0.504755 159.284391 0.001674 57.547481 4.972239 0.813247
157 9.329290 33.000589 -40.834375 0.848288 41.092366 0.000365 91.069574 1.004104 0.675403
157 8.890774 33.014078 -40.845356 0.125707 133.216015 0.000695 59.515111 3.717977 1.552434
157 9.325884 33.122750 -40.975822 0.165010 16.128705 0.001160 60.914531 4.562051 0.682215
157 9.136931 33.257852 -40.941604 0.249846 173.508437 0.000631 59.477693 5.895077 1.060121
157 8.671768 33.002714 -40.877427 0.142663 136.697749 0.001796 59.106082 5.247845 1.990446
158 9.513929 33.229976 -40.840412 0.776132 22.369414 0.001653 75.407553 2.335624 0.306124
158 9.370020 33.099328 -41.093876 0.796697 50.514702 0.001545 90.311811 1.299883 0.593942
158 9.454249 33.078612 -40.931542 0.111113 57.707826 0.000027 60.940531 3.047682 0.425484
158 9.392374 33.006103 -41.034630 0.336037 104.673755 0.000944 66.214229 1.435484 0.549236
158 9.637890 33.220780 -41.076876 0.273520 142.259926 0.000790 60.331157 3.451904 0.058202
158 8.430843 33.047865 -40.808902 0.205271 112.966832 0.000134 60.487938 2.357518 2.472298
158 9.034554 33.242035 -41.062374 0.639184 143.516686 0.001667 62.768357 4.470291 1.264875
158 8.959894 33.169550 -40.901918 0.213325 151.663314 0.000059 54.219425 4.666730 1.414195
158 9.208799 32.966721 -40.947288 0.194756 54.590301 0.000326 64.317531 1.401562 0.916385
158 9.395310 32.996856 -41.009027 0.471397 116.062781 0.001820 53.503130 5.919716 0.543363
159 9.099913 33.235171 -40.808030 0.631876 178.399448 0.001225 76.631054 1.082763 1.134157
159 9.622865 33.098094 -41.022769 0.818325 51.528125 0.001380 88.058624 1.436200 0.088252
159 9.326686 33.133673 -40.847466 0.356682 17.510974 0.001177 60.165862 2.249937 0.680610
159 9.164848 32.994468 -41.030274 0.343019 109.639086 0.000675 65.802546 1.586061 1.004286
159 9.609664 33.094490 -41.026075 0.190777 119.537331 0.001176 58.313821 3.546537 0.114654
159 8.459413 33.001730 -40.882516 0.511736 171.732458 0.001987 69.953932 1.179324 2.415157
159 9.254207 32.970838 -40.822998 0.969548 48.362537 0.000069 99.203654 4.551094 0.825568
159 9.336229 33.020827 -40.880684 0.130927 77.071187 0.000280 54.761390 3.321980 0.661525
159 9.091158 33.136885 -41.078600 0.155550 145.248742 0.000642 57.807154 3.984453 1.151666
159 8.835837 32.977745 -41.061128 0.531931 121.003705 0.000249 56.301510 5.659205 1.662308
160 8.856657 33.034865 -40.821951 0.321785 174.067323 0.001462 56.568868 1.506512 1.620669
160 9.074250 33.138514 -41.097083 0.138338 147.786935 0.000844 60.588670 3.365734 1.185484
160 8.843436 33.132347 -40.857133 0.606467 136.223991 0.000798 63.554229 1.768118 1.647110
160 8.664282 33.119416 -41.024414 0.571906 109.277910 0.000565 69.617899 1.570657 2.005418
160 9.624195 33.111444 -41.039153 0.151982 110.335111 0.001294 60.314363 3.001155 0.085593
160 6.358317 33.061490 -40.837684 0.899323 160.841940 0.001520 86.085602 2.030687 6.617348
160 9.636743 33.250848 -41.055476 0.867981 37.688117 0.000023 87.969923 5.116033 0.060497
160 9.241503 33.075761 -40.851189 0.109981 168.069228 0.000181 53.732263 4.023534 0.850978
160 7.843334 33.217975 -40.839721 0.209794 157.093241 0.001792 58.268947 2.629005 3.647316
160 9.635917 33.053862 -40.848821 0.242452 171.579712 0.000831 61.787845 1.621981 0.062148
161 9.067483 33.165622 -41.059629 0.264652 104.853233 0.000527 63.172256 3.165715 1.199017
161 8.973516 33.142417 -41.096088 0.138805 147.987763 0.000966 62.032556 3.408068 1.386951
161 9.053383 33.081458 -40.865523 0.124259 25.887788 0.000287 57.730697 1.946687 1.227216
161 9.234885 33.116885 -41.023856 0.460534 112.931523 0.000582 63.462968 1.512798 0.864214
161 9.382373 33.154128 -41.002526 0.218028 137.431821 0.001952 55.826296 4.023054 0.569236
161 9.440194 32.965925 -40.904657 0.379706 128.730422 0.001663 67.490577 1.135184 0.453595
161 8.767097 33.005613 -40.821142 0.799540 54.488896 0.001594 69.677812 3.865352 1.799789
161 8.933357 33.127745 -40.935132 0.975318 49.637858 0.000525 125.936472 2.135410 1.467268
161 9.503117 33.066704 -41.037611 0.725730 116.997395 0.000549 72.356606 1.134294 0.327749
161 7.661354 33.178273 -40.832970 0.438342 174.332144 0.001591 62.342963 5.595314 4.011274
162 9.568937 33.172664 -41.081795 0.028603 144.368056 0.001184 59.303639 5.522845 0.196108
162 9.261331 33.140022 -41.065363 0.162307 151.711742 0.001036 60.848846 3.249791 0.811322
162 9.582426 33.019687 -40.850546 0.289568 162.765454 0.000161 64.582546 1.130926 0.169130
162 8.972067 33.108802 -40.982646 0.067971 72.004163 0.001386 57.222749 2.682919 1.389849
162 9.290263 33.163328 -40.954371 0.395913 138.853657 0.000131 71.061956 1.226403 0.753457
162 9.559996 32.974538 -40.837000 0.149433 62.873972 0.001392 61.954877 1.294046 0.213990
162 8.730024 33.036367 -40.862670 0.824640 47.142261 0.001651 77.202921 4.883467 1.873935
162 8.818242 33.124957 -40.931430 0.979114 49.542960 0.000541 125.992646 2.089597 1.697498
162 9.337026 33.065151 -40.994772 0.897641 124.198264 0.000335 68.464329 2.681319 0.659930
162 8.322236 33.121578 -41.076708 0.302429 127.790205 0.001126 67.672454 2.200832 2.689510
163 8.731289 33.173033 -40.879232 0.386694 20.534951 0.000180 57.443876 4.015215 1.871405
163 9.519396 33.164349 -41.081077 0.036719 140.174857 0.001230 61.885058 3.230813 0.295190
163 9.314991 33.115956 -40.945565 0.522979 157.129686 0.000540 60.985909 2.355747 0.704001
163 9.457129 33.131801 -41.000228 0.080159 112.345404 0.001792 58.202885 2.978359 0.419726
163 9.092778 32.967107 -40.870145 0.349584 72.719833 0.000120 60.676228 3.743925 1.148427
163 9.466912 33.003214 -40.832417 0.291488 24.163030 0.001606 54.239534 5.816482 0.400158
163 9.346376 33.181424 -41.098587 0.160194 67.897064 0.000187 59.617174 4.907820 0.641230
163 9.047507 33.125016 -40.935485 0.969427 46.122575 0.000520 123.763432 1.902402 1.238969
163 9.063604 33.090551 -40.891724 0.940606 146.623307 0.000699 72.016165 4.391980 1.206774
163 9.554888 33.157929 -41.041378 0.307917 53.390704 0.001395 63.815836 2.934976 0.224206
164 9.490133 33.136067 -40.886115 0.597728 157.741578 0.001881 60.653390 3.181141 0.353717
164 9.054477 33.137292 -40.870047 0.723999 156.557962 0.000046 53.939610 4.847864 1.225028
164 6.257515 33.021006 -40.902305 0.549348 108.916041 0.000946 64.196450 4.550863 6.818952
164 9.503184 33.042401 -40.889264 0.148026 104.304036 0.001906 59.610972 1.947151 0.327615
164 9.565589 32.966828 -40.868712 0.305330 97.588197 0.000044 54.842009 4.896116 0.202805
164 8.943766 33.034806 -41.090470 0.556295 121.958785 0.000976 69.035603 1.060239 1.446450
164 9.533780 33.158159 -41.006943 0.587853 47.822925 0.000681 75.873448 1.456800 0.266423
164 8.713955 33.116842 -40.954850 0.973056 53.523355 0.000381 121.349178 1.792942 1.906072
164 8.728679 33.186617 -41.080477 0.558906 149.881992 0.001173 76.446739 1.086740 1.876625
164 9.157793 32.990719 -40.842663 0.452064 173.210041 0.000569 54.760345 4.552274 1.018396
165 7.751351 33.133424 -40.874004 0.646876 147.428381 0.001860 66.070875 3.241448 3.831282
165 9.141686 33.166489 -40.836942 0.781507 150.369839 0.001754 62.343871 1.793487 1.050611
165 9.318896 33.135031 -40.942729 0.075083 84.245735 0.000333 57.516299 4.575799 0.696191
165 9.224263 33.057604 -40.850727 0.063282 131.443249 0.001437 63.782941 1.632543 0.885458
165 9.527354 33.011100 -40.896176 0.007844 27.344020 0.001783 54.778249 3.907014 0.279275
165 9.564743 33.005385 -40.841555 0.021866 121.560437 0.000796 60.302701 1.520406 0.204496
165 8.674641 33.078757 -41.011509 0.520871 91.241522 0.000195 59.494669 5.737232 1.984701
165 9.554889 33.098409 -40.957123 0.969392 48.214331 0.000346 123.492120 1.470184 0.224205
165 8.687755 33.180865 -41.078170 0.517028 151.884439 0.001157 73.107205 1.188752 1.958473
165 9.449040 33.111661 -40.813629 0.440841 173.345751 0.001895 61.042208 2.555296 0.435902
166 9.163494 33.014934 -40.893819 0.508308 115.785492 0.000823 58.002940 4.126217 1.006995
166 7.153747 33.104167 -40.882761 0.536366 139.579467 0.001676 52.576379 1.742197 5.026489
166 9.215757 33.161669 -40.947206 0.040825 103.597120 0.000850 58.043340 4.963866 0.902468
166 9.474468 33.035204 -41.004600 0.278147 118.146116 0.001679 58.566636 3.430726 0.385046
166 9.635615 33.004296 -40.898700 0.122552 100.760038 0.001570 59.113050 2.277157 0.062752
166 9.119407 33.200833 -40.995126 0.426372 149.761540 0.001067 56.922823 2.789423 1.095168
166 9.171986 32.984045 -40.873338 0.200751 150.304016 0.001781 51.677117 4.490613 0.990011
166 9.351950 33.091837 -40.957014 0.062875 58.650436 0.000560 62.634613 2.675065 0.630083
166 8.441954 33.110141 -40.964016 0.509215 123.585238 0.000204 52.113856 4.136030 2.450074
166 9.532941 33.076307 -40.807326 0.493053 27.524193 0.001934 59.255870 5.344326 0.268100
167 8.726322 32.965269 -40.928739 0.581710 47.445835 0.000807 59.746369 4.783585 1.881338
167 9.143864 33.119059 -40.936143 0.565019 138.070096 0.001303 55.116066 2.756917 1.046256
167 8.662172 33.053501 -40.856298 0.159678 25.329408 0.001488 67.547745 1.720183 2.009640
167 9.401305 33.071615 -40.942501 0.278270 30.338430 0.000095 68.444528 1.491549 0.531373
167 8.986588 33.180299 -40.942974 0.900169 139.322341 0.000886 86.343345 1.354677 1.360806
167 9.417804 33.233627 -40.960020 0.320455 171.641670 0.000220 63.871043 2.641353 0.498375
167 9.276007 33.225946 -41.074507 0.397552 121.179523 0.000551 72.386635 1.190462 0.781968
167 9.075477 33.066843 -41.035217 0.147772 67.710504 0.000597 63.384791 3.082176 1.183029
167 8.796457 33.074692 -40.899339 0.059877 60.232425 0.000486 69.855308 1.386873 1.741068
167 8.790443 33.152039 -41.048881 0.241372 178.320496 0.000500 66.681074 2.043038 1.753097
168 7.633337 33.147433 -41.020811 0.389143 104.899248 0.000918 63.808510 3.688239 4.067309
168 8.803211 33.053237 -41.024998 0.408627 115.360124 0.000650 57.974961 1.754257 1.727561
168 9.504807 33.139113 -41.038505 0.277322 135.927456 0.001602 56.050678 4.816633 0.324369
168 9.302511 33.068332 -40.934549 0.246288 23.884086 0.000075 67.822098 1.549338 0.728962
168 9.579791 33.006712 -40.944361 0.175795 66.602503 0.001998 58.514838 3.710262 0.174400
168 9.201921 33.212120 -40.951359 0.208960 168.137899 0.001568 64.765882 1.376550 0.930142
168 9.511363 32.965276 -40.814507 0.058051 129.619804 0.000318 55.410473 2.246322 0.311257
168 8.669058 33.213127 -40.852112 0.300345 15.505579 0.001539 58.414469 4.198653 1.995867
168 8.672820 33.113148 -40.806812 0.416428 164.797334 0.001334 59.001310 5.475044 1.988344
168 9.349821 33.144799 -40.913037 0.135141 150.993053 0.001880 61.837466 2.153825 0.634340
169 9.078909 33.082456 -40.920043 0.022044 4.837162 0.001667 61.671262 3.176931 1.176164
169 9.089127 33.183630 -41.060969 0.513872 139.495439 0.000499 73.948906 1.345706 1.155728
169 9.513448 33.207140 -40.848271 0.853021 159.648517 0.000302 64.138911 4.364682 0.307087
169 9.023099 33.151190 -40.841941 0.555828 34.684365 0.001611 63.076373 4.128637 1.287785
169 9.593494 33.056689 -40.826130 0.703725 36.240676 0.001960 69.030101 2.322404 0.146996
169 8.936015 33.249143 -40.998956 0.010551 83.307149 0.001789 64.689860 2.125233 1.461953
169 9.519905 32.999911 -40.967634 0.796518 125.611614 0.000269 57.892510 4.289184 0.294174
169 9.033859 33.043256 -40.911873 0.044757 161.630482 0.000180 62.019417 2.817027 1.266265
169 5.325907 33.072116 -40.832558 0.499716 144.080395 0.001891 64.364153 5.348114 8.682169
169 8.728388 33.047679 -40.922744 0.297732 176.344887 0.000845 56.242544 2.527350 1.877207
170 9.096008 33.129688 -41.098951 0.732035 121.498766 0.001154 66.822404 2.860552 1.141966
170 9.329632 33.132131 -40.900720 0.708661 146.402209 0.000212 63.997803 1.415033 0.674719
170 9.602621 33.085954 -40.892013 0.573280 147.674612 0.001660 59.783520 2.643376 0.128740
170 9.615361 33.229571 -40.882989 0.737305 24.551636 0.000035 71.786997 3.378654 0.103261
170 8.803541 33.163676 -41.030678 0.367680 15.511893 0.001165 59.936261 5.996780 1.726901
170 8.999896 32.977576 -40.974071 0.157286 127.182825 0.000645 56.617409 4.591635 1.334191
170 8.591323 33.078205 -41.027788 0.387725 133.018204 0.001662 57.889017 1.814078 2.151337
170 9.346098 33.008403 -40.952647 0.093354 128.823682 0.000221 56.110184 3.081355 0.641786
170 9.387889 33.141924 -40.860460 0.591004 22.322237 0.001500 65.726874 3.772589 0.558205
170 9.062570 33.128960 -40.891136 0.049788 61.805320 0.001470 57.183119 4.165385 1.208843
171 9.032525 33.153205 -41.087239 0.627611 131.108794 0.001231 62.273390 4.306430 1.268933
171 9.625814 33.041718 -41.011258 0.458551 117.184224 0.001295 61.234488 1.963769 0.082354
171 9.495518 33.152304 -41.006956 0.703790 131.119764 0.000801 59.390407 2.990373 0.342947
171 7.005138 32.971256 -40.919561 0.667146 150.285873 0.001654 62.124840 4.541163 5.323708
171 8.737251 33.018970 -41.069189 0.778080 49.466924 0.001130 73.334903 5.796477 1.859481
171 8.984905 32.979609 -40.804949 0.159545 3.049567 0.001943 51.269681 3.673511 1.364173
171 9.594853 33.034834 -40.937014 0.058168 105.381373 0.001756 58.141245 3.504970 0.144277
171 9.114526 32.984407 -40.833784 0.107267 129.852220 0.000667 59.413572 3.221701 1.104931
171 9.452502 33.170011 -40.804310 0.576426 12.337883 0.001621 63.257216 3.133152 0.428978
171 8.967947 33.074261 -40.860489 0.605646 7.223655 0.001613 59.951630 4.058105 1.398088
172 9.375641 33.194911 -40.807910 0.682444 171.101816 0.001689 66.463251 2.144558 0.582701
172 9.017410 33.076353 -41.027434 0.111628 162.405263 0.001366 58.345535 3.338646 1.299163
172 9.408634 32.976012 -41.004519 0.534540 78.373672 0.000883 58.084009 4.240307 0.516715
172 8.148752 33.176132 -40.816975 0.896415 35.054955 0.000397 89.975407 2.967193 3.036478
172 9.586463 33.255308 -40.886547 0.721708 18.261021 0.001513 78.044780 1.496150 0.161057
172 9.043561 33.064800 -41.041724 0.544187 125.588953 0.000179 59.236995 5.716785 1.246861
172 9.487753 33.200712 -40.987891 0.647337 37.729715 0.001940 72.017081 4.108225 0.358476
172 8.852930 33.229412 -40.881094 0.618530 146.125907 0.000461 66.743355 1.307929 1.628124
172 9.350695 33.098673 -40.934598 0.353283 9.050964 0.000921 58.861374 4.325244 0.632592
172 9.213045 33.244838 -41.030594 0.413729 45.736528 0.001311 71.435219 2.110657 0.907892
173 8.633157 33.068786 -40.888204 0.974019 137.551743 0.001859 88.461934 3.206571 2.067669
173 9.475329 32.989602 -40.968706 0.619799 116.739727 0.001794 57.743344 5.345481 0.383324
173 8.851992 33.027292 -40.976896 0.591206 98.361165 0.001872 60.827399 1.842466 1.629998
173 9.199233 33.006029 -40.851704 0.816760 127.078481 0.001288 60.136307 3.209104 0.935517
173 9.486426 32.984707 -40.838699 0.030012 66.036373 0.001548 57.098693 1.902018 0.361131
173 8.566490 33.110897 -41.094076 0.301511 98.894401 0.000974 65.183658 1.232899 2.201002
173 9.226466 33.108220 -40.976970 0.438214 41.786565 0.001804 66.863804 3.378289 0.881052
173 9.230468 33.176452 -40.902029 0.663718 157.171658 0.000763 68.078951 1.959225 0.873046
173 9.566722 33.025583 -40.823108 0.420507 32.032181 0.001490 60.060251 4.263070 0.200539
173 8.909224 33.188727 -41.094582 0.029180 178.330939 0.000951 66.416077 2.779324 1.515535
174 9.016370 33.179296 -40.942260 0.556984 21.270674 0.000831 68.864005 3.043277 1.301243
174 6.130657 33.251696 -41.052029 0.496163 140.025097 0.000141 85.158510 1.203198 7.072669
174 8.493782 33.230779 -41.000012 0.098231 72.087218 0.001335 61.429692 5.371286 2.346419
174 9.442893 33.028800 -40.867287 0.212134 65.215299 0.001107 56.877110 4.335989 0.448197
174 9.350123 33.019484 -40.998303 0.602530 75.021299 0.000587 69.989940 1.489223 0.633737
174 7.687250 33.090134 -41.061167 0.260181 80.051304 0.001029 64.173098 5.878138 3.959483
174 9.621043 33.247900 -41.028637 0.337420 148.523320 0.000131 64.375453 1.978217 0.091897
174 9.239370 33.158997 -40.948003 0.075972 41.605241 0.001408 57.187615 4.530144 0.855243
174 9.559666 33.015033 -40.830240 0.398472 38.590015 0.001530 59.603188 4.581273 0.214651
174 8.396370 33.238960 -40.852146 0.259045 179.352719 0.000823 57.020154 5.505193 2.541242
175 9.293484 32.966999 -40.997701 0.604954 111.073123 0.000851 62.945436 2.609074 0.747014
175 6.619000 33.011314 -40.923178 0.511419 127.456395 0.000282 68.639369 2.600233 6.095982
175 7.636589 33.178105 -40.992244 0.149933 107.027388 0.001112 62.881301 4.704842 4.060804
175 9.194587 33.002346 -40.883814 0.125318 52.546265 0.000921 52.661402 5.912521 0.944810
175 7.620620 33.137720 -40.963029 0.475600 55.786966 0.000593 73.140371 2.090689 4.092742
175 9.200716 33.089064 -41.093052 0.129510 77.662794 0.000571 58.148582 5.641321 0.932551
175 8.767747 33.115292 -40.972507 0.309167 144.633256 0.001728 54.738585 2.709778 1.798488
175 9.082962 33.171958 -40.963880 0.247163 173.670226 0.001145 67.539710 1.910282 1.168058
175 9.507160 33.032922 -40.874691 0.312973 19.302028 0.000886 58.907390 4.053643 0.319663
175 8.011400 33.235298 -40.996468 0.182567 150.891399 0.001052 69.529290 2.018177 3.311183
176 8.361181 33.029285 -41.035026 0.687528 136.404280 0.000775 62.122289 3.207258 2.611620
176 8.696681 33.264370 -40.967864 0.767704 163.671793 0.001716 66.075827 3.046376 1.940621
176 9.493744 33.134975 -41.005241 0.093400 77.330596 0.001596 57.108296 5.298427 0.346494
176 9.271415 33.153202 -41.000217 0.474870 134.861278 0.000318 53.880346 4.889903 0.791153
176 8.017357 33.163252 -40.908393 0.276434 2.494095 0.000990 53.516317 4.399482 3.299269
176 9.271822 32.997987 -40.826637 0.355593 19.102509 0.000805 54.420788 4.264874 0.790338
176 9.505537 32.976007 -40.851447 0.243865 87.148400 0.000844 60.149827 1.939761 0.322909
176 8.946268 33.092795 -40.928996 0.421679 168.208454 0.000297 58.711788 5.565149 1.441446
176 8.520044 33.084430 -40.821080 0.111759 61.793709 0.001371 54.410847 4.450175 2.293895
176 9.333991 33.233149 -40.966590 0.166849 163.706733 0.001020 68.747343 1.290928 0.666000
177 9.134567 33.004810 -40.991781 0.647910 125.984278 0.000577 61.281912 1.522780 1.064849
177 8.786054 33.064478 -40.864512 0.834206 143.132412 0.000370 69.229607 1.046047 1.761874
177 8.170440 32.988265 -40.874284 0.028110 179.796006 0.000252 72.574785 1.244231 2.993102
177 9.581693 33.151972 -40.993909 0.317519 151.869168 0.000192 57.312346 5.148846 0.170596
177 7.997913 33.069272 -40.831932 0.322971 67.633150 0.001406 59.936406 4.075861 3.338156
177 9.576015 32.994055 -40.863871 0.020111 129.259830 0.000140 62.298679 1.239378 0.181953
177 8.772384 33.040325 -40.904439 0.209525 128.321638 0.000478 74.211555 1.064619 1.789215
177 8.842202 33.083495 -40.939715 0.380607 176.236853 0.000410 58.783771 5.844372 1.649578
177 8.523869 33.033134 -40.813991 0.763045 139.763268 0.000245 52.398633 3.262927 2.286245
177 9.047184 33.260574 -41.047680 0.432779 140.966077 0.000498 61.511785 4.529397 1.239615
178 9.567119 33.026354 -41.023888 0.492247 100.634301 0.000702 59.534159 3.399240 0.199745
178 7.691581 33.177930 -40.962843 0.202588 27.173429 0.001171 54.993082 5.700154 3.950821
178 9.195590 32.981637 -40.860249 0.581363 29.589860 0.000394 61.199111 5.022350 0.942802
178 9.138407 33.178828 -40.958409 0.357933 156.805929 0.000196 60.379494 4.594474 1.057169
178 8.919400 33.061092 -40.846358 0.123717 81.407464 0.001175 57.732893 4.171374 1.495183
178 9.220481 32.986751 -40.921590 0.642857 42.524020 0.000551 69.776788 1.582455 0.893020
178 9.121538 32.967232 -40.937996 0.134820 133.154392 0.000390 62.308462 1.315345 1.090906
178 8.984889 33.262618 -40.935328 0.854929 36.309314 0.001521 82.074120 4.711408 1.364205
178 9.214465 33.100882 -41.045363 0.375839 106.718565 0.001907 64.700952 1.292939 0.905053
178 8.853238 33.030309 -40.998206 0.206612 150.393532 0.001056 57.827137 3.258446 1.627507
179 9.522788 32.982215 -40.976111 0.410651 85.745602 0.000285 55.727264 5.044700 0.288407
179 8.730734 33.146611 -41.048069 0.373147 59.584059 0.000914 70.147803 1.206755 1.872514
179 9.507557 33.224821 -40.954383 0.538778 147.440928 0.001208 59.223963 3.743749 0.318869
179 8.548663 33.127751 -40.867406 0.317786 144.919659 0.000466 56.872091 1.661860 2.236656
179 9.547311 33.091838 -41.038805 0.410350 68.776788 0.000395 66.309239 2.247874 0.239361
179 9.513622 32.991672 -40.914331 0.684893 57.155729 0.000873 67.914512 2.117704 0.306738
179 9.365748 32.985047 -40.911966 0.003065 136.878530 0.000373 65.458420 1.006928 0.602486
179 8.198022 33.008722 -40.832790 0.922281 130.935394 0.001242 69.101082 5.701348 2.937939
179 8.601243 33.110171 -40.916398 0.635568 123.669556 0.001712 58.027680 5.098245 2.131497
179 9.260048 33.155677 -41.005891 0.439490 54.567143 0.000959 64.392792 5.488035 0.813887
180 9.531551 32.979087 -40.956985 0.321268 107.389668 0.000065 56.623769 4.703404 0.270880
180 9.315388 33.169052 -41.065592 0.351798 63.747114 0.001060 70.189256 1.971785 0.703207
180 9.642905 33.256049 -40.919291 0.606825 160.887903 0.001551 59.854763 3.464346 0.048172
180 8.682976 33.205659 -40.894424 0.122276 4.167408 0.001120 58.549380 5.475539 1.968031
180 9.574190 33.055719 -41.011613 0.637528 53.449695 0.000556 68.943172 3.747955 0.185603
180 8.547475 33.235395 -40.932189 0.372514 154.671087 0.001495 60.662197 5.091385 2.239033
180 9.407600 33.016399 -40.940429 0.056912 128.671886 0.000507 69.621442 1.069899 0.518782
180 9.389608 33.227038 -41.096719 0.093141 160.153372 0.000550 62.813679 2.388549 0.554767
180 9.466930 33.172549 -40.863727 0.742177 151.457589 0.001706 60.365317 4.125488 0.400123
180 8.830068 33.010395 -41.020093 0.684337 48.972288 0.001957 67.870887 3.742949 1.673847
181 9.404718 32.986115 -40.984099 0.333678 96.804686 0.000016 58.503803 4.576485 0.524546
181 8.241115 33.073272 -40.945528 0.048062 58.282227 0.000734 62.662260 4.242941 2.851753
181 9.088385 32.970506 -40.948400 0.781294 67.408090 0.000245 66.324952 4.323660 1.157212
181 8.708055 33.104062 -40.830107 0.421064 136.323219 0.001073 61.290178 1.295076 1.917873
181 9.562151 33.163133 -41.013119 0.018459 81.442344 0.000999 72.220946 1.149503 0.209680
181 8.914661 33.260234 -40.956426 0.190877 23.249604 0.001583 60.939497 4.153203 1.504660
181 8.853900 33.052189 -41.094318 0.524789 80.796089 0.001120 63.847365 5.954686 1.626182
181 9.063545 32.990320 -40.802021 0.515111 146.583102 0.001680 58.302147 1.261125 1.206894
181 9.321686 33.207568 -41.069452 0.247808 166.154987 0.001653 60.077174 5.134914 0.690611
181 8.591008 33.016659 -40.872285 0.538180 135.150551 0.001803 48.939259 5.450711 2.151966
182 9.089492 33.074647 -40.829833 0.533375 139.866366 0.001526 66.052880 1.516564 1.154999
182 8.974988 33.056370 -40.852228 0.023823 80.373793 0.000879 61.195901 2.641170 1.384008
182 9.378829 32.999393 -40.865059 0.701923 53.378395 0.000083 78.580112 1.069469 0.576324
182 9.411695 33.014613 -40.891982 0.191825 9.254260 0.000816 61.496046 1.522056 0.510593
182 8.850851 33.124538 -40.924519 0.655406 145.467432 0.001766 60.865966 5.339778 1.632280
182 9.293310 32.995954 -40.803114 0.028139 128.420826 0.000315 57.447272 1.588476 0.747363
182 9.424513 33.131732 -41.098691 0.397797 49.933905 0.001596 64.569467 4.669205 0.484956
182 9.045728 32.986956 -41.019654 0.664072 105.771344 0.001327 62.012681 4.280955 1.242527
182 9.400434 33.160345 -40.998878 0.117457 46.735489 0.000837 64.218642 1.692517 0.533115
182 9.581538 33.044321 -40.889466 0.210882 171.041932 0.001780 57.236767 3.612335 0.170907
183 9.587382 33.053190 -40.837579 0.489701 147.894799 0.001524 59.848397 2.109643 0.159219
183 9.269953 33.068111 -40.991641 0.296956 119.152170 0.001215 54.501199 3.606738 0.794076
183 8.964602 32.974691 -40.884648 0.720744 36.227056 0.001935 74.471952 1.638503 1.404778
183 8.634600 33.101640 -41.079440 0.668965 104.076359 0.001959 74.294927 1.382635 2.064782
183 8.691261 33.189611 -41.028707 0.459965 142.357958 0.001132 62.054287 4.483206 1.951461
183 8.361148 33.031740 -40.857705 0.470571 75.495739 0.000370 57.202927 5.125265 2.611686
183 9.300857 33.047438 -40.832100 0.086069 147.894177 0.000151 67.813926 1.112588 0.732269
183 9.499556 33.201469 -41.075152 0.047896 115.424451 0.001425 59.321577 4.027345 0.334871
183 9.557056 33.242480 -41.011624 0.824100 34.909912 0.001735 80.194159 5.073010 0.219871
183 9.629338 33.052474 -40.895450 0.144069 162.545104 0.001875 57.349193 3.500848 0.075306
184 9.506729 33.052823 -40.807903 0.318108 173.023381 0.001572 55.583257 2.789094 0.320524
184 8.855336 33.014852 -40.965903 0.497333 96.094543 0.001158 61.637775 3.563718 1.623310
184 9.570944 33.075811 -40.999389 0.595517 54.295717 0.000367 64.913013 5.003080 0.192094
184 8.905210 33.087456 -41.088135 0.696107 105.155645 0.001837 59.903491 5.313073 1.523563
184 9.286406 32.981768 -40.812889 0.060536 159.081346 0.001989 57.622614 4.139270 0.761170
184 9.063446 33.131055 -41.020791 0.311240 161.526655 0.001490 62.691202 2.218348 1.207090
184 9.455216 33.196832 -40.824053 0.589777 5.439424 0.000697 61.353266 4.948364 0.423551
184 8.897581 33.052089 -40.818323 0.103651 93.775404 0.000243 67.782632 1.061785 1.538821
184 9.168910 33.252825 -41.037378 0.099229 0.389081 0.001057 61.751615 5.971078 0.996162
184 8.100811 33.227761 -40.951415 0.747693 130.973519 0.001713 59.746207 4.578101 3.132360
185 9.475774 32.994399 -40.871232 0.220159 67.741526 0.000558 55.480609 3.592637 0.382434
185 9.541799 32.974105 -40.893401 0.305217 92.639843 0.001236 56.517945 4.793851 0.250385
185 9.174883 33.127531 -40.905607 0.221540 157.680631 0.001391 52.886579 5.934129 0.984216
185 9.627244 33.035534 -40.924560 0.006609 136.943243 0.001083 56.230069 4.921076 0.079494
185 9.384707 33.033547 -40.888529 0.534887 43.044417 0.001813 60.322935 4.320271 0.564569
185 9.123269 33.083372 -40.992959 0.285633 153.231909 0.001592 62.746439 2.110566 1.087446
185 9.410255 33.195776 -40.862822 0.678552 173.614088 0.000732 60.218497 5.388195 0.513473
185 8.513520 33.056398 -41.017101 0.028639 109.354757 0.001149 75.386130 1.090389 2.306942
185 9.133218 33.194588 -40.820568 0.644755 19.908934 0.001974 69.026051 1.477734 1.067547
185 9.331777 33.073084 -40.914564 0.315108 42.866152 0.000014 64.513711 1.372448 0.670429
186 9.419289 33.077490 -40.807834 0.324119 158.700477 0.001547 53.694085 5.464403 0.495405
186 8.676359 33.236994 -40.959452 0.323122 150.652696 0.001187 66.395952 2.145274 1.981264
186 9.610361 33.030309 -40.881244 0.253620 142.664896 0.000687 53.470033 5.169657 0.113261
186 9.051128 33.052882 -41.025835 0.517410 70.919529 0.001628 60.768908 3.401215 1.231726
186 9.568326 33.047891 -40.822682 0.661358 149.229513 0.000040 57.192918 4.032196 0.197332
186 9.121321 33.110096 -40.942477 0.299699 146.833984 0.001701 54.238177 3.241667 1.091341
186 9.074450 33.227333 -41.089604 0.373777 120.560048 0.000043 65.479412 2.367215 1.185083
186 8.200146 33.000590 -40.936659 0.279674 71.481705 0.000568 65.585856 2.761201 2.933690
186 9.349962 33.003372 -40.921464 0.610358 48.950488 0.001834 75.190434 1.346128 0.634060
186 9.530700 33.061568 -40.988873 0.400918 73.382165 0.000246 71.979571 1.049808 0.272582
187 9.469148 33.050661 -40.832293 0.188424 157.506337 0.001792 60.725177 1.978624 0.395687
187 9.125509 33.249823 -40.908829 0.274948 176.710002 0.000958 60.031503 3.326049 1.082965
187 9.159060 33.033832 -40.870087 0.211795 152.489803 0.001104 53.305606 2.858467 1.015863
187 8.644874 33.057447 -40.931390 0.291468 28.116184 0.000051 62.723237 4.662017 2.044235
187 9.619047 33.076520 -40.933674 0.117227 161.892085 0.000865 60.658403 1.973902 0.095889
187 7.678284 33.001668 -41.059486 0.928149 120.056244 0.001032 76.191394 5.166972 3.977415
187 9.464146 33.237478 -41.028879 0.217108 142.933455 0.001134 62.200533 2.855655 0.405692
187 9.188364 32.990307 -40.909801 0.260345 51.183928 0.001834 61.352420 3.728336 0.957255
187 9.455509 33.071388 -40.951795 0.375706 145.481123 0.001390 61.368574 2.174880 0.422964
187 9.024961 33.120398 -40.934282 0.032315 83.323670 0.001559 72.877781 1.129765 1.284060
188 9.350447 33.043442 -40.809461 0.238870 148.844392 0.001783 64.654188 1.294154 0.633089
188 9.522866 32.997968 -40.892575 0.132581 25.932444 0.000505 57.760756 2.760414 0.288251
188 9.506709 33.100097 -40.947428 0.150063 54.183543 0.000543 68.793837 1.054675 0.320566
188 7.608139 33.077279 -40.824445 0.140863 156.781061 0.000269 70.200516 1.495839 4.117705
188 9.166004 33.088967 -40.993317 0.088944 101.041882 0.000330 55.669867 3.577043 1.001975
188 8.260040 33.115052 -40.897191 0.423040 13.032277 0.000174 54.512725 5.552933 2.813903
188 9.558743 32.973019 -40.936190 0.196312 102.046130 0.001870 55.411968 4.851454 0.216497
188 9.543271 33.085245 -40.978589 0.269000 38.062553 0.000791 62.180514 2.743537 0.247441
188 9.398841 33.068752 -40.923763 0.274533 126.564760 0.001548 59.344187 1.646548 0.536301
188 8.634296 33.217980 -41.085424 0.247997 132.591193 0.000318 62.463789 5.053432 2.065390
189 9.316480 33.177607 -40.983810 0.140374 160.965656 0.000158 60.258828 4.706108 0.701022
189 8.674058 33.102280 -40.845547 0.079827 128.526489 0.000275 61.495152 1.248917 1.985866
189 8.618698 33.227883 -40.975639 0.761042 42.804577 0.001390 78.349007 4.812593 2.096587
189 8.779218 33.058616 -40.863795 0.109440 153.027702 0.000086 63.901510 2.179531 1.775546
189 8.475887 33.204484 -41.012961 0.702146 124.610207 0.000488 56.876039 5.084172 2.382208
189 9.073606 33.165131 -40.909955 0.381033 25.750442 0.000269 74.385261 1.274410 1.186771
189 8.606120 33.234199 -41.070648 0.228805 69.370649 0.000959 59.665317 5.908911 2.121743
189 9.320080 33.136197 -40.863745 0.342261 12.661265 0.000805 58.669211 2.553298 0.693822
189 8.710649 33.091330 -40.892087 0.039324 92.388718 0.000493 52.402193 5.857321 1.912685
189 8.792425 33.213943 -41.029639 0.289431 144.328456 0.001455 60.839503 5.993538 1.749132
190 8.640678 33.172839 -40.845467 0.520070 0.615897 0.000852 55.399231 3.431913 2.052626
190 8.791118 32.981047 -40.921232 0.413438 56.433865 0.000259 65.038556 3.194445 1.751747
190 9.350978 33.215734 -40.986897 0.513842 40.816868 0.001220 65.524384 5.327004 0.632028
190 8.534822 33.093779 -41.050243 0.308852 45.054595 0.000228 66.464534 3.539910 2.264339
190 9.227549 33.207123 -41.040337 0.608890 128.765100 0.000814 55.892522 5.578599 0.878886
190 8.068463 32.995068 -40.876987 0.567315 46.424396 0.000911 58.313342 2.959552 3.197057
190 9.576810 32.976741 -40.870401 0.549442 134.379593 0.001400 56.990287 2.985424 0.180363
190 8.725902 33.027730 -40.945555 0.448087 96.587091 0.001822 52.759761 5.939885 1.882179
190 8.690900 33.013322 -40.805307 0.575997 54.826234 0.001053 62.907828 4.112459 1.952182
190 8.792732 33.166434 -40.842089 0.971199 147.073065 0.000089 70.595311 5.599172 1.748518
191 9.576498 33.185310 -40.957607 0.173076 170.525766 0.001859 62.016734 2.154072 0.180986
191 8.643435 33.206494 -40.985691 0.376847 54.083026 0.001342 63.488503 5.674659 2.047112
191 9.084526 33.043123 -40.873206 0.673033 151.551949 0.000055 53.560525 4.256543 1.164930
191 9.352668 33.128448 -41.058043 0.377789 62.618136 0.000062 64.593559 4.526408 0.628648
191 9.549976 33.208218 -41.004687 0.722416 146.434942 0.000625 57.671141 5.579670 0.234030
191 9.302887 32.991028 -40.922691 0.565237 62.903415 0.000847 64.559510 3.501781 0.728208
191 8.600212 33.034092 -40.828232 0.642769 123.776505 0.000897 54.594881 2.879132 2.133558
191 9.619095 33.019608 -41.014901 0.341438 94.810298 0.000819 60.704734 2.318073 0.095792
191 9.394808 33.086948 -41.004080 0.327516 129.933990 0.000084 60.867655 2.910955 0.544367
191 9.477475 33.080044 -40.933365 0.966947 43.551635 0.001987 115.967249 2.450609 0.379033
192 9.520156 33.089552 -40.872343 0.101191 0.745599 0.000106 57.061739 3.801825 0.293670
192 9.355433 33.092540 -40.967108 0.737906 48.491734 0.001373 77.213985 1.494709 0.623117
192 9.528683 33.094015 -41.022920 0.429388 114.892539 0.001315 58.279583 4.296869 0.276616
192 9.599230 33.092183 -40.864153 0.613050 28.821970 0.000273 70.485430 1.412269 0.135523
192 9.203132 33.259146 -40.995604 0.795126 137.494966 0.001373 59.874456 4.489480 0.927719
192 9.545601 33.028755 -40.933316 0.618792 53.297521 0.000679 66.189259 3.975919 0.242781
192 8.594739 32.973721 -41.095854 0.533684 102.657003 0.000644 55.997598 2.996816 2.144505
192 9.488577 33.103225 -40.947263 0.255590 122.258535 0.000930 57.211641 3.895232 0.356829
192 9.543703 33.060540 -40.965486 0.461928 55.980708 0.000172 65.956765 1.839070 0.246577
192 9.268123 32.993355 -40.845433 0.641972 122.486604 0.000148 58.301306 3.058313 0.797736
193 9.187021 33.059899 -41.079533 0.473668 83.348273 0.000530 64.797824 1.638078 0.959940
193 8.403028 33.015485 -41.046950 0.905410 64.337620 0.001748 98.486383 1.454606 2.527927
193 8.973836 33.214340 -41.002417 0.595244 150.897450 0.001723 62.314892 4.237674 1.386311
193 9.044807 33.073619 -40.855536 0.697454 23.290067 0.000383 73.783903 1.647741 1.244369
193 7.218744 33.022046 -40.992629 0.309355 85.405280 0.001624 52.118407 4.123693 4.896495
193 8.837267 33.045225 -40.850590 0.661647 46.793708 0.000615 62.183966 4.351513 1.659448
193 9.059732 33.169799 -40.820703 0.698613 149.893699 0.000854 58.575677 2.449888 1.214518
193 9.333000 33.258648 -41.017460 0.501448 14.822323 0.000976 64.343452 5.865247 0.667982
193 8.157273 33.208268 -40.963763 0.293288 170.518021 0.001876 54.331099 4.488273 3.019437
193 6.269456 32.983671 -40.922559 0.184028 96.261916 0.000361 68.572239 2.445334 6.795071
194 8.849548 32.993765 -40.817264 0.379224 77.979140 0.001114 59.581437 2.248607 1.634886
194 8.636840 33.010311 -41.085904 0.915937 59.931047 0.001505 97.903223 1.241993 2.060303
194 8.589707 33.178194 -40.998912 0.653614 124.139732 0.000529 55.678874 4.452981 2.154569
194 9.168352 33.020488 -40.828338 0.149089 63.086440 0.001902 60.194008 2.625583 0.997278
194 7.380772 33.070431 -40.969270 0.124777 89.047247 0.000891 62.890637 5.629861 4.572438
194 9.380922 32.979670 -40.823713 0.182685 33.075491 0.000942 69.211812 1.101578 0.572138
194 7.749651 32.997886 -40.978126 0.298885 115.896472 0.000624 66.163187 2.402365 3.834681
194 8.971440 33.256537 -41.059683 0.276318 42.354130 0.000335 66.222740 4.790408 1.391102
194 9.288340 33.097933 -40.959720 0.403951 143.577599 0.001122 54.799422 3.296789 0.757303
194 9.315730 33.101455 -40.860241 0.394881 156.538758 0.000619 60.201372 3.009659 0.702522
195 8.569582 32.986462 -40.968304 0.511089 55.363445 0.000750 69.230106 2.527030 2.194819
195 9.449844 32.989502 -41.056692 0.584818 114.266900 0.001701 56.380256 5.783964 0.434295
195 9.347535 33.209463 -40.972642 0.437760 138.933108 0.000292 58.208534 3.991997 0.638913
195 9.069194 33.134047 -41.058289 0.236599 35.719741 0.001926 60.239245 4.425467 1.195594
195 8.815524 33.225456 -41.074430 0.009288 162.959612 0.000853 65.639617 3.319379 1.702934
195 9.394351 33.086023 -40.951939 0.190609 92.908489 0.001846 59.553427 2.206211 0.545281
195 7.560295 33.107253 -41.080514 0.771424 70.162526 0.001012 72.172622 2.897999 4.213393
195 9.290779 33.212856 -41.085741 0.229294 90.459199 0.001997 75.462760 1.118420 0.752424
195 9.042553 33.083709 -40.992022 0.424326 148.510714 0.001025 59.314913 3.493063 1.248878
195 9.250348 32.976031 -40.911131 0.558700 101.191965 0.000026 64.549854 1.746120 0.833287
196 9.565909 32.992247 -41.008553 0.397348 79.660298 0.000319 59.219241 4.898524 0.202164
196 9.450891 33.010915 -41.020172 0.600535 79.938939 0.001025 71.609028 1.162116 0.432202
196 9.527856 33.028570 -40.849288 0.330503 136.218724 0.000688 52.672917 5.675090 0.278270
196 9.275022 33.053232 -40.948724 0.195459 3.014092 0.000127 59.648506 3.007725 0.783939
196 7.286425 33.102164 -40.883116 0.595633 146.750306 0.000325 47.951237 5.225711 4.761132
196 9.500698 33.019932 -40.886754 0.028581 75.125823 0.001263 53.370354 5.916898 0.332587
196 9.544296 33.153387 -40.930286 0.396930 9.630485 0.000634 61.997426 2.599773 0.245390
196 9.280664 33.133969 -40.980394 0.194154 28.899431 0.000132 63.111913 3.562255 0.772656
196 9.290105 33.099646 -40.969107 0.193510 168.206087 0.001754 55.099473 5.319181 0.753773
196 9.142596 33.127770 -40.963872 0.502665 122.355451 0.001472 63.895509 1.867036 1.048791
197 9.440699 32.983954 -41.025266 0.381958 76.062036 0.000261 59.380360 5.344437 0.452585
197 8.065931 33.053531 -41.019735 0.947476 122.331110 0.001554 77.549817 5.260616 3.202122
197 9.586796 33.043884 -40.871929 0.069396 143.057578 0.000889 61.992112 1.629052 0.160390
197 8.734544 33.055180 -40.936370 0.341016 23.313258 0.000205 57.927386 3.016781 1.864895
197 9.172896 33.109176 -40.843705 0.705709 144.806692 0.000282 53.172557 5.132481 0.988191
197 9.507790 33.031965 -40.947786 0.362965 111.490195 0.001957 62.945383 1.318394 0.318402
197 7.342097 33.102743 -40.935562 0.184843 54.750608 0.000355 70.406953 2.007157 4.649789
197 9.441873 33.057606 -40.987168 0.087629 37.454974 0.001755 57.885153 5.282334 0.450238
197 9.626431 33.095102 -40.880908 0.614867 149.468234 0.000971 56.446643 3.959336 0.081120
197 9.006857 33.083584 -40.924385 0.406265 17.009724 0.001458 57.446417 4.674378 1.320269
198 8.846531 32.965781 -41.093413 0.381494 93.584361 0.000659 56.705016 5.080735 1.640920
198 8.906747 33.083214 -41.020779 0.951049 131.765364 0.001738 75.375003 5.134105 1.520490
198 9.499583 32.990238 -40.801708 0.002917 124.614334 0.001774 56.848944 2.322071 0.334817
198 8.427905 33.188996 -40.940182 0.365878 163.814539 0.000886 66.506028 2.472795 2.478172
198 9.209463 33.230158 -40.939494 0.529288 147.050688 0.001144 64.737493 2.117838 0.915057
198 9.549738 33.030760 -40.929976 0.062657 162.580902 0.001896 56.150184 5.235080 0.234506
198 8.932053 33.154598 -40.916702 0.072256 30.827520 0.001702 61.693112 1.637004 1.469877
198 8.943672 33.109607 -40.846404 0.513154 164.082931 0.000947 56.527631 1.908871 1.446639
198 9.363703 33.024997 -40.927090 0.483101 130.288487 0.001453 54.846442 2.694095 0.606577
198 8.675727 33.187103 -40.974710 0.685356 145.027142 0.000866 55.300621 2.997007 1.982529
199 8.801575 33.151327 -41.076136 0.766198 131.939367 0.001067 66.271107 3.687605 1.730832
199 9.346402 33.223773 -41.060254 0.542846 129.050193 0.000950 59.090717 4.589561 0.641179
199 9.599320 32.997482 -40.970126 0.747100 121.112668 0.001612 58.750181 3.586918 0.135342
199 8.757675 33.194278 -40.942210 0.430619 160.616455 0.000840 65.304853 2.629146 1.818633
199 9.302625 33.038859 -40.987146 0.019121 167.349347 0.000205 62.935296 1.721508 0.728734
199 9.251088 33.001548 -40.939001 0.717775 112.282007 0.000206 61.824055 1.915337 0.831807
199 9.559605 33.025596 -40.921685 0.251211 57.610664 0.001713 66.122571 1.178329 0.214773
199 9.382539 33.184822 -41.079457 0.143833 12.681256 0.001964 61.590587 3.980515 0.568904
199 9.314493 33.117488 -40.911428 0.245753 150.393031 0.001574 57.542025 5.933239 0.704996
199 7.790228 33.154803 -40.928434 0.693154 134.947220 0.000773 55.537326 1.995684 3.753527
200 9.234147 33.126320 -40.885684 0.616825 145.062061 0.001724 66.161213 1.063258 0.865689
200 7.488810 33.196939 -40.837488 0.048924 17.335496 0.000127 57.642764 3.548342 4.356362
200 9.587063 33.026239 -40.952186 0.648214 125.737277 0.001790 56.761162 3.337530 0.159856
200 9.473369 33.165813 -40.963842 0.358809 162.566945 0.000368 64.682222 1.966219 0.387244
200 9.388437 32.993916 -40.964893 0.801708 117.602909 0.000702 73.278397 1.469271 0.557109
200 7.840854 33.108313 -40.922089 0.532694 113.483021 0.000049 63.020864 2.566739 3.652274
200 9.217904 33.104356 -40.905808 0.302235 33.522976 0.001767 57.757682 3.647704 0.898175
200 9.632789 33.070571 -41.013739 0.227794 75.167561 0.000516 61.233988 2.801801 0.068404
200 8.175233 33.050435 -41.017718 0.924240 113.009259 0.001085 86.390309 1.620482 2.983517
200 8.455068 33.100816 -40.907722 0.739627 122.070151 0.001845 57.224216 4.546009 2.423846
201 8.793528 33.234975 -40.916073 0.595399 12.456060 0.001834 61.978844 3.344156 1.746926
201 9.439298 33.083186 -40.949014 0.260449 156.138055 0.001694 60.219709 1.867749 0.455386
201 9.551794 32.981143 -40.922565 0.632169 122.574839 0.000005 56.490362 2.924634 0.230395
201 8.718920 33.180931 -40.837070 0.389049 28.294659 0.001337 61.858197 2.897455 1.896142
201 8.536758 33.149098 -40.972900 0.685716 135.181313 0.001258 55.214692 2.593562 2.260466
201 9.378171 33.153249 -40.972589 0.801334 139.590089 0.001746 70.508813 2.014325 0.577640
201 8.433534 33.116290 -40.981158 0.383873 31.212575 0.000441 65.760132 4.665437 2.466914
201 9.630039 33.074912 -41.008347 0.166286 77.702966 0.000665 60.345956 2.902162 0.073904
201 9.101031 33.039167 -41.021947 0.939826 119.844848 0.000969 85.925595 1.605054 1.131920
201 7.849752 33.237517 -40.832301 0.737607 167.876114 0.001220 56.326787 2.541602 3.634479
