#REFERENCE 3 47.2332780 26.7604950
1	-2.500000	-62.134139	3.776317	-13.052930	
1	-2.466733	-62.109375	3.772967	-13.044488	
2	-2.421875	-62.067783	3.766314	-13.029353	
2	-2.391341	-62.031250	3.759532	-13.015424	
3	-2.466733	-62.109375	3.772967	-13.044488	
3	-2.421875	-62.067783	3.766314	-13.029353	
4	-2.391341	-62.031250	3.759532	-13.015424	
4	-2.353052	-61.953125	3.741319	-12.982834	
5	-2.353052	-61.953125	3.741319	-12.982834	
5	-2.343952	-61.875000	3.718279	-12.948288	
6	-2.343952	-61.875000	3.718279	-12.948288	
6	-2.359420	-61.796875	3.690624	-12.913727	
7	-2.359420	-61.796875	3.690624	-12.913727	
7	-2.402411	-61.718750	3.657282	-12.880084	
8	-2.473081	-61.640625	3.618664	-12.851351	
8	-2.421875	-61.698458	3.646590	-12.871015	
9	-2.421875	-61.698458	3.646590	-12.871015	
9	-2.402411	-61.718750	3.657282	-12.880084	
10	-2.500000	-61.618269	3.606464	-12.844740	
10	-2.473081	-61.640625	3.618664	-12.851351	
11	-3.125000	-62.078723	3.766441	-12.899390	
11	-3.164895	-62.031250	3.768164	-12.860211	
12	-3.203125	-61.970076	3.772793	-12.813402	
12	-3.212182	-61.953125	3.774516	-12.801230	
13	-3.203125	-61.970076	3.772793	-12.813402	
13	-3.164895	-62.031250	3.768164	-12.860211	
14	-3.212182	-61.953125	3.774516	-12.801230	
14	-3.242938	-61.875000	3.784825	-12.749646	
15	-2.890625	-62.206007	3.773572	-13.027587	
15	-2.812500	-62.217199	3.777058	-13.048943	
16	-2.890625	-62.206007	3.773572	-13.027587	
16	-2.946090	-62.187500	3.770729	-13.004586	
17	-2.656250	-62.201738	3.780873	-13.066282	
17	-2.614051	-62.187500	3.780341	-13.064426	
18	-2.734375	-62.215692	3.779696	-13.061646	
18	-2.656250	-62.201738	3.780873	-13.066282	
19	-2.812500	-62.217199	3.777058	-13.048943	
19	-2.734375	-62.215692	3.779696	-13.061646	
20	-2.614051	-62.187500	3.780341	-13.064426	
20	-2.578125	-62.175561	3.780131	-13.063766	
21	-2.578125	-62.175561	3.780131	-13.063766	
21	-2.500000	-62.134139	3.776317	-13.052930	
22	-3.046875	-62.142274	3.767139	-12.956645	
22	-3.088148	-62.109375	3.766300	-12.926204	
23	-3.046875	-62.142274	3.767139	-12.956645	
23	-2.968750	-62.181160	3.769939	-12.996747	
24	-3.125000	-62.078723	3.766441	-12.899390	
24	-3.088148	-62.109375	3.766300	-12.926204	
25	-2.968750	-62.181160	3.769939	-12.996747	
25	-2.946090	-62.187500	3.770729	-13.004586	
26	-2.573966	-61.562500	3.577385	-12.835087	
26	-2.500000	-61.618269	3.606464	-12.844740	
27	-2.658410	-61.484375	3.558106	-12.836670	
27	-2.656250	-61.486672	3.558249	-12.836581	
28	-2.658410	-61.484375	3.558106	-12.836670	
28	-2.676743	-61.406250	3.569905	-12.820662	
29	-2.656250	-61.486672	3.558249	-12.836581	
29	-2.578125	-61.558819	3.575947	-12.834894	
30	-2.578125	-61.558819	3.575947	-12.834894	
30	-2.573966	-61.562500	3.577385	-12.835087	
31	-2.676743	-61.406250	3.569905	-12.820662	
31	-2.686615	-61.328125	3.584767	-12.784353	
32	-2.686615	-61.328125	3.584767	-12.784353	
32	-2.705609	-61.250000	3.596668	-12.736529	
33	-3.242938	-61.875000	3.784825	-12.749646	
33	-3.259172	-61.796875	3.798715	-12.707332	
34	-3.259172	-61.796875	3.798715	-12.707332	
34	-3.271097	-61.718750	3.813786	-12.680356	
35	-3.281250	-61.697513	3.815921	-12.677841	
35	-3.271097	-61.718750	3.813786	-12.680356	
36	-3.281250	-61.697513	3.815921	-12.677841	
36	-3.321496	-61.640625	3.812907	-12.677695	
37	-3.359375	-61.612407	3.802306	-12.678175	
37	-3.321496	-61.640625	3.812907	-12.677695	
38	-3.359375	-61.612407	3.802306	-12.678175	
38	-3.419083	-61.562500	3.780187	-12.672802	
39	-3.437500	-61.544766	3.772065	-12.669356	
39	-3.419083	-61.562500	3.780187	-12.672802	
40	-3.437500	-61.544766	3.772065	-12.669356	
40	-3.500741	-61.484375	3.741684	-12.651026	
41	-3.515625	-61.460188	3.731887	-12.643456	
41	-3.500741	-61.484375	3.741684	-12.651026	
42	-3.515625	-61.460188	3.731887	-12.643456	
42	-3.555724	-61.406250	3.707176	-12.620913	
43	-3.555724	-61.406250	3.707176	-12.620913	
43	-3.582833	-61.328125	3.678327	-12.588076	
44	-3.582833	-61.328125	3.678327	-12.588076	
44	-3.586544	-61.250000	3.653893	-12.553859	
45	-3.586544	-61.250000	3.653893	-12.553859	
45	-3.566690	-61.171875	3.633463	-12.519323	
46	-3.566690	-61.171875	3.633463	-12.519323	
46	-3.519147	-61.093750	3.616971	-12.485730	
47	-3.519147	-61.093750	3.616971	-12.485730	
47	-3.515625	-61.089474	3.616178	-12.483938	
48	-3.515625	-61.089474	3.616178	-12.483938	
48	-3.437500	-61.015735	3.604171	-12.453798	
49	-3.281250	-60.939754	3.596985	-12.430864	
49	-3.269289	-60.937500	3.597127	-12.431445	
50	-3.437500	-61.015735	3.604171	-12.453798	
50	-3.437337	-61.015625	3.604157	-12.453759	
51	-3.359375	-60.967758	3.598486	-12.436355	
51	-3.281250	-60.939754	3.596985	-12.430864	
52	-3.437337	-61.015625	3.604157	-12.453759	
52	-3.359375	-60.967758	3.598486	-12.436355	
53	-3.269289	-60.937500	3.597127	-12.431445	
53	-3.203125	-60.923736	3.597338	-12.432432	
54	-3.203125	-60.923736	3.597338	-12.432432	
54	-3.125000	-60.921317	3.599384	-12.443193	
55	-2.871173	-61.015625	3.609372	-12.551296	
55	-2.812500	-61.065898	3.609803	-12.595960	
56	-2.890625	-60.999487	3.608782	-12.536268	
56	-2.871173	-61.015625	3.609372	-12.551296	
57	-2.968750	-60.956713	3.605784	-12.493121	
57	-2.890625	-60.999487	3.608782	-12.536268	
58	-3.034231	-60.937500	3.603228	-12.469512	
58	-2.968750	-60.956713	3.605784	-12.493121	
59	-2.739210	-61.171875	3.604864	-12.681122	
59	-2.734375	-61.182096	3.604000	-12.688787	
60	-2.734375	-61.182096	3.604000	-12.688787	
60	-2.705609	-61.250000	3.596668	-12.736529	
61	-2.739210	-61.171875	3.604864	-12.681122	
61	-2.789808	-61.093750	3.609230	-12.619424	
62	-2.812500	-61.065898	3.609803	-12.595960	
62	-2.789808	-61.093750	3.609230	-12.619424	
63	-3.125000	-60.921317	3.599384	-12.443193	
63	-3.046875	-60.933085	3.602536	-12.464110	
64	-3.046875	-60.933085	3.602536	-12.464110	
64	-3.034231	-60.937500	3.603228	-12.469512	
65	-9.375000	-61.446457	1.872551	-12.217002	
65	-9.341176	-61.406250	1.867660	-12.189952	
66	-9.341176	-61.406250	1.867660	-12.189952	
66	-9.309446	-61.328125	1.852842	-12.145933	
67	-9.309446	-61.328125	1.852842	-12.145933	
67	-9.304840	-61.250000	1.836096	-12.121991	
68	-9.609375	-61.437924	1.878738	-12.221598	
68	-9.531250	-61.480786	1.874457	-12.244754	
69	-9.609375	-61.437924	1.878738	-12.221598	
69	-9.634824	-61.406250	1.883742	-12.204972	
70	-9.453125	-61.481903	1.874442	-12.242541	
70	-9.375000	-61.446457	1.872551	-12.217002	
71	-9.531250	-61.480786	1.874457	-12.244754	
71	-9.453125	-61.481903	1.874442	-12.242541	
72	-9.634824	-61.406250	1.883742	-12.204972	
72	-9.658353	-61.328125	1.900462	-12.169969	
73	-9.658353	-61.328125	1.900462	-12.169969	
73	-9.633386	-61.250000	1.922724	-12.147193	
74	-9.633386	-61.250000	1.922724	-12.147193	
74	-9.609375	-61.194242	1.929409	-12.143813	
75	-9.609375	-61.194242	1.929409	-12.143813	
75	-9.604862	-61.171875	1.926464	-12.140847	
76	-9.604862	-61.171875	1.926464	-12.140847	
76	-9.598796	-61.093750	1.908122	-12.108018	
77	-9.453125	-60.952231	1.890468	-12.014362	
77	-9.375000	-60.958171	1.890530	-12.016316	
78	-9.531250	-60.986141	1.891902	-12.039285	
78	-9.453125	-60.952231	1.890468	-12.014362	
79	-9.598796	-61.093750	1.908122	-12.108018	
79	-9.557920	-61.015625	1.894994	-12.060087	
80	-9.557920	-61.015625	1.894994	-12.060087	
80	-9.531250	-60.986141	1.891902	-12.039285	
81	-9.304840	-61.250000	1.836096	-12.121991	
81	-9.296875	-61.224404	1.836356	-12.121220	
82	-9.296875	-61.224404	1.836356	-12.121220	
82	-9.268656	-61.171875	1.849478	-12.114613	
83	-9.268656	-61.171875	1.849478	-12.114613	
83	-9.258149	-61.093750	1.869791	-12.087756	
84	-9.258149	-61.093750	1.869791	-12.087756	
84	-9.296335	-61.015625	1.884325	-12.050111	
85	-9.296875	-61.014952	1.884426	-12.049739	
85	-9.296335	-61.015625	1.884325	-12.050111	
86	-9.375000	-60.958171	1.890530	-12.016316	
86	-9.296875	-61.014952	1.884426	-12.049739	
87	-11.875000	-55.274931	1.270076	-7.093357	
87	-11.827016	-55.234375	1.268177	-7.062252	
88	-11.796875	-55.205573	1.266399	-7.040837	
88	-11.759716	-55.156250	1.262568	-7.004558	
89	-11.827016	-55.234375	1.268177	-7.062252	
89	-11.796875	-55.205573	1.266399	-7.040837	
90	-11.718750	-55.078959	1.254794	-6.949328	
90	-11.718381	-55.078125	1.254700	-6.948746	
91	-11.718381	-55.078125	1.254700	-6.948746	
91	-11.692983	-55.000000	1.244754	-6.894999	
92	-11.759716	-55.156250	1.262568	-7.004558	
92	-11.718750	-55.078959	1.254794	-6.949328	
93	-12.265625	-55.314261	1.272237	-7.137773	
93	-12.187500	-55.338826	1.270838	-7.152120	
94	-12.265625	-55.314261	1.272237	-7.137773	
94	-12.269000	-55.312500	1.272369	-7.136620	
95	-11.953125	-55.315543	1.271060	-7.125480	
95	-11.947305	-55.312500	1.271025	-7.122977	
96	-12.031250	-55.339579	1.270997	-7.146112	
96	-11.953125	-55.315543	1.271060	-7.125480	
97	-12.109375	-55.346803	1.270691	-7.154573	
97	-12.031250	-55.339579	1.270997	-7.146112	
98	-12.187500	-55.338826	1.270838	-7.152120	
98	-12.109375	-55.346803	1.270691	-7.154573	
99	-11.947305	-55.312500	1.271025	-7.122977	
99	-11.875000	-55.274931	1.270076	-7.093357	
100	-12.343750	-55.273829	1.275549	-7.112687	
100	-12.391457	-55.234375	1.279767	-7.086843	
101	-12.421875	-55.206160	1.283130	-7.068743	
101	-12.391457	-55.234375	1.279767	-7.086843	
102	-12.421875	-55.206160	1.283130	-7.068743	
102	-12.461036	-55.156250	1.289998	-7.035993	
103	-12.343750	-55.273829	1.275549	-7.112687	
103	-12.269000	-55.312500	1.272369	-7.136620	
104	-12.500000	-55.087724	1.300943	-6.991243	
104	-12.461036	-55.156250	1.289998	-7.035993	
105	-12.500000	-55.087724	1.300943	-6.991243	
105	-12.504574	-55.078125	1.302596	-6.985055	
106	-12.504574	-55.078125	1.302596	-6.985055	
106	-12.531556	-55.000000	1.317323	-6.934846	
107	-12.531556	-55.000000	1.317323	-6.934846	
107	-12.544069	-54.921875	1.334215	-6.885567	
108	-12.544069	-54.921875	1.334215	-6.885567	
108	-12.544037	-54.843750	1.353299	-6.837851	
109	-12.544037	-54.843750	1.353299	-6.837851	
109	-12.531745	-54.765625	1.374692	-6.792456	
110	-12.531745	-54.765625	1.374692	-6.792456	
110	-12.504327	-54.687500	1.398909	-6.750068	
111	-12.504327	-54.687500	1.398909	-6.750068	
111	-12.500000	-54.679663	1.401622	-6.745886	
112	-12.500000	-54.679663	1.401622	-6.745886	
112	-12.469984	-54.609375	1.424233	-6.715509	
113	-12.421875	-54.536888	1.448985	-6.692666	
113	-12.418621	-54.531250	1.450591	-6.691656	
114	-12.469984	-54.609375	1.424233	-6.715509	
114	-12.421875	-54.536888	1.448985	-6.692666	
115	-12.418621	-54.531250	1.450591	-6.691656	
115	-12.394039	-54.453125	1.460853	-6.687058	
116	-12.394039	-54.453125	1.460853	-6.687058	
116	-12.416430	-54.375000	1.446858	-6.676924	
117	-11.692983	-55.000000	1.244754	-6.894999	
117	-11.681610	-54.921875	1.232714	-6.843415	
118	-11.681610	-54.921875	1.232714	-6.843415	
118	-11.682393	-54.843750	1.218506	-6.794569	
119	-11.682393	-54.843750	1.218506	-6.794569	
119	-11.695161	-54.765625	1.201961	-6.749325	
120	-11.718750	-54.698385	1.185398	-6.713905	
120	-11.695161	-54.765625	1.201961	-6.749325	
121	-11.721325	-54.687500	1.182776	-6.709105	
121	-11.718750	-54.698385	1.185398	-6.713905	
122	-11.721325	-54.687500	1.182776	-6.709105	
122	-11.750845	-54.609375	1.162712	-6.679357	
123	-11.750845	-54.609375	1.162712	-6.679357	
123	-11.785590	-54.531250	1.144907	-6.664666	
124	-11.785590	-54.531250	1.144907	-6.664666	
124	-11.766007	-54.453125	1.151391	-6.661235	
125	-11.766007	-54.453125	1.151391	-6.661235	
125	-11.719800	-54.375000	1.175110	-6.640906	
126	-11.719800	-54.375000	1.175110	-6.640906	
126	-11.718750	-54.372682	1.175819	-6.640110	
127	-11.718750	-54.372682	1.175819	-6.640110	
127	-11.673102	-54.296875	1.201625	-6.605068	
128	-11.673102	-54.296875	1.201625	-6.605068	
128	-11.644880	-54.218750	1.225044	-6.563585	
129	-11.644880	-54.218750	1.225044	-6.563585	
129	-11.640625	-54.198164	1.230703	-6.552201	
130	-11.640625	-54.198164	1.230703	-6.552201	
130	-11.623672	-54.140625	1.246754	-6.516897	
131	-11.623672	-54.140625	1.246754	-6.516897	
131	-11.613987	-54.062500	1.266159	-6.467817	
132	-11.613987	-54.062500	1.266159	-6.467817	
132	-11.615586	-53.984375	1.283490	-6.417191	
133	-11.615586	-53.984375	1.283490	-6.417191	
133	-11.628752	-53.906250	1.298921	-6.365537	
134	-11.654373	-53.828125	1.312559	-6.313199	
134	-11.640625	-53.867434	1.305878	-6.339751	
135	-11.640625	-53.867434	1.305878	-6.339751	
135	-11.628752	-53.906250	1.298921	-6.365537	
136	-11.654373	-53.828125	1.312559	-6.313199	
136	-11.696177	-53.750000	1.324372	-6.260742	
137	-12.421875	-54.359187	1.443050	-6.672779	
137	-12.451155	-54.296875	1.426414	-6.648969	
138	-12.421875	-54.359187	1.443050	-6.672779	
138	-12.416430	-54.375000	1.446858	-6.676924	
139	-12.451155	-54.296875	1.426414	-6.648969	
139	-12.474517	-54.218750	1.407931	-6.611480	
140	-12.474517	-54.218750	1.407931	-6.611480	
140	-12.486603	-54.140625	1.391913	-6.568099	
141	-12.486603	-54.140625	1.391913	-6.568099	
141	-12.489376	-54.062500	1.378207	-6.520372	
142	-12.489376	-54.062500	1.378207	-6.520372	
142	-12.482348	-53.984375	1.366742	-6.469447	
143	-12.482348	-53.984375	1.366742	-6.469447	
143	-12.463941	-53.906250	1.357426	-6.416060	
144	-12.463941	-53.906250	1.357426	-6.416060	
144	-12.432201	-53.828125	1.350181	-6.360530	
145	-12.421875	-53.808125	1.348653	-6.345956	
145	-12.384106	-53.750000	1.344995	-6.302858	
146	-12.432201	-53.828125	1.350181	-6.360530	
146	-12.421875	-53.808125	1.348653	-6.345956	
147	-12.384106	-53.750000	1.344995	-6.302858	
147	-12.343750	-53.699987	1.342805	-6.264614	
148	-12.343750	-53.699987	1.342805	-6.264614	
148	-12.311467	-53.671875	1.342001	-6.242731	
149	-12.265625	-53.633851	1.341452	-6.212191	
149	-12.187500	-53.593802	1.341707	-6.178462	
150	-12.311467	-53.671875	1.342001	-6.242731	
150	-12.265625	-53.633851	1.341452	-6.212191	
151	-12.187500	-53.593802	1.341707	-6.178462	
151	-12.187316	-53.593750	1.341708	-6.178415	
152	-11.883163	-53.593750	1.341587	-6.159694	
152	-11.875000	-53.596350	1.341424	-6.161000	
153	-12.031250	-53.561560	1.343184	-6.145097	
153	-11.953125	-53.570104	1.343064	-6.146549	
154	-11.953125	-53.570104	1.343064	-6.146549	
154	-11.883163	-53.593750	1.341587	-6.159694	
155	-12.187316	-53.593750	1.341708	-6.178415	
155	-12.109375	-53.569069	1.342532	-6.155441	
156	-12.109375	-53.569069	1.342532	-6.155441	
156	-12.031250	-53.561560	1.343184	-6.145097	
157	-11.762943	-53.671875	1.334202	-6.208979	
157	-11.718750	-53.717903	1.328695	-6.239175	
158	-11.796875	-53.641171	1.337515	-6.188679	
158	-11.762943	-53.671875	1.334202	-6.208979	
159	-11.875000	-53.596350	1.341424	-6.161000	
159	-11.796875	-53.641171	1.337515	-6.188679	
160	-11.718750	-53.717903	1.328695	-6.239175	
160	-11.696177	-53.750000	1.324372	-6.260742	
161	-18.984375	-51.442664	-0.011653	-4.872309	
161	-18.906250	-51.462696	-0.009949	-4.867256	
162	-18.984375	-51.442664	-0.011653	-4.872309	
162	-19.032553	-51.406250	-0.006848	-4.859863	
163	-18.828125	-51.457931	-0.003365	-4.845994	
163	-18.750000	-51.434764	0.005881	-4.812515	
164	-18.906250	-51.462696	-0.009949	-4.867256	
164	-18.828125	-51.457931	-0.003365	-4.845994	
165	-19.062500	-51.369746	-0.000135	-4.843576	
165	-19.032553	-51.406250	-0.006848	-4.859863	
166	-19.062500	-51.369746	-0.000135	-4.843576	
166	-19.082578	-51.328125	0.009228	-4.822027	
167	-19.082578	-51.328125	0.009228	-4.822027	
167	-19.098048	-51.250000	0.030039	-4.777306	
168	-18.750000	-51.434764	0.005881	-4.812515	
168	-18.697159	-51.406250	0.013669	-4.780961	
169	-18.593750	-51.336973	0.028249	-4.711102	
169	-18.584930	-51.328125	0.029710	-4.703049	
170	-18.515625	-51.256672	0.039674	-4.639564	
170	-18.510668	-51.250000	0.040424	-4.633930	
171	-18.584930	-51.328125	0.029710	-4.703049	
171	-18.515625	-51.256672	0.039674	-4.639564	
172	-18.697159	-51.406250	0.013669	-4.780961	
172	-18.671875	-51.394492	0.016741	-4.767551	
173	-18.671875	-51.394492	0.016741	-4.767551	
173	-18.593750	-51.336973	0.028249	-4.711102	
174	-18.510668	-51.250000	0.040424	-4.633930	
174	-18.456983	-51.171875	0.047344	-4.569867	
175	-18.456983	-51.171875	0.047344	-4.569867	
175	-18.437500	-51.134823	0.049438	-4.540969	
176	-18.437500	-51.134823	0.049438	-4.540969	
176	-18.418746	-51.093750	0.050900	-4.509947	
177	-18.418746	-51.093750	0.050900	-4.509947	
177	-18.393411	-51.015625	0.051152	-4.454126	
178	-18.393411	-51.015625	0.051152	-4.454126	
178	-18.381801	-50.937500	0.047906	-4.402987	
179	-18.381801	-50.937500	0.047906	-4.402987	
179	-18.381947	-50.859375	0.040784	-4.358357	
180	-18.381947	-50.859375	0.040784	-4.358357	
180	-18.393928	-50.781250	0.029699	-4.325068	
181	-18.281250	-50.631411	0.065600	-4.290212	
181	-18.273443	-50.625000	0.069100	-4.286963	
182	-18.393928	-50.781250	0.029699	-4.325068	
182	-18.379140	-50.703125	0.028016	-4.314830	
183	-18.359375	-50.693123	0.033897	-4.312793	
183	-18.281250	-50.631411	0.065600	-4.290212	
184	-18.379140	-50.703125	0.028016	-4.314830	
184	-18.359375	-50.693123	0.033897	-4.312793	
185	-18.750000	-50.659233	0.277607	-4.435599	
185	-18.717787	-50.625000	0.283630	-4.433500	
186	-18.125000	-50.458242	0.148795	-4.187482	
186	-18.077808	-50.390625	0.177526	-4.141923	
187	-18.046875	-50.322888	0.202735	-4.098189	
187	-18.040533	-50.312500	0.206809	-4.090800	
188	-18.077808	-50.390625	0.177526	-4.141923	
188	-18.046875	-50.322888	0.202735	-4.098189	
189	-18.040533	-50.312500	0.206809	-4.090800	
189	-18.008580	-50.234375	0.234431	-4.038294	
190	-18.008580	-50.234375	0.234431	-4.038294	
190	-17.988580	-50.156250	0.259530	-3.986837	
191	-17.988580	-50.156250	0.259530	-3.986837	
191	-17.978710	-50.078125	0.282596	-3.936143	
192	-17.978710	-50.078125	0.282596	-3.936143	
192	-17.981276	-50.000000	0.303524	-3.886924	
193	-18.717787	-50.625000	0.283630	-4.433500	
193	-18.731863	-50.546875	0.272164	-4.409532	
194	-18.731863	-50.546875	0.272164	-4.409532	
194	-18.737474	-50.468750	0.263647	-4.369310	
195	-18.737474	-50.468750	0.263647	-4.369310	
195	-18.734092	-50.390625	0.259275	-4.320837	
196	-18.734092	-50.390625	0.259275	-4.320837	
196	-18.720241	-50.312500	0.258577	-4.267309	
197	-18.273443	-50.625000	0.069100	-4.286963	
197	-18.203125	-50.556630	0.103939	-4.248900	
198	-18.203125	-50.556630	0.103939	-4.248900	
198	-18.192517	-50.546875	0.109055	-4.242548	
199	-18.192517	-50.546875	0.109055	-4.242548	
199	-18.130367	-50.468750	0.144654	-4.193664	
200	-18.130367	-50.468750	0.144654	-4.193664	
200	-18.125000	-50.458242	0.148795	-4.187482	
201	-18.720241	-50.312500	0.258577	-4.267309	
201	-18.694664	-50.234375	0.261084	-4.209898	
202	-18.671875	-50.182859	0.264347	-4.170167	
202	-18.658011	-50.156250	0.266516	-4.149074	
203	-18.694664	-50.234375	0.261084	-4.209898	
203	-18.671875	-50.182859	0.264347	-4.170167	
204	-18.593750	-50.053731	0.277858	-4.064490	
204	-18.546954	-50.000000	0.285840	-4.017289	
205	-18.658011	-50.156250	0.266516	-4.149074	
205	-18.610114	-50.078125	0.274741	-4.085027	
206	-18.610114	-50.078125	0.274741	-4.085027	
206	-18.593750	-50.053731	0.277858	-4.064490	
207	-19.098048	-51.250000	0.030039	-4.777306	
207	-19.095374	-51.171875	0.054001	-4.729699	
208	-19.095374	-51.171875	0.054001	-4.729699	
208	-19.078331	-51.093750	0.080837	-4.680255	
209	-19.078331	-51.093750	0.080837	-4.680255	
209	-19.062500	-51.056303	0.095266	-4.655168	
210	-19.062500	-51.056303	0.095266	-4.655168	
210	-19.049928	-51.015625	0.110253	-4.630163	
211	-19.049928	-51.015625	0.110253	-4.630163	
211	-19.011225	-50.937500	0.142181	-4.580389	
212	-19.011225	-50.937500	0.142181	-4.580389	
212	-18.984375	-50.902213	0.158745	-4.556483	
213	-18.984375	-50.902213	0.158745	-4.556483	
213	-18.959336	-50.859375	0.177292	-4.531304	
214	-18.959336	-50.859375	0.177292	-4.531304	
214	-18.906250	-50.802424	0.206547	-4.495412	
215	-18.906250	-50.802424	0.206547	-4.495412	
215	-18.890062	-50.781250	0.216465	-4.484392	
216	-18.890062	-50.781250	0.216465	-4.484392	
216	-18.828125	-50.727071	0.246343	-4.455633	
217	-18.828125	-50.727071	0.246343	-4.455633	
217	-18.797871	-50.703125	0.259498	-4.445603	
218	-18.797871	-50.703125	0.259498	-4.445603	
218	-18.750000	-50.659233	0.277607	-4.435599	
219	-5.468750	-48.768550	2.564431	-1.883134	
219	-5.450195	-48.750000	2.563976	-1.868925	
220	-5.625000	-48.841146	2.564859	-1.940647	
220	-5.585252	-48.828125	2.565008	-1.929762	
221	-5.546875	-48.817077	2.565026	-1.920831	
221	-5.468750	-48.768550	2.564431	-1.883134	
222	-5.585252	-48.828125	2.565008	-1.929762	
222	-5.546875	-48.817077	2.565026	-1.920831	
223	-5.703125	-48.844823	2.564710	-1.945555	
223	-5.771407	-48.828125	2.565282	-1.935184	
224	-5.703125	-48.844823	2.564710	-1.945555	
224	-5.625000	-48.841146	2.564859	-1.940647	
225	-5.781250	-48.825908	2.565364	-1.933940	
225	-5.771407	-48.828125	2.565282	-1.935184	
226	-5.859375	-48.780479	2.567869	-1.903345	
226	-5.781250	-48.825908	2.565364	-1.933940	
227	-5.859375	-48.780479	2.567869	-1.903345	
227	-5.887826	-48.750000	2.570031	-1.882111	
228	-5.937500	-48.670781	2.576898	-1.827118	
228	-5.958880	-48.593750	2.585168	-1.773654	
229	-5.958880	-48.593750	2.585168	-1.773654	
229	-5.961635	-48.515625	2.595101	-1.719863	
230	-5.961635	-48.515625	2.595101	-1.719863	
230	-5.946547	-48.437500	2.606737	-1.666701	
231	-5.887826	-48.750000	2.570031	-1.882111	
231	-5.937108	-48.671875	2.576791	-1.827886	
232	-5.937500	-48.670781	2.576898	-1.827118	
232	-5.937108	-48.671875	2.576791	-1.827886	
233	-5.937500	-48.419455	2.609810	-1.654090	
233	-5.918605	-48.359375	2.620134	-1.615537	
234	-5.918605	-48.359375	2.620134	-1.615537	
234	-5.867788	-48.281250	2.636132	-1.566492	
235	-5.781250	-48.182537	2.659326	-1.518408	
235	-5.750971	-48.125000	2.664130	-1.508577	
236	-5.867788	-48.281250	2.636132	-1.566492	
236	-5.859375	-48.273114	2.638096	-1.561337	
237	-5.859375	-48.273114	2.638096	-1.561337	
237	-5.796480	-48.203125	2.654958	-1.525242	
238	-5.796480	-48.203125	2.654958	-1.525242	
238	-5.781250	-48.182537	2.659326	-1.518408	
239	-5.946547	-48.437500	2.606737	-1.666701	
239	-5.937500	-48.419455	2.609810	-1.654090	
240	-5.450195	-48.750000	2.563976	-1.868925	
240	-5.390625	-48.678253	2.561287	-1.815031	
241	-5.390625	-48.678253	2.561287	-1.815031	
241	-5.386814	-48.671875	2.560981	-1.810282	
242	-5.386814	-48.671875	2.560981	-1.810282	
242	-5.350182	-48.593750	2.556416	-1.752844	
243	-5.350182	-48.593750	2.556416	-1.752844	
243	-5.332682	-48.515625	2.550327	-1.696548	
244	-5.332682	-48.515625	2.550327	-1.696548	
244	-5.330662	-48.437500	2.542619	-1.641724	
245	-5.330662	-48.437500	2.542619	-1.641724	
245	-5.342609	-48.359375	2.533078	-1.589165	
246	-5.342609	-48.359375	2.533078	-1.589165	
246	-5.376013	-48.281250	2.521024	-1.539616	
247	-5.423581	-48.203125	2.506453	-1.499655	
247	-5.390625	-48.263593	2.517666	-1.528598	
248	-5.390625	-48.263593	2.517666	-1.528598	
248	-5.376013	-48.281250	2.521024	-1.539616	
249	-5.423581	-48.203125	2.506453	-1.499655	
249	-5.429932	-48.125000	2.503633	-1.483330	
250	-5.429932	-48.125000	2.503633	-1.483330	
250	-5.390625	-48.088307	2.512539	-1.469480	
251	-5.390625	-48.088307	2.512539	-1.469480	
251	-5.345840	-48.046875	2.522751	-1.447344	
252	-5.345840	-48.046875	2.522751	-1.447344	
252	-5.312500	-47.992748	2.533688	-1.416928	
253	-5.312500	-47.992748	2.533688	-1.416928	
253	-5.290726	-47.968750	2.538656	-1.401010	
254	-5.290726	-47.968750	2.538656	-1.401010	
254	-5.251104	-47.890625	2.552158	-1.350502	
255	-5.234375	-47.830033	2.561143	-1.310516	
255	-5.226794	-47.812500	2.563671	-1.298227	
256	-5.251104	-47.890625	2.552158	-1.350502	
256	-5.234375	-47.830033	2.561143	-1.310516	
257	-5.226794	-47.812500	2.563671	-1.298227	
257	-5.213340	-47.734375	2.573647	-1.244574	
258	-5.213340	-47.734375	2.573647	-1.244574	
258	-5.214731	-47.656250	2.582206	-1.190466	
259	-5.214731	-47.656250	2.582206	-1.190466	
259	-5.231770	-47.578125	2.589498	-1.136052	
260	-5.234375	-47.571005	2.590100	-1.131099	
260	-5.231770	-47.578125	2.589498	-1.136052	
261	-5.270407	-47.500000	2.595547	-1.081675	
261	-5.234375	-47.571005	2.590100	-1.131099	
262	-5.781250	-48.080663	2.655748	-1.493061	
262	-5.809671	-48.046875	2.648957	-1.474954	
263	-5.809671	-48.046875	2.648957	-1.474954	
263	-5.845797	-47.968750	2.636525	-1.428461	
264	-5.781250	-48.080663	2.655748	-1.493061	
264	-5.750971	-48.125000	2.664130	-1.508577	
265	-5.859375	-47.904111	2.628301	-1.386764	
265	-5.864592	-47.890625	2.626702	-1.377395	
266	-5.859375	-47.904111	2.628301	-1.386764	
266	-5.845797	-47.968750	2.636525	-1.428461	
267	-5.864592	-47.890625	2.626702	-1.377395	
267	-5.872879	-47.812500	2.618842	-1.323551	
268	-5.872879	-47.812500	2.618842	-1.323551	
268	-5.866425	-47.734375	2.612669	-1.268357	
269	-5.859375	-47.703166	2.610614	-1.246027	
269	-5.847152	-47.656250	2.607918	-1.211998	
270	-5.866425	-47.734375	2.612669	-1.268357	
270	-5.859375	-47.703166	2.610614	-1.246027	
271	-5.781250	-47.528088	2.602928	-1.117511	
271	-5.755780	-47.500000	2.602298	-1.096527	
272	-5.847152	-47.656250	2.607918	-1.211998	
272	-5.812318	-47.578125	2.604472	-1.154715	
273	-5.812318	-47.578125	2.604472	-1.154715	
273	-5.781250	-47.528088	2.602928	-1.117511	
274	-5.755780	-47.500000	2.602298	-1.096527	
274	-5.703125	-47.447322	2.601596	-1.056571	
275	-5.703125	-47.447322	2.601596	-1.056571	
275	-5.659049	-47.421875	2.601514	-1.036992	
276	-5.659049	-47.421875	2.601514	-1.036992	
276	-5.625000	-47.400815	2.601605	-1.020508	
277	-5.546875	-47.377084	2.601965	-1.000997	
277	-5.468750	-47.374942	2.602102	-0.997225	
278	-5.625000	-47.400815	2.601605	-1.020508	
278	-5.546875	-47.377084	2.601965	-1.000997	
279	-5.349359	-47.421875	2.600231	-1.027927	
279	-5.312500	-47.447422	2.598889	-1.045119	
280	-5.390625	-47.395707	2.601430	-1.010056	
280	-5.349359	-47.421875	2.600231	-1.027927	
281	-5.468750	-47.374942	2.602102	-0.997225	
281	-5.390625	-47.395707	2.601430	-1.010056	
282	-5.312500	-47.447422	2.598889	-1.045119	
282	-5.270407	-47.500000	2.595547	-1.081675	
283	0.000000	-46.055782	3.021044	0.048753	
283	-0.014530	-46.015625	3.020571	0.079033	
284	-0.014530	-46.015625	3.020571	0.079033	
284	-0.039077	-45.937500	3.019877	0.137486	
285	-0.039077	-45.937500	3.019877	0.137486	
285	-0.059524	-45.859375	3.019469	0.195362	
286	-0.059524	-45.859375	3.019469	0.195362	
286	-0.076029	-45.781250	3.019335	0.252678	
287	-0.078125	-45.768725	3.019338	0.261815	
287	-0.089285	-45.703125	3.019463	0.309444	
288	-0.078125	-45.768725	3.019338	0.261815	
288	-0.076029	-45.781250	3.019335	0.252678	
289	-0.089285	-45.703125	3.019463	0.309444	
289	-0.098871	-45.625000	3.019843	0.365666	
290	-0.098871	-45.625000	3.019843	0.365666	
290	-0.104769	-45.546875	3.020464	0.421348	
291	-0.104769	-45.546875	3.020464	0.421348	
291	-0.107033	-45.468750	3.021318	0.476489	
292	-0.107033	-45.468750	3.021318	0.476489	
292	-0.105680	-45.390625	3.022396	0.531086	
293	-0.105680	-45.390625	3.022396	0.531086	
293	-0.100682	-45.312500	3.023690	0.585131	
294	-0.100682	-45.312500	3.023690	0.585131	
294	-0.091956	-45.234375	3.025194	0.638613	
295	-0.091956	-45.234375	3.025194	0.638613	
295	-0.079346	-45.156250	3.026901	0.691520	
296	-0.079346	-45.156250	3.026901	0.691520	
296	-0.078125	-45.150549	3.027033	0.695361	
297	-0.078125	-45.150549	3.027033	0.695361	
297	-0.063867	-45.078125	3.028803	0.743804	
298	-0.063867	-45.078125	3.028803	0.743804	
298	-0.044522	-45.000000	3.030898	0.795458	
299	-0.044522	-45.000000	3.030898	0.795458	
299	-0.020807	-44.921875	3.033180	0.846461	
300	-0.020807	-44.921875	3.033180	0.846461	
300	0.000000	-44.864898	3.034961	0.883249	
301	0.000000	-43.304618	2.994287	1.690292	
301	-0.037922	-43.281250	2.989453	1.706832	
302	-0.078125	-43.255455	2.984215	1.725054	
302	-0.155433	-43.203125	2.973854	1.761986	
303	-0.078125	-43.255455	2.984215	1.725054	
303	-0.037922	-43.281250	2.989453	1.706832	
304	-0.156250	-43.202539	2.973740	1.762396	
304	-0.155433	-43.203125	2.973854	1.761986	
305	-0.234375	-43.146681	2.962992	1.801917	
305	-0.156250	-43.202539	2.973740	1.762396	
306	-0.234375	-43.146681	2.962992	1.801917	
306	-0.263813	-43.125000	2.958890	1.817304	
307	-0.312500	-43.086705	2.951816	1.844230	
307	-0.362506	-43.046875	2.944543	1.872404	
308	-0.390625	-43.022736	2.940242	1.889294	
308	-0.362506	-43.046875	2.944543	1.872404	
309	-0.390625	-43.022736	2.940242	1.889294	
309	-0.453697	-42.968750	2.930692	1.927381	
310	-0.468750	-42.954778	2.928280	1.937125	
310	-0.453697	-42.968750	2.930692	1.927381	
311	-0.468750	-42.954778	2.928280	1.937125	
311	-0.539002	-42.890625	2.917247	1.982307	
312	-0.546875	-42.882802	2.915932	1.987754	
312	-0.539002	-42.890625	2.917247	1.982307	
313	-0.546875	-42.882802	2.915932	1.987754	
313	-0.619633	-42.812500	2.904137	2.037238	
314	-0.312500	-43.086705	2.951816	1.844230	
314	-0.263813	-43.125000	2.958890	1.817304	
315	-0.625000	-42.806853	2.903210	2.041169	
315	-0.619633	-42.812500	2.904137	2.037238	
316	-0.625000	-42.806853	2.903210	2.041169	
316	-0.696562	-42.734375	2.891307	2.092220	
317	-0.703125	-42.727149	2.890144	2.097257	
317	-0.696562	-42.734375	2.891307	2.092220	
318	-0.703125	-42.727149	2.890144	2.097257	
318	-0.770618	-42.656250	2.878709	2.147297	
319	-0.781250	-42.644162	2.876797	2.155748	
319	-0.770618	-42.656250	2.878709	2.147297	
320	-0.781250	-42.644162	2.876797	2.155748	
320	-0.842568	-42.578125	2.866304	2.202519	
321	-0.859375	-42.558661	2.863264	2.216190	
321	-0.842568	-42.578125	2.866304	2.202519	
322	-0.859375	-42.558661	2.863264	2.216190	
322	-0.913159	-42.500000	2.854054	2.257942	
323	-1.250000	-42.132209	2.797632	2.523643	
323	-1.273118	-42.109375	2.794145	2.540615	
324	-1.328125	-42.053814	2.785735	2.581839	
324	-1.273118	-42.109375	2.794145	2.540615	
325	-1.328125	-42.053814	2.785735	2.581839	
325	-1.351897	-42.031250	2.782300	2.598793	
326	-1.406250	-41.978754	2.774376	2.638185	
326	-1.351897	-42.031250	2.782300	2.598793	
327	-1.406250	-41.978754	2.774376	2.638185	
327	-1.434386	-41.953125	2.770490	2.657649	
328	-1.484375	-41.906952	2.763548	2.692680	
328	-1.434386	-41.953125	2.770490	2.657649	
329	-1.484375	-41.906952	2.763548	2.692680	
329	-1.520905	-41.875000	2.758729	2.717197	
330	-1.562500	-41.838190	2.753224	2.745415	
330	-1.611591	-41.796875	2.747036	2.777420	
331	-1.640625	-41.772182	2.743370	2.796530	
331	-1.611591	-41.796875	2.747036	2.777420	
332	-1.640625	-41.772182	2.743370	2.796530	
332	-1.706412	-41.718750	2.735440	2.838279	
333	-1.718750	-41.708627	2.733952	2.846179	
333	-1.706412	-41.718750	2.735440	2.838279	
334	-1.796875	-41.647245	2.724935	2.894509	
334	-1.805660	-41.640625	2.723963	2.899767	
335	-1.796875	-41.647245	2.724935	2.894509	
335	-1.718750	-41.708627	2.733952	2.846179	
336	-1.875000	-41.587791	2.716290	2.941648	
336	-1.805660	-41.640625	2.723963	2.899767	
337	-1.562500	-41.838190	2.753224	2.745415	
337	-1.520905	-41.875000	2.758729	2.717197	
338	-1.875000	-41.587791	2.716290	2.941648	
338	-1.909438	-41.562500	2.712633	2.961847	
339	-2.109375	-41.418931	2.692339	3.077012	
339	-2.031250	-41.473803	2.700013	3.032811	
340	-2.109375	-41.418931	2.692339	3.077012	
340	-2.128032	-41.406250	2.690576	3.087290	
341	-1.953125	-41.530040	2.707991	2.987715	
341	-2.016710	-41.484375	2.701499	3.024351	
342	-1.953125	-41.530040	2.707991	2.987715	
342	-1.909438	-41.562500	2.712633	2.961847	
343	-2.031250	-41.473803	2.700013	3.032811	
343	-2.016710	-41.484375	2.701499	3.024351	
344	-2.187500	-41.365287	2.684951	3.120390	
344	-2.128032	-41.406250	2.690576	3.087290	
345	-2.187500	-41.365287	2.684951	3.120390	
345	-2.243002	-41.328125	2.679897	3.150567	
346	-2.265625	-41.312763	2.677835	3.163001	
346	-2.243002	-41.328125	2.679897	3.150567	
347	-2.343750	-41.261273	2.670979	3.204886	
347	-2.265625	-41.312763	2.677835	3.163001	
348	-2.343750	-41.261273	2.670979	3.204886	
348	-2.361376	-41.250000	2.669488	3.214103	
349	-0.937500	-42.471685	2.849676	2.277954	
349	-0.983153	-42.421875	2.841928	2.313632	
350	-1.015625	-42.384436	2.836182	2.340296	
350	-0.983153	-42.421875	2.841928	2.313632	
351	-1.015625	-42.384436	2.836182	2.340296	
351	-1.053343	-42.343750	2.829896	2.369664	
352	-1.093750	-42.298124	2.822930	2.402450	
352	-1.053343	-42.343750	2.829896	2.369664	
353	-1.093750	-42.298124	2.822930	2.402450	
353	-1.124540	-42.265625	2.817934	2.426119	
354	-1.171875	-42.213793	2.810048	2.463739	
354	-1.124540	-42.265625	2.817934	2.426119	
355	-1.171875	-42.213793	2.810048	2.463739	
355	-1.197548	-42.187500	2.806021	2.483078	
356	-0.937500	-42.471685	2.849676	2.277954	
356	-0.913159	-42.500000	2.854054	2.257942	
357	-1.250000	-42.132209	2.797632	2.523643	
357	-1.197548	-42.187500	2.806021	2.483078	
358	-2.421875	-41.210733	2.664370	3.246089	
358	-2.483234	-41.171875	2.659369	3.277853	
359	-2.421875	-41.210733	2.664370	3.246089	
359	-2.361376	-41.250000	2.669488	3.214103	
360	-2.500000	-41.161095	2.658001	3.286630	
360	-2.483234	-41.171875	2.659369	3.277853	
361	-3.125000	-40.791441	2.614775	3.589477	
361	-3.143659	-40.781250	2.613692	3.597849	
362	-3.281250	-40.705785	2.605899	3.659575	
362	-3.203125	-40.748280	2.610247	3.624810	
363	-3.203125	-40.748280	2.610247	3.624810	
363	-3.143659	-40.781250	2.613692	3.597849	
364	-3.281250	-40.705785	2.605899	3.659575	
364	-3.286275	-40.703125	2.605630	3.661758	
365	-3.359375	-40.663861	2.601721	3.693831	
365	-3.286275	-40.703125	2.605630	3.661758	
366	-3.359375	-40.663861	2.601721	3.693831	
366	-3.433008	-40.625000	2.597944	3.725563	
367	-2.812500	-40.970553	2.634757	3.442666	
367	-2.869142	-40.937500	2.630924	3.469800	
368	-2.578125	-41.112295	2.651863	3.326543	
368	-2.500000	-41.161095	2.658001	3.286630	
369	-2.578125	-41.112295	2.651863	3.326543	
369	-2.608591	-41.093750	2.649556	3.341765	
370	-2.656250	-41.064291	2.645947	3.365845	
370	-2.608591	-41.093750	2.649556	3.341765	
371	-2.734375	-41.017072	2.640249	3.404536	
371	-2.736841	-41.015625	2.640075	3.405727	
372	-2.734375	-41.017072	2.640249	3.404536	
372	-2.656250	-41.064291	2.645947	3.365845	
373	-2.812500	-40.970553	2.634757	3.442666	
373	-2.736841	-41.015625	2.640075	3.405727	
374	-2.968750	-40.879657	2.624381	3.517189	
374	-3.004702	-40.859375	2.622126	3.533853	
375	-3.046875	-40.835215	2.619484	3.553614	
375	-3.004702	-40.859375	2.622126	3.533853	
376	-3.125000	-40.791441	2.614775	3.589477	
376	-3.046875	-40.835215	2.619484	3.553614	
377	-2.968750	-40.879657	2.624381	3.517189	
377	-2.890625	-40.924767	2.629471	3.480206	
378	-2.890625	-40.924767	2.629471	3.480206	
378	-2.869142	-40.937500	2.630924	3.469800	
379	-3.671875	-40.502293	2.586660	3.825434	
379	-3.593750	-40.541812	2.590188	3.793320	
380	-3.671875	-40.502293	2.586660	3.825434	
380	-3.739378	-40.468750	2.583743	3.852666	
381	-3.515625	-40.581883	2.593869	3.760701	
381	-3.583999	-40.546875	2.590646	3.789215	
382	-3.515625	-40.581883	2.593869	3.760701	
382	-3.437500	-40.622595	2.597715	3.727518	
383	-3.593750	-40.541812	2.590188	3.793320	
383	-3.583999	-40.546875	2.590646	3.789215	
384	-3.750000	-40.463401	2.583287	3.856989	
384	-3.739378	-40.468750	2.583743	3.852666	
385	-3.437500	-40.622595	2.597715	3.727518	
385	-3.433008	-40.625000	2.597944	3.725563	
386	-4.062500	-40.313573	2.571237	3.977947	
386	-4.064853	-40.312500	2.571156	3.978813	
387	-3.828125	-40.425053	2.580059	3.888039	
387	-3.899502	-40.390625	2.577244	3.915876	
388	-3.828125	-40.425053	2.580059	3.888039	
388	-3.750000	-40.463401	2.583287	3.856989	
389	-3.906250	-40.387328	2.576980	3.918530	
389	-3.899502	-40.390625	2.577244	3.915876	
390	-3.984375	-40.350138	2.574038	3.948520	
390	-3.906250	-40.387328	2.576980	3.918530	
391	-4.062500	-40.313573	2.571237	3.977947	
391	-3.984375	-40.350138	2.574038	3.948520	
392	-4.218750	-40.242114	2.566029	4.035246	
392	-4.236235	-40.234375	2.565485	4.041450	
393	-4.296875	-40.207238	2.563617	4.063105	
393	-4.236235	-40.234375	2.565485	4.041450	
394	-4.375000	-40.172959	2.561329	4.090415	
394	-4.296875	-40.207238	2.563617	4.063105	
395	-4.218750	-40.242114	2.566029	4.035246	
395	-4.140625	-40.277535	2.568566	4.006877	
396	-4.140625	-40.277535	2.568566	4.006877	
396	-4.064853	-40.312500	2.571156	3.978813	
397	-4.375000	-40.172959	2.561329	4.090415	
397	-4.413927	-40.156250	2.560243	4.103720	
398	-4.531250	-40.106114	2.557111	4.143446	
398	-4.453125	-40.139249	2.559161	4.117197	
399	-4.453125	-40.139249	2.559161	4.117197	
399	-4.413927	-40.156250	2.560243	4.103720	
400	-4.531250	-40.106114	2.557111	4.143446	
400	-4.598547	-40.078125	2.555440	4.165567	
401	-4.609375	-40.073578	2.555174	4.169145	
401	-4.598547	-40.078125	2.555440	4.165567	
402	-4.687500	-40.041589	2.553347	4.194329	
402	-4.609375	-40.073578	2.555174	4.169145	
403	-4.765625	-40.010212	2.551629	4.218954	
403	-4.687500	-40.041589	2.553347	4.194329	
404	-4.765625	-40.010212	2.551629	4.218954	
404	-4.791665	-40.000000	2.551084	4.226964	
405	-18.546954	-50.000000	0.285840	-4.017289	
405	-18.515625	-49.964495	0.291810	-3.985585	
406	-18.515625	-49.964495	0.291810	-3.985585	
406	-18.463385	-49.921875	0.300191	-3.944802	
407	-18.463385	-49.921875	0.300191	-3.944802	
407	-18.437500	-49.899022	0.304982	-3.923045	
408	-18.359375	-49.851588	0.316865	-3.873038	
408	-18.337869	-49.843750	0.319394	-3.863036	
409	-18.437500	-49.899022	0.304982	-3.923045	
409	-18.359375	-49.851588	0.316865	-3.873038	
410	-18.281250	-49.818684	0.327321	-3.833054	
410	-18.203125	-49.803916	0.335096	-3.805712	
411	-18.203125	-49.803916	0.335096	-3.805712	
411	-18.125000	-49.811596	0.338741	-3.793813	
412	-18.337869	-49.843750	0.319394	-3.863036	
412	-18.281250	-49.818684	0.327321	-3.833054	
413	-17.981276	-50.000000	0.303524	-3.886924	
413	-18.003234	-49.921875	0.321773	-3.840881	
414	-18.046875	-49.856265	0.334294	-3.806837	
414	-18.003234	-49.921875	0.321773	-3.840881	
415	-18.064466	-49.843750	0.335857	-3.802365	
415	-18.046875	-49.856265	0.334294	-3.806837	
416	-18.125000	-49.811596	0.338741	-3.793813	
416	-18.064466	-49.843750	0.335857	-3.802365	
417	-18.437500	-43.299055	1.395786	0.954461	
417	-18.420796	-43.281250	1.399958	0.969975	
418	-18.420796	-43.281250	1.399958	0.969975	
418	-18.359572	-43.203125	1.416642	1.035000	
419	-18.359375	-43.202820	1.416703	1.035244	
419	-18.320546	-43.125000	1.430905	1.094874	
420	-18.359572	-43.203125	1.416642	1.035000	
420	-18.359375	-43.202820	1.416703	1.035244	
421	-18.750000	-43.407615	1.353076	0.812143	
421	-18.671875	-43.407321	1.359151	0.830317	
422	-18.671875	-43.407321	1.359151	0.830317	
422	-18.593750	-43.390779	1.368223	0.858950	
423	-18.593750	-43.390779	1.368223	0.858950	
423	-18.525236	-43.359375	1.379092	0.895157	
424	-18.515625	-43.355302	1.380489	0.899951	
424	-18.437500	-43.299055	1.395786	0.954461	
425	-18.525236	-43.359375	1.379092	0.895157	
425	-18.515625	-43.355302	1.380489	0.899951	
426	-18.125000	-42.530745	1.533145	1.456689	
426	-18.072506	-42.500000	1.547635	1.484837	
427	-18.320546	-43.125000	1.430905	1.094874	
427	-18.298945	-43.046875	1.443216	1.150667	
428	-18.298945	-43.046875	1.443216	1.150667	
428	-18.291519	-42.968750	1.453780	1.202933	
429	-18.291519	-42.968750	1.453780	1.202933	
429	-18.295605	-42.890625	1.462594	1.251815	
430	-18.295605	-42.890625	1.462594	1.251815	
430	-18.310545	-42.812500	1.469393	1.296702	
431	-18.310545	-42.812500	1.469393	1.296702	
431	-18.348389	-42.734375	1.473365	1.335227	
432	-18.359375	-42.717869	1.473734	1.342285	
432	-18.348389	-42.734375	1.473365	1.335227	
433	-18.383395	-42.656250	1.473877	1.362032	
433	-18.359375	-42.717869	1.473734	1.342285	
434	-18.281250	-42.612136	1.492355	1.386798	
434	-18.214185	-42.578125	1.509447	1.414063	
435	-18.203125	-42.571590	1.512544	1.419353	
435	-18.125000	-42.530745	1.533145	1.456689	
436	-18.214185	-42.578125	1.509447	1.414063	
436	-18.203125	-42.571590	1.512544	1.419353	
437	-18.383395	-42.656250	1.473877	1.362032	
437	-18.359375	-42.642119	1.476986	1.366322	
438	-18.359375	-42.642119	1.476986	1.366322	
438	-18.281250	-42.612136	1.492355	1.386798	
439	-18.750000	-42.609991	1.588918	1.272384	
439	-18.671875	-42.585333	1.605916	1.294479	
440	-18.671875	-42.585333	1.605916	1.294479	
440	-18.613889	-42.578125	1.613844	1.301733	
441	-18.613889	-42.578125	1.613844	1.301733	
441	-18.660593	-42.500000	1.613342	1.320734	
442	-18.984375	-43.284441	1.362545	0.835436	
442	-18.906250	-43.353163	1.352662	0.810583	
443	-18.984375	-43.284441	1.362545	0.835436	
443	-18.986980	-43.281250	1.363110	0.836815	
444	-18.828125	-43.390960	1.350469	0.804736	
444	-18.894188	-43.359375	1.352251	0.809507	
445	-18.828125	-43.390960	1.350469	0.804736	
445	-18.750000	-43.407615	1.353076	0.812143	
446	-18.906250	-43.353163	1.352662	0.810583	
446	-18.894188	-43.359375	1.352251	0.809507	
447	-18.986980	-43.281250	1.363110	0.836815	
447	-19.035081	-43.203125	1.378759	0.873863	
448	-19.035081	-43.203125	1.378759	0.873863	
448	-19.059242	-43.125000	1.397420	0.915912	
449	-19.062500	-43.087034	1.407642	0.938205	
449	-19.059242	-43.125000	1.397420	0.915912	
450	-19.062500	-43.021401	1.426196	0.977560	
450	-19.057205	-42.968750	1.441900	1.009888	
451	-19.057205	-42.968750	1.441900	1.009888	
451	-19.034801	-42.890625	1.467385	1.060652	
452	-19.034801	-42.890625	1.467385	1.060652	
452	-18.991486	-42.812500	1.496064	1.115418	
453	-18.991486	-42.812500	1.496064	1.115418	
453	-18.984375	-42.804506	1.499408	1.121645	
454	-18.984375	-42.804506	1.499408	1.121645	
454	-18.930424	-42.734375	1.527435	1.172439	
455	-18.930424	-42.734375	1.527435	1.172439	
455	-18.906250	-42.714911	1.536623	1.188506	
456	-18.906250	-42.714911	1.536623	1.188506	
456	-18.828891	-42.656250	1.564772	1.235581	
457	-18.828891	-42.656250	1.564772	1.235581	
457	-18.828125	-42.655810	1.565011	1.235963	
458	-18.828125	-42.655810	1.565011	1.235963	
458	-18.750000	-42.609991	1.588918	1.272384	
459	-17.500000	-41.984217	1.732569	1.928691	
459	-17.464831	-41.953125	1.742642	1.956402	
460	-17.421875	-41.910940	1.755734	1.992922	
460	-17.380641	-41.875000	1.767096	2.025079	
461	-17.464831	-41.953125	1.742642	1.956402	
461	-17.421875	-41.910940	1.755734	1.992922	
462	-16.875000	-41.433102	1.893997	2.416073	
462	-16.844863	-41.406250	1.900949	2.439332	
463	-16.718750	-41.284062	1.931038	2.542378	
463	-16.684977	-41.250000	1.939098	2.570645	
464	-16.844863	-41.406250	1.900949	2.439332	
464	-16.796875	-41.360681	1.912394	2.478071	
465	-16.796875	-41.360681	1.912394	2.478071	
465	-16.762345	-41.328125	1.920457	2.505700	
466	-16.762345	-41.328125	1.920457	2.505700	
466	-16.718750	-41.284062	1.931038	2.542378	
467	-17.380641	-41.875000	1.767096	2.025079	
467	-17.343750	-41.839935	1.777771	2.055691	
468	-17.343750	-41.839935	1.777771	2.055691	
468	-17.293616	-41.796875	1.791049	2.094318	
469	-17.265625	-41.771015	1.798758	2.117027	
469	-17.204155	-41.718750	1.814450	2.163912	
470	-17.293616	-41.796875	1.791049	2.094318	
470	-17.265625	-41.771015	1.798758	2.117027	
471	-17.204155	-41.718750	1.814450	2.163912	
471	-17.187500	-41.703662	1.818841	2.177192	
472	-17.031250	-41.570346	1.857086	2.295943	
472	-17.021715	-41.562500	1.859292	2.302967	
473	-17.187500	-41.703662	1.818841	2.177192	
473	-17.113236	-41.640625	1.837217	2.233548	
474	-17.109375	-41.637154	1.838200	2.236598	
474	-17.031250	-41.570346	1.857086	2.295943	
475	-17.113236	-41.640625	1.837217	2.233548	
475	-17.109375	-41.637154	1.838200	2.236598	
476	-17.021715	-41.562500	1.859292	2.302967	
476	-16.953125	-41.502617	1.875629	2.355593	
477	-16.953125	-41.502617	1.875629	2.355593	
477	-16.931700	-41.484375	1.880557	2.371681	
478	-16.931700	-41.484375	1.880557	2.371681	
478	-16.875000	-41.433102	1.893997	2.416073	
479	-16.250000	-40.536066	2.077479	3.096942	
479	-16.232425	-40.468750	2.088328	3.140950	
480	-16.232425	-40.468750	2.088328	3.140950	
480	-16.217682	-40.390625	2.100528	3.190755	
481	-16.217682	-40.390625	2.100528	3.190755	
481	-16.208447	-40.312500	2.112349	3.239282	
482	-16.208447	-40.312500	2.112349	3.239282	
482	-16.204592	-40.234375	2.123812	3.286543	
483	-16.204592	-40.234375	2.123812	3.286543	
483	-16.206090	-40.156250	2.134932	3.332531	
484	-16.206090	-40.156250	2.134932	3.332531	
484	-16.213049	-40.078125	2.145717	3.377214	
485	-16.213049	-40.078125	2.145717	3.377214	
485	-16.225782	-40.000000	2.156163	3.420529	
486	-16.684977	-41.250000	1.939098	2.570645	
486	-16.640625	-41.201657	1.950179	2.609960	
487	-16.640625	-41.201657	1.950179	2.609960	
487	-16.613303	-41.171875	1.956908	2.634094	
488	-16.613303	-41.171875	1.956908	2.634094	
488	-16.562500	-41.111398	1.970127	2.682067	
489	-16.562500	-41.111398	1.970127	2.682067	
489	-16.547669	-41.093750	1.973933	2.696017	
490	-16.547669	-41.093750	1.973933	2.696017	
490	-16.488154	-41.015625	1.990230	2.756432	
491	-16.484375	-41.010139	1.991341	2.760589	
491	-16.434131	-40.937500	2.005882	2.815477	
492	-16.488154	-41.015625	1.990230	2.756432	
492	-16.484375	-41.010139	1.991341	2.760589	
493	-16.434131	-40.937500	2.005882	2.815477	
493	-16.406250	-40.891628	2.014736	2.849305	
494	-16.406250	-40.891628	2.014736	2.849305	
494	-16.386435	-40.859375	2.020900	2.873036	
495	-16.386435	-40.859375	2.020900	2.873036	
495	-16.344530	-40.781250	2.035353	2.929224	
496	-16.344530	-40.781250	2.035353	2.929224	
496	-16.328125	-40.745516	2.041753	2.954340	
497	-16.328125	-40.745516	2.041753	2.954340	
497	-16.308195	-40.703125	2.049289	2.984095	
498	-16.308195	-40.703125	2.049289	2.984095	
498	-16.277382	-40.625000	2.062745	3.037669	
499	-16.277382	-40.625000	2.062745	3.037669	
499	-16.252682	-40.546875	2.075728	3.089867	
500	-16.252682	-40.546875	2.075728	3.089867	
500	-16.250000	-40.536066	2.077479	3.096942	
501	-18.750000	-42.210181	1.642095	1.474877	
501	-18.755567	-42.187500	1.645452	1.488232	
502	-18.755567	-42.187500	1.645452	1.488232	
502	-18.766376	-42.109375	1.658064	1.535980	
503	-18.766376	-42.109375	1.658064	1.535980	
503	-18.773401	-42.031250	1.671811	1.584854	
504	-18.773401	-42.031250	1.671811	1.584854	
504	-18.778473	-41.953125	1.686451	1.634376	
505	-18.778473	-41.953125	1.686451	1.634376	
505	-18.782924	-41.875000	1.701784	1.684169	
506	-18.782924	-41.875000	1.701784	1.684169	
506	-18.787902	-41.796875	1.717638	1.733899	
507	-18.787902	-41.796875	1.717638	1.733899	
507	-18.794451	-41.718750	1.733856	1.783261	
508	-18.794451	-41.718750	1.733856	1.783261	
508	-18.803510	-41.640625	1.750295	1.831971	
509	-18.803510	-41.640625	1.750295	1.831971	
509	-18.815892	-41.562500	1.766832	1.879775	
510	-18.828125	-41.502789	1.779462	1.915538	
510	-18.832332	-41.484375	1.783355	1.926436	
511	-18.828125	-41.502789	1.779462	1.915538	
511	-18.815892	-41.562500	1.766832	1.879775	
512	-18.832332	-41.484375	1.783355	1.926436	
512	-18.853315	-41.406250	1.799772	1.971768	
513	-18.853315	-41.406250	1.799772	1.971768	
513	-18.878673	-41.328125	1.816055	2.015739	
514	-18.906250	-41.255406	1.831054	2.055374	
514	-18.878673	-41.328125	1.816055	2.015739	
515	-18.906250	-41.255406	1.831054	2.055374	
515	-18.908436	-41.250000	1.832164	2.058273	
516	-18.671875	-42.458370	1.615051	1.339076	
516	-18.697945	-42.421875	1.617273	1.355948	
517	-18.671875	-42.458370	1.615051	1.339076	
517	-18.660593	-42.500000	1.613342	1.320734	
518	-18.697945	-42.421875	1.617273	1.355948	
518	-18.725113	-42.343750	1.624513	1.397010	
519	-18.725113	-42.343750	1.624513	1.397010	
519	-18.741897	-42.265625	1.634147	1.441713	
520	-18.750000	-42.210181	1.642095	1.474877	
520	-18.741897	-42.265625	1.634147	1.441713	
521	-18.072506	-42.500000	1.547635	1.484837	
521	-18.046875	-42.479170	1.556102	1.501903	
522	-18.046875	-42.479170	1.556102	1.501903	
522	-17.968750	-42.421971	1.579963	1.552110	
523	-17.968750	-42.421971	1.579963	1.552110	
523	-17.968600	-42.421875	1.580005	1.552201	
524	-17.890625	-42.356828	1.605206	1.608227	
524	-17.872890	-42.343750	1.610416	1.620157	
525	-17.968600	-42.421875	1.580005	1.552201	
525	-17.890625	-42.356828	1.605206	1.608227	
526	-17.872890	-42.343750	1.610416	1.620157	
526	-17.812500	-42.286275	1.631118	1.668651	
527	-17.812500	-42.286275	1.631118	1.668651	
527	-17.787071	-42.265625	1.638830	1.687144	
528	-17.734375	-42.212051	1.657223	1.732140	
528	-17.705844	-42.187500	1.665960	1.753940	
529	-17.787071	-42.265625	1.638830	1.687144	
529	-17.734375	-42.212051	1.657223	1.732140	
530	-17.705844	-42.187500	1.665960	1.753940	
530	-17.656250	-42.135886	1.683084	1.797439	
531	-17.656250	-42.135886	1.683084	1.797439	
531	-17.626295	-42.109375	1.692172	1.820932	
532	-17.578125	-42.059482	1.708299	1.863302	
532	-17.546429	-42.031250	1.717689	1.888368	
533	-17.626295	-42.109375	1.692172	1.820932	
533	-17.578125	-42.059482	1.708299	1.863302	
534	-17.546429	-42.031250	1.717689	1.888368	
534	-17.500000	-41.984217	1.732569	1.928691	
535	-19.062500	-40.939437	1.894515	2.213782	
535	-19.063584	-40.937500	1.894899	2.214693	
536	-18.908436	-41.250000	1.832164	2.058273	
536	-18.942595	-41.171875	1.848059	2.099303	
537	-18.942595	-41.171875	1.848059	2.099303	
537	-18.980146	-41.093750	1.863803	2.139010	
538	-18.984375	-41.085422	1.865469	2.143156	
538	-19.020910	-41.015625	1.879381	2.177380	
539	-18.984375	-41.085422	1.865469	2.143156	
539	-18.980146	-41.093750	1.863803	2.139010	
540	-19.062500	-40.939437	1.894515	2.213782	
540	-19.020910	-41.015625	1.879381	2.177380	
541	-19.063584	-40.937500	1.894899	2.214693	
541	-19.107905	-40.859375	1.910359	2.250977	
542	-19.140625	-40.801926	1.921781	2.277225	
542	-19.107905	-40.859375	1.910359	2.250977	
543	-19.140625	-40.801926	1.921781	2.277225	
543	-19.152548	-40.781250	1.925888	2.286548	
544	-19.152548	-40.781250	1.925888	2.286548	
544	-19.197080	-40.703125	1.941524	2.321502	
545	-19.218750	-40.664182	1.949414	2.338823	
545	-19.197080	-40.703125	1.941524	2.321502	
546	-19.218750	-40.664182	1.949414	2.338823	
546	-19.240675	-40.625000	1.957356	2.356053	
547	-19.240675	-40.625000	1.957356	2.356053	
547	-19.282701	-40.546875	1.973460	2.390372	
548	-19.296875	-40.519244	1.979262	2.402543	
548	-19.282701	-40.546875	1.973460	2.390372	
549	-19.296875	-40.519244	1.979262	2.402543	
549	-19.322883	-40.468750	1.989870	2.424542	
550	-19.322883	-40.468750	1.989870	2.424542	
550	-19.360504	-40.390625	2.006687	2.458773	
551	-19.375000	-40.358172	2.013848	2.473121	
551	-19.360504	-40.390625	2.006687	2.458773	
552	-19.375000	-40.358172	2.013848	2.473121	
552	-19.395551	-40.312500	2.023919	2.493082	
553	-19.395551	-40.312500	2.023919	2.493082	
553	-19.427598	-40.234375	2.041636	2.527605	
554	-19.453125	-40.164387	2.058022	2.558909	
554	-19.427598	-40.234375	2.041636	2.527605	
555	-19.453125	-40.164387	2.058022	2.558909	
555	-19.456137	-40.156250	2.059923	2.562503	
556	-19.456137	-40.156250	2.059923	2.562503	
556	-19.481887	-40.078125	2.078680	2.597582	
557	-19.481887	-40.078125	2.078680	2.597582	
557	-19.503802	-40.000000	2.098079	2.633159	
558	-32.343750	-40.666674	-2.988850	-1.057186	
558	-32.280779	-40.625000	-2.946902	-1.036199	
559	-32.500000	-40.736246	-3.071099	-1.083700	
559	-32.421875	-40.703284	-3.033951	-1.075012	
560	-32.421875	-40.703284	-3.033951	-1.075012	
560	-32.421521	-40.703125	-3.033760	-1.074951	
561	-32.421521	-40.703125	-3.033760	-1.074951	
561	-32.343750	-40.666674	-2.988850	-1.057186	
562	-32.280779	-40.625000	-2.946902	-1.036199	
562	-32.265625	-40.610629	-2.935329	-1.029822	
563	-32.265625	-40.610629	-2.935329	-1.029822	
563	-32.196596	-40.546875	-2.881752	-0.997528	
564	-32.196596	-40.546875	-2.881752	-0.997528	
564	-32.187500	-40.533431	-2.872972	-0.991836	
565	-32.187500	-40.533431	-2.872972	-0.991836	
565	-32.135618	-40.468750	-2.826184	-0.959785	
566	-32.135618	-40.468750	-2.826184	-0.959785	
566	-32.109375	-40.415031	-2.794950	-0.936844	
567	-32.109375	-40.415031	-2.794950	-0.936844	
567	-32.094534	-40.390625	-2.779285	-0.924888	
568	-32.094534	-40.390625	-2.779285	-0.924888	
568	-32.066043	-40.312500	-2.737701	-0.891685	
569	-32.066043	-40.312500	-2.737701	-0.891685	
569	-32.052536	-40.234375	-2.702454	-0.861805	
570	-32.052536	-40.234375	-2.702454	-0.861805	
570	-32.053077	-40.156250	-2.672896	-0.835377	
571	-32.053077	-40.156250	-2.672896	-0.835377	
571	-32.071074	-40.078125	-2.650135	-0.813962	
572	-32.109375	-40.008151	-2.637961	-0.801941	
572	-32.071074	-40.078125	-2.650135	-0.813962	
573	-32.115668	-40.000000	-2.637191	-0.801156	
573	-32.109375	-40.008151	-2.637961	-0.801941	
574	-32.968750	-41.265883	-3.242430	-1.413981	
574	-32.929832	-41.250000	-3.226705	-1.392065	
575	-33.046875	-41.276775	-3.268495	-1.448227	
575	-32.968750	-41.265883	-3.242430	-1.413981	
576	-33.125000	-41.267582	-3.289454	-1.473827	
576	-33.046875	-41.276775	-3.268495	-1.448227	
577	-33.125000	-41.267582	-3.289454	-1.473827	
577	-33.169069	-41.250000	-3.297496	-1.483119	
578	-33.281250	-41.155759	-3.302072	-1.488519	
578	-33.313218	-41.093750	-3.290787	-1.477799	
579	-33.203125	-41.233862	-3.303226	-1.489490	
579	-33.270550	-41.171875	-3.304191	-1.490617	
580	-33.203125	-41.233862	-3.303226	-1.489490	
580	-33.169069	-41.250000	-3.297496	-1.483119	
581	-33.281250	-41.155759	-3.302072	-1.488519	
581	-33.270550	-41.171875	-3.304191	-1.490617	
582	-33.313218	-41.093750	-3.290787	-1.477799	
582	-33.330153	-41.015625	-3.267670	-1.457188	
583	-33.330153	-41.015625	-3.267670	-1.457188	
583	-33.328863	-40.937500	-3.237206	-1.431853	
584	-33.328863	-40.937500	-3.237206	-1.431853	
584	-33.311328	-40.859375	-3.199870	-1.402979	
585	-33.311328	-40.859375	-3.199870	-1.402979	
585	-33.281250	-40.796094	-3.162476	-1.376142	
586	-33.281250	-40.796094	-3.162476	-1.376142	
586	-33.275680	-40.781250	-3.154551	-1.370708	
587	-33.275680	-40.781250	-3.154551	-1.370708	
587	-33.223532	-40.703125	-3.102217	-1.337024	
588	-33.203125	-40.683507	-3.085620	-1.327163	
588	-33.141572	-40.625000	-3.037049	-1.300776	
589	-33.223532	-40.703125	-3.102217	-1.337024	
589	-33.203125	-40.683507	-3.085620	-1.327163	
590	-32.929832	-41.250000	-3.226705	-1.392065	
590	-32.890625	-41.237338	-3.212852	-1.371927	
591	-32.890625	-41.237338	-3.212852	-1.371927	
591	-32.812500	-41.189202	-3.180272	-1.321086	
592	-32.812500	-41.189202	-3.180272	-1.321086	
592	-32.794649	-41.171875	-3.171492	-1.306398	
593	-32.734375	-41.115217	-3.145050	-1.258779	
593	-32.718708	-41.093750	-3.137116	-1.243202	
594	-32.794649	-41.171875	-3.171492	-1.306398	
594	-32.734375	-41.115217	-3.145050	-1.258779	
595	-32.656250	-40.992923	-3.107771	-1.176192	
595	-32.630946	-40.937500	-3.097423	-1.144569	
596	-32.718708	-41.093750	-3.137116	-1.243202	
596	-32.668010	-41.015625	-3.113165	-1.190178	
597	-32.668010	-41.015625	-3.113165	-1.190178	
597	-32.656250	-40.992923	-3.107771	-1.176192	
598	-32.630946	-40.937500	-3.097423	-1.144569	
598	-32.606013	-40.859375	-3.090115	-1.107785	
599	-32.606013	-40.859375	-3.090115	-1.107785	
599	-32.588449	-40.781250	-3.091616	-1.084323	
600	-32.588449	-40.781250	-3.091616	-1.084323	
600	-32.578125	-40.766374	-3.091814	-1.082917	
601	-32.578125	-40.766374	-3.091814	-1.082917	
601	-32.500000	-40.736246	-3.071099	-1.083700	
602	-33.125000	-40.613764	-3.025586	-1.295142	
602	-33.046875	-40.566684	-2.975499	-1.273794	
603	-33.046875	-40.566684	-2.975499	-1.273794	
603	-32.995204	-40.546875	-2.947532	-1.264932	
604	-32.995204	-40.546875	-2.947532	-1.264932	
604	-32.968750	-40.535828	-2.934450	-1.261894	
605	-32.890625	-40.506824	-2.905495	-1.259692	
605	-32.849873	-40.468750	-2.901147	-1.257333	
606	-32.968750	-40.535828	-2.934450	-1.261894	
606	-32.890625	-40.506824	-2.905495	-1.259692	
607	-32.849873	-40.468750	-2.901147	-1.257333	
607	-32.825795	-40.390625	-2.900985	-1.232075	
608	-32.825795	-40.390625	-2.900985	-1.232075	
608	-32.812500	-40.351281	-2.897523	-1.214144	
609	-32.812500	-40.351281	-2.897523	-1.214144	
609	-32.801861	-40.312500	-2.892119	-1.194855	
610	-32.801861	-40.312500	-2.892119	-1.194855	
610	-32.768987	-40.234375	-2.875307	-1.150585	
611	-32.734375	-40.174045	-2.857096	-1.112010	
611	-32.720570	-40.156250	-2.850567	-1.099392	
612	-32.768987	-40.234375	-2.875307	-1.150585	
612	-32.734375	-40.174045	-2.857096	-1.112010	
613	-32.578125	-40.006883	-2.778470	-0.980906	
613	-32.565283	-40.000000	-2.773204	-0.973221	
614	-32.656250	-40.076790	-2.817119	-1.040727	
614	-32.578125	-40.006883	-2.778470	-0.980906	
615	-32.720570	-40.156250	-2.850567	-1.099392	
615	-32.657300	-40.078125	-2.817723	-1.041718	
616	-32.657300	-40.078125	-2.817723	-1.041718	
616	-32.656250	-40.076790	-2.817119	-1.040727	
617	-33.141572	-40.625000	-3.037049	-1.300776	
617	-33.125000	-40.613764	-3.025586	-1.295142	
618	-32.565283	-40.000000	-2.773204	-0.973221	
618	-32.500000	-39.956795	-2.742213	-0.929781	
619	-32.500000	-39.956795	-2.742213	-0.929781	
619	-32.421875	-39.926990	-2.710197	-0.887689	
620	-32.421875	-39.926990	-2.710197	-0.887689	
620	-32.391124	-39.921875	-2.699385	-0.874039	
621	-32.391124	-39.921875	-2.699385	-0.874039	
621	-32.343750	-39.911429	-2.681175	-0.851674	
622	-32.240858	-39.921875	-2.651790	-0.817282	
622	-32.187500	-39.940644	-2.640513	-0.804759	
623	-32.265625	-39.914411	-2.657245	-0.823496	
623	-32.240858	-39.921875	-2.651790	-0.817282	
624	-32.343750	-39.911429	-2.681175	-0.851674	
624	-32.265625	-39.914411	-2.657245	-0.823496	
625	-32.187500	-39.940644	-2.640513	-0.804759	
625	-32.115668	-40.000000	-2.637191	-0.801156	
626	-31.250000	-38.113773	-1.650084	0.329314	
626	-31.171875	-38.115090	-1.626230	0.357204	
627	-31.171875	-38.115090	-1.626230	0.357204	
627	-31.093750	-38.079366	-1.593446	0.399743	
628	-31.093750	-38.079366	-1.593446	0.399743	
628	-31.067993	-38.046875	-1.577558	0.422543	
629	-31.067993	-38.046875	-1.577558	0.422543	
629	-31.018886	-37.968750	-1.548665	0.470883	
630	-31.018886	-37.968750	-1.548665	0.470883	
630	-31.015625	-37.960463	-1.546531	0.475162	
631	-31.015625	-37.960463	-1.546531	0.475162	
631	-30.987505	-37.890625	-1.534722	0.505301	
632	-30.987505	-37.890625	-1.534722	0.505301	
632	-30.937500	-37.850243	-1.521730	0.514669	
633	-30.937500	-37.850243	-1.521730	0.514669	
633	-30.860321	-37.812500	-1.482554	0.532238	
634	-30.860321	-37.812500	-1.482554	0.532238	
634	-30.859375	-37.811773	-1.481942	0.532570	
635	-30.859375	-37.811773	-1.481942	0.532570	
635	-30.781250	-37.745992	-1.426390	0.567398	
636	-30.781250	-37.745992	-1.426390	0.567398	
636	-30.768354	-37.734375	-1.416647	0.574292	
637	-30.768354	-37.734375	-1.416647	0.574292	
637	-30.734242	-37.656250	-1.374298	0.606648	
638	-30.734242	-37.656250	-1.374298	0.606648	
638	-30.738072	-37.578125	-1.347516	0.629336	
639	-30.781250	-37.505400	-1.337689	0.638344	
639	-30.738072	-37.578125	-1.347516	0.629336	
640	-30.786744	-37.500000	-1.337772	0.638261	
640	-30.781250	-37.505400	-1.337689	0.638344	
641	-31.250000	-37.754916	-1.513806	0.427909	
641	-31.196903	-37.734375	-1.486276	0.440656	
642	-31.171875	-37.723655	-1.475371	0.444211	
642	-31.122237	-37.656250	-1.462072	0.459933	
643	-31.196903	-37.734375	-1.486276	0.440656	
643	-31.171875	-37.723655	-1.475371	0.444211	
644	-31.093750	-37.593212	-1.448977	0.490029	
644	-31.084574	-37.578125	-1.444245	0.498812	
645	-31.084574	-37.578125	-1.444245	0.498812	
645	-31.020310	-37.500000	-1.409595	0.552440	
646	-31.122237	-37.656250	-1.462072	0.459933	
646	-31.093750	-37.593212	-1.448977	0.490029	
647	-31.328125	-38.063583	-1.658866	0.319817	
647	-31.341217	-38.046875	-1.657552	0.321118	
648	-31.328125	-38.063583	-1.658866	0.319817	
648	-31.250000	-38.113773	-1.650084	0.329314	
649	-31.341217	-38.046875	-1.657552	0.321118	
649	-31.371524	-37.968750	-1.640477	0.336962	
650	-31.371524	-37.968750	-1.640477	0.336962	
650	-31.366422	-37.890625	-1.610043	0.362658	
651	-31.328125	-37.826209	-1.570827	0.392219	
651	-31.322937	-37.812500	-1.564037	0.396950	
652	-31.366422	-37.890625	-1.610043	0.362658	
652	-31.328125	-37.826209	-1.570827	0.392219	
653	-31.322937	-37.812500	-1.564037	0.396950	
653	-31.250000	-37.754916	-1.513806	0.427909	
654	-31.020310	-37.500000	-1.409595	0.552440	
654	-31.015625	-37.494480	-1.406716	0.556398	
655	-31.015625	-37.494480	-1.406716	0.556398	
655	-30.937500	-37.455961	-1.372609	0.599773	
656	-30.937500	-37.455961	-1.372609	0.599773	
656	-30.859375	-37.458209	-1.348433	0.627168	
657	-30.859375	-37.458209	-1.348433	0.627168	
657	-30.786744	-37.500000	-1.337772	0.638261	
658	-38.671875	-33.627687	-4.340980	0.361123	
658	-38.615893	-33.593750	-4.313467	0.392152	
659	-38.750000	-33.656645	-4.376603	0.323730	
659	-38.671875	-33.627687	-4.340980	0.361123	
660	-38.593750	-33.581894	-4.303744	0.403651	
660	-38.515625	-33.516657	-4.265848	0.451885	
661	-38.515625	-33.516657	-4.265848	0.451885	
661	-38.514709	-33.515625	-4.265368	0.452539	
662	-38.514709	-33.515625	-4.265368	0.452539	
662	-38.446322	-33.437500	-4.232896	0.500392	
663	-38.615893	-33.593750	-4.313467	0.392152	
663	-38.593750	-33.581894	-4.303744	0.403651	
664	-38.437500	-33.426879	-4.229156	0.506513	
664	-38.393506	-33.359375	-4.210102	0.541134	
665	-38.359375	-33.292184	-4.197260	0.570833	
665	-38.353790	-33.281250	-4.195681	0.575325	
666	-38.393506	-33.359375	-4.210102	0.541134	
666	-38.359375	-33.292184	-4.197260	0.570833	
667	-38.353790	-33.281250	-4.195681	0.575325	
667	-38.316242	-33.203125	-4.188974	0.603283	
668	-38.316242	-33.203125	-4.188974	0.603283	
668	-38.283610	-33.125000	-4.190123	0.621819	
669	-38.446322	-33.437500	-4.232896	0.500392	
669	-38.437500	-33.426879	-4.229156	0.506513	
670	-38.125000	-33.069114	-4.158851	0.614074	
670	-38.046875	-33.055795	-4.124215	0.613037	
671	-38.046875	-33.055795	-4.124215	0.613037	
671	-38.010255	-33.046875	-4.105419	0.614121	
672	-38.010255	-33.046875	-4.105419	0.614121	
672	-37.968750	-33.037568	-4.082639	0.616498	
673	-37.890625	-33.011599	-4.035622	0.624192	
673	-37.812500	-32.974379	-3.983449	0.636046	
674	-37.968750	-33.037568	-4.082639	0.616498	
674	-37.890625	-33.011599	-4.035622	0.624192	
675	-37.812500	-32.974379	-3.983449	0.636046	
675	-37.801875	-32.968750	-3.976014	0.637969	
676	-37.656250	-32.862987	-3.863524	0.672823	
676	-37.603476	-32.812500	-3.817920	0.689611	
677	-37.801875	-32.968750	-3.976014	0.637969	
677	-37.734375	-32.926137	-3.926331	0.652109	
678	-37.734375	-32.926137	-3.926331	0.652109	
678	-37.685635	-32.890625	-3.888285	0.664307	
679	-37.685635	-32.890625	-3.888285	0.664307	
679	-37.656250	-32.862987	-3.863524	0.672823	
680	-37.603476	-32.812500	-3.817920	0.689611	
680	-37.578125	-32.779596	-3.793470	0.699172	
681	-37.578125	-32.779596	-3.793470	0.699172	
681	-37.541241	-32.734375	-3.758051	0.713684	
682	-37.541241	-32.734375	-3.758051	0.713684	
682	-37.500000	-32.663648	-3.712216	0.733595	
683	-38.283610	-33.125000	-4.190123	0.621819	
683	-38.281250	-33.120839	-4.190358	0.622418	
684	-38.281250	-33.120839	-4.190358	0.622418	
684	-38.203125	-33.081050	-4.183322	0.619441	
685	-38.203125	-33.081050	-4.183322	0.619441	
685	-38.125000	-33.069114	-4.158851	0.614074	
686	-38.750000	-32.508257	-3.978142	0.337745	
686	-38.694107	-32.500000	-3.964337	0.332706	
687	-39.375000	-33.300459	-4.544505	0.178658	
687	-39.381695	-33.281250	-4.541940	0.180107	
688	-39.381695	-33.281250	-4.541940	0.180107	
688	-39.398248	-33.203125	-4.525620	0.189015	
689	-39.398248	-33.203125	-4.525620	0.189015	
689	-39.403597	-33.125000	-4.503300	0.200535	
690	-39.140625	-33.604855	-4.525312	0.193436	
690	-39.062500	-33.643556	-4.501352	0.211802	
691	-39.140625	-33.604855	-4.525312	0.193436	
691	-39.157358	-33.593750	-4.529688	0.190207	
692	-39.218750	-33.546803	-4.544402	0.179685	
692	-39.157358	-33.593750	-4.529688	0.190207	
693	-39.218750	-33.546803	-4.544402	0.179685	
693	-39.250730	-33.515625	-4.550210	0.175705	
694	-39.296875	-33.458794	-4.555123	0.172455	
694	-39.250730	-33.515625	-4.550210	0.175705	
695	-39.296875	-33.458794	-4.555123	0.172455	
695	-39.312036	-33.437500	-4.556049	0.171864	
696	-38.906250	-33.675180	-4.443166	0.260639	
696	-38.933772	-33.671875	-4.453574	0.251481	
697	-38.984375	-33.665947	-4.473549	0.234419	
697	-38.933772	-33.671875	-4.453574	0.251481	
698	-39.062500	-33.643556	-4.501352	0.211802	
698	-38.984375	-33.665947	-4.473549	0.234419	
699	-38.906250	-33.675180	-4.443166	0.260639	
699	-38.834177	-33.671875	-4.412982	0.288248	
700	-38.828125	-33.671648	-4.410569	0.290526	
700	-38.750000	-33.656645	-4.376603	0.323730	
701	-38.834177	-33.671875	-4.412982	0.288248	
701	-38.828125	-33.671648	-4.410569	0.290526	
702	-39.312036	-33.437500	-4.556049	0.171864	
702	-39.354288	-33.359375	-4.552744	0.173875	
703	-39.375000	-33.300459	-4.544505	0.178658	
703	-39.354288	-33.359375	-4.552744	0.173875	
704	-39.375000	-32.950891	-4.431074	0.234187	
704	-39.355148	-32.890625	-4.400885	0.246929	
705	-39.355148	-32.890625	-4.400885	0.246929	
705	-39.314334	-32.812500	-4.353019	0.265724	
706	-38.828125	-32.515509	-4.008285	0.341721	
706	-38.750000	-32.508257	-3.978142	0.337745	
707	-38.906250	-32.528543	-4.046787	0.341286	
707	-38.828125	-32.515509	-4.008285	0.341721	
708	-39.062500	-32.584997	-4.142575	0.327798	
708	-39.048057	-32.578125	-4.132789	0.329736	
709	-38.984375	-32.551121	-4.091769	0.336614	
709	-38.906250	-32.528543	-4.046787	0.341286	
710	-39.048057	-32.578125	-4.132789	0.329736	
710	-38.984375	-32.551121	-4.091769	0.336614	
711	-39.314334	-32.812500	-4.353019	0.265724	
711	-39.296875	-32.788884	-4.335478	0.272194	
712	-39.296875	-32.788884	-4.335478	0.272194	
712	-39.257521	-32.734375	-4.296433	0.285798	
713	-39.257521	-32.734375	-4.296433	0.285798	
713	-39.218750	-32.695907	-4.262399	0.296745	
714	-39.218750	-32.695907	-4.262399	0.296745	
714	-39.175853	-32.656250	-4.226398	0.307363	
715	-39.175853	-32.656250	-4.226398	0.307363	
715	-39.140625	-32.631035	-4.199032	0.314732	
716	-39.140625	-32.631035	-4.199032	0.314732	
716	-39.062500	-32.584997	-4.142575	0.327798	
717	-39.403597	-33.125000	-4.503300	0.200535	
717	-39.398276	-33.046875	-4.475149	0.214237	
718	-39.398276	-33.046875	-4.475149	0.214237	
718	-39.381639	-32.968750	-4.440671	0.229985	
719	-39.381639	-32.968750	-4.440671	0.229985	
719	-39.375000	-32.950891	-4.431074	0.234187	
720	-37.500000	-32.663648	-3.712216	0.733595	
720	-37.495234	-32.656250	-3.707079	0.735905	
721	-37.495234	-32.656250	-3.707079	0.735905	
721	-37.458596	-32.578125	-3.660985	0.757342	
722	-37.458596	-32.578125	-3.660985	0.757342	
722	-37.434476	-32.500000	-3.621913	0.776532	
723	-37.434476	-32.500000	-3.621913	0.776532	
723	-37.421875	-32.430086	-3.591904	0.791942	
724	-37.421875	-32.430086	-3.591904	0.791942	
724	-37.420116	-32.421875	-3.588172	0.793901	
725	-37.420116	-32.421875	-3.588172	0.793901	
725	-37.414281	-32.343750	-3.559000	0.809574	
726	-37.414281	-32.343750	-3.559000	0.809574	
726	-37.418849	-32.265625	-3.535481	0.822726	
727	-37.421875	-32.249537	-3.531800	0.824833	
727	-37.418849	-32.265625	-3.535481	0.822726	
728	-37.433504	-32.187500	-3.517303	0.833288	
728	-37.421875	-32.249537	-3.531800	0.824833	
729	-37.433504	-32.187500	-3.517303	0.833288	
729	-37.460559	-32.109375	-3.505635	0.840330	
730	-37.500000	-32.037669	-3.502483	0.842296	
730	-37.460559	-32.109375	-3.505635	0.840330	
731	-38.694107	-32.500000	-3.964337	0.332706	
731	-38.671875	-32.493202	-3.961480	0.330805	
732	-38.671875	-32.493202	-3.961480	0.330805	
732	-38.617674	-32.421875	-3.962973	0.339478	
733	-38.617674	-32.421875	-3.962973	0.339478	
733	-38.593750	-32.377982	-3.962241	0.351480	
734	-38.593750	-32.377982	-3.962241	0.351480	
734	-38.581201	-32.343750	-3.959949	0.362574	
735	-38.581201	-32.343750	-3.959949	0.362574	
735	-38.546182	-32.265625	-3.949085	0.392526	
736	-38.515625	-32.209982	-3.936591	0.417387	
736	-38.501660	-32.187500	-3.930381	0.428256	
737	-38.546182	-32.265625	-3.949085	0.392526	
737	-38.515625	-32.209982	-3.936591	0.417387	
738	-38.437500	-32.093835	-3.897820	0.477363	
738	-38.380483	-32.031250	-3.868178	0.515673	
739	-38.203125	-31.893547	-3.772604	0.619930	
739	-38.159644	-31.875000	-3.751009	0.640927	
740	-38.281250	-31.943529	-3.814292	0.577099	
740	-38.203125	-31.893547	-3.772604	0.619930	
741	-38.380483	-32.031250	-3.868178	0.515673	
741	-38.359375	-32.007713	-3.856038	0.530278	
742	-38.359375	-32.007713	-3.856038	0.530278	
742	-38.292077	-31.953125	-3.820607	0.570303	
743	-38.292077	-31.953125	-3.820607	0.570303	
743	-38.281250	-31.943529	-3.814292	0.577099	
744	-38.501660	-32.187500	-3.930381	0.428256	
744	-38.448481	-32.109375	-3.903895	0.468909	
745	-38.448481	-32.109375	-3.903895	0.468909	
745	-38.437500	-32.093835	-3.897820	0.477363	
746	-37.503943	-32.031250	-3.502389	0.842356	
746	-37.500000	-32.037669	-3.502483	0.842296	
747	-37.503943	-32.031250	-3.502389	0.842356	
747	-37.569028	-31.953125	-3.509934	0.837369	
748	-37.578125	-31.944532	-3.511712	0.836170	
748	-37.569028	-31.953125	-3.509934	0.837369	
749	-37.656250	-31.886084	-3.531560	0.822408	
749	-37.578125	-31.944532	-3.511712	0.836170	
750	-37.677247	-31.875000	-3.538294	0.817610	
750	-37.656250	-31.886084	-3.531560	0.822408	
751	-38.125000	-31.857519	-3.732207	0.658645	
751	-38.046875	-31.832567	-3.692940	0.694148	
752	-38.046875	-31.832567	-3.692940	0.694148	
752	-37.968750	-31.819412	-3.655594	0.726238	
753	-37.968750	-31.819412	-3.655594	0.726238	
753	-37.890625	-31.817095	-3.620193	0.755290	
754	-37.890625	-31.817095	-3.620193	0.755290	
754	-37.812500	-31.826132	-3.587162	0.781256	
755	-37.812500	-31.826132	-3.587162	0.781256	
755	-37.734375	-31.848260	-3.557283	0.803791	
756	-37.734375	-31.848260	-3.557283	0.803791	
756	-37.677247	-31.875000	-3.538294	0.817610	
757	-38.159644	-31.875000	-3.751009	0.640927	
757	-38.125000	-31.857519	-3.732207	0.658645	
758	-20.000000	-34.742450	3.325082	4.889475	
758	-20.034678	-34.687500	3.334214	4.904357	
759	-20.078125	-34.618290	3.345734	4.922964	
759	-20.083810	-34.609375	3.347202	4.925320	
760	-20.078125	-34.618290	3.345734	4.922964	
760	-20.034678	-34.687500	3.334214	4.904357	
761	-20.083810	-34.609375	3.347202	4.925320	
761	-20.133286	-34.531250	3.360101	4.945905	
762	-20.156250	-34.494657	3.366168	4.955505	
762	-20.133286	-34.531250	3.360101	4.945905	
763	-20.156250	-34.494657	3.366168	4.955505	
763	-20.182671	-34.453125	3.372982	4.966228	
764	-20.182671	-34.453125	3.372982	4.966228	
764	-20.231769	-34.375000	3.385875	4.986344	
765	-20.312500	-34.245684	3.407225	5.019164	
765	-20.329347	-34.218750	3.411650	5.025893	
766	-20.329347	-34.218750	3.411650	5.025893	
766	-20.377332	-34.140625	3.424618	5.045466	
767	-20.390625	-34.118552	3.428323	5.051020	
767	-20.377332	-34.140625	3.424618	5.045466	
768	-20.390625	-34.118552	3.428323	5.051020	
768	-20.424764	-34.062500	3.437642	5.064914	
769	-20.234375	-34.370805	3.386572	4.987424	
769	-20.280856	-34.296875	3.398730	5.006178	
770	-20.234375	-34.370805	3.386572	4.987424	
770	-20.231769	-34.375000	3.385875	4.986344	
771	-20.312500	-34.245684	3.407225	5.019164	
771	-20.280856	-34.296875	3.398730	5.006178	
772	-20.468750	-33.988469	3.450122	5.083357	
772	-20.471211	-33.984375	3.450805	5.084362	
773	-20.471211	-33.984375	3.450805	5.084362	
773	-20.517105	-33.906250	3.464025	5.103691	
774	-20.468750	-33.988469	3.450122	5.083357	
774	-20.424764	-34.062500	3.437642	5.064914	
775	-20.546875	-33.854054	3.473004	5.116706	
775	-20.561843	-33.828125	3.477420	5.123076	
776	-20.546875	-33.854054	3.473004	5.116706	
776	-20.517105	-33.906250	3.464025	5.103691	
777	-20.561843	-33.828125	3.477420	5.123076	
777	-20.605637	-33.750000	3.490952	5.142462	
778	-20.625000	-33.714307	3.497247	5.151415	
778	-20.648322	-33.671875	3.504656	5.161901	
779	-20.648322	-33.671875	3.504656	5.161901	
779	-20.689767	-33.593750	3.518560	5.181434	
780	-20.703125	-33.567627	3.523301	5.188052	
780	-20.730109	-33.515625	3.532641	5.201028	
781	-20.703125	-33.567627	3.523301	5.188052	
781	-20.689767	-33.593750	3.518560	5.181434	
782	-20.730109	-33.515625	3.532641	5.201028	
782	-20.769027	-33.437500	3.546968	5.220781	
783	-20.781250	-33.411919	3.551757	5.227344	
783	-20.806779	-33.359375	3.561490	5.240622	
784	-20.806779	-33.359375	3.561490	5.240622	
784	-20.843051	-33.281250	3.576278	5.260648	
785	-20.781250	-33.411919	3.551757	5.227344	
785	-20.769027	-33.437500	3.546968	5.220781	
786	-20.859375	-33.244382	3.583409	5.270245	
786	-20.877994	-33.203125	3.591302	5.280820	
787	-20.859375	-33.244382	3.583409	5.270245	
787	-20.843051	-33.281250	3.576278	5.260648	
788	-20.877994	-33.203125	3.591302	5.280820	
788	-20.911547	-33.125000	3.606580	5.301161	
789	-20.625000	-33.714307	3.497247	5.151415	
789	-20.605637	-33.750000	3.490952	5.142462	
790	-20.937500	-33.061247	3.619324	5.318003	
790	-20.943479	-33.046875	3.622165	5.321742	
791	-20.943479	-33.046875	3.622165	5.321742	
791	-20.974271	-32.968750	3.637955	5.342429	
792	-20.974271	-32.968750	3.637955	5.342429	
792	-21.003311	-32.890625	3.654088	5.363404	
793	-21.015625	-32.855389	3.661525	5.373019	
793	-21.003311	-32.890625	3.654088	5.363404	
794	-21.015625	-32.855389	3.661525	5.373019	
794	-21.031006	-32.812500	3.670478	5.384552	
795	-20.937500	-33.061247	3.619324	5.318003	
795	-20.911547	-33.125000	3.606580	5.301161	
796	-21.031006	-32.812500	3.670478	5.384552	
796	-21.057284	-32.734375	3.687142	5.405900	
797	-21.057284	-32.734375	3.687142	5.405900	
797	-21.081862	-32.656250	3.704148	5.427532	
798	-21.093750	-32.615625	3.713177	5.438959	
798	-21.081862	-32.656250	3.704148	5.427532	
799	-21.093750	-32.615625	3.713177	5.438959	
799	-21.105060	-32.578125	3.721425	5.449361	
800	-21.105060	-32.578125	3.721425	5.449361	
800	-21.126901	-32.500000	3.738969	5.471383	
801	-21.250000	-31.856733	3.894976	5.661951	
801	-21.256918	-31.796875	3.910404	5.680381	
802	-21.256918	-31.796875	3.910404	5.680381	
802	-21.264573	-31.718750	3.930822	5.704681	
803	-21.264573	-31.718750	3.930822	5.704681	
803	-21.270950	-31.640625	3.951495	5.729183	
804	-21.270950	-31.640625	3.951495	5.729183	
804	-21.276109	-31.562500	3.972405	5.753873	
805	-21.276109	-31.562500	3.972405	5.753873	
805	-21.280120	-31.484375	3.993536	5.778734	
806	-21.280120	-31.484375	3.993536	5.778734	
806	-21.283059	-31.406250	4.014868	5.803746	
807	-21.283059	-31.406250	4.014868	5.803746	
807	-21.285013	-31.328125	4.036378	5.828888	
808	-21.285013	-31.328125	4.036378	5.828888	
808	-21.286084	-31.250000	4.058040	5.854135	
809	-21.126901	-32.500000	3.738969	5.471383	
809	-21.147108	-32.421875	3.756848	5.493681	
810	-21.147108	-32.421875	3.756848	5.493681	
810	-21.165716	-32.343750	3.775054	5.516250	
811	-21.171875	-32.315352	3.781802	5.524581	
811	-21.183055	-32.265625	3.793511	5.538996	
812	-21.171875	-32.315352	3.781802	5.524581	
812	-21.165716	-32.343750	3.775054	5.516250	
813	-21.183055	-32.265625	3.793511	5.538996	
813	-21.198998	-32.187500	3.812251	5.561959	
814	-21.198998	-32.187500	3.812251	5.561959	
814	-21.213420	-32.109375	3.831304	5.585179	
815	-21.213420	-32.109375	3.831304	5.585179	
815	-21.226362	-32.031250	3.850659	5.608646	
816	-21.226362	-32.031250	3.850659	5.608646	
816	-21.237867	-31.953125	3.870309	5.632350	
817	-21.237867	-31.953125	3.870309	5.632350	
817	-21.247980	-31.875000	3.890241	5.656282	
818	-21.250000	-31.856733	3.894976	5.661951	
818	-21.247980	-31.875000	3.890241	5.656282	
819	-21.286084	-31.250000	4.058040	5.854135	
819	-21.286389	-31.171875	4.079825	5.879458	
820	-21.286389	-31.171875	4.079825	5.879458	
820	-21.286065	-31.093750	4.101698	5.904821	
821	-21.286065	-31.093750	4.101698	5.904821	
821	-21.285269	-31.015625	4.123621	5.930185	
822	-21.285269	-31.015625	4.123621	5.930185	
822	-21.284186	-30.937500	4.145547	5.955503	
823	-21.284186	-30.937500	4.145547	5.955503	
823	-21.283033	-30.859375	4.167426	5.980721	
824	-21.283033	-30.859375	4.167426	5.980721	
824	-21.282055	-30.781250	4.189197	6.005776	
825	-21.282055	-30.781250	4.189197	6.005776	
825	-21.281540	-30.703125	4.210793	6.030596	
826	-21.281540	-30.703125	4.210793	6.030596	
826	-21.281810	-30.625000	4.232139	6.055098	
827	-21.281810	-30.625000	4.232139	6.055098	
827	-21.283233	-30.546875	4.253150	6.079190	
828	-21.283233	-30.546875	4.253150	6.079190	
828	-21.286213	-30.468750	4.273733	6.102770	
829	-21.286213	-30.468750	4.273733	6.102770	
829	-21.291196	-30.390625	4.293786	6.125725	
830	-21.291196	-30.390625	4.293786	6.125725	
830	-21.298663	-30.312500	4.313202	6.147932	
831	-21.298663	-30.312500	4.313202	6.147932	
831	-21.309119	-30.234375	4.331868	6.169263	
832	-21.309119	-30.234375	4.331868	6.169263	
832	-21.323087	-30.156250	4.349665	6.189585	
833	-21.328125	-30.133821	4.354526	6.195131	
833	-21.341020	-30.078125	4.366495	6.208782	
834	-21.328125	-30.133821	4.354526	6.195131	
834	-21.323087	-30.156250	4.349665	6.189585	
835	-21.341020	-30.078125	4.366495	6.208782	
835	-21.363398	-30.000000	4.382248	6.226731	
836	-27.500000	-28.189099	2.969572	4.959380	
836	-27.519983	-28.125000	2.981873	4.968891	
837	-27.519983	-28.125000	2.981873	4.968891	
837	-27.537742	-28.046875	2.999510	4.982435	
838	-27.537742	-28.046875	2.999510	4.982435	
838	-27.549529	-27.968750	3.019546	4.997711	
839	-27.549529	-27.968750	3.019546	4.997711	
839	-27.555901	-27.890625	3.041764	5.014537	
840	-27.555901	-27.890625	3.041764	5.014537	
840	-27.557237	-27.812500	3.066017	5.032790	
841	-27.557237	-27.812500	3.066017	5.032790	
841	-27.553737	-27.734375	3.092226	5.052400	
842	-27.553737	-27.734375	3.092226	5.052400	
842	-27.545433	-27.656250	3.120384	5.073351	
843	-27.545433	-27.656250	3.120384	5.073351	
843	-27.532185	-27.578125	3.150548	5.095680	
844	-27.532185	-27.578125	3.150548	5.095680	
844	-27.513685	-27.500000	3.182846	5.119476	
845	-26.562500	-28.757998	3.147691	5.114025	
845	-26.515140	-28.750000	3.167345	5.131467	
846	-26.640625	-28.765160	3.116952	5.086914	
846	-26.562500	-28.757998	3.147691	5.114025	
847	-26.718750	-28.766269	3.087852	5.061450	
847	-26.640625	-28.765160	3.116952	5.086914	
848	-26.796875	-28.761101	3.060472	5.037685	
848	-26.718750	-28.766269	3.087852	5.061450	
849	-26.796875	-28.761101	3.060472	5.037685	
849	-26.870104	-28.750000	3.036556	5.017095	
850	-26.171875	-28.635871	3.324040	5.273139	
850	-26.098242	-28.593750	3.362308	5.308366	
851	-26.250000	-28.671779	3.285821	5.238189	
851	-26.171875	-28.635871	3.324040	5.273139	
852	-26.093750	-28.591243	3.364612	5.310494	
852	-26.015625	-28.540100	3.406802	5.349599	
853	-26.015625	-28.540100	3.406802	5.349599	
853	-25.984026	-28.515625	3.424916	5.366467	
854	-25.984026	-28.515625	3.424916	5.366467	
854	-25.937500	-28.479057	3.451607	5.391402	
855	-26.098242	-28.593750	3.362308	5.308366	
855	-26.093750	-28.591243	3.364612	5.310494	
856	-25.937500	-28.479057	3.451607	5.391402	
856	-25.892131	-28.437500	3.479276	5.417350	
857	-25.892131	-28.437500	3.479276	5.417350	
857	-25.859375	-28.406189	3.499535	5.436411	
858	-25.859375	-28.406189	3.499535	5.436411	
858	-25.816369	-28.359375	3.527712	5.463005	
859	-25.816369	-28.359375	3.527712	5.463005	
859	-25.781250	-28.317827	3.551575	5.485601	
860	-25.781250	-28.317827	3.551575	5.485601	
860	-25.753297	-28.281250	3.571518	5.504536	
861	-25.753297	-28.281250	3.571518	5.504536	
861	-25.703125	-28.205484	3.610061	5.541255	
862	-25.703125	-28.205484	3.610061	5.541255	
862	-25.701656	-28.203125	3.611225	5.542367	
863	-25.701656	-28.203125	3.611225	5.542367	
863	-25.657299	-28.125000	3.648220	5.577763	
864	-25.625000	-28.050307	3.680091	5.608369	
864	-25.623515	-28.046875	3.681546	5.609770	
865	-25.623515	-28.046875	3.681546	5.609770	
865	-25.594067	-27.968750	3.713158	5.640232	
866	-25.594067	-27.968750	3.713158	5.640232	
866	-25.573240	-27.890625	3.741783	5.667906	
867	-25.573240	-27.890625	3.741783	5.667906	
867	-25.559876	-27.812500	3.767805	5.693142	
868	-25.000000	-27.517791	4.022851	5.915706	
868	-25.046068	-27.500000	4.012215	5.907081	
869	-25.559876	-27.812500	3.767805	5.693142	
869	-25.552961	-27.734375	3.791537	5.716233	
870	-25.552961	-27.734375	3.791537	5.716233	
870	-25.551590	-27.656250	3.813231	5.737417	
871	-25.551590	-27.656250	3.813231	5.737417	
871	-25.554961	-27.578125	3.833066	5.756873	
872	-25.554961	-27.578125	3.833066	5.756873	
872	-25.562392	-27.500000	3.851118	5.774680	
873	-25.657299	-28.125000	3.648220	5.577763	
873	-25.625000	-28.050307	3.680091	5.608369	
874	-27.187500	-28.618753	2.956715	4.949801	
874	-27.221149	-28.593750	2.951537	4.945545	
875	-27.265625	-28.556280	2.946026	4.941040	
875	-27.307471	-28.515625	2.942482	4.938164	
876	-27.265625	-28.556280	2.946026	4.941040	
876	-27.221149	-28.593750	2.951537	4.945545	
877	-27.343750	-28.474215	2.941317	4.937222	
877	-27.307471	-28.515625	2.942482	4.938164	
878	-27.343750	-28.474215	2.941317	4.937222	
878	-27.372986	-28.437500	2.941393	4.937283	
879	-27.031250	-28.703359	2.990180	4.977688	
879	-27.099175	-28.671875	2.974072	4.964194	
880	-27.109375	-28.666774	2.971754	4.962262	
880	-27.099175	-28.671875	2.974072	4.964194	
881	-27.187500	-28.618753	2.956715	4.949801	
881	-27.109375	-28.666774	2.971754	4.962262	
882	-27.031250	-28.703359	2.990180	4.977688	
882	-26.953125	-28.730477	3.011366	4.995597	
883	-26.953125	-28.730477	3.011366	4.995597	
883	-26.875000	-28.749253	3.034949	5.015717	
884	-27.421875	-28.362815	2.945674	4.940684	
884	-27.424004	-28.359375	2.945916	4.940876	
885	-27.421875	-28.362815	2.945674	4.940684	
885	-27.372986	-28.437500	2.941393	4.937283	
886	-27.424004	-28.359375	2.945916	4.940876	
886	-27.464440	-28.281250	2.954568	4.947685	
887	-27.464440	-28.281250	2.954568	4.947685	
887	-27.495670	-28.203125	2.966852	4.957269	
888	-27.500000	-28.189099	2.969572	4.959380	
888	-27.495670	-28.203125	2.966852	4.957269	
889	-26.875000	-28.749253	3.034949	5.015717	
889	-26.870104	-28.750000	3.036556	5.017095	
890	-26.515140	-28.750000	3.167345	5.131467	
890	-26.484375	-28.745147	3.179942	5.142687	
891	-26.484375	-28.745147	3.179942	5.142687	
891	-26.406250	-28.727112	3.213529	5.172758	
892	-26.406250	-28.727112	3.213529	5.172758	
892	-26.328125	-28.702916	3.248747	5.204518	
893	-26.328125	-28.702916	3.248747	5.204518	
893	-26.250254	-28.671875	3.285703	5.238081	
894	-26.250254	-28.671875	3.285703	5.238081	
894	-26.250000	-28.671779	3.285821	5.238189	
895	-27.500000	-27.454722	3.202776	5.134108	
895	-27.490159	-27.421875	3.217174	5.144656	
896	-27.490159	-27.421875	3.217174	5.144656	
896	-27.461438	-27.343750	3.253592	5.171263	
897	-27.461438	-27.343750	3.253592	5.171263	
897	-27.425590	-27.265625	3.292900	5.199877	
898	-27.421875	-27.258449	3.296682	5.202625	
898	-27.383693	-27.187500	3.334614	5.230147	
899	-27.425590	-27.265625	3.292900	5.199877	
899	-27.421875	-27.258449	3.296682	5.202625	
900	-27.109375	-26.882610	3.541537	5.379527	
900	-27.097949	-26.875000	3.548523	5.384563	
901	-27.187500	-26.945630	3.490291	5.342587	
901	-27.109375	-26.882610	3.541537	5.379527	
902	-27.383693	-27.187500	3.334614	5.230147	
902	-27.343750	-27.125640	3.370370	5.256032	
903	-27.343750	-27.125640	3.370370	5.256032	
903	-27.332560	-27.109375	3.380039	5.263023	
904	-27.332560	-27.109375	3.380039	5.263023	
904	-27.271043	-27.031250	3.429596	5.298814	
905	-27.271043	-27.031250	3.429596	5.298814	
905	-27.265625	-27.024957	3.433770	5.301826	
906	-27.265625	-27.024957	3.433770	5.301826	
906	-27.195428	-26.953125	3.484740	5.338585	
907	-27.195428	-26.953125	3.484740	5.338585	
907	-27.187500	-26.945630	3.490291	5.342587	
908	-26.796875	-26.744276	3.709338	5.500750	
908	-26.718750	-26.733047	3.743631	5.525633	
909	-26.875000	-26.764109	3.672221	5.473870	
909	-26.796875	-26.744276	3.709338	5.500750	
910	-26.640625	-26.728954	3.775540	5.548832	
910	-26.562500	-26.730997	3.805361	5.570554	
911	-26.718750	-26.733047	3.743631	5.525633	
911	-26.640625	-26.728954	3.775540	5.548832	
912	-26.484375	-26.738642	3.833248	5.590902	
912	-26.406250	-26.751985	3.859173	5.609843	
913	-26.562500	-26.730997	3.805361	5.570554	
913	-26.484375	-26.738642	3.833248	5.590902	
914	-26.266886	-26.796875	3.898689	5.638731	
914	-26.250000	-26.800758	3.903799	5.642466	
915	-26.328125	-26.772325	3.882782	5.627104	
915	-26.266886	-26.796875	3.898689	5.638731	
916	-26.406250	-26.751985	3.859173	5.609843	
916	-26.328125	-26.772325	3.882782	5.627104	
917	-27.097949	-26.875000	3.548523	5.384563	
917	-27.031250	-26.831769	3.588793	5.413604	
918	-27.031250	-26.831769	3.588793	5.413604	
918	-26.957807	-26.796875	3.629084	5.442688	
919	-26.953125	-26.794581	3.631663	5.444550	
919	-26.875000	-26.764109	3.672221	5.473870	
920	-26.957807	-26.796875	3.629084	5.442688	
920	-26.953125	-26.794581	3.631663	5.444550	
921	-25.932807	-26.953125	3.973644	5.693093	
921	-25.859375	-26.961277	3.990721	5.706138	
922	-25.859375	-26.961277	3.990721	5.706138	
922	-25.857394	-26.953125	3.992664	5.707921	
923	-25.859375	-26.939452	3.994904	5.710033	
923	-25.857394	-26.953125	3.992664	5.707921	
924	-25.937500	-26.951750	3.972566	5.692324	
924	-25.932807	-26.953125	3.973644	5.693093	
925	-25.859375	-26.939452	3.994904	5.710033	
925	-25.903841	-26.875000	3.998161	5.713254	
926	-26.015625	-26.896630	3.960746	5.683885	
926	-25.937500	-26.951750	3.972566	5.692324	
927	-26.078582	-26.875000	3.945132	5.672579	
927	-26.015625	-26.896630	3.960746	5.683885	
928	-25.562392	-27.500000	3.851118	5.774680	
928	-25.573546	-27.421875	3.867256	5.790701	
929	-25.573546	-27.421875	3.867256	5.790701	
929	-25.590040	-27.343750	3.880678	5.804074	
930	-25.390625	-27.377062	3.929965	5.842514	
930	-25.312500	-27.407042	3.947834	5.856163	
931	-25.390625	-27.377062	3.929965	5.842514	
931	-25.444992	-27.343750	3.920725	5.835589	
932	-25.468750	-27.337080	3.914935	5.831283	
932	-25.444992	-27.343750	3.920725	5.835589	
933	-25.625000	-27.289318	3.884008	5.807638	
933	-25.590040	-27.343750	3.880678	5.804074	
934	-25.546875	-27.309314	3.898314	5.819046	
934	-25.608012	-27.265625	3.891355	5.814140	
935	-25.546875	-27.309314	3.898314	5.819046	
935	-25.468750	-27.337080	3.914935	5.831283	
936	-25.625000	-27.262737	3.888405	5.811821	
936	-25.608012	-27.265625	3.891355	5.814140	
937	-25.234375	-27.436395	3.966101	5.870359	
937	-25.263302	-27.421875	3.960265	5.865800	
938	-25.234375	-27.436395	3.966101	5.870359	
938	-25.156250	-27.466298	3.984298	5.884708	
939	-25.312500	-27.407042	3.947834	5.856163	
939	-25.263302	-27.421875	3.960265	5.865800	
940	-25.156250	-27.466298	3.984298	5.884708	
940	-25.078125	-27.491097	4.003853	5.900339	
941	-25.078125	-27.491097	4.003853	5.900339	
941	-25.046068	-27.500000	4.012215	5.907081	
942	-26.250000	-26.800758	3.903799	5.642466	
942	-26.171875	-26.825352	3.925344	5.658195	
943	-26.171875	-26.825352	3.925344	5.658195	
943	-26.093750	-26.863582	3.942796	5.670887	
944	-26.093750	-26.863582	3.942796	5.670887	
944	-26.078582	-26.875000	3.945132	5.672579	
945	-25.937500	-26.753150	4.018340	5.731697	
945	-25.959050	-26.718750	4.020952	5.734057	
946	-25.959050	-26.718750	4.020952	5.734057	
946	-25.993324	-26.640625	4.031145	5.743121	
947	-26.015625	-26.579841	4.040531	5.751329	
947	-25.993324	-26.640625	4.031145	5.743121	
948	-26.015625	-26.579841	4.040531	5.751329	
948	-26.027052	-26.562500	4.041651	5.752303	
949	-25.903841	-26.875000	3.998161	5.713254	
949	-25.926102	-26.796875	4.010641	5.724717	
950	-25.937500	-26.753150	4.018340	5.731697	
950	-25.926102	-26.796875	4.010641	5.724717	
951	-26.093750	-26.434075	4.055443	5.764119	
951	-26.114046	-26.406250	4.056486	5.765002	
952	-26.027052	-26.562500	4.041651	5.752303	
952	-26.069655	-26.484375	4.049399	5.758979	
953	-26.093750	-26.434075	4.055443	5.764119	
953	-26.069655	-26.484375	4.049399	5.758979	
954	-26.114046	-26.406250	4.056486	5.765002	
954	-26.164078	-26.328125	4.061583	5.769275	
955	-26.171875	-26.315041	4.062619	5.770136	
955	-26.164078	-26.328125	4.061583	5.769275	
956	-26.171875	-26.315041	4.062619	5.770136	
956	-26.224925	-26.250000	4.062806	5.770297	
957	-26.250000	-26.216469	4.063615	5.770961	
957	-26.224925	-26.250000	4.062806	5.770297	
958	-26.875000	-25.743208	3.968174	5.697160	
958	-26.945144	-25.703125	3.952490	5.685397	
959	-26.953125	-25.698574	3.950690	5.684052	
959	-26.945144	-25.703125	3.952490	5.685397	
960	-27.031250	-25.655502	3.932494	5.670504	
960	-26.953125	-25.698574	3.950690	5.684052	
961	-27.031250	-25.655502	3.932494	5.670504	
961	-27.086305	-25.625000	3.919567	5.660935	
962	-26.562500	-25.938476	4.030459	5.744741	
962	-26.563975	-25.937500	4.030192	5.744533	
963	-26.250000	-26.216469	4.063615	5.770961	
963	-26.293149	-26.171875	4.061185	5.768991	
964	-26.328125	-26.133027	4.059893	5.767951	
964	-26.293149	-26.171875	4.061185	5.768991	
965	-26.328125	-26.133027	4.059893	5.767951	
965	-26.371650	-26.093750	4.055582	5.764499	
966	-26.406250	-26.060698	4.052595	5.762123	
966	-26.371650	-26.093750	4.055582	5.764499	
967	-26.406250	-26.060698	4.052595	5.762123	
967	-26.461871	-26.015625	4.045326	5.756374	
968	-26.484375	-25.996575	4.042569	5.754205	
968	-26.461871	-26.015625	4.045326	5.756374	
969	-26.562500	-25.938476	4.030459	5.744741	
969	-26.484375	-25.996575	4.042569	5.754205	
970	-26.796875	-25.788365	3.985241	5.710049	
970	-26.718750	-25.835847	4.001352	5.722311	
971	-26.796875	-25.788365	3.985241	5.710049	
971	-26.809185	-25.781250	3.982569	5.708025	
972	-26.640625	-25.885663	4.016494	5.733930	
972	-26.682141	-25.859375	4.008431	5.727730	
973	-26.640625	-25.885663	4.016494	5.733930	
973	-26.563975	-25.937500	4.030192	5.744533	
974	-26.718750	-25.835847	4.001352	5.722311	
974	-26.682141	-25.859375	4.008431	5.727730	
975	-26.875000	-25.743208	3.968174	5.697160	
975	-26.809185	-25.781250	3.982569	5.708025	
976	-27.343750	-25.484471	3.856966	5.615176	
976	-27.372228	-25.468750	3.849943	5.610099	
977	-27.187500	-25.569797	3.895246	5.643046	
977	-27.229195	-25.546875	3.885164	5.635673	
978	-27.265625	-25.527139	3.876216	5.629150	
978	-27.229195	-25.546875	3.885164	5.635673	
979	-27.343750	-25.484471	3.856966	5.615176	
979	-27.265625	-25.527139	3.876216	5.629150	
980	-27.500000	-25.398721	3.817934	5.587092	
980	-27.421875	-25.441808	3.837494	5.601125	
981	-27.421875	-25.441808	3.837494	5.601125	
981	-27.372228	-25.468750	3.849943	5.610099	
982	-27.187500	-25.569797	3.895246	5.643046	
982	-27.109375	-25.612345	3.914078	5.656885	
983	-27.109375	-25.612345	3.914078	5.656885	
983	-27.086305	-25.625000	3.919567	5.660935	
984	-27.513685	-27.500000	3.182846	5.119476	
984	-27.500000	-27.454722	3.202776	5.134108	
985	-27.500000	-25.398721	3.817934	5.587092	
985	-27.514531	-25.390625	3.814297	5.584491	
986	-27.578125	-25.355824	3.798107	5.572947	
986	-27.514531	-25.390625	3.814297	5.584491	
987	-27.578125	-25.355824	3.798107	5.572947	
987	-27.655749	-25.312500	3.778410	5.558973	
988	-27.734375	-25.269004	3.758137	5.544670	
988	-27.795828	-25.234375	3.742338	5.533578	
989	-27.734375	-25.269004	3.758137	5.544670	
989	-27.656250	-25.312225	3.778281	5.558882	
990	-27.812500	-25.225130	3.737986	5.530530	
990	-27.795828	-25.234375	3.742338	5.533578	
991	-27.656250	-25.312225	3.778281	5.558882	
991	-27.655749	-25.312500	3.778410	5.558973	
992	-27.890625	-25.181337	3.717611	5.516310	
992	-27.812500	-25.225130	3.737986	5.530530	
993	-27.890625	-25.181337	3.717611	5.516310	
993	-27.934725	-25.156250	3.706131	5.508331	
994	-27.968750	-25.137195	3.697141	5.502100	
994	-27.934725	-25.156250	3.706131	5.508331	
995	-28.046875	-25.092891	3.676524	5.487863	
995	-28.072604	-25.078125	3.669744	5.483198	
996	-28.046875	-25.092891	3.676524	5.487863	
996	-27.968750	-25.137195	3.697141	5.502100	
997	-28.125000	-25.048505	3.655736	5.473584	
997	-28.072604	-25.078125	3.669744	5.483198	
998	-28.203125	-25.003754	3.634863	5.459321	
998	-28.125000	-25.048505	3.655736	5.473584	
999	-28.203125	-25.003754	3.634863	5.459321	
999	-28.209614	-25.000000	3.633132	5.458142	
1000	-23.125000	-28.309176	4.388312	6.241918	
1000	-23.172649	-28.281250	4.382515	6.236215	
1001	-23.281250	-28.220380	4.368272	6.222306	
1001	-23.203125	-28.264171	4.378552	6.232331	
1002	-23.203125	-28.264171	4.378552	6.232331	
1002	-23.172649	-28.281250	4.382515	6.236215	
1003	-23.281250	-28.220380	4.368272	6.222306	
1003	-23.311992	-28.203125	4.364186	6.218340	
1004	-23.359375	-28.177797	4.357474	6.211850	
1004	-23.311992	-28.203125	4.364186	6.218340	
1005	-23.437500	-28.136093	4.346249	6.201057	
1005	-23.359375	-28.177797	4.357474	6.211850	
1006	-23.437500	-28.136093	4.346249	6.201057	
1006	-23.458211	-28.125000	4.343253	6.198190	
1007	-22.890625	-28.450780	4.414703	6.268199	
1007	-22.812500	-28.500454	4.422467	6.276041	
1008	-22.890625	-28.450780	4.414703	6.268199	
1008	-22.911490	-28.437500	4.412606	6.266089	
1009	-22.656250	-28.603559	4.436449	6.290310	
1009	-22.670509	-28.593750	4.435312	6.289142	
1010	-22.500000	-28.712529	4.448152	6.302419	
1010	-22.556870	-28.671875	4.444242	6.298354	
1011	-22.578125	-28.657263	4.442597	6.296650	
1011	-22.556870	-28.671875	4.444242	6.298354	
1012	-22.656250	-28.603559	4.436449	6.290310	
1012	-22.578125	-28.657263	4.442597	6.296650	
1013	-22.734375	-28.551493	4.429683	6.283381	
1013	-22.788632	-28.515625	4.424808	6.278416	
1014	-22.734375	-28.551493	4.429683	6.283381	
1014	-22.670509	-28.593750	4.435312	6.289142	
1015	-22.812500	-28.500454	4.422467	6.276041	
1015	-22.788632	-28.515625	4.424808	6.278416	
1016	-22.968750	-28.402501	4.406380	6.259850	
1016	-23.039398	-28.359375	4.398558	6.252055	
1017	-23.046875	-28.354998	4.397669	6.251173	
1017	-23.039398	-28.359375	4.398558	6.252055	
1018	-23.125000	-28.309176	4.388312	6.241918	
1018	-23.046875	-28.354998	4.397669	6.251173	
1019	-22.968750	-28.402501	4.406380	6.259850	
1019	-22.911490	-28.437500	4.412606	6.266089	
1020	-23.593750	-28.056343	4.322219	6.178203	
1020	-23.612373	-28.046875	4.319297	6.175445	
1021	-23.671875	-28.018424	4.309377	6.166119	
1021	-23.612373	-28.046875	4.319297	6.175445	
1022	-23.750000	-27.981177	4.296160	6.153774	
1022	-23.671875	-28.018424	4.309377	6.166119	
1023	-23.593750	-28.056343	4.322219	6.178203	
1023	-23.515625	-28.095875	4.334422	6.189767	
1024	-23.515625	-28.095875	4.334422	6.189767	
1024	-23.458211	-28.125000	4.343253	6.198190	
1025	-24.062500	-27.844516	4.237948	6.100411	
1025	-24.140094	-27.812500	4.222492	6.086502	
1026	-23.750000	-27.981177	4.296160	6.153774	
1026	-23.775928	-27.968750	4.291752	6.149676	
1027	-23.906250	-27.910601	4.268061	6.127817	
1027	-23.828125	-27.945438	4.282331	6.140951	
1028	-23.828125	-27.945438	4.282331	6.140951	
1028	-23.775928	-27.968750	4.291752	6.149676	
1029	-23.906250	-27.910601	4.268061	6.127817	
1029	-23.950883	-27.890625	4.259848	6.120301	
1030	-23.984375	-27.876822	4.253306	6.114337	
1030	-23.950883	-27.890625	4.259848	6.120301	
1031	-24.062500	-27.844516	4.237948	6.100411	
1031	-23.984375	-27.876822	4.253306	6.114337	
1032	-24.296875	-27.752988	4.189242	6.056924	
1032	-24.345193	-27.734375	4.178926	6.047841	
1033	-24.296875	-27.752988	4.189242	6.056924	
1033	-24.218750	-27.782614	4.205910	6.071693	
1034	-24.375000	-27.724250	4.172142	6.041892	
1034	-24.345193	-27.734375	4.178926	6.047841	
1035	-24.218750	-27.782614	4.205910	6.071693	
1035	-24.140625	-27.812301	4.222380	6.086401	
1036	-24.140625	-27.812301	4.222380	6.086401	
1036	-24.140094	-27.812500	4.222492	6.086502	
1037	-24.531250	-27.669923	4.136523	6.010960	
1037	-24.568811	-27.656250	4.128031	6.003662	
1038	-24.453125	-27.697236	4.154376	6.026400	
1038	-24.375000	-27.724250	4.172142	6.041892	
1039	-24.531250	-27.669923	4.136523	6.010960	
1039	-24.453125	-27.697236	4.154376	6.026400	
1040	-24.687500	-27.618851	4.099313	5.979192	
1040	-24.609375	-27.643753	4.118177	5.995228	
1041	-24.609375	-27.643753	4.118177	5.995228	
1041	-24.568811	-27.656250	4.128031	6.003662	
1042	-24.765625	-27.593005	4.080561	5.963394	
1042	-24.807217	-27.578125	4.070830	5.955253	
1043	-24.765625	-27.593005	4.080561	5.963394	
1043	-24.687500	-27.618851	4.099313	5.979192	
1044	-24.843750	-27.567730	4.061504	5.947488	
1044	-24.807217	-27.578125	4.070830	5.955253	
1045	-24.921875	-27.543839	4.041935	5.931315	
1045	-24.843750	-27.567730	4.061504	5.947488	
1046	-25.000000	-27.517791	4.022851	5.915706	
1046	-24.921875	-27.543839	4.041935	5.931315	
1047	-21.406250	-29.884126	4.403290	6.250661	
1047	-21.423230	-29.843750	4.410128	6.258424	
1048	-21.363398	-30.000000	4.382248	6.226731	
1048	-21.390709	-29.921875	4.396813	6.243302	
1049	-21.406250	-29.884126	4.403290	6.250661	
1049	-21.390709	-29.921875	4.396813	6.243302	
1050	-21.423230	-29.843750	4.410128	6.258424	
1050	-21.461234	-29.765625	4.422123	6.272018	
1051	-21.484375	-29.723944	4.427834	6.278478	
1051	-21.461234	-29.765625	4.422123	6.272018	
1052	-21.484375	-29.723944	4.427834	6.278478	
1052	-21.504931	-29.687500	4.432745	6.284025	
1053	-21.504931	-29.687500	4.432745	6.284025	
1053	-21.554409	-29.609375	4.441962	6.294411	
1054	-21.562500	-29.597803	4.443142	6.295738	
1054	-21.554409	-29.609375	4.441962	6.294411	
1055	-21.562500	-29.597803	4.443142	6.295738	
1055	-21.609557	-29.531250	4.449785	6.303196	
1056	-21.640625	-29.491200	4.453105	6.306912	
1056	-21.670438	-29.453125	4.456181	6.310348	
1057	-21.640625	-29.491200	4.453105	6.306912	
1057	-21.609557	-29.531250	4.449785	6.303196	
1058	-21.718750	-29.396206	4.459844	6.314428	
1058	-21.670438	-29.453125	4.456181	6.310348	
1059	-21.718750	-29.396206	4.459844	6.314428	
1059	-21.736889	-29.375000	4.461166	6.315896	
1060	-21.796875	-29.309695	4.464188	6.319244	
1060	-21.808726	-29.296875	4.464756	6.319871	
1061	-21.796875	-29.309695	4.464188	6.319244	
1061	-21.736889	-29.375000	4.461166	6.315896	
1062	-21.875000	-29.229610	4.466680	6.321991	
1062	-21.808726	-29.296875	4.464756	6.319871	
1063	-21.875000	-29.229610	4.466680	6.321991	
1063	-21.885755	-29.218750	4.466970	6.322309	
1064	-21.953125	-29.154542	4.467691	6.323099	
1064	-21.967788	-29.140625	4.467821	6.323240	
1065	-21.953125	-29.154542	4.467691	6.323099	
1065	-21.885755	-29.218750	4.466970	6.322309	
1066	-22.031250	-29.083495	4.467482	6.322872	
1066	-21.967788	-29.140625	4.467821	6.323240	
1067	-22.031250	-29.083495	4.467482	6.322872	
1067	-22.054648	-29.062500	4.467317	6.322694	
1068	-22.109375	-29.015742	4.466242	6.321533	
1068	-22.146182	-28.984375	4.465460	6.320692	
1069	-22.109375	-29.015742	4.466242	6.321533	
1069	-22.054648	-29.062500	4.467317	6.322694	
1070	-22.187500	-28.950742	4.464113	6.319248	
1070	-22.146182	-28.984375	4.465460	6.320692	
1071	-22.187500	-28.950742	4.464113	6.319248	
1071	-22.242268	-28.906250	4.462241	6.317250	
1072	-22.265625	-28.888081	4.461200	6.316142	
1072	-22.342822	-28.828125	4.457641	6.312370	
1073	-22.265625	-28.888081	4.461200	6.316142	
1073	-22.242268	-28.906250	4.462241	6.317250	
1074	-22.343750	-28.827434	4.457589	6.312316	
1074	-22.342822	-28.828125	4.457641	6.312370	
1075	-22.421875	-28.769186	4.453167	6.307661	
1075	-22.343750	-28.827434	4.457589	6.312316	
1076	-22.421875	-28.769186	4.453167	6.307661	
1076	-22.447639	-28.750000	4.451670	6.306092	
1077	-22.500000	-28.712529	4.448152	6.302419	
1077	-22.447639	-28.750000	4.451670	6.306092	
1078	-28.750000	-24.687846	3.484184	5.358485	
1078	-28.750588	-24.687500	3.484019	5.358377	
1079	-28.984375	-24.550850	3.417244	5.314822	
1079	-28.906250	-24.596629	3.439712	5.329403	
1080	-28.984375	-24.550850	3.417244	5.314822	
1080	-29.017538	-24.531250	3.407700	5.308651	
1081	-28.828125	-24.642378	3.462000	5.343941	
1081	-28.884315	-24.609375	3.446018	5.333509	
1082	-28.828125	-24.642378	3.462000	5.343941	
1082	-28.750588	-24.687500	3.484019	5.358377	
1083	-28.906250	-24.596629	3.439712	5.329403	
1083	-28.884315	-24.609375	3.446018	5.333509	
1084	-29.062500	-24.504950	3.394624	5.300218	
1084	-29.017538	-24.531250	3.407700	5.308651	
1085	-29.140625	-24.458859	3.371872	5.285604	
1085	-29.150264	-24.453125	3.369066	5.283807	
1086	-29.140625	-24.458859	3.371872	5.285604	
1086	-29.062500	-24.504950	3.394624	5.300218	
1087	-29.218750	-24.412789	3.348925	5.270940	
1087	-29.150264	-24.453125	3.369066	5.283807	
1088	-29.218750	-24.412789	3.348925	5.270940	
1088	-29.282366	-24.375000	3.330184	5.259019	
1089	-29.375000	-24.320112	3.302627	5.241580	
1089	-29.296875	-24.366463	3.325867	5.256280	
1090	-29.296875	-24.366463	3.325867	5.256280	
1090	-29.282366	-24.375000	3.330184	5.259019	
1091	-29.765625	-24.085923	3.184315	5.167895	
1091	-29.687500	-24.133047	3.208272	5.182663	
1092	-29.765625	-24.085923	3.184315	5.167895	
1092	-29.804106	-24.062500	3.172509	5.160646	
1093	-29.531250	-24.226866	3.255743	5.212153	
1093	-29.544706	-24.218750	3.251696	5.209627	
1094	-29.375000	-24.320112	3.302627	5.241580	
1094	-29.413834	-24.296875	3.291064	5.234294	
1095	-29.453125	-24.273581	3.279252	5.226871	
1095	-29.413834	-24.296875	3.291064	5.234294	
1096	-29.531250	-24.226866	3.255743	5.212153	
1096	-29.453125	-24.273581	3.279252	5.226871	
1097	-29.609375	-24.180093	3.232061	5.197403	
1097	-29.674824	-24.140625	3.212162	5.185068	
1098	-29.609375	-24.180093	3.232061	5.197403	
1098	-29.544706	-24.218750	3.251696	5.209627	
1099	-29.687500	-24.133047	3.208272	5.182663	
1099	-29.674824	-24.140625	3.212162	5.185068	
1100	-29.921875	-23.990978	3.136038	5.138368	
1100	-29.932611	-23.984375	3.132716	5.136348	
1101	-29.921875	-23.990978	3.136038	5.138368	
1101	-29.843750	-24.038572	3.160236	5.153130	
1102	-30.000000	-23.943270	3.111682	5.123588	
1102	-29.932611	-23.984375	3.132716	5.136348	
1103	-29.843750	-24.038572	3.160236	5.153130	
1103	-29.804106	-24.062500	3.172509	5.160646	
1104	-28.437500	-24.869217	3.571175	5.416255	
1104	-28.481311	-24.843750	3.559174	5.408214	
1105	-28.593750	-24.778767	3.527988	5.387426	
1105	-28.515625	-24.824052	3.549658	5.401855	
1106	-28.515625	-24.824052	3.549658	5.401855	
1106	-28.481311	-24.843750	3.559174	5.408214	
1107	-28.593750	-24.778767	3.527988	5.387426	
1107	-28.616215	-24.765625	3.521758	5.383292	
1108	-28.671875	-24.733450	3.506138	5.372953	
1108	-28.616215	-24.765625	3.521758	5.383292	
1109	-28.750000	-24.687846	3.484184	5.358485	
1109	-28.671875	-24.733450	3.506138	5.372953	
1110	-28.281250	-24.959151	3.613753	5.444972	
1110	-28.345815	-24.921875	3.596285	5.433155	
1111	-28.359375	-24.914149	3.592570	5.430648	
1111	-28.345815	-24.921875	3.596285	5.433155	
1112	-28.437500	-24.869217	3.571175	5.416255	
1112	-28.359375	-24.914149	3.592570	5.430648	
1113	-28.281250	-24.959151	3.613753	5.444972	
1113	-28.209614	-25.000000	3.633132	5.458142	
1114	-30.000000	-23.943270	3.111682	5.123588	
1114	-30.060102	-23.906250	3.092910	5.112249	
1115	-30.156250	-23.847025	3.062641	5.094062	
1115	-30.078125	-23.895238	3.087231	5.108828	
1116	-30.078125	-23.895238	3.087231	5.108828	
1116	-30.060102	-23.906250	3.092910	5.112249	
1117	-30.156250	-23.847025	3.062641	5.094062	
1117	-30.186563	-23.828125	3.053106	5.088357	
1118	-30.234375	-23.798549	3.037935	5.079305	
1118	-30.186563	-23.828125	3.053106	5.088357	
1119	-30.234375	-23.798549	3.037935	5.079305	
1119	-30.312034	-23.750000	3.013293	5.064664	
1120	-30.625000	-23.551614	2.912833	5.005774	
1120	-30.680624	-23.515625	2.894863	4.995375	
1121	-30.703125	-23.501170	2.887534	4.991145	
1121	-30.680624	-23.515625	2.894863	4.995375	
1122	-30.781250	-23.450365	2.862142	4.976543	
1122	-30.703125	-23.501170	2.887534	4.991145	
1123	-30.781250	-23.450365	2.862142	4.976543	
1123	-30.800789	-23.437500	2.855807	4.972912	
1124	-30.859375	-23.399189	2.836658	4.961969	
1124	-30.919475	-23.359375	2.817049	4.950810	
1125	-30.859375	-23.399189	2.836658	4.961969	
1125	-30.800789	-23.437500	2.855807	4.972912	
1126	-30.937500	-23.347513	2.811121	4.947446	
1126	-30.919475	-23.359375	2.817049	4.950810	
1127	-31.015625	-23.295428	2.785500	4.932958	
1127	-30.937500	-23.347513	2.811121	4.947446	
1128	-31.015625	-23.295428	2.785500	4.932958	
1128	-31.036614	-23.281250	2.778637	4.929091	
1129	-31.093750	-23.242896	2.759807	4.918512	
1129	-31.036614	-23.281250	2.778637	4.929091	
1130	-31.093750	-23.242896	2.759807	4.918512	
1130	-31.152185	-23.203125	2.740597	4.907764	
1131	-31.171875	-23.189805	2.734073	4.904125	
1131	-31.152185	-23.203125	2.740597	4.907764	
1132	-31.250000	-23.136223	2.708275	4.889786	
1132	-31.171875	-23.189805	2.734073	4.904125	
1133	-30.546875	-23.601611	2.938066	5.020446	
1133	-30.468750	-23.651341	2.963180	5.035128	
1134	-30.546875	-23.601611	2.938066	5.020446	
1134	-30.559084	-23.593750	2.934150	5.018164	
1135	-30.390625	-23.700723	2.988202	5.049835	
1135	-30.436121	-23.671875	2.973681	5.041291	
1136	-30.390625	-23.700723	2.988202	5.049835	
1136	-30.312500	-23.749711	3.013144	5.064576	
1137	-30.468750	-23.651341	2.963180	5.035128	
1137	-30.436121	-23.671875	2.973681	5.041291	
1138	-30.625000	-23.551614	2.912833	5.005774	
1138	-30.559084	-23.593750	2.934150	5.018164	
1139	-30.312500	-23.749711	3.013144	5.064576	
1139	-30.312034	-23.750000	3.013293	5.064664	
1140	-31.250000	-23.136223	2.708275	4.889786	
1140	-31.266141	-23.125000	2.702965	4.886845	
1141	-31.562500	-22.916313	2.604616	4.833015	
1141	-31.597926	-22.890625	2.592871	4.826668	
1142	-31.640625	-22.859808	2.578612	4.818986	
1142	-31.597926	-22.890625	2.592871	4.826668	
1143	-31.640625	-22.859808	2.578612	4.818986	
1143	-31.705182	-22.812500	2.557140	4.807467	
1144	-31.484375	-22.972137	2.630602	4.847119	
1144	-31.406250	-23.027447	2.656525	4.861275	
1145	-31.484375	-22.972137	2.630602	4.847119	
1145	-31.489093	-22.968750	2.629044	4.846271	
1146	-31.328125	-23.082145	2.682415	4.875496	
1146	-31.378403	-23.046875	2.665798	4.866359	
1147	-31.328125	-23.082145	2.682415	4.875496	
1147	-31.266141	-23.125000	2.702965	4.886845	
1148	-31.406250	-23.027447	2.656525	4.861275	
1148	-31.378403	-23.046875	2.665798	4.866359	
1149	-31.562500	-22.916313	2.604616	4.833015	
1149	-31.489093	-22.968750	2.629044	4.846271	
1150	-31.796875	-22.744752	2.526546	4.791157	
1150	-31.810684	-22.734375	2.521963	4.788724	
1151	-31.796875	-22.744752	2.526546	4.791157	
1151	-31.718750	-22.802601	2.552596	4.805037	
1152	-31.875000	-22.686229	2.500470	4.777349	
1152	-31.810684	-22.734375	2.521963	4.788724	
1153	-31.718750	-22.802601	2.552596	4.805037	
1153	-31.705182	-22.812500	2.557140	4.807467	
1154	-31.875000	-22.686229	2.500470	4.777349	
1154	-31.914435	-22.656250	2.487351	4.770435	
1155	-31.953125	-22.626941	2.474393	4.763629	
1155	-32.016572	-22.578125	2.453241	4.752564	
1156	-31.953125	-22.626941	2.474393	4.763629	
1156	-31.914435	-22.656250	2.487351	4.770435	
1157	-32.031250	-22.566867	2.448316	4.749996	
1157	-32.016572	-22.578125	2.453241	4.752564	
1158	-32.109375	-22.506031	2.422230	4.736448	
1158	-32.031250	-22.566867	2.448316	4.749996	
1159	-32.109375	-22.506031	2.422230	4.736448	
1159	-32.117008	-22.500000	2.419695	4.735136	
1160	-32.187500	-22.444441	2.396131	4.722982	
1160	-32.215694	-22.421875	2.386753	4.718165	
1161	-32.265625	-22.381997	2.370044	4.709612	
1161	-32.215694	-22.421875	2.386753	4.718165	
1162	-32.265625	-22.381997	2.370044	4.709612	
1162	-32.312784	-22.343750	2.354342	4.701608	
1163	-32.343750	-22.318680	2.343971	4.696339	
1163	-32.312784	-22.343750	2.354342	4.701608	
1164	-32.343750	-22.318680	2.343971	4.696339	
1164	-32.408286	-22.265625	2.322469	4.685461	
1165	-32.421875	-22.254469	2.317915	4.683165	
1165	-32.408286	-22.265625	2.322469	4.685461	
1166	-32.500000	-22.189355	2.291876	4.670090	
1166	-32.421875	-22.254469	2.317915	4.683165	
1167	-32.187500	-22.444441	2.396131	4.722982	
1167	-32.117008	-22.500000	2.419695	4.735136	
1168	-32.500000	-22.189355	2.291876	4.670090	
1168	-32.502195	-22.187500	2.291148	4.669726	
1169	-32.656250	-22.056410	2.239831	4.644234	
1169	-32.685182	-22.031250	2.230240	4.639509	
1170	-32.578125	-22.123366	2.265840	4.657110	
1170	-32.594446	-22.109375	2.260428	4.654423	
1171	-32.578125	-22.123366	2.265840	4.657110	
1171	-32.502195	-22.187500	2.291148	4.669726	
1172	-32.656250	-22.056410	2.239831	4.644234	
1172	-32.594446	-22.109375	2.260428	4.654423	
1173	-32.734375	-21.988465	2.213852	4.631466	
1173	-32.774425	-21.953125	2.200580	4.624979	
1174	-32.734375	-21.988465	2.213852	4.631466	
1174	-32.685182	-22.031250	2.230240	4.639509	
1175	-32.812500	-21.919509	2.187904	4.618806	
1175	-32.774425	-21.953125	2.200580	4.624979	
1176	-32.812500	-21.919509	2.187904	4.618806	
1176	-32.862201	-21.875000	2.171444	4.610824	
1177	-32.968750	-21.778474	2.136110	4.593818	
1177	-33.033462	-21.718750	2.114719	4.583608	
1178	-32.890625	-21.849520	2.161989	4.606257	
1178	-32.948537	-21.796875	2.142826	4.597037	
1179	-32.890625	-21.849520	2.161989	4.606257	
1179	-32.862201	-21.875000	2.171444	4.610824	
1180	-32.968750	-21.778474	2.136110	4.593818	
1180	-32.948537	-21.796875	2.142826	4.597037	
1181	-33.046875	-21.706348	2.110269	4.581492	
1181	-33.117009	-21.640625	2.087114	4.570529	
1182	-33.046875	-21.706348	2.110269	4.581492	
1182	-33.033462	-21.718750	2.114719	4.583608	
1183	-33.125000	-21.633119	2.084467	4.569280	
1183	-33.117009	-21.640625	2.087114	4.570529	
1184	-33.125000	-21.633119	2.084467	4.569280	
1184	-33.199208	-21.562500	2.060001	4.557790	
1185	-33.359375	-21.406566	2.007315	4.533340	
1185	-33.281250	-21.483252	2.032988	4.545203	
1186	-33.359375	-21.406566	2.007315	4.533340	
1186	-33.359693	-21.406250	2.007211	4.533292	
1187	-33.203125	-21.558762	2.058706	4.557184	
1187	-33.280092	-21.484375	2.033371	4.545380	
1188	-33.203125	-21.558762	2.058706	4.557184	
1188	-33.199208	-21.562500	2.060001	4.557790	
1189	-33.281250	-21.483252	2.032988	4.545203	
1189	-33.280092	-21.484375	2.033371	4.545380	
1190	-33.437500	-21.328677	1.981689	4.521595	
1190	-33.359693	-21.406250	2.007211	4.533292	
1191	-33.437500	-21.328677	1.981689	4.521595	
1191	-33.438047	-21.328125	1.981510	4.521513	
1192	-33.438047	-21.328125	1.981510	4.521513	
1192	-33.515190	-21.250000	1.956253	4.510034	
1193	-33.593750	-21.169187	1.930581	4.498465	
1193	-33.665960	-21.093750	1.907032	4.487940	
1194	-33.515625	-21.249558	1.956111	4.509970	
1194	-33.591149	-21.171875	1.931432	4.498847	
1195	-33.515625	-21.249558	1.956111	4.509970	
1195	-33.515190	-21.250000	1.956253	4.510034	
1196	-33.593750	-21.169187	1.930581	4.498465	
1196	-33.591149	-21.171875	1.931432	4.498847	
1197	-33.671875	-21.087538	1.905100	4.487080	
1197	-33.739654	-21.015625	1.883041	4.477304	
1198	-33.671875	-21.087538	1.905100	4.487080	
1198	-33.665960	-21.093750	1.907032	4.487940	
1199	-33.750000	-21.004587	1.879670	4.475817	
1199	-33.739654	-21.015625	1.883041	4.477304	
1200	-33.750000	-21.004587	1.879670	4.475817	
1200	-33.812263	-20.937500	1.859446	4.466931	
1201	-33.906250	-20.834683	1.828959	4.453654	
1201	-33.954351	-20.781250	1.813395	4.446933	
1202	-33.828125	-20.920310	1.854289	4.464675	
1202	-33.883819	-20.859375	1.836235	4.456810	
1203	-33.828125	-20.920310	1.854289	4.464675	
1203	-33.812263	-20.937500	1.859446	4.466931	
1204	-33.906250	-20.834683	1.828959	4.453654	
1204	-33.883819	-20.859375	1.836235	4.456810	
1205	-33.984375	-20.747684	1.803677	4.442756	
1205	-34.023889	-20.703125	1.790915	4.437292	
1206	-33.984375	-20.747684	1.803677	4.442756	
1206	-33.954351	-20.781250	1.813395	4.446933	
1207	-34.062500	-20.659293	1.778442	4.431978	
1207	-34.023889	-20.703125	1.790915	4.437292	
1208	-34.062500	-20.659293	1.778442	4.431978	
1208	-34.092461	-20.625000	1.768782	4.427879	
1209	-34.218750	-20.478260	1.728105	4.410782	
1209	-34.226820	-20.468750	1.725511	4.409701	
1210	-34.140625	-20.569491	1.753252	4.421320	
1210	-34.160096	-20.546875	1.746985	4.418684	
1211	-34.140625	-20.569491	1.753252	4.421320	
1211	-34.092461	-20.625000	1.768782	4.427879	
1212	-34.218750	-20.478260	1.728105	4.410782	
1212	-34.160096	-20.546875	1.746985	4.418684	
1213	-34.226820	-20.468750	1.725511	4.409701	
1213	-34.292656	-20.390625	1.704353	4.400923	
1214	-34.296875	-20.385585	1.702997	4.400363	
1214	-34.292656	-20.390625	1.704353	4.400923	
1215	-34.296875	-20.385585	1.702997	4.400363	
1215	-34.357632	-20.312500	1.683496	4.392341	
1216	-34.375000	-20.291447	1.677925	4.390061	
1216	-34.357632	-20.312500	1.683496	4.392341	
1217	-34.375000	-20.291447	1.677925	4.390061	
1217	-34.421780	-20.234375	1.662927	4.383947	
1218	-34.453125	-20.195834	1.652884	4.379874	
1218	-34.421780	-20.234375	1.662927	4.383947	
1219	-34.453125	-20.195834	1.652884	4.379874	
1219	-34.485124	-20.156250	1.642634	4.375734	
1220	-34.531250	-20.098738	1.627868	4.369801	
1220	-34.485124	-20.156250	1.642634	4.375734	
1221	-34.531250	-20.098738	1.627868	4.369801	
1221	-34.547689	-20.078125	1.622605	4.367695	
1222	-34.609375	-20.000154	1.602871	4.359840	
1222	-34.547689	-20.078125	1.622605	4.367695	
1223	-34.609375	-20.000154	1.602871	4.359840	
1223	-34.609496	-20.000000	1.602832	4.359824	
1224	-19.531250	-39.869887	2.131938	2.693704	
1224	-19.536157	-39.843750	2.138849	2.705839	
1225	-19.503802	-40.000000	2.098079	2.633159	
1225	-19.521824	-39.921875	2.118143	2.669262	
1226	-19.531250	-39.869887	2.131938	2.693704	
1226	-19.521824	-39.921875	2.118143	2.669262	
1227	-19.536157	-39.843750	2.138849	2.705839	
1227	-19.546847	-39.765625	2.160195	2.742881	
1228	-19.546847	-39.765625	2.160195	2.742881	
1228	-19.553331	-39.687500	2.182282	2.780555	
1229	-19.553331	-39.687500	2.182282	2.780555	
1229	-19.555473	-39.609375	2.205142	2.818899	
1230	-19.555473	-39.609375	2.205142	2.818899	
1230	-19.553078	-39.531250	2.228812	2.857960	
1231	-19.553078	-39.531250	2.228812	2.857960	
1231	-19.545864	-39.453125	2.253344	2.897809	
1232	-19.545864	-39.453125	2.253344	2.897809	
1232	-19.533429	-39.375000	2.278809	2.938543	
1233	-19.375000	-38.975991	2.425407	3.162613	
1233	-19.326490	-38.906250	2.454502	3.205298	
1234	-19.218750	-38.787306	2.508175	3.282712	
1234	-19.178742	-38.750000	2.525921	3.307942	
1235	-19.326490	-38.906250	2.454502	3.205298	
1235	-19.296875	-38.870853	2.470121	3.228000	
1236	-19.296875	-38.870853	2.470121	3.228000	
1236	-19.260073	-38.828125	2.489055	3.255327	
1237	-19.260073	-38.828125	2.489055	3.255327	
1237	-19.218750	-38.787306	2.508175	3.282712	
1238	-19.533429	-39.375000	2.278809	2.938543	
1238	-19.531250	-39.365455	2.282040	2.943668	
1239	-19.531250	-39.365455	2.282040	2.943668	
1239	-19.516284	-39.296875	2.305104	2.979978	
1240	-19.516284	-39.296875	2.305104	2.979978	
1240	-19.493202	-39.218750	2.332443	3.022435	
1241	-19.493202	-39.218750	2.332443	3.022435	
1241	-19.463032	-39.140625	2.361026	3.066191	
1242	-19.453125	-39.119790	2.368982	3.078263	
1242	-19.426429	-39.062500	2.390694	3.110976	
1243	-19.463032	-39.140625	2.361026	3.066191	
1243	-19.453125	-39.119790	2.368982	3.078263	
1244	-19.426429	-39.062500	2.390694	3.110976	
1244	-19.380782	-38.984375	2.421903	3.157435	
1245	-19.380782	-38.984375	2.421903	3.157435	
1245	-19.375000	-38.975991	2.425407	3.162613	
1246	-18.515625	-38.459875	2.712248	3.560289	
1246	-18.437500	-38.451070	2.725078	3.576235	
1247	-18.593750	-38.473036	2.697737	3.541834	
1247	-18.515625	-38.459875	2.712248	3.560289	
1248	-18.671875	-38.491205	2.681417	3.520687	
1248	-18.593750	-38.473036	2.697737	3.541834	
1249	-18.750000	-38.515081	2.663118	3.496597	
1249	-18.671875	-38.491205	2.681417	3.520687	
1250	-18.203125	-38.443945	2.753884	3.609563	
1250	-18.125000	-38.444289	2.759817	3.615286	
1251	-18.281250	-38.443907	2.745940	3.600933	
1251	-18.203125	-38.443945	2.753884	3.609563	
1252	-18.359375	-38.445978	2.736305	3.589780	
1252	-18.281250	-38.443907	2.745940	3.600933	
1253	-18.437500	-38.451070	2.725078	3.576235	
1253	-18.359375	-38.445978	2.736305	3.589780	
1254	-18.125000	-38.353330	2.762553	3.625116	
1254	-18.190868	-38.281250	2.764260	3.637904	
1255	-18.203125	-38.265313	2.764841	3.641322	
1255	-18.256644	-38.203125	2.767610	3.655700	
1256	-18.203125	-38.265313	2.764841	3.641322	
1256	-18.190868	-38.281250	2.764260	3.637904	
1257	-18.281250	-38.168386	2.769581	3.664817	
1257	-18.256644	-38.203125	2.767610	3.655700	
1258	-18.281250	-38.168386	2.769581	3.664817	
1258	-18.316403	-38.125000	2.772278	3.676495	
1259	-18.125000	-38.444289	2.759817	3.615286	
1259	-18.050865	-38.437500	2.762616	3.617210	
1260	-18.050865	-38.437500	2.762616	3.617210	
1260	-18.119613	-38.359375	2.762478	3.624245	
1261	-18.125000	-38.353330	2.762553	3.625116	
1261	-18.119613	-38.359375	2.762478	3.624245	
1262	-18.437500	-37.943213	2.787283	3.732918	
1262	-18.472690	-37.890625	2.792391	3.750303	
1263	-18.515625	-37.814528	2.800598	3.777052	
1263	-18.472690	-37.890625	2.792391	3.750303	
1264	-18.515625	-37.814528	2.800598	3.777052	
1264	-18.516944	-37.812500	2.800817	3.777750	
1265	-18.359375	-38.060932	2.777015	3.695495	
1265	-18.370177	-38.046875	2.778105	3.699673	
1266	-18.359375	-38.060932	2.777015	3.695495	
1266	-18.316403	-38.125000	2.772278	3.676495	
1267	-18.370177	-38.046875	2.778105	3.699673	
1267	-18.422907	-37.968750	2.784832	3.724327	
1268	-18.437500	-37.943213	2.787283	3.732918	
1268	-18.422907	-37.968750	2.784832	3.724327	
1269	-18.593750	-37.673156	2.817351	3.828402	
1269	-18.603574	-37.656250	2.819437	3.834556	
1270	-18.516944	-37.812500	2.800817	3.777750	
1270	-18.562699	-37.734375	2.809755	3.805579	
1271	-18.593750	-37.673156	2.817351	3.828402	
1271	-18.562699	-37.734375	2.809755	3.805579	
1272	-18.603574	-37.656250	2.819437	3.834556	
1272	-18.644431	-37.578125	2.829583	3.863875	
1273	-18.671875	-37.519492	2.837660	3.886576	
1273	-18.644431	-37.578125	2.829583	3.863875	
1274	-18.671875	-37.519492	2.837660	3.886576	
1274	-18.682214	-37.500000	2.840322	3.893945	
1275	-19.178742	-38.750000	2.525921	3.307942	
1275	-19.140625	-38.718959	2.541467	3.329898	
1276	-19.140625	-38.718959	2.541467	3.329898	
1276	-19.076863	-38.671875	2.565870	3.364086	
1277	-19.076863	-38.671875	2.565870	3.364086	
1277	-19.062500	-38.662308	2.571040	3.371284	
1278	-18.984375	-38.614715	2.597659	3.408096	
1278	-18.944501	-38.593750	2.610168	3.425244	
1279	-19.062500	-38.662308	2.571040	3.371284	
1279	-18.984375	-38.614715	2.597659	3.408096	
1280	-18.906250	-38.574763	2.621737	3.441012	
1280	-18.828125	-38.541354	2.643587	3.470533	
1281	-18.828125	-38.541354	2.643587	3.470533	
1281	-18.751580	-38.515625	2.662727	3.496078	
1282	-18.751580	-38.515625	2.662727	3.496078	
1282	-18.750000	-38.515081	2.663118	3.496597	
1283	-18.944501	-38.593750	2.610168	3.425244	
1283	-18.906250	-38.574763	2.621737	3.441012	
1284	-16.268409	-39.843750	2.176059	3.502969	
1284	-16.250000	-39.906282	2.168210	3.470468	
1285	-16.268409	-39.843750	2.176059	3.502969	
1285	-16.298399	-39.765625	2.185502	3.542011	
1286	-16.328125	-39.705305	2.192475	3.570782	
1286	-16.298399	-39.765625	2.185502	3.542011	
1287	-16.336015	-39.687500	2.194542	3.579301	
1287	-16.328125	-39.705305	2.192475	3.570782	
1288	-16.428406	-39.531250	2.211530	3.649160	
1288	-16.406250	-39.567704	2.207659	3.633264	
1289	-16.336015	-39.687500	2.194542	3.579301	
1289	-16.378266	-39.609375	2.203258	3.615178	
1290	-16.406250	-39.567704	2.207659	3.633264	
1290	-16.378266	-39.609375	2.203258	3.615178	
1291	-16.487102	-39.453125	2.219312	3.681105	
1291	-16.484375	-39.457130	2.218911	3.679459	
1292	-16.484375	-39.457130	2.218911	3.679459	
1292	-16.428406	-39.531250	2.211530	3.649160	
1293	-16.487102	-39.453125	2.219312	3.681105	
1293	-16.550405	-39.375000	2.226686	3.711404	
1294	-16.620942	-39.296875	2.233526	3.739627	
1294	-16.562500	-39.362339	2.227800	3.715990	
1295	-16.640625	-39.277938	2.235059	3.745980	
1295	-16.620942	-39.296875	2.233526	3.739627	
1296	-16.699012	-39.218750	2.239764	3.765604	
1296	-16.640625	-39.277938	2.235059	3.745980	
1297	-16.718750	-39.201028	2.241064	3.771069	
1297	-16.699012	-39.218750	2.239764	3.765604	
1298	-16.784592	-39.140625	2.245322	3.789157	
1298	-16.718750	-39.201028	2.241064	3.771069	
1299	-16.796875	-39.130077	2.246012	3.792124	
1299	-16.784592	-39.140625	2.245322	3.789157	
1300	-16.875000	-39.064597	2.249983	3.809503	
1300	-16.796875	-39.130077	2.246012	3.792124	
1301	-16.562500	-39.362339	2.227800	3.715990	
1301	-16.550405	-39.375000	2.226686	3.711404	
1302	-16.406250	-38.907255	2.300238	3.928025	
1302	-16.412576	-38.906250	2.299887	3.927278	
1303	-16.328125	-38.918706	2.304702	3.937631	
1303	-16.250000	-38.929447	2.309210	3.947550	
1304	-16.406250	-38.907255	2.300238	3.928025	
1304	-16.328125	-38.918706	2.304702	3.937631	
1305	-16.562500	-38.890519	2.290053	3.906914	
1305	-16.484375	-38.898666	2.295200	3.917439	
1306	-16.484375	-38.898666	2.295200	3.917439	
1306	-16.412576	-38.906250	2.299887	3.927278	
1307	-16.718750	-38.874515	2.279772	3.886812	
1307	-16.640625	-38.882486	2.284891	3.896662	
1308	-16.640625	-38.882486	2.284891	3.896662	
1308	-16.562500	-38.890519	2.290053	3.906914	
1309	-16.875000	-38.858215	2.270039	3.869067	
1309	-16.796875	-38.866498	2.274779	3.877535	
1310	-16.796875	-38.866498	2.274779	3.877535	
1310	-16.718750	-38.874515	2.279772	3.886812	
1311	-16.877255	-39.062500	2.250106	3.810050	
1311	-16.875000	-39.064597	2.249983	3.809503	
1312	-17.068408	-38.906250	2.256799	3.842166	
1312	-17.031250	-38.931240	2.256136	3.838513	
1313	-16.970077	-38.984375	2.254057	3.828236	
1313	-16.953125	-38.998305	2.253432	3.825265	
1314	-16.953125	-38.998305	2.253432	3.825265	
1314	-16.877255	-39.062500	2.250106	3.810050	
1315	-17.031250	-38.931240	2.256136	3.838513	
1315	-16.970077	-38.984375	2.254057	3.828236	
1316	-17.031250	-38.834541	2.262485	3.856518	
1316	-16.953125	-38.849043	2.265757	3.861761	
1317	-16.953125	-38.849043	2.265757	3.861761	
1317	-16.875000	-38.858215	2.270039	3.869067	
1318	-17.175948	-38.828125	2.257912	3.849601	
1318	-17.109375	-38.844876	2.258533	3.849998	
1319	-17.109375	-38.844876	2.258533	3.849998	
1319	-17.068408	-38.906250	2.256799	3.842166	
1320	-17.031250	-38.834541	2.262485	3.856518	
1320	-17.049156	-38.828125	2.262060	3.855874	
1321	-17.109375	-38.824777	2.259515	3.852031	
1321	-17.049156	-38.828125	2.262060	3.855874	
1322	-17.175948	-38.828125	2.257912	3.849601	
1322	-17.109375	-38.824777	2.259515	3.852031	
1323	-16.225782	-40.000000	2.156163	3.420529	
1323	-16.244899	-39.921875	2.166255	3.462367	
1324	-16.250000	-39.906282	2.168210	3.470468	
1324	-16.244899	-39.921875	2.166255	3.462367	
1325	-15.312500	-39.035111	2.360057	4.074222	
1325	-15.234375	-39.041064	2.364179	4.085667	
1326	-15.234375	-39.041064	2.364179	4.085667	
1326	-15.156250	-39.046422	2.368312	4.097320	
1327	-15.156250	-39.046422	2.368312	4.097320	
1327	-15.078125	-39.051190	2.372457	4.109180	
1328	-15.078125	-39.051190	2.372457	4.109180	
1328	-15.000000	-39.055370	2.376611	4.121246	
1329	-15.625000	-39.005265	2.343705	4.030542	
1329	-15.546875	-39.013647	2.347771	4.041142	
1330	-15.546875	-39.013647	2.347771	4.041142	
1330	-15.468750	-39.021408	2.351852	4.051958	
1331	-15.468750	-39.021408	2.351852	4.051958	
1331	-15.390625	-39.028560	2.355948	4.062985	
1332	-15.390625	-39.028560	2.355948	4.062985	
1332	-15.312500	-39.035111	2.360057	4.074222	
1333	-15.781250	-38.986537	2.335643	4.010027	
1333	-15.797335	-38.984375	2.334834	4.008007	
1334	-15.859375	-38.977507	2.331395	3.999494	
1334	-15.797335	-38.984375	2.334834	4.008007	
1335	-15.937500	-38.968499	2.327042	3.988893	
1335	-15.859375	-38.977507	2.331395	3.999494	
1336	-15.781250	-38.986537	2.335643	4.010027	
1336	-15.703125	-38.996241	2.339661	4.020166	
1337	-15.703125	-38.996241	2.339661	4.020166	
1337	-15.625000	-39.005265	2.343705	4.030542	
1338	-16.171875	-38.939708	2.313718	3.957685	
1338	-16.093750	-38.949607	2.318200	3.967975	
1339	-16.250000	-38.929447	2.309210	3.947550	
1339	-16.171875	-38.939708	2.313718	3.957685	
1340	-16.015625	-38.959198	2.322643	3.978384	
1340	-15.937500	-38.968499	2.327042	3.988893	
1341	-16.093750	-38.949607	2.318200	3.967975	
1341	-16.015625	-38.959198	2.322643	3.978384	
1342	-18.750000	-37.353975	2.861579	3.951097	
1342	-18.755061	-37.343750	2.863090	3.955056	
1343	-18.755061	-37.343750	2.863090	3.955056	
1343	-18.790819	-37.265625	2.875007	3.985865	
1344	-18.790819	-37.265625	2.875007	3.985865	
1344	-18.824048	-37.187500	2.887403	4.017188	
1345	-18.828125	-37.177272	2.889067	4.021343	
1345	-18.858059	-37.109375	2.900008	4.048363	
1346	-18.828125	-37.177272	2.889067	4.021343	
1346	-18.824048	-37.187500	2.887403	4.017188	
1347	-18.858059	-37.109375	2.900008	4.048363	
1347	-18.890505	-37.031250	2.912986	4.079822	
1348	-18.906250	-36.991311	2.919784	4.096059	
1348	-18.890505	-37.031250	2.912986	4.079822	
1349	-18.906250	-36.991311	2.919784	4.096059	
1349	-18.922738	-36.953125	2.926213	4.111276	
1350	-18.922738	-36.953125	2.926213	4.111276	
1350	-18.954811	-36.875000	2.939666	4.142690	
1351	-19.062500	-36.605830	2.987691	4.250740	
1351	-19.080556	-36.562500	2.995529	4.267833	
1352	-18.984375	-36.800206	2.952834	4.172923	
1352	-18.985805	-36.796875	2.953414	4.174244	
1353	-18.984375	-36.800206	2.952834	4.172923	
1353	-18.954811	-36.875000	2.939666	4.142690	
1354	-18.985805	-36.796875	2.953414	4.174244	
1354	-19.017870	-36.718750	2.967242	4.205461	
1355	-19.017870	-36.718750	2.967242	4.205461	
1355	-19.049022	-36.640625	2.981327	4.236756	
1356	-19.062500	-36.605830	2.987691	4.250740	
1356	-19.049022	-36.640625	2.981327	4.236756	
1357	-19.080556	-36.562500	2.995529	4.267833	
1357	-19.112275	-36.484375	3.009855	4.298723	
1358	-19.140625	-36.413489	3.023015	4.326716	
1358	-19.112275	-36.484375	3.009855	4.298723	
1359	-19.140625	-36.413489	3.023015	4.326716	
1359	-19.143719	-36.406250	3.024343	4.329521	
1360	-19.143719	-36.406250	3.024343	4.329521	
1360	-19.176309	-36.328125	3.038829	4.359891	
1361	-19.176309	-36.328125	3.038829	4.359891	
1361	-19.208658	-36.250000	3.053454	4.390144	
1362	-18.682214	-37.500000	2.840322	3.893945	
1362	-18.719996	-37.421875	2.851442	3.924198	
1363	-18.750000	-37.353975	2.861579	3.951097	
1363	-18.719996	-37.421875	2.851442	3.924198	
1364	-19.375000	-35.871827	3.124412	4.531582	
1364	-19.380932	-35.859375	3.126722	4.536047	
1365	-19.380932	-35.859375	3.126722	4.536047	
1365	-19.418023	-35.781250	3.141268	4.563967	
1366	-19.453125	-35.707987	3.154920	4.589870	
1366	-19.455558	-35.703125	3.155813	4.591556	
1367	-19.453125	-35.707987	3.154920	4.589870	
1367	-19.418023	-35.781250	3.141268	4.563967	
1368	-19.455558	-35.703125	3.155813	4.591556	
1368	-19.494612	-35.625000	3.170207	4.618541	
1369	-19.218750	-36.225322	3.058110	4.399693	
1369	-19.241934	-36.171875	3.068076	4.419998	
1370	-19.241934	-36.171875	3.068076	4.419998	
1370	-19.275622	-36.093750	3.082744	4.449565	
1371	-19.218750	-36.225322	3.058110	4.399693	
1371	-19.208658	-36.250000	3.053454	4.390144	
1372	-19.296875	-36.044350	3.092071	4.468173	
1372	-19.309913	-36.015625	3.097427	4.478793	
1373	-19.296875	-36.044350	3.092071	4.468173	
1373	-19.275622	-36.093750	3.082744	4.449565	
1374	-19.309913	-36.015625	3.097427	4.478793	
1374	-19.345195	-35.937500	3.112068	4.507579	
1375	-19.375000	-35.871827	3.124412	4.531582	
1375	-19.345195	-35.937500	3.112068	4.507579	
1376	-19.531250	-35.552485	3.183553	4.643282	
1376	-19.534197	-35.546875	3.184572	4.645159	
1377	-19.534197	-35.546875	3.184572	4.645159	
1377	-19.575284	-35.468750	3.198767	4.671159	
1378	-19.531250	-35.552485	3.183553	4.643282	
1378	-19.494612	-35.625000	3.170207	4.618541	
1379	-19.609375	-35.404576	3.210402	4.692249	
1379	-19.617044	-35.390625	3.212897	4.696745	
1380	-19.609375	-35.404576	3.210402	4.692249	
1380	-19.575284	-35.468750	3.198767	4.671159	
1381	-19.617044	-35.390625	3.212897	4.696745	
1381	-19.660134	-35.312500	3.226862	4.721740	
1382	-19.687500	-35.263271	3.235640	4.737305	
1382	-19.660134	-35.312500	3.226862	4.721740	
1383	-19.687500	-35.263271	3.235640	4.737305	
1383	-19.704051	-35.234375	3.240723	4.746267	
1384	-19.704051	-35.234375	3.240723	4.746267	
1384	-19.748995	-35.156250	3.254444	4.770268	
1385	-19.765625	-35.127483	3.259487	4.779019	
1385	-19.794904	-35.078125	3.268026	4.793752	
1386	-19.765625	-35.127483	3.259487	4.779019	
1386	-19.748995	-35.156250	3.254444	4.770268	
1387	-19.794904	-35.078125	3.268026	4.793752	
1387	-19.841433	-35.000000	3.281511	4.816805	
1388	-14.140625	-39.065465	2.422395	4.266246	
1388	-14.062500	-39.063440	2.426503	4.280384	
1389	-14.218750	-39.067081	2.418264	4.252225	
1389	-14.140625	-39.065465	2.422395	4.266246	
1390	-14.296875	-39.068256	2.414114	4.238336	
1390	-14.218750	-39.067081	2.418264	4.252225	
1391	-14.375000	-39.068963	2.409951	4.224595	
1391	-14.296875	-39.068256	2.414114	4.238336	
1392	-14.062500	-39.063440	2.426503	4.280384	
1392	-14.031704	-39.062500	2.428120	4.286005	
1393	-14.031704	-39.062500	2.428120	4.286005	
1393	-13.984375	-39.061087	2.430574	4.294589	
1394	-13.984375	-39.061087	2.430574	4.294589	
1394	-13.906250	-39.058425	2.434605	4.308853	
1395	-13.906250	-39.058425	2.434605	4.308853	
1395	-13.828125	-39.055451	2.438597	4.323177	
1396	-13.828125	-39.055451	2.438597	4.323177	
1396	-13.750000	-39.052199	2.442545	4.337540	
1397	-14.765625	-39.064580	2.389099	4.158587	
1397	-14.687500	-39.066592	2.393259	4.171387	
1398	-14.765625	-39.064580	2.389099	4.158587	
1398	-14.827378	-39.062500	2.385830	4.148656	
1399	-14.453125	-39.069175	2.405779	4.211016	
1399	-14.375000	-39.068963	2.409951	4.224595	
1400	-14.531250	-39.068867	2.401604	4.197614	
1400	-14.453125	-39.069175	2.405779	4.211016	
1401	-14.609375	-39.068014	2.397429	4.184400	
1401	-14.531250	-39.068867	2.401604	4.197614	
1402	-14.687500	-39.066592	2.393259	4.171387	
1402	-14.609375	-39.068014	2.397429	4.184400	
1403	-15.000000	-39.055370	2.376611	4.121246	
1403	-14.921875	-39.058968	2.380775	4.133517	
1404	-14.921875	-39.058968	2.380775	4.133517	
1404	-14.843750	-39.061991	2.384946	4.145989	
1405	-14.843750	-39.061991	2.384946	4.145989	
1405	-14.827378	-39.062500	2.385830	4.148656	
1406	-12.812500	-39.005052	2.484679	4.504986	
1406	-12.734375	-39.001571	2.487622	4.517849	
1407	-12.734375	-39.001571	2.487622	4.517849	
1407	-12.656250	-38.998312	2.490463	4.530450	
1408	-12.656250	-38.998312	2.490463	4.530450	
1408	-12.578125	-38.995298	2.493200	4.542774	
1409	-12.578125	-38.995298	2.493200	4.542774	
1409	-12.500000	-38.992550	2.495833	4.554806	
1410	-13.125000	-39.020607	2.471936	4.451278	
1410	-13.046875	-39.016537	2.475262	4.465004	
1411	-13.046875	-39.016537	2.475262	4.465004	
1411	-12.968750	-39.012566	2.478497	4.478544	
1412	-12.968750	-39.012566	2.478497	4.478544	
1412	-12.890625	-39.008727	2.481637	4.491879	
1413	-12.890625	-39.008727	2.481637	4.491879	
1413	-12.812500	-39.005052	2.484679	4.504986	
1414	-13.437500	-39.037131	2.457796	4.394973	
1414	-13.359375	-39.033040	2.461448	4.409213	
1415	-13.359375	-39.033040	2.461448	4.409213	
1415	-13.281250	-39.028896	2.465024	4.423359	
1416	-13.281250	-39.028896	2.465024	4.423359	
1416	-13.203125	-39.024739	2.468522	4.437389	
1417	-13.203125	-39.024739	2.468522	4.437389	
1417	-13.125000	-39.020607	2.471936	4.451278	
1418	-13.750000	-39.052199	2.442545	4.337540	
1418	-13.671875	-39.048704	2.446445	4.351924	
1419	-13.671875	-39.048704	2.446445	4.351924	
1419	-13.593750	-39.045002	2.450290	4.366305	
1420	-13.593750	-39.045002	2.450290	4.366305	
1420	-13.515625	-39.041132	2.454075	4.380662	
1421	-13.515625	-39.041132	2.454075	4.380662	
1421	-13.437500	-39.037131	2.457796	4.394973	
1422	-11.484375	-38.985156	2.520957	4.681778	
1422	-11.531716	-38.984375	2.520124	4.677065	
1423	-11.484375	-38.985156	2.520957	4.681778	
1423	-11.406250	-38.986715	2.522264	4.689277	
1424	-11.562500	-38.983873	2.519572	4.673969	
1424	-11.531716	-38.984375	2.520124	4.677065	
1425	-11.406250	-38.986715	2.522264	4.689277	
1425	-11.328125	-38.988532	2.523495	4.696474	
1426	-11.328125	-38.988532	2.523495	4.696474	
1426	-11.250000	-38.990595	2.524655	4.703378	
1427	-11.796875	-38.981774	2.514916	4.648628	
1427	-11.718750	-38.982174	2.516554	4.657398	
1428	-11.875000	-38.981685	2.513187	4.639530	
1428	-11.796875	-38.981774	2.514916	4.648628	
1429	-11.640625	-38.982877	2.518105	4.665843	
1429	-11.562500	-38.983873	2.519572	4.673969	
1430	-11.718750	-38.982174	2.516554	4.657398	
1430	-11.640625	-38.982877	2.518105	4.665843	
1431	-12.187500	-38.984536	2.505322	4.599812	
1431	-12.177006	-38.984375	2.505610	4.601221	
1432	-12.109375	-38.983337	2.507436	4.610242	
1432	-12.031250	-38.982463	2.509450	4.620338	
1433	-12.177006	-38.984375	2.505610	4.601221	
1433	-12.109375	-38.983337	2.507436	4.610242	
1434	-11.953125	-38.981913	2.511366	4.630101	
1434	-11.875000	-38.981685	2.513187	4.639530	
1435	-12.031250	-38.982463	2.509450	4.620338	
1435	-11.953125	-38.981913	2.511366	4.630101	
1436	-12.500000	-38.992550	2.495833	4.554806	
1436	-12.421875	-38.990087	2.498362	4.566535	
1437	-12.421875	-38.990087	2.498362	4.566535	
1437	-12.343750	-38.987923	2.500786	4.577950	
1438	-12.343750	-38.987923	2.500786	4.577950	
1438	-12.265625	-38.986070	2.503105	4.589045	
1439	-12.265625	-38.986070	2.503105	4.589045	
1439	-12.187500	-38.984536	2.505322	4.599812	
1440	-10.312500	-39.029926	2.534019	4.765933	
1440	-10.234375	-39.034104	2.534493	4.769637	
1441	-10.234375	-39.034104	2.534493	4.769637	
1441	-10.156250	-39.038386	2.534929	4.773128	
1442	-10.156250	-39.038386	2.534929	4.773128	
1442	-10.078125	-39.042770	2.535330	4.776408	
1443	-10.078125	-39.042770	2.535330	4.776408	
1443	-10.000000	-39.047253	2.535695	4.779478	
1444	-10.625000	-39.014372	2.531708	4.748929	
1444	-10.546875	-39.018074	2.532351	4.753516	
1445	-10.546875	-39.018074	2.532351	4.753516	
1445	-10.468750	-39.021906	2.532950	4.757876	
1446	-10.468750	-39.021906	2.532950	4.757876	
1446	-10.390625	-39.025859	2.533505	4.762014	
1447	-10.390625	-39.025859	2.533505	4.762014	
1447	-10.312500	-39.029926	2.534019	4.765933	
1448	-10.937500	-39.001036	2.528639	4.728208	
1448	-10.859375	-39.004128	2.529485	4.733756	
1449	-10.859375	-39.004128	2.529485	4.733756	
1449	-10.781250	-39.007389	2.530277	4.739055	
1450	-10.781250	-39.007389	2.530277	4.739055	
1450	-10.703125	-39.010807	2.531017	4.744111	
1451	-10.703125	-39.010807	2.531017	4.744111	
1451	-10.625000	-39.014372	2.531708	4.748929	
1452	-11.250000	-38.990595	2.524655	4.703378	
1452	-11.171875	-38.992890	2.525747	4.709996	
1453	-11.171875	-38.992890	2.525747	4.709996	
1453	-11.093750	-38.995404	2.526773	4.716335	
1454	-11.093750	-38.995404	2.526773	4.716335	
1454	-11.015625	-38.998123	2.527736	4.722403	
1455	-11.015625	-38.998123	2.527736	4.722403	
1455	-10.937500	-39.001036	2.528639	4.728208	
1456	-19.843750	-34.996117	3.282181	4.817942	
1456	-19.889028	-34.921875	3.294825	4.839302	
1457	-19.921875	-34.868083	3.303973	4.854612	
1457	-19.889028	-34.921875	3.294825	4.839302	
1458	-19.921875	-34.868083	3.303973	4.854612	
1458	-19.937035	-34.843750	3.308061	4.861413	
1459	-19.843750	-34.996117	3.282181	4.817942	
1459	-19.841433	-35.000000	3.281511	4.816805	
1460	-19.937035	-34.843750	3.308061	4.861413	
1460	-19.985622	-34.765625	3.321187	4.883089	
1461	-20.000000	-34.742450	3.325082	4.889475	
1461	-19.985622	-34.765625	3.321187	4.883089	
1462	-9.140625	-39.103699	2.537743	4.799008	
1462	-9.062500	-39.109585	2.537777	4.799419	
1463	-9.218750	-39.097962	2.537686	4.798356	
1463	-9.140625	-39.103699	2.537743	4.799008	
1464	-9.296875	-39.092362	2.537607	4.797468	
1464	-9.218750	-39.097962	2.537686	4.798356	
1465	-9.375000	-39.086894	2.537503	4.796349	
1465	-9.296875	-39.092362	2.537607	4.797468	
1466	-8.828125	-39.128223	2.537757	4.799139	
1466	-8.750000	-39.134799	2.537713	4.798518	
1467	-8.906250	-39.121836	2.537783	4.799491	
1467	-8.828125	-39.128223	2.537757	4.799139	
1468	-8.984375	-39.115627	2.537790	4.799582	
1468	-8.906250	-39.121836	2.537783	4.799491	
1469	-9.062500	-39.109585	2.537777	4.799419	
1469	-8.984375	-39.115627	2.537790	4.799582	
1470	-9.687500	-39.066193	2.536833	4.789651	
1470	-9.746269	-39.062500	2.536657	4.788001	
1471	-9.453125	-39.081549	2.537375	4.795004	
1471	-9.375000	-39.086894	2.537503	4.796349	
1472	-9.531250	-39.076320	2.537221	4.793437	
1472	-9.453125	-39.081549	2.537375	4.795004	
1473	-9.609375	-39.071203	2.537041	4.791652	
1473	-9.531250	-39.076320	2.537221	4.793437	
1474	-9.687500	-39.066193	2.536833	4.789651	
1474	-9.609375	-39.071203	2.537041	4.791652	
1475	-10.000000	-39.047253	2.535695	4.779478	
1475	-9.921875	-39.051835	2.536027	4.782339	
1476	-9.921875	-39.051835	2.536027	4.782339	
1476	-9.843750	-39.056515	2.536327	4.784991	
1477	-9.843750	-39.056515	2.536327	4.784991	
1477	-9.765625	-39.061293	2.536595	4.787434	
1478	-9.765625	-39.061293	2.536595	4.787434	
1478	-9.746269	-39.062500	2.536657	4.788001	
1479	-7.890625	-39.223524	2.536326	4.771436	
1479	-7.812500	-39.233437	2.536153	4.766900	
1480	-7.890625	-39.223524	2.536326	4.771436	
1480	-7.929590	-39.218750	2.536411	4.773533	
1481	-7.968750	-39.213973	2.536496	4.775591	
1481	-7.929590	-39.218750	2.536411	4.773533	
1482	-8.125000	-39.195891	2.536821	4.782801	
1482	-8.046875	-39.204770	2.536662	4.779374	
1483	-8.046875	-39.204770	2.536662	4.779374	
1483	-7.968750	-39.213973	2.536496	4.775591	
1484	-7.734375	-39.243715	2.535979	4.761980	
1484	-7.656250	-39.254372	2.535806	4.756667	
1485	-7.812500	-39.233437	2.536153	4.766900	
1485	-7.734375	-39.243715	2.535979	4.761980	
1486	-7.578125	-39.265424	2.535635	4.750952	
1486	-7.500000	-39.276885	2.535468	4.744824	
1487	-7.656250	-39.254372	2.535806	4.756667	
1487	-7.578125	-39.265424	2.535635	4.750952	
1488	-8.593750	-39.148596	2.537571	4.796421	
1488	-8.515625	-39.155837	2.537477	4.794931	
1489	-8.515625	-39.155837	2.537477	4.794931	
1489	-8.437500	-39.163317	2.537369	4.793142	
1490	-8.671875	-39.141580	2.537651	4.797618	
1490	-8.682819	-39.140625	2.537660	4.797757	
1491	-8.671875	-39.141580	2.537651	4.797618	
1491	-8.593750	-39.148596	2.537571	4.796421	
1492	-8.750000	-39.134799	2.537713	4.798518	
1492	-8.682819	-39.140625	2.537660	4.797757	
1493	-8.281250	-39.179044	2.537115	4.788626	
1493	-8.203125	-39.187320	2.536973	4.785882	
1494	-8.203125	-39.187320	2.536973	4.785882	
1494	-8.125000	-39.195891	2.536821	4.782801	
1495	-8.437500	-39.163317	2.537369	4.793142	
1495	-8.359375	-39.171048	2.537248	4.791043	
1496	-8.359375	-39.171048	2.537248	4.791043	
1496	-8.281250	-39.179044	2.537115	4.788626	
1497	-6.875000	-39.384943	2.534547	4.679845	
1497	-6.926059	-39.375000	2.534580	4.686235	
1498	-6.406250	-39.487402	2.534836	4.610913	
1498	-6.328125	-39.506420	2.535011	4.597631	
1499	-6.328125	-39.506420	2.535011	4.597631	
1499	-6.250000	-39.526014	2.535230	4.583822	
1500	-6.484375	-39.468953	2.534702	4.623673	
1500	-6.553500	-39.453125	2.534615	4.634513	
1501	-6.484375	-39.468953	2.534702	4.623673	
1501	-6.406250	-39.487402	2.534836	4.610913	
1502	-6.562500	-39.451062	2.534605	4.635917	
1502	-6.553500	-39.453125	2.534615	4.634513	
1503	-6.640625	-39.433721	2.534545	4.647652	
1503	-6.562500	-39.451062	2.534605	4.635917	
1504	-6.718750	-39.416928	2.534516	4.658881	
1504	-6.640625	-39.433721	2.534545	4.647652	
1505	-6.796875	-39.400672	2.534518	4.669610	
1505	-6.718750	-39.416928	2.534516	4.658881	
1506	-6.875000	-39.384943	2.534547	4.679845	
1506	-6.796875	-39.400672	2.534518	4.669610	
1507	-7.343750	-39.301094	2.535156	4.731291	
1507	-7.370448	-39.296875	2.535206	4.733698	
1508	-7.421875	-39.288769	2.535308	4.738274	
1508	-7.370448	-39.296875	2.535206	4.733698	
1509	-7.500000	-39.276885	2.535468	4.744824	
1509	-7.421875	-39.288769	2.535308	4.738274	
1510	-7.343750	-39.301094	2.535156	4.731291	
1510	-7.265625	-39.313875	2.535015	4.723863	
1511	-7.265625	-39.313875	2.535015	4.723863	
1511	-7.187500	-39.327117	2.534887	4.715988	
1512	-7.187500	-39.327117	2.534887	4.715988	
1512	-7.109375	-39.340833	2.534773	4.707657	
1513	-7.109375	-39.340833	2.534773	4.707657	
1513	-7.031250	-39.355033	2.534677	4.698862	
1514	-7.031250	-39.355033	2.534677	4.698862	
1514	-6.953125	-39.369732	2.534601	4.689595	
1515	-6.953125	-39.369732	2.534601	4.689595	
1515	-6.926059	-39.375000	2.534580	4.686235	
1516	-5.625000	-39.703783	2.538906	4.454109	
1516	-5.677453	-39.687500	2.538448	4.466264	
1517	-5.937500	-39.610183	2.536601	4.523276	
1517	-5.859375	-39.632686	2.537083	4.506802	
1518	-5.859375	-39.632686	2.537083	4.506802	
1518	-5.781250	-39.655787	2.537625	4.489783	
1519	-5.781250	-39.655787	2.537625	4.489783	
1519	-5.703125	-39.679493	2.538232	4.472215	
1520	-5.703125	-39.679493	2.538232	4.472215	
1520	-5.677453	-39.687500	2.538448	4.466264	
1521	-6.171875	-39.546178	2.535496	4.569488	
1521	-6.093750	-39.566921	2.535811	4.554623	
1522	-6.171875	-39.546178	2.535496	4.569488	
1522	-6.229747	-39.531250	2.535295	4.580114	
1523	-5.937500	-39.610183	2.536601	4.523276	
1523	-5.940389	-39.609375	2.536585	4.523866	
1524	-6.015625	-39.588255	2.536178	4.539221	
1524	-5.940389	-39.609375	2.536585	4.523866	
1525	-6.093750	-39.566921	2.535811	4.554623	
1525	-6.015625	-39.588255	2.536178	4.539221	
1526	-6.250000	-39.526014	2.535230	4.583822	
1526	-6.229747	-39.531250	2.535295	4.580114	
1527	-5.390625	-39.780238	2.541362	4.396513	
1527	-5.434511	-39.765625	2.540853	4.407598	
1528	-5.390625	-39.780238	2.541362	4.396513	
1528	-5.312500	-39.806907	2.542335	4.376228	
1529	-5.468750	-39.754158	2.540468	4.416257	
1529	-5.434511	-39.765625	2.540853	4.407598	
1530	-5.546875	-39.728666	2.539650	4.435460	
1530	-5.468750	-39.754158	2.540468	4.416257	
1531	-5.625000	-39.703783	2.538906	4.454109	
1531	-5.546875	-39.728666	2.539650	4.435460	
1532	-5.156250	-39.862045	2.544532	4.334009	
1532	-5.207676	-39.843750	2.543775	4.348069	
1533	-5.078125	-39.890495	2.545761	4.312088	
1533	-5.000000	-39.919557	2.547084	4.289608	
1534	-5.156250	-39.862045	2.544532	4.334009	
1534	-5.078125	-39.890495	2.545761	4.312088	
1535	-5.312500	-39.806907	2.542335	4.376228	
1535	-5.234375	-39.834186	2.543391	4.355387	
1536	-5.234375	-39.834186	2.543391	4.355387	
1536	-5.207676	-39.843750	2.543775	4.348069	
1537	-4.921875	-39.949175	2.548499	4.266607	
1537	-4.993930	-39.921875	2.547192	4.287816	
1538	-4.921875	-39.949175	2.548499	4.266607	
1538	-4.843750	-39.979398	2.550013	4.243053	
1539	-5.000000	-39.919557	2.547084	4.289608	
1539	-4.993930	-39.921875	2.547192	4.287816	
1540	-4.843750	-39.979398	2.550013	4.243053	
1540	-4.791665	-40.000000	2.551084	4.226964	
1541	-35.000000	-19.484705	1.477911	4.311620	
1541	-35.023075	-19.453125	1.470506	4.308846	
1542	-35.078125	-19.377175	1.452848	4.302268	
1542	-35.023075	-19.453125	1.470506	4.308846	
1543	-35.078125	-19.377175	1.452848	4.302268	
1543	-35.079697	-19.375000	1.452343	4.302081	
1544	-35.156250	-19.268155	1.427742	4.293008	
1544	-35.191354	-19.218750	1.416430	4.288871	
1545	-35.079697	-19.375000	1.452343	4.302081	
1545	-35.135791	-19.296875	1.434316	4.295422	
1546	-35.156250	-19.268155	1.427742	4.293008	
1546	-35.135791	-19.296875	1.434316	4.295422	
1547	-35.234375	-19.157727	1.402566	4.283831	
1547	-35.246403	-19.140625	1.398678	4.282423	
1548	-35.234375	-19.157727	1.402566	4.283831	
1548	-35.191354	-19.218750	1.416430	4.288871	
1549	-35.246403	-19.140625	1.398678	4.282423	
1549	-35.300975	-19.062500	1.381036	4.276069	
1550	-35.312500	-19.045888	1.377311	4.274734	
1550	-35.300975	-19.062500	1.381036	4.276069	
1551	-35.312500	-19.045888	1.377311	4.274734	
1551	-35.355091	-18.984375	1.363494	4.269803	
1552	-35.390625	-18.932672	1.351961	4.265712	
1552	-35.355091	-18.984375	1.363494	4.269803	
1553	-35.390625	-18.932672	1.351961	4.265712	
1553	-35.408751	-18.906250	1.346054	4.263626	
1554	-35.408751	-18.906250	1.346054	4.263626	
1554	-35.461986	-18.828125	1.328697	4.257530	
1555	-35.468750	-18.818138	1.326492	4.256759	
1555	-35.461986	-18.828125	1.328697	4.257530	
1556	-35.468750	-18.818138	1.326492	4.256759	
1556	-35.514832	-18.750000	1.311402	4.251506	
1557	-35.625000	-18.585225	1.275141	4.239043	
1557	-35.671090	-18.515625	1.259862	4.233858	
1558	-35.703125	-18.466944	1.249221	4.230271	
1558	-35.671090	-18.515625	1.259862	4.233858	
1559	-35.703125	-18.466944	1.249221	4.230271	
1559	-35.722483	-18.437500	1.242759	4.228101	
1560	-35.781250	-18.347550	1.223103	4.221545	
1560	-35.824349	-18.281250	1.208597	4.216748	
1561	-35.722483	-18.437500	1.242759	4.228101	
1561	-35.773558	-18.359375	1.225679	4.222401	
1562	-35.781250	-18.347550	1.223103	4.221545	
1562	-35.773558	-18.359375	1.225679	4.222401	
1563	-35.859375	-18.227066	1.196775	4.212865	
1563	-35.874842	-18.203125	1.191528	4.211149	
1564	-35.859375	-18.227066	1.196775	4.212865	
1564	-35.824349	-18.281250	1.208597	4.216748	
1565	-35.874842	-18.203125	1.191528	4.211149	
1565	-35.925072	-18.125000	1.174447	4.205593	
1566	-35.546875	-18.702291	1.300895	4.247872	
1566	-35.567277	-18.671875	1.294176	4.245558	
1567	-35.546875	-18.702291	1.300895	4.247872	
1567	-35.514832	-18.750000	1.311402	4.251506	
1568	-35.567277	-18.671875	1.294176	4.245558	
1568	-35.619349	-18.593750	1.277006	4.239679	
1569	-35.625000	-18.585225	1.275141	4.239043	
1569	-35.619349	-18.593750	1.277006	4.239679	
1570	-35.937500	-18.105581	1.170210	4.204223	
1570	-35.975059	-18.046875	1.157341	4.200078	
1571	-36.015625	-17.983155	1.143390	4.195614	
1571	-35.975059	-18.046875	1.157341	4.200078	
1572	-36.015625	-17.983155	1.143390	4.195614	
1572	-36.024793	-17.968750	1.140220	4.194605	
1573	-36.024793	-17.968750	1.140220	4.194605	
1573	-36.074319	-17.890625	1.123053	4.189165	
1574	-36.093750	-17.859846	1.116293	4.187036	
1574	-36.074319	-17.890625	1.123053	4.189165	
1575	-36.093750	-17.859846	1.116293	4.187036	
1575	-36.123635	-17.812500	1.105842	4.183759	
1576	-35.937500	-18.105581	1.170210	4.204223	
1576	-35.925072	-18.125000	1.174447	4.205593	
1577	-36.171875	-17.735753	1.088895	4.178481	
1577	-36.172741	-17.734375	1.088589	4.178387	
1578	-36.171875	-17.735753	1.088895	4.178481	
1578	-36.123635	-17.812500	1.105842	4.183759	
1579	-36.172741	-17.734375	1.088589	4.178387	
1579	-36.221692	-17.656250	1.071256	4.173037	
1580	-36.250000	-17.610903	1.061183	4.169950	
1580	-36.221692	-17.656250	1.071256	4.173037	
1581	-36.250000	-17.610903	1.061183	4.169950	
1581	-36.270461	-17.578125	1.053863	4.167716	
1582	-36.270461	-17.578125	1.053863	4.167716	
1582	-36.319072	-17.500000	1.036394	4.162420	
1583	-36.406250	-17.359325	1.004717	4.152934	
1583	-36.415887	-17.343750	1.001184	4.151886	
1584	-36.328125	-17.485411	1.033128	4.161435	
1584	-36.367553	-17.421875	1.018830	4.157141	
1585	-36.328125	-17.485411	1.033128	4.161435	
1585	-36.319072	-17.500000	1.036394	4.162420	
1586	-36.406250	-17.359325	1.004717	4.152934	
1586	-36.367553	-17.421875	1.018830	4.157141	
1587	-36.415887	-17.343750	1.001184	4.151886	
1587	-36.464112	-17.265625	0.983429	4.146645	
1588	-36.484375	-17.232719	0.975930	4.144446	
1588	-36.464112	-17.265625	0.983429	4.146645	
1589	-36.484375	-17.232719	0.975930	4.144446	
1589	-36.512225	-17.187500	0.965569	4.141421	
1590	-36.512225	-17.187500	0.965569	4.141421	
1590	-36.560228	-17.109375	0.947602	4.136213	
1591	-36.562500	-17.105672	0.946748	4.135967	
1591	-36.560228	-17.109375	0.947602	4.136213	
1592	-36.562500	-17.105672	0.946748	4.135967	
1592	-36.608161	-17.031250	0.929501	4.131014	
1593	-36.640625	-16.978231	0.917158	4.127497	
1593	-36.656001	-16.953125	0.911282	4.125829	
1594	-36.640625	-16.978231	0.917158	4.127497	
1594	-36.608161	-17.031250	0.929501	4.131014	
1595	-36.656001	-16.953125	0.911282	4.125829	
1595	-36.703774	-16.875000	0.892928	4.120654	
1596	-36.718750	-16.850475	0.887143	4.119033	
1596	-36.751489	-16.796875	0.874432	4.115486	
1597	-36.796875	-16.722460	0.856689	4.110574	
1597	-36.751489	-16.796875	0.874432	4.115486	
1598	-36.796875	-16.722460	0.856689	4.110574	
1598	-36.799139	-16.718750	0.855800	4.110329	
1599	-36.718750	-16.850475	0.887143	4.119033	
1599	-36.703774	-16.875000	0.892928	4.120654	
1600	-36.799139	-16.718750	0.855800	4.110329	
1600	-36.846758	-16.640625	0.837007	4.105176	
1601	-36.875000	-16.594240	0.825785	4.102122	
1601	-36.846758	-16.640625	0.837007	4.105176	
1602	-36.875000	-16.594240	0.825785	4.102122	
1602	-36.894330	-16.562500	0.818066	4.100031	
1603	-36.894330	-16.562500	0.818066	4.100031	
1603	-36.941871	-16.484375	0.798965	4.094892	
1604	-36.953125	-16.465871	0.794419	4.093676	
1604	-36.941871	-16.484375	0.798965	4.094892	
1605	-36.953125	-16.465871	0.794419	4.093676	
1605	-36.989394	-16.406250	0.779696	4.089756	
1606	-37.031250	-16.337399	0.762582	4.085236	
1606	-36.989394	-16.406250	0.779696	4.089756	
1607	-37.031250	-16.337399	0.762582	4.085236	
1607	-37.036889	-16.328125	0.760265	4.084627	
1608	-37.036889	-16.328125	0.760265	4.084627	
1608	-37.084382	-16.250000	0.740654	4.079500	
1609	-37.187500	-16.080327	0.697458	4.068380	
1609	-37.226831	-16.015625	0.680755	4.064143	
1610	-37.265625	-15.951805	0.664158	4.059967	
1610	-37.226831	-16.015625	0.680755	4.064143	
1611	-37.265625	-15.951805	0.664158	4.059967	
1611	-37.274322	-15.937500	0.660421	4.059031	
1612	-37.109375	-16.208873	0.730263	4.076804	
1612	-37.131864	-16.171875	0.720870	4.074378	
1613	-37.109375	-16.208873	0.730263	4.076804	
1613	-37.084382	-16.250000	0.740654	4.079500	
1614	-37.131864	-16.171875	0.720870	4.074378	
1614	-37.179342	-16.093750	0.700907	4.069259	
1615	-37.187500	-16.080327	0.697458	4.068380	
1615	-37.179342	-16.093750	0.700907	4.069259	
1616	-37.343750	-15.823339	0.630359	4.051566	
1616	-37.369354	-15.781250	0.619172	4.048816	
1617	-37.274322	-15.937500	0.660421	4.059031	
1617	-37.321831	-15.859375	0.639893	4.053922	
1618	-37.343750	-15.823339	0.630359	4.051566	
1618	-37.321831	-15.859375	0.639893	4.053922	
1619	-37.369354	-15.781250	0.619172	4.048816	
1619	-37.416895	-15.703125	0.598259	4.043714	
1620	-37.421875	-15.694946	0.596057	4.043180	
1620	-37.416895	-15.703125	0.598259	4.043714	
1621	-37.421875	-15.694946	0.596057	4.043180	
1621	-37.464467	-15.625000	0.577143	4.038615	
1622	-37.500000	-15.566671	0.561248	4.034811	
1622	-37.464467	-15.625000	0.577143	4.038615	
1623	-37.500000	-15.566671	0.561248	4.034811	
1623	-37.512060	-15.546875	0.555830	4.033521	
1624	-37.512060	-15.546875	0.555830	4.033521	
1624	-37.559687	-15.468750	0.534312	4.028431	
1625	-37.578125	-15.438525	0.525930	4.026462	
1625	-37.607346	-15.390625	0.512590	4.023345	
1626	-37.578125	-15.438525	0.525930	4.026462	
1626	-37.559687	-15.468750	0.534312	4.028431	
1627	-37.607346	-15.390625	0.512590	4.023345	
1627	-37.655036	-15.312500	0.490664	4.018265	
1628	-37.656250	-15.310513	0.490103	4.018136	
1628	-37.702770	-15.234375	0.468525	4.013189	
1629	-37.734375	-15.182687	0.453761	4.009834	
1629	-37.702770	-15.234375	0.468525	4.013189	
1630	-37.734375	-15.182687	0.453761	4.009834	
1630	-37.750539	-15.156250	0.446180	4.008121	
1631	-37.656250	-15.310513	0.490103	4.018136	
1631	-37.655036	-15.312500	0.490664	4.018265	
1632	-37.750539	-15.156250	0.446180	4.008121	
1632	-37.798350	-15.078125	0.423624	4.003058	
1633	-37.812500	-15.055027	0.416910	4.001562	
1633	-37.798350	-15.078125	0.423624	4.003058	
1634	-37.812500	-15.055027	0.416910	4.001562	
1634	-37.846206	-15.000000	0.400854	3.998003	
1635	-34.687500	-19.900055	1.577890	4.349989	
1635	-34.730956	-19.843750	1.563991	4.344554	
1636	-34.765625	-19.798461	1.552912	4.340245	
1636	-34.790650	-19.765625	1.544905	4.337143	
1637	-34.765625	-19.798461	1.552912	4.340245	
1637	-34.730956	-19.843750	1.563991	4.344554	
1638	-34.843750	-19.695378	1.527927	4.330603	
1638	-34.790650	-19.765625	1.544905	4.337143	
1639	-34.843750	-19.695378	1.527927	4.330603	
1639	-34.849681	-19.687500	1.526028	4.329874	
1640	-34.609496	-20.000000	1.602832	4.359824	
1640	-34.670579	-19.921875	1.583297	4.352112	
1641	-34.687500	-19.900055	1.577890	4.349989	
1641	-34.670579	-19.921875	1.583297	4.352112	
1642	-34.849681	-19.687500	1.526028	4.329874	
1642	-34.908084	-19.609375	1.507341	4.322738	
1643	-34.921875	-19.590784	1.502932	4.321063	
1643	-34.908084	-19.609375	1.507341	4.322738	
1644	-34.921875	-19.590784	1.502932	4.321063	
1644	-34.965877	-19.531250	1.488836	4.315730	
1645	-35.000000	-19.484705	1.477911	4.311620	
1645	-34.965877	-19.531250	1.488836	4.315730	
1646	-38.125000	-14.546340	0.264398	3.968823	
1646	-38.134295	-14.531250	0.259738	3.967859	
1647	-38.134295	-14.531250	0.259738	3.967859	
1647	-38.182481	-14.453125	0.235460	3.962873	
1648	-38.203125	-14.419694	0.224998	3.960742	
1648	-38.182481	-14.453125	0.235460	3.962873	
1649	-38.203125	-14.419694	0.224998	3.960742	
1649	-38.230716	-14.375000	0.210965	3.957900	
1650	-37.890625	-14.927546	0.379548	3.993322	
1650	-37.894101	-14.921875	0.377874	3.992956	
1651	-37.890625	-14.927546	0.379548	3.993322	
1651	-37.846206	-15.000000	0.400854	3.998003	
1652	-37.894101	-14.921875	0.377874	3.992956	
1652	-37.942048	-14.843750	0.354676	3.987916	
1653	-37.968750	-14.800283	0.341672	3.985116	
1653	-37.942048	-14.843750	0.354676	3.987916	
1654	-37.968750	-14.800283	0.341672	3.985116	
1654	-37.990038	-14.765625	0.331266	3.982887	
1655	-37.990038	-14.765625	0.331266	3.982887	
1655	-38.038074	-14.687500	0.307640	3.977867	
1656	-38.046875	-14.673204	0.303289	3.976948	
1656	-38.086162	-14.609375	0.283796	3.972857	
1657	-38.046875	-14.673204	0.303289	3.976948	
1657	-38.038074	-14.687500	0.307640	3.977867	
1658	-38.125000	-14.546340	0.264398	3.968823	
1658	-38.086162	-14.609375	0.283796	3.972857	
1659	-38.281250	-14.293239	0.185098	3.952710	
1659	-38.327338	-14.218750	0.161322	3.947995	
1660	-38.230716	-14.375000	0.210965	3.957900	
1660	-38.278999	-14.296875	0.186255	3.952940	
1661	-38.281250	-14.293239	0.185098	3.952710	
1661	-38.278999	-14.296875	0.186255	3.952940	
1662	-38.359375	-14.167030	0.144690	3.944728	
1662	-38.375725	-14.140625	0.136173	3.943065	
1663	-38.359375	-14.167030	0.144690	3.944728	
1663	-38.327338	-14.218750	0.161322	3.947995	
1664	-38.375725	-14.140625	0.136173	3.943065	
1664	-38.424164	-14.062500	0.110805	3.938151	
1665	-38.437500	-14.041021	0.103785	3.936802	
1665	-38.424164	-14.062500	0.110805	3.938151	
1666	-38.437500	-14.041021	0.103785	3.936802	
1666	-38.472656	-13.984375	0.085217	3.933254	
1667	-38.515625	-13.915221	0.062384	3.928934	
1667	-38.472656	-13.984375	0.085217	3.933254	
1668	-38.515625	-13.915221	0.062384	3.928934	
1668	-38.521197	-13.906250	0.059413	3.928375	
1669	-38.521197	-13.906250	0.059413	3.928375	
1669	-38.569793	-13.828125	0.033387	3.923514	
1670	-38.593750	-13.789660	0.020483	3.921127	
1670	-38.569793	-13.828125	0.033387	3.923514	
1671	-38.593750	-13.789660	0.020483	3.921127	
1671	-38.618440	-13.750000	0.007143	3.918673	
1672	-38.618440	-13.750000	0.007143	3.918673	
1672	-38.667137	-13.671875	-0.019320	3.913852	
1673	-38.671875	-13.664287	-0.021905	3.913385	
1673	-38.667137	-13.671875	-0.019320	3.913852	
1674	-38.671875	-13.664287	-0.021905	3.913385	
1674	-38.715891	-13.593750	-0.046004	3.909052	
1675	-38.750000	-13.539157	-0.064788	3.905709	
1675	-38.715891	-13.593750	-0.046004	3.909052	
1676	-38.750000	-13.539157	-0.064788	3.905709	
1676	-38.764695	-13.515625	-0.072906	3.904274	
1677	-38.764695	-13.515625	-0.072906	3.904274	
1677	-38.813552	-13.437500	-0.100027	3.899519	
1678	-38.906250	-13.289513	-0.152009	3.890575	
1678	-38.911426	-13.281250	-0.154930	3.890079	
1679	-38.828125	-13.414233	-0.108157	3.898105	
1679	-38.862464	-13.359375	-0.127370	3.894787	
1680	-38.828125	-13.414233	-0.108157	3.898105	
1680	-38.813552	-13.437500	-0.100027	3.899519	
1681	-38.906250	-13.289513	-0.152009	3.890575	
1681	-38.862464	-13.359375	-0.127370	3.894787	
1682	-38.911426	-13.281250	-0.154930	3.890079	
1682	-38.960445	-13.203125	-0.182713	3.885396	
1683	-38.984375	-13.165041	-0.196348	3.883121	
1683	-38.960445	-13.203125	-0.182713	3.885396	
1684	-38.984375	-13.165041	-0.196348	3.883121	
1684	-39.009518	-13.125000	-0.210716	3.880740	
1685	-39.062500	-13.040753	-0.241162	3.875747	
1685	-39.107827	-12.968750	-0.267384	3.871507	
1686	-39.140625	-12.916724	-0.286460	3.868456	
1686	-39.157065	-12.890625	-0.296049	3.866932	
1687	-39.140625	-12.916724	-0.286460	3.868456	
1687	-39.107827	-12.968750	-0.267384	3.871507	
1688	-39.157065	-12.890625	-0.296049	3.866932	
1688	-39.206361	-12.812500	-0.324938	3.862387	
1689	-39.009518	-13.125000	-0.210716	3.880740	
1689	-39.058643	-13.046875	-0.238938	3.876110	
1690	-39.062500	-13.040753	-0.241162	3.875747	
1690	-39.058643	-13.046875	-0.238938	3.876110	
1691	-39.218750	-12.792901	-0.332230	3.861250	
1691	-39.255715	-12.734375	-0.354050	3.857871	
1692	-39.296875	-12.669306	-0.378474	3.854132	
1692	-39.255715	-12.734375	-0.354050	3.857871	
1693	-39.296875	-12.669306	-0.378474	3.854132	
1693	-39.305127	-12.656250	-0.383384	3.853385	
1694	-39.218750	-12.792901	-0.332230	3.861250	
1694	-39.206361	-12.812500	-0.324938	3.862387	
1695	-39.305127	-12.656250	-0.383384	3.853385	
1695	-39.354600	-12.578125	-0.412945	3.848931	
1696	-39.375000	-12.545967	-0.425192	3.847104	
1696	-39.354600	-12.578125	-0.412945	3.848931	
1697	-39.375000	-12.545967	-0.425192	3.847104	
1697	-39.404134	-12.500000	-0.442730	3.844508	
1698	-39.453125	-12.422829	-0.472374	3.840171	
1698	-39.453730	-12.421875	-0.472741	3.840118	
1699	-39.453125	-12.422829	-0.472374	3.840171	
1699	-39.404134	-12.500000	-0.442730	3.844508	
1700	-39.453730	-12.421875	-0.472741	3.840118	
1700	-39.503393	-12.343750	-0.502982	3.835761	
1701	-39.531250	-12.300004	-0.520031	3.833333	
1701	-39.503393	-12.343750	-0.502982	3.835761	
1702	-39.531250	-12.300004	-0.520031	3.833333	
1702	-39.553121	-12.265625	-0.533451	3.831437	
1703	-39.553121	-12.265625	-0.533451	3.831437	
1703	-39.602916	-12.187500	-0.564150	3.827149	
1704	-39.609375	-12.177391	-0.568148	3.826595	
1704	-39.652784	-12.109375	-0.595083	3.822895	
1705	-39.609375	-12.177391	-0.568148	3.826595	
1705	-39.602916	-12.187500	-0.564150	3.827149	
1706	-39.687500	-12.055083	-0.616731	3.819958	
1706	-39.652784	-12.109375	-0.595083	3.822895	
1707	-39.687500	-12.055083	-0.616731	3.819958	
1707	-39.702723	-12.031250	-0.626249	3.818677	
1708	-39.702723	-12.031250	-0.626249	3.818677	
1708	-39.752738	-11.953125	-0.657651	3.814495	
1709	-39.765625	-11.933044	-0.665775	3.813424	
1709	-39.752738	-11.953125	-0.657651	3.814495	
1710	-39.765625	-11.933044	-0.665775	3.813424	
1710	-39.802831	-11.875000	-0.689291	3.810350	
1711	-39.843750	-11.811301	-0.715279	3.806997	
1711	-39.853006	-11.796875	-0.721172	3.806243	
1712	-39.853006	-11.796875	-0.721172	3.806243	
1712	-39.903264	-11.718750	-0.753295	3.802174	
1713	-39.843750	-11.811301	-0.715279	3.806997	
1713	-39.802831	-11.875000	-0.689291	3.810350	
1714	-39.921875	-11.689894	-0.765243	3.800678	
1714	-39.953610	-11.640625	-0.785664	3.798143	
1715	-39.921875	-11.689894	-0.765243	3.800678	
1715	-39.903264	-11.718750	-0.753295	3.802174	
1716	-40.000000	-11.568779	-0.815659	3.794471	
1716	-39.953610	-11.640625	-0.785664	3.798143	
1717	-61.875000	-29.086896	-21.269633	-2.894972	
1717	-61.836241	-29.062500	-21.244892	-2.875492	
1718	-61.562500	-28.991252	-21.136948	-2.859344	
1718	-61.544783	-28.984375	-21.123676	-2.860241	
1719	-61.484375	-28.950445	-21.073721	-2.860362	
1719	-61.436051	-28.906250	-21.028253	-2.856756	
1720	-61.544783	-28.984375	-21.123676	-2.860241	
1720	-61.484375	-28.950445	-21.073721	-2.860362	
1721	-61.436051	-28.906250	-21.028253	-2.856756	
1721	-61.407522	-28.828125	-20.992120	-2.851338	
1722	-61.407522	-28.828125	-20.992120	-2.851338	
1722	-61.411522	-28.750000	-20.980226	-2.848805	
1723	-61.836241	-29.062500	-21.244892	-2.875492	
1723	-61.796875	-29.047894	-21.229099	-2.859621	
1724	-61.796875	-29.047894	-21.229099	-2.859621	
1724	-61.718750	-28.992529	-21.215563	-2.836365	
1725	-61.718750	-28.992529	-21.215563	-2.836365	
1725	-61.640625	-29.003239	-21.187145	-2.850856	
1726	-61.640625	-29.003239	-21.187145	-2.850856	
1726	-61.562500	-28.991252	-21.136948	-2.859344	
1727	-61.953125	-29.092070	-21.316349	-2.923477	
1727	-61.875000	-29.086896	-21.269633	-2.894972	
1728	-61.953125	-29.092070	-21.316349	-2.923477	
1728	-62.026752	-29.062500	-21.358965	-2.943673	
1729	-62.031250	-29.059935	-21.361621	-2.944774	
1729	-62.097209	-28.984375	-21.394179	-2.956470	
1730	-62.109375	-28.918722	-21.389777	-2.955442	
1730	-62.097209	-28.984375	-21.394179	-2.956470	
1731	-62.109375	-28.918722	-21.389777	-2.955442	
1731	-62.112101	-28.906250	-21.389761	-2.955449	
1732	-62.031250	-29.059935	-21.361621	-2.944774	
1732	-62.026752	-29.062500	-21.358965	-2.943673	
1733	-62.031250	-28.752843	-21.300376	-2.946357	
1733	-62.027951	-28.750000	-21.297543	-2.946331	
1734	-62.112101	-28.906250	-21.389761	-2.955449	
1734	-62.109375	-28.896090	-21.385382	-2.954543	
1735	-62.109375	-28.896090	-21.385382	-2.954543	
1735	-62.096335	-28.828125	-21.363191	-2.950915	
1736	-62.096335	-28.828125	-21.363191	-2.950915	
1736	-62.031250	-28.752843	-21.300376	-2.946357	
1737	-62.027951	-28.750000	-21.297543	-2.946331	
1737	-61.953125	-28.712856	-21.239967	-2.949664	
1738	-61.953125	-28.712856	-21.239967	-2.949664	
1738	-61.875000	-28.703810	-21.194537	-2.960259	
1739	-61.875000	-28.703810	-21.194537	-2.960259	
1739	-61.796875	-28.707068	-21.175160	-2.971028	
1740	-61.796875	-28.707068	-21.175160	-2.971028	
1740	-61.744802	-28.671875	-21.165866	-2.953637	
1741	-61.744802	-28.671875	-21.165866	-2.953637	
1741	-61.718750	-28.650542	-21.153855	-2.940360	
1742	-61.640625	-28.618530	-21.110180	-2.906993	
1742	-61.562500	-28.619195	-21.062563	-2.880672	
1743	-61.718750	-28.650542	-21.153855	-2.940360	
1743	-61.640625	-28.618530	-21.110180	-2.906993	
1744	-61.411522	-28.750000	-20.980226	-2.848805	
1744	-61.459028	-28.671875	-21.000704	-2.855093	
1745	-61.484375	-28.652428	-21.015432	-2.860390	
1745	-61.459028	-28.671875	-21.000704	-2.855093	
1746	-61.562500	-28.619195	-21.062563	-2.880672	
1746	-61.484375	-28.652428	-21.015432	-2.860390	
1747	-59.062500	-32.116621	-19.710757	-3.420149	
1747	-59.050388	-32.109375	-19.707589	-3.421702	
1748	-58.984375	-32.066780	-19.673570	-3.427834	
1748	-58.949822	-32.031250	-19.646528	-3.426604	
1749	-59.050388	-32.109375	-19.707589	-3.421702	
1749	-58.984375	-32.066780	-19.673570	-3.427834	
1750	-58.949822	-32.031250	-19.646528	-3.426604	
1750	-58.922558	-31.953125	-19.613031	-3.420060	
1751	-58.922558	-31.953125	-19.613031	-3.420060	
1751	-58.933338	-31.875000	-19.601135	-3.415851	
1752	-59.375000	-32.131900	-19.782977	-3.491784	
1752	-59.296875	-32.179517	-19.755500	-3.473668	
1753	-59.296875	-32.179517	-19.755500	-3.473668	
1753	-59.218750	-32.183610	-19.728532	-3.447295	
1754	-59.218750	-32.183610	-19.728532	-3.447295	
1754	-59.140625	-32.160322	-19.715581	-3.422862	
1755	-59.140625	-32.160322	-19.715581	-3.422862	
1755	-59.062500	-32.116621	-19.710757	-3.420149	
1756	-59.375000	-31.896430	-19.727802	-3.484453	
1756	-59.355204	-31.875000	-19.714037	-3.484756	
1757	-59.355204	-31.875000	-19.714037	-3.484756	
1757	-59.296875	-31.835263	-19.686615	-3.490122	
1758	-59.296875	-31.835263	-19.686615	-3.490122	
1758	-59.218750	-31.801559	-19.678169	-3.493145	
1759	-59.218750	-31.801559	-19.678169	-3.493145	
1759	-59.205182	-31.796875	-19.678062	-3.491221	
1760	-59.140625	-31.764106	-19.666292	-3.466469	
1760	-59.062500	-31.764385	-19.640558	-3.440366	
1761	-59.205182	-31.796875	-19.678062	-3.491221	
1761	-59.140625	-31.764106	-19.666292	-3.466469	
1762	-59.000061	-31.796875	-19.619885	-3.425611	
1762	-58.984375	-31.808054	-19.614261	-3.422254	
1763	-58.984375	-31.808054	-19.614261	-3.422254	
1763	-58.933338	-31.875000	-19.601135	-3.415851	
1764	-59.062500	-31.764385	-19.640558	-3.440366	
1764	-59.000061	-31.796875	-19.619885	-3.425611	
1765	-45.000000	-24.951404	-6.726343	1.276571	
1765	-44.921875	-24.981978	-6.678006	1.295319	
1766	-44.921875	-24.981978	-6.678006	1.295319	
1766	-44.843750	-24.996028	-6.627287	1.316697	
1767	-44.843750	-24.996028	-6.627287	1.316697	
1767	-44.765625	-24.996807	-6.575216	1.340567	
1768	-44.765625	-24.996807	-6.575216	1.340567	
1768	-44.687500	-24.985827	-6.522753	1.366895	
1769	-44.687500	-24.985827	-6.522753	1.366895	
1769	-44.609375	-24.959379	-6.469867	1.396437	
1770	-44.609375	-24.959379	-6.469867	1.396437	
1770	-44.558705	-24.921875	-6.432778	1.419814	
1771	-44.558705	-24.921875	-6.432778	1.419814	
1771	-44.531250	-24.908735	-6.416708	1.430960	
1772	-44.531250	-24.908735	-6.416708	1.430960	
1772	-44.470849	-24.843750	-6.379002	1.462218	
1773	-44.470849	-24.843750	-6.379002	1.462218	
1773	-44.453125	-24.821494	-6.371184	1.471016	
1774	-44.453125	-24.821494	-6.371184	1.471016	
1774	-44.375000	-24.817282	-6.356853	1.474450	
1775	-44.531250	-24.520731	-6.336736	1.280906	
1775	-44.453125	-24.482440	-6.320696	1.292841	
1776	-44.453125	-24.482440	-6.320696	1.292841	
1776	-44.424727	-24.453125	-6.306126	1.306400	
1777	-44.424727	-24.453125	-6.306126	1.306400	
1777	-44.375000	-24.399884	-6.271883	1.332153	
1778	-44.687500	-24.455344	-6.409796	1.294199	
1778	-44.609375	-24.474729	-6.367831	1.290030	
1779	-44.609375	-24.474729	-6.367831	1.290030	
1779	-44.531250	-24.520731	-6.336736	1.280906	
1780	-44.704749	-24.453125	-6.420048	1.294652	
1780	-44.687500	-24.455344	-6.409796	1.294199	
1781	-44.765625	-24.437296	-6.458361	1.295015	
1781	-44.704749	-24.453125	-6.420048	1.294652	
1782	-44.843750	-24.432881	-6.511096	1.292985	
1782	-44.765625	-24.437296	-6.458361	1.295015	
1783	-45.000000	-24.462190	-6.627471	1.281565	
1783	-44.971847	-24.453125	-6.605445	1.284332	
1784	-44.921875	-24.440778	-6.567473	1.288473	
1784	-44.843750	-24.432881	-6.511096	1.292985	
1785	-44.971847	-24.453125	-6.605445	1.284332	
1785	-44.921875	-24.440778	-6.567473	1.288473	
1786	-44.218750	-24.872590	-6.282237	1.463386	
1786	-44.288625	-24.843750	-6.321245	1.466511	
1787	-44.140625	-24.885330	-6.233936	1.463307	
1787	-44.062500	-24.887269	-6.181623	1.466087	
1788	-44.218750	-24.872590	-6.282237	1.463386	
1788	-44.140625	-24.885330	-6.233936	1.463307	
1789	-44.375000	-24.817282	-6.356853	1.474450	
1789	-44.296875	-24.842295	-6.325315	1.467082	
1790	-44.296875	-24.842295	-6.325315	1.467082	
1790	-44.288625	-24.843750	-6.321245	1.466511	
1791	-43.984375	-24.878892	-6.125952	1.471392	
1791	-43.906250	-24.858503	-6.066986	1.479115	
1792	-44.062500	-24.887269	-6.181623	1.466087	
1792	-43.984375	-24.878892	-6.125952	1.471392	
1793	-43.906250	-24.858503	-6.066986	1.479115	
1793	-43.867894	-24.843750	-6.036775	1.483812	
1794	-43.867894	-24.843750	-6.036775	1.483812	
1794	-43.828125	-24.820971	-6.003979	1.489443	
1795	-43.828125	-24.820971	-6.003979	1.489443	
1795	-43.755806	-24.765625	-5.940772	1.501844	
1796	-43.755806	-24.765625	-5.940772	1.501844	
1796	-43.750000	-24.756576	-5.934854	1.503112	
1797	-43.828125	-24.375980	-5.910260	1.503928	
1797	-43.750000	-24.446557	-5.869831	1.517761	
1798	-43.829509	-24.375000	-5.911024	1.503655	
1798	-43.828125	-24.375980	-5.910260	1.503928	
1799	-44.375000	-24.399884	-6.271883	1.332153	
1799	-44.326510	-24.375000	-6.241109	1.351957	
1800	-44.326510	-24.375000	-6.241109	1.351957	
1800	-44.296875	-24.352110	-6.218324	1.365474	
1801	-44.296875	-24.352110	-6.218324	1.365474	
1801	-44.218750	-24.321226	-6.163588	1.395185	
1802	-44.218750	-24.321226	-6.163588	1.395185	
1802	-44.140625	-24.306887	-6.110094	1.421509	
1803	-44.140625	-24.306887	-6.110094	1.421509	
1803	-44.062500	-24.303811	-6.057263	1.445520	
1804	-44.062500	-24.303811	-6.057263	1.445520	
1804	-43.984375	-24.312390	-6.005725	1.467342	
1805	-43.984375	-24.312390	-6.005725	1.467342	
1805	-43.906250	-24.335180	-5.956405	1.486867	
1806	-43.906250	-24.335180	-5.956405	1.486867	
1806	-43.829509	-24.375000	-5.911024	1.503655	
1807	-43.750000	-24.756576	-5.934854	1.503112	
1807	-43.704037	-24.687500	-5.887402	1.514027	
1808	-43.704037	-24.687500	-5.887402	1.514027	
1808	-43.688609	-24.609375	-5.860081	1.521063	
1809	-43.688609	-24.609375	-5.860081	1.521063	
1809	-43.700468	-24.531250	-5.852199	1.523287	
1810	-43.700468	-24.531250	-5.852199	1.523287	
1810	-43.743871	-24.453125	-5.866811	1.518740	
1811	-43.750000	-24.446557	-5.869831	1.517761	
1811	-43.743871	-24.453125	-5.866811	1.518740	
1812	-45.000000	-24.951404	-6.726343	1.276571	
1812	-45.049876	-24.921875	-6.755697	1.265982	
1813	-45.078125	-24.898613	-6.771076	1.260698	
1813	-45.049876	-24.921875	-6.755697	1.265982	
1814	-45.078125	-24.898613	-6.771076	1.260698	
1814	-45.132599	-24.843750	-6.799373	1.251541	
1815	-45.156250	-24.799185	-6.807387	1.249118	
1815	-45.132599	-24.843750	-6.799373	1.251541	
1816	-45.156250	-24.799185	-6.807387	1.249118	
1816	-45.174219	-24.765625	-6.814007	1.247227	
1817	-45.174219	-24.765625	-6.814007	1.247227	
1817	-45.187320	-24.687500	-6.808157	1.248750	
1818	-45.187320	-24.687500	-6.808157	1.248750	
1818	-45.170089	-24.609375	-6.780128	1.255264	
1819	-45.170089	-24.609375	-6.780128	1.255264	
1819	-45.156250	-24.588813	-6.765740	1.258331	
1820	-45.156250	-24.588813	-6.765740	1.258331	
1820	-45.116304	-24.531250	-6.725505	1.266175	
1821	-45.116304	-24.531250	-6.725505	1.266175	
1821	-45.078125	-24.503353	-6.692015	1.271998	
1822	-45.078125	-24.503353	-6.692015	1.271998	
1822	-45.000000	-24.462190	-6.627471	1.281565	
1823	-58.828125	-29.110563	-18.857992	-2.394988	
1823	-58.750000	-29.111109	-18.812908	-2.366555	
1824	-58.906250	-29.094488	-18.902848	-2.419807	
1824	-58.828125	-29.110563	-18.857992	-2.394988	
1825	-58.906250	-29.094488	-18.902848	-2.419807	
1825	-58.979603	-29.062500	-18.943554	-2.439694	
1826	-59.062500	-29.002724	-18.987185	-2.458256	
1826	-58.984375	-29.060056	-18.946229	-2.440915	
1827	-58.984375	-29.060056	-18.946229	-2.440915	
1827	-58.979603	-29.062500	-18.943554	-2.439694	
1828	-59.062500	-29.002724	-18.987185	-2.458256	
1828	-59.081964	-28.984375	-18.997013	-2.462008	
1829	-59.081964	-28.984375	-18.997013	-2.462008	
1829	-59.137035	-28.906250	-19.019840	-2.469944	
1830	-59.140625	-28.896880	-19.020370	-2.470113	
1830	-59.168515	-28.828125	-19.026967	-2.472058	
1831	-59.140625	-28.896880	-19.020370	-2.470113	
1831	-59.137035	-28.906250	-19.019840	-2.469944	
1832	-59.168515	-28.828125	-19.026967	-2.472058	
1832	-59.178536	-28.750000	-19.018810	-2.469992	
1833	-58.046875	-28.936643	-18.509199	-2.271215	
1833	-57.979782	-28.906250	-18.457172	-2.271179	
1834	-58.125000	-28.956365	-18.563741	-2.267289	
1834	-58.046875	-28.936643	-18.509199	-2.271215	
1835	-57.968750	-28.899657	-18.448134	-2.270858	
1835	-57.890625	-28.838396	-18.379554	-2.265725	
1836	-57.890625	-28.838396	-18.379554	-2.265725	
1836	-57.879415	-28.828125	-18.369056	-2.264537	
1837	-57.879415	-28.828125	-18.369056	-2.264537	
1837	-57.825141	-28.750000	-18.312496	-2.256306	
1838	-57.979782	-28.906250	-18.457172	-2.271179	
1838	-57.968750	-28.899657	-18.448134	-2.270858	
1839	-58.671875	-29.096260	-18.768739	-2.334320	
1839	-58.598158	-29.062500	-18.728239	-2.298850	
1840	-58.750000	-29.111109	-18.812908	-2.366555	
1840	-58.671875	-29.096260	-18.768739	-2.334320	
1841	-58.359375	-28.946291	-18.674040	-2.232068	
1841	-58.281250	-28.957965	-18.649481	-2.246914	
1842	-58.437500	-28.954436	-18.679640	-2.227815	
1842	-58.359375	-28.946291	-18.674040	-2.232068	
1843	-58.203125	-28.962440	-18.611230	-2.259143	
1843	-58.125000	-28.956365	-18.563741	-2.267289	
1844	-58.281250	-28.957965	-18.649481	-2.246914	
1844	-58.203125	-28.962440	-18.611230	-2.259143	
1845	-58.598158	-29.062500	-18.728239	-2.298850	
1845	-58.593750	-29.061065	-18.726330	-2.296965	
1846	-58.593750	-29.061065	-18.726330	-2.296965	
1846	-58.515625	-29.013674	-18.693785	-2.258798	
1847	-58.515625	-29.013674	-18.693785	-2.258798	
1847	-58.478435	-28.984375	-18.683786	-2.241352	
1848	-58.478435	-28.984375	-18.683786	-2.241352	
1848	-58.437500	-28.954436	-18.679640	-2.227815	
1849	-58.359375	-28.294183	-18.548225	-2.412878	
1849	-58.317779	-28.281250	-18.526477	-2.394596	
1850	-58.437500	-28.340704	-18.586791	-2.452118	
1850	-58.359375	-28.294183	-18.548225	-2.412878	
1851	-58.281250	-28.265281	-18.503522	-2.377037	
1851	-58.203125	-28.250689	-18.455959	-2.344667	
1852	-58.203125	-28.250689	-18.455959	-2.344667	
1852	-58.125000	-28.251738	-18.408141	-2.316145	
1853	-58.317779	-28.281250	-18.526477	-2.394596	
1853	-58.281250	-28.265281	-18.503522	-2.377037	
1854	-58.750000	-28.406022	-18.666763	-2.466934	
1854	-58.671875	-28.416948	-18.631699	-2.480837	
1855	-58.671875	-28.416948	-18.631699	-2.480837	
1855	-58.593750	-28.432794	-18.612391	-2.496269	
1856	-58.593750	-28.432794	-18.612391	-2.496269	
1856	-58.515625	-28.401768	-18.609394	-2.488761	
1857	-58.515625	-28.401768	-18.609394	-2.488761	
1857	-58.460476	-28.359375	-18.596163	-2.464375	
1858	-58.460476	-28.359375	-18.596163	-2.464375	
1858	-58.437500	-28.340704	-18.586791	-2.452118	
1859	-57.825141	-28.750000	-18.312496	-2.256306	
1859	-57.812500	-28.712284	-18.295460	-2.253189	
1860	-57.831901	-28.437500	-18.248360	-2.242806	
1860	-57.812500	-28.485986	-18.245337	-2.241800	
1861	-58.014485	-28.281250	-18.342287	-2.281967	
1861	-57.968750	-28.302435	-18.315553	-2.269610	
1862	-57.893065	-28.359375	-18.275092	-2.252627	
1862	-57.890625	-28.362049	-18.273973	-2.252190	
1863	-57.890625	-28.362049	-18.273973	-2.252190	
1863	-57.831901	-28.437500	-18.248360	-2.242806	
1864	-57.968750	-28.302435	-18.315553	-2.269610	
1864	-57.893065	-28.359375	-18.275092	-2.252627	
1865	-58.125000	-28.251738	-18.408141	-2.316145	
1865	-58.046875	-28.268431	-18.361051	-2.291157	
1866	-58.046875	-28.268431	-18.361051	-2.291157	
1866	-58.014485	-28.281250	-18.342287	-2.281967	
1867	-59.178536	-28.750000	-19.018810	-2.469992	
1867	-59.168660	-28.671875	-18.996217	-2.465261	
1868	-59.140625	-28.605994	-18.962461	-2.459627	
1868	-59.135928	-28.593750	-18.956906	-2.458830	
1869	-59.168660	-28.671875	-18.996217	-2.465261	
1869	-59.140625	-28.605994	-18.962461	-2.459627	
1870	-59.135928	-28.593750	-18.956906	-2.458830	
1870	-59.075473	-28.515625	-18.898183	-2.452362	
1871	-59.075473	-28.515625	-18.898183	-2.452362	
1871	-59.062500	-28.505035	-18.886710	-2.451500	
1872	-58.984375	-28.452496	-18.821839	-2.449132	
1872	-58.949820	-28.437500	-18.795289	-2.449484	
1873	-59.062500	-28.505035	-18.886710	-2.451500	
1873	-58.984375	-28.452496	-18.821839	-2.449132	
1874	-58.949820	-28.437500	-18.795289	-2.449484	
1874	-58.906250	-28.422057	-18.763557	-2.451060	
1875	-58.906250	-28.422057	-18.763557	-2.451060	
1875	-58.828125	-28.407269	-18.711549	-2.456991	
1876	-58.828125	-28.407269	-18.711549	-2.456991	
1876	-58.750000	-28.406022	-18.666763	-2.466934	
1877	-55.468750	-15.094080	-14.340191	1.990083	
1877	-55.432165	-15.078125	-14.309640	1.989032	
1878	-55.390625	-15.054674	-14.274369	1.988305	
1878	-55.317649	-15.000000	-14.210547	1.988310	
1879	-55.432165	-15.078125	-14.309640	1.989032	
1879	-55.390625	-15.054674	-14.274369	1.988305	
1880	-55.625000	-15.130611	-14.465702	1.998747	
1880	-55.546875	-15.118235	-14.403924	1.993572	
1881	-55.546875	-15.118235	-14.403924	1.993572	
1881	-55.468750	-15.094080	-14.340191	1.990083	
1882	-55.781250	-15.126249	-14.582920	2.014395	
1882	-55.703125	-15.132919	-14.525457	2.005656	
1883	-55.703125	-15.132919	-14.525457	2.005656	
1883	-55.625000	-15.130611	-14.465702	1.998747	
1884	-55.937500	-15.082375	-14.689483	2.038243	
1884	-55.859375	-15.110396	-14.637697	2.025133	
1885	-55.859375	-15.110396	-14.637697	2.025133	
1885	-55.781250	-15.126249	-14.582920	2.014395	
1886	-55.937500	-15.082375	-14.689483	2.038243	
1886	-55.945176	-15.078125	-14.694508	2.039716	
1887	-56.015625	-15.050672	-14.735394	2.053545	
1887	-55.945176	-15.078125	-14.694508	2.039716	
1888	-56.015625	-15.050672	-14.735394	2.053545	
1888	-56.093162	-15.000000	-14.774841	2.072136	
1889	-56.328125	-15.009706	-14.832671	2.062588	
1889	-56.315767	-15.000000	-14.826421	2.067523	
1890	-56.406250	-15.061060	-14.879045	2.032506	
1890	-56.328125	-15.009706	-14.832671	2.062588	
1891	-56.562500	-15.117172	-14.987408	1.980739	
1891	-56.484375	-15.094554	-14.931328	2.005470	
1892	-56.484375	-15.094554	-14.931328	2.005470	
1892	-56.452567	-15.078125	-14.908260	2.016805	
1893	-56.452567	-15.078125	-14.908260	2.016805	
1893	-56.406250	-15.061060	-14.879045	2.032506	
1894	-56.718750	-15.126274	-15.103408	1.938286	
1894	-56.640625	-15.126968	-15.044870	1.958492	
1895	-56.640625	-15.126968	-15.044870	1.958492	
1895	-56.562500	-15.117172	-14.987408	1.980739	
1896	-56.875000	-15.092080	-15.221696	1.903503	
1896	-56.796875	-15.115022	-15.162507	1.919977	
1897	-56.796875	-15.115022	-15.162507	1.919977	
1897	-56.718750	-15.126274	-15.103408	1.938286	
1898	-56.875000	-15.092080	-15.221696	1.903503	
1898	-56.908399	-15.078125	-15.246901	1.897019	
1899	-56.953125	-15.056676	-15.280827	1.888781	
1899	-56.908399	-15.078125	-15.246901	1.897019	
1900	-57.031250	-15.005302	-15.339440	1.875878	
1900	-56.953125	-15.056676	-15.280827	1.888781	
1901	-57.031250	-15.005302	-15.339440	1.875878	
1901	-57.038251	-15.000000	-15.344698	1.874805	
1902	-57.187500	-14.801752	-15.450456	1.856665	
1902	-57.203510	-14.765625	-15.461057	1.855329	
1903	-57.203510	-14.765625	-15.461057	1.855329	
1903	-57.221972	-14.687500	-15.470281	1.854327	
1904	-57.109375	-14.930040	-15.396781	1.864983	
1904	-57.116930	-14.921875	-15.402361	1.864023	
1905	-57.109375	-14.930040	-15.396781	1.864983	
1905	-57.038251	-15.000000	-15.344698	1.874805	
1906	-57.116930	-14.921875	-15.402361	1.864023	
1906	-57.169917	-14.843750	-15.439578	1.858166	
1907	-57.187500	-14.801752	-15.450456	1.856665	
1907	-57.169917	-14.843750	-15.439578	1.858166	
1908	-57.187500	-14.469896	-15.425300	1.856749	
1908	-57.180880	-14.453125	-15.418794	1.856944	
1909	-57.180880	-14.453125	-15.418794	1.856944	
1909	-57.125802	-14.375000	-15.368087	1.857578	
1910	-57.221972	-14.687500	-15.470281	1.854327	
1910	-57.225031	-14.609375	-15.466849	1.854631	
1911	-57.225031	-14.609375	-15.466849	1.854631	
1911	-57.212264	-14.531250	-15.450435	1.855685	
1912	-57.212264	-14.531250	-15.450435	1.855685	
1912	-57.187500	-14.469896	-15.425300	1.856749	
1913	-56.315767	-15.000000	-14.826421	2.067523	
1913	-56.250000	-14.949593	-14.803974	2.090908	
1914	-56.328125	-14.403121	-14.809234	1.754610	
1914	-56.250000	-14.434900	-14.801027	1.744361	
1915	-56.373486	-14.375000	-14.823966	1.765694	
1915	-56.328125	-14.403121	-14.809234	1.754610	
1916	-56.796875	-14.236793	-15.097439	1.839713	
1916	-56.718750	-14.239560	-15.038732	1.830836	
1917	-56.875000	-14.244406	-15.158331	1.846816	
1917	-56.796875	-14.236793	-15.097439	1.839713	
1918	-56.640625	-14.251808	-14.982613	1.820078	
1918	-56.562500	-14.274986	-14.929504	1.807190	
1919	-56.718750	-14.239560	-15.038732	1.830836	
1919	-56.640625	-14.251808	-14.982613	1.820078	
1920	-56.518454	-14.296875	-14.900601	1.798651	
1920	-56.484375	-14.308482	-14.880702	1.791917	
1921	-56.484375	-14.308482	-14.880702	1.791917	
1921	-56.406250	-14.350952	-14.838927	1.774187	
1922	-56.562500	-14.274986	-14.929504	1.807190	
1922	-56.518454	-14.296875	-14.900601	1.798651	
1923	-56.406250	-14.350952	-14.838927	1.774187	
1923	-56.373486	-14.375000	-14.823966	1.765694	
1924	-57.125802	-14.375000	-15.368087	1.857578	
1924	-57.109375	-14.359630	-15.353492	1.857500	
1925	-57.109375	-14.359630	-15.353492	1.857500	
1925	-57.031250	-14.300226	-15.286115	1.855804	
1926	-57.031250	-14.300226	-15.286115	1.855804	
1926	-57.025486	-14.296875	-15.281253	1.855599	
1927	-56.953125	-14.264529	-15.221200	1.852188	
1927	-56.875000	-14.244406	-15.158331	1.846816	
1928	-57.025486	-14.296875	-15.281253	1.855599	
1928	-56.953125	-14.264529	-15.221200	1.852188	
1929	-56.250000	-14.949593	-14.803974	2.090908	
1929	-56.171875	-14.951619	-14.798345	2.090971	
1930	-56.171875	-14.951619	-14.798345	2.090971	
1930	-56.093750	-14.999734	-14.775069	2.072271	
1931	-56.093750	-14.999734	-14.775069	2.072271	
1931	-56.093162	-15.000000	-14.774841	2.072136	
1932	-56.171875	-14.378489	-14.780557	1.768598	
1932	-56.166173	-14.375000	-14.778165	1.770601	
1933	-56.250000	-14.434900	-14.801027	1.744361	
1933	-56.171875	-14.378489	-14.780557	1.768598	
1934	-55.317649	-15.000000	-14.210547	1.988310	
1934	-55.312500	-14.994300	-14.205925	1.988378	
1935	-55.312500	-14.994300	-14.205925	1.988378	
1935	-55.252299	-14.921875	-14.150408	1.989957	
1936	-55.234375	-14.884653	-14.132705	1.990784	
1936	-55.214122	-14.843750	-14.112240	1.991972	
1937	-55.252299	-14.921875	-14.150408	1.989957	
1937	-55.234375	-14.884653	-14.132705	1.990784	
1938	-55.214122	-14.843750	-14.112240	1.991972	
1938	-55.194951	-14.765625	-14.089556	1.993659	
1939	-55.194951	-14.765625	-14.089556	1.993659	
1939	-55.192527	-14.687500	-14.080674	1.994497	
1940	-55.192527	-14.687500	-14.080674	1.994497	
1940	-55.205699	-14.609375	-14.084670	1.994052	
1941	-55.234375	-14.535705	-14.101972	1.991778	
1941	-55.205699	-14.609375	-14.084670	1.994052	
1942	-55.235997	-14.531250	-14.102875	1.991651	
1942	-55.234375	-14.535705	-14.101972	1.991778	
1943	-55.235997	-14.531250	-14.102875	1.991651	
1943	-55.282571	-14.453125	-14.134246	1.986878	
1944	-55.312500	-14.419438	-14.156033	1.983226	
1944	-55.282571	-14.453125	-14.134246	1.986878	
1945	-55.355155	-14.375000	-14.186901	1.977658	
1945	-55.312500	-14.419438	-14.156033	1.983226	
1946	-55.471000	-14.296875	-14.274296	1.959692	
1946	-55.468750	-14.298048	-14.272581	1.960074	
1947	-55.546875	-14.263539	-14.332328	1.946074	
1947	-55.471000	-14.296875	-14.274296	1.959692	
1948	-55.625000	-14.241390	-14.392486	1.930513	
1948	-55.546875	-14.263539	-14.332328	1.946074	
1949	-55.468750	-14.298048	-14.272581	1.960074	
1949	-55.390625	-14.347406	-14.213528	1.972516	
1950	-55.390625	-14.347406	-14.213528	1.972516	
1950	-55.355155	-14.375000	-14.186901	1.977658	
1951	-56.166173	-14.375000	-14.778165	1.770601	
1951	-56.093750	-14.319449	-14.736555	1.799075	
1952	-56.093750	-14.319449	-14.736555	1.799075	
1952	-56.042930	-14.296875	-14.705030	1.816475	
1953	-56.015625	-14.280237	-14.685268	1.826361	
1953	-55.937500	-14.251004	-14.629253	1.851434	
1954	-56.042930	-14.296875	-14.705030	1.816475	
1954	-56.015625	-14.280237	-14.685268	1.826361	
1955	-55.859375	-14.234828	-14.571650	1.873953	
1955	-55.781250	-14.228039	-14.512643	1.894523	
1956	-55.937500	-14.251004	-14.629253	1.851434	
1956	-55.859375	-14.234828	-14.571650	1.873953	
1957	-55.703125	-14.229995	-14.452741	1.913348	
1957	-55.625000	-14.241390	-14.392486	1.930513	
1958	-55.781250	-14.228039	-14.512643	1.894523	
1958	-55.703125	-14.229995	-14.452741	1.913348	
1959	-40.000000	-11.568779	-0.815659	3.794471	
1959	-40.004049	-11.562500	-0.818283	3.794152	
1960	-40.004049	-11.562500	-0.818283	3.794152	
1960	-40.054581	-11.484375	-0.851151	3.790201	
1961	-40.078125	-11.448075	-0.866535	3.788376	
1961	-40.054581	-11.484375	-0.851151	3.790201	
1962	-40.078125	-11.448075	-0.866535	3.788376	
1962	-40.105214	-11.406250	-0.884276	3.786290	
1963	-40.105214	-11.406250	-0.884276	3.786290	
1963	-40.155953	-11.328125	-0.917660	3.782420	
1964	-40.156250	-11.327669	-0.917856	3.782397	
1964	-40.155953	-11.328125	-0.917660	3.782420	
1965	-40.156250	-11.327669	-0.917856	3.782397	
1965	-40.206796	-11.250000	-0.951304	3.778592	
1966	-40.312500	-11.088171	-1.021859	3.770795	
1966	-40.360039	-11.015625	-1.053855	3.767361	
1967	-40.390625	-10.969111	-1.074534	3.765176	
1967	-40.360039	-11.015625	-1.053855	3.767361	
1968	-40.390625	-10.969111	-1.074534	3.765176	
1968	-40.411375	-10.937500	-1.088594	3.763705	
1969	-40.234375	-11.207751	-0.969637	3.776536	
1969	-40.257756	-11.171875	-0.985215	3.774805	
1970	-40.234375	-11.207751	-0.969637	3.776536	
1970	-40.206796	-11.250000	-0.951304	3.778592	
1971	-40.257756	-11.171875	-0.985215	3.774805	
1971	-40.308838	-11.093750	-1.019400	3.771062	
1972	-40.312500	-11.088171	-1.021859	3.770795	
1972	-40.308838	-11.093750	-1.019400	3.771062	
1973	-40.468750	-10.850460	-1.127647	3.759682	
1973	-40.514464	-10.781250	-1.158931	3.756525	
1974	-40.411375	-10.937500	-1.088594	3.763705	
1974	-40.462851	-10.859375	-1.123619	3.760092	
1975	-40.468750	-10.850460	-1.127647	3.759682	
1975	-40.462851	-10.859375	-1.123619	3.760092	
1976	-40.546875	-10.732375	-1.181208	3.754313	
1976	-40.566234	-10.703125	-1.194543	3.753003	
1977	-40.546875	-10.732375	-1.181208	3.754313	
1977	-40.514464	-10.781250	-1.158931	3.756525	
1978	-40.566234	-10.703125	-1.194543	3.753003	
1978	-40.618165	-10.625000	-1.230459	3.749527	
1979	-40.625000	-10.614766	-1.235203	3.749074	
1979	-40.618165	-10.625000	-1.230459	3.749527	
1980	-40.625000	-10.614766	-1.235203	3.749074	
1980	-40.670254	-10.546875	-1.266678	3.746098	
1981	-40.703125	-10.497784	-1.289640	3.743964	
1981	-40.670254	-10.546875	-1.266678	3.746098	
1982	-40.703125	-10.497784	-1.289640	3.743964	
1982	-40.722525	-10.468750	-1.303219	3.742716	
1983	-40.722525	-10.468750	-1.303219	3.742716	
1983	-40.774982	-10.390625	-1.340085	3.739382	
1984	-40.781250	-10.381341	-1.344505	3.738987	
1984	-40.774982	-10.390625	-1.340085	3.739382	
1985	-40.781250	-10.381341	-1.344505	3.738987	
1985	-40.827622	-10.312500	-1.377273	3.736097	
1986	-40.859375	-10.265606	-1.399806	3.734144	
1986	-40.880473	-10.234375	-1.414807	3.732860	
1987	-40.859375	-10.265606	-1.399806	3.734144	
1987	-40.827622	-10.312500	-1.377273	3.736097	
1988	-40.880473	-10.234375	-1.414807	3.732860	
1988	-40.933541	-10.156250	-1.452693	3.729673	
1989	-40.937500	-10.150458	-1.455528	3.729438	
1989	-40.933541	-10.156250	-1.452693	3.729673	
1990	-40.937500	-10.150458	-1.455528	3.729438	
1990	-40.986817	-10.078125	-1.490921	3.726538	
1991	-41.015625	-10.036124	-1.511681	3.724869	
1991	-40.986817	-10.078125	-1.490921	3.726538	
1992	-41.015625	-10.036124	-1.511681	3.724869	
1992	-41.040338	-10.000000	-1.529524	3.723454	
1993	-45.937500	-5.878343	-5.435095	3.679557	
1993	-45.859375	-5.864487	-5.370717	3.682215	
1994	-45.859375	-5.864487	-5.370717	3.682215	
1994	-45.840885	-5.859375	-5.355494	3.682866	
1995	-45.840885	-5.859375	-5.355494	3.682866	
1995	-45.781250	-5.844597	-5.306671	3.685012	
1996	-45.703125	-5.817390	-5.242961	3.687940	
1996	-45.626951	-5.781250	-5.181128	3.690913	
1997	-45.781250	-5.844597	-5.306671	3.685012	
1997	-45.703125	-5.817390	-5.242961	3.687940	
1998	-45.626951	-5.781250	-5.181128	3.690913	
1998	-45.625000	-5.780418	-5.179557	3.690990	
1999	-46.250000	-5.867614	-5.695256	3.670568	
1999	-46.171875	-5.879734	-5.629825	3.672546	
2000	-46.171875	-5.879734	-5.629825	3.672546	
2000	-46.093750	-5.885622	-5.564653	3.674712	
2001	-46.093750	-5.885622	-5.564653	3.674712	
2001	-46.015625	-5.885229	-5.499742	3.677053	
2002	-46.015625	-5.885229	-5.499742	3.677053	
2002	-45.937500	-5.878343	-5.435095	3.679557	
2003	-45.468750	-5.682672	-5.054297	3.697402	
2003	-45.401889	-5.625000	-5.001340	3.700266	
2004	-45.625000	-5.780418	-5.179557	3.690990	
2004	-45.546875	-5.737352	-5.116696	3.694145	
2005	-45.546875	-5.737352	-5.116696	3.694145	
2005	-45.499480	-5.703125	-5.078677	3.696115	
2006	-45.499480	-5.703125	-5.078677	3.696115	
2006	-45.468750	-5.682672	-5.054297	3.697402	
2007	-45.401889	-5.625000	-5.001340	3.700266	
2007	-45.390625	-5.615914	-4.992538	3.700751	
2008	-45.390625	-5.615914	-4.992538	3.700751	
2008	-45.323481	-5.546875	-4.940123	3.703697	
2009	-45.323481	-5.546875	-4.940123	3.703697	
2009	-45.312500	-5.535975	-4.931689	3.704181	
2010	-45.312500	-5.535975	-4.931689	3.704181	
2010	-45.257684	-5.468750	-4.889672	3.706635	
2011	-45.156250	-5.313326	-4.814368	3.711268	
2011	-45.155751	-5.312500	-4.814012	3.711290	
2012	-45.257684	-5.468750	-4.889672	3.706635	
2012	-45.234375	-5.439268	-4.872130	3.707683	
2013	-45.234375	-5.439268	-4.872130	3.707683	
2013	-45.200990	-5.390625	-4.847202	3.709203	
2014	-45.200990	-5.390625	-4.847202	3.709203	
2014	-45.156250	-5.313326	-4.814368	3.711268	
2015	-45.155751	-5.312500	-4.814012	3.711290	
2015	-45.109919	-5.234375	-4.782225	3.713374	
2016	-45.109919	-5.234375	-4.782225	3.713374	
2016	-45.079880	-5.156250	-4.761831	3.714788	
2017	-45.079880	-5.156250	-4.761831	3.714788	
2017	-45.078125	-5.151863	-4.760698	3.714868	
2018	-45.078125	-5.151863	-4.760698	3.714868	
2018	-45.030348	-5.078125	-4.734120	3.716588	
2019	-45.030348	-5.078125	-4.734120	3.716588	
2019	-45.006578	-5.000000	-4.723499	3.717248	
2020	-46.484375	-5.795350	-5.893213	3.665878	
2020	-46.406250	-5.825769	-5.826945	3.667220	
2021	-46.484375	-5.795350	-5.893213	3.665878	
2021	-46.515134	-5.781250	-5.919382	3.665415	
2022	-46.250000	-5.867614	-5.695256	3.670568	
2022	-46.285895	-5.859375	-5.725394	3.669725	
2023	-46.328125	-5.849666	-5.760961	3.668788	
2023	-46.285895	-5.859375	-5.725394	3.669725	
2024	-46.406250	-5.825769	-5.826945	3.667220	
2024	-46.328125	-5.849666	-5.760961	3.668788	
2025	-46.562500	-5.758755	-5.959794	3.664775	
2025	-46.515134	-5.781250	-5.919382	3.665415	
2026	-46.640625	-5.715582	-6.026709	3.663926	
2026	-46.660898	-5.703125	-6.044131	3.663749	
2027	-46.640625	-5.715582	-6.026709	3.663926	
2027	-46.562500	-5.758755	-5.959794	3.664775	
2028	-46.718750	-5.665681	-6.093992	3.663346	
2028	-46.660898	-5.703125	-6.044131	3.663749	
2029	-46.718750	-5.665681	-6.093992	3.663346	
2029	-46.775500	-5.625000	-6.143118	3.663103	
2030	-46.796875	-5.608689	-6.161680	3.663051	
2030	-46.872157	-5.546875	-6.227332	3.663055	
2031	-46.796875	-5.608689	-6.161680	3.663051	
2031	-46.775500	-5.625000	-6.143118	3.663103	
2032	-46.875000	-5.544369	-6.229821	3.663061	
2032	-46.872157	-5.546875	-6.227332	3.663055	
2033	-46.953125	-5.472174	-6.298471	3.663393	
2033	-46.875000	-5.544369	-6.229821	3.663061	
2034	-46.953125	-5.472174	-6.298471	3.663393	
2034	-46.956687	-5.468750	-6.301613	3.663416	
2035	-47.031250	-5.391732	-6.367695	3.664068	
2035	-46.956687	-5.468750	-6.301613	3.663416	
2036	-47.031250	-5.391732	-6.367695	3.664068	
2036	-47.032296	-5.390625	-6.368625	3.664080	
2037	-47.032296	-5.390625	-6.368625	3.664080	
2037	-47.101150	-5.312500	-6.430179	3.664980	
2038	-47.109375	-5.302397	-6.437573	3.665108	
2038	-47.164596	-5.234375	-6.487392	3.666074	
2039	-47.109375	-5.302397	-6.437573	3.665108	
2039	-47.101150	-5.312500	-6.430179	3.664980	
2040	-47.187500	-5.203874	-6.508189	3.666534	
2040	-47.164596	-5.234375	-6.487392	3.666074	
2041	-47.187500	-5.203874	-6.508189	3.666534	
2041	-47.223531	-5.156250	-6.541009	3.667328	
2042	-47.265625	-5.096364	-6.579624	3.668369	
2042	-47.278648	-5.078125	-6.591603	3.668716	
2043	-47.265625	-5.096364	-6.579624	3.668369	
2043	-47.223531	-5.156250	-6.541009	3.667328	
2044	-47.278648	-5.078125	-6.591603	3.668716	
2044	-47.330951	-5.000000	-6.640028	3.670233	
2045	-42.500000	-8.047602	-2.651588	3.666373	
2045	-42.500600	-8.046875	-2.652073	3.666361	
2046	-42.500600	-8.046875	-2.652073	3.666361	
2046	-42.566307	-7.968750	-2.705306	3.665092	
2047	-42.578125	-7.954981	-2.714903	3.664876	
2047	-42.632818	-7.890625	-2.759381	3.663927	
2048	-42.578125	-7.954981	-2.714903	3.664876	
2048	-42.566307	-7.968750	-2.705306	3.665092	
2049	-42.656250	-7.863633	-2.778482	3.663545	
2049	-42.632818	-7.890625	-2.759381	3.663927	
2050	-42.656250	-7.863633	-2.778482	3.663545	
2050	-42.700164	-7.812500	-2.814326	3.662871	
2051	-42.734375	-7.773542	-2.842313	3.662382	
2051	-42.768369	-7.734375	-2.870159	3.661928	
2052	-42.734375	-7.773542	-2.842313	3.662382	
2052	-42.700164	-7.812500	-2.814326	3.662871	
2053	-42.812500	-7.684700	-2.906386	3.661387	
2053	-42.768369	-7.734375	-2.870159	3.661928	
2054	-42.812500	-7.684700	-2.906386	3.661387	
2054	-42.837455	-7.656250	-2.926898	3.661104	
2055	-42.890625	-7.597094	-2.970689	3.660561	
2055	-42.907438	-7.578125	-2.984555	3.660406	
2056	-42.890625	-7.597094	-2.970689	3.660561	
2056	-42.837455	-7.656250	-2.926898	3.661104	
2057	-42.968750	-7.510700	-3.035211	3.659907	
2057	-42.907438	-7.578125	-2.984555	3.660406	
2058	-42.968750	-7.510700	-3.035211	3.659907	
2058	-42.978333	-7.500000	-3.043138	3.659839	
2059	-41.250000	-9.697565	-1.682625	3.712010	
2059	-41.257015	-9.687500	-1.687795	3.711645	
2060	-41.257015	-9.687500	-1.687795	3.711645	
2060	-41.311889	-9.609375	-1.728376	3.708830	
2061	-41.328125	-9.586443	-1.740427	3.708010	
2061	-41.311889	-9.609375	-1.728376	3.708830	
2062	-41.328125	-9.586443	-1.740427	3.708010	
2062	-41.367075	-9.531250	-1.769388	3.706072	
2063	-41.406250	-9.476191	-1.798627	3.704158	
2063	-41.367075	-9.531250	-1.769388	3.706072	
2064	-41.406250	-9.476191	-1.798627	3.704158	
2064	-41.422606	-9.453125	-1.810856	3.703370	
2065	-41.422606	-9.453125	-1.810856	3.703370	
2065	-41.478484	-9.375000	-1.852785	3.700728	
2066	-41.562500	-9.258582	-1.916206	3.696898	
2066	-41.591308	-9.218750	-1.938045	3.695625	
2067	-41.640625	-9.151223	-1.975569	3.693494	
2067	-41.648333	-9.140625	-1.981444	3.693166	
2068	-41.640625	-9.151223	-1.975569	3.693494	
2068	-41.591308	-9.218750	-1.938045	3.695625	
2069	-41.648333	-9.140625	-1.981444	3.693166	
2069	-41.705754	-9.062500	-2.025342	3.690773	
2070	-41.484375	-9.366839	-1.857219	3.700453	
2070	-41.534698	-9.296875	-1.895165	3.698146	
2071	-41.484375	-9.366839	-1.857219	3.700453	
2071	-41.478484	-9.375000	-1.852785	3.700728	
2072	-41.562500	-9.258582	-1.916206	3.696898	
2072	-41.534698	-9.296875	-1.895165	3.698146	
2073	-41.718750	-9.045008	-2.035311	3.690242	
2073	-41.763603	-8.984375	-2.069770	3.688445	
2074	-41.796875	-8.939898	-2.095421	3.687144	
2074	-41.763603	-8.984375	-2.069770	3.688445	
2075	-41.796875	-8.939898	-2.095421	3.687144	
2075	-41.821929	-8.906250	-2.114767	3.686183	
2076	-41.718750	-9.045008	-2.035311	3.690242	
2076	-41.705754	-9.062500	-2.025342	3.690773	
2077	-41.875000	-8.835802	-2.155887	3.684201	
2077	-41.821929	-8.906250	-2.114767	3.686183	
2078	-41.875000	-8.835802	-2.155887	3.684201	
2078	-41.880755	-8.828125	-2.160353	3.683990	
2079	-41.880755	-8.828125	-2.160353	3.683990	
2079	-41.940049	-8.750000	-2.206502	3.681869	
2080	-41.093750	-9.922409	-1.568245	3.720441	
2080	-41.094116	-9.921875	-1.568511	3.720420	
2081	-41.094116	-9.921875	-1.568511	3.720420	
2081	-41.148128	-9.843750	-1.607863	3.717442	
2082	-41.093750	-9.922409	-1.568245	3.720441	
2082	-41.040338	-10.000000	-1.529524	3.723454	
2083	-41.171875	-9.809636	-1.625233	3.716153	
2083	-41.202422	-9.765625	-1.647620	3.714516	
2084	-41.171875	-9.809636	-1.625233	3.716153	
2084	-41.148128	-9.843750	-1.607863	3.717442	
2085	-41.250000	-9.697565	-1.682625	3.712010	
2085	-41.202422	-9.765625	-1.647620	3.714516	
2086	-42.031250	-8.631375	-2.277879	3.678784	
2086	-42.060244	-8.593750	-2.300658	3.677848	
2087	-41.953125	-8.732992	-2.216711	3.681413	
2087	-41.999862	-8.671875	-2.253257	3.679821	
2088	-41.953125	-8.732992	-2.216711	3.681413	
2088	-41.940049	-8.750000	-2.206502	3.681869	
2089	-42.031250	-8.631375	-2.277879	3.678784	
2089	-41.999862	-8.671875	-2.253257	3.679821	
2090	-42.109375	-8.530880	-2.339379	3.676312	
2090	-42.121223	-8.515625	-2.348731	3.675952	
2091	-42.109375	-8.530880	-2.339379	3.676312	
2091	-42.060244	-8.593750	-2.300658	3.677848	
2092	-42.121223	-8.515625	-2.348731	3.675952	
2092	-42.182800	-8.437500	-2.397475	3.674136	
2093	-42.187500	-8.431628	-2.401205	3.674001	
2093	-42.182800	-8.437500	-2.397475	3.674136	
2094	-42.187500	-8.431628	-2.401205	3.674001	
2094	-42.244956	-8.359375	-2.446876	3.672404	
2095	-42.265625	-8.333797	-2.463354	3.671850	
2095	-42.244956	-8.359375	-2.446876	3.672404	
2096	-42.265625	-8.333797	-2.463354	3.671850	
2096	-42.307785	-8.281250	-2.497012	3.670757	
2097	-42.343750	-8.237170	-2.525807	3.669861	
2097	-42.307785	-8.281250	-2.497012	3.670757	
2098	-42.343750	-8.237170	-2.525807	3.669861	
2098	-42.371315	-8.203125	-2.547907	3.669198	
2099	-42.421875	-8.141767	-2.588555	3.668035	
2099	-42.371315	-8.203125	-2.547907	3.669198	
2100	-42.421875	-8.141767	-2.588555	3.668035	
2100	-42.435577	-8.125000	-2.599586	3.667732	
2101	-42.500000	-8.047602	-2.651588	3.666373	
2101	-42.435577	-8.125000	-2.599586	3.667732	
2102	-43.750000	-6.701510	-3.689665	3.663209	
2102	-43.810367	-6.640625	-3.740726	3.664256	
2103	-43.828125	-6.623517	-3.755739	3.664588	
2103	-43.810367	-6.640625	-3.740726	3.664256	
2104	-43.828125	-6.623517	-3.755739	3.664588	
2104	-43.888458	-6.562500	-3.806820	3.665796	
2105	-43.906250	-6.545344	-3.821870	3.666176	
2105	-43.966150	-6.484375	-3.872620	3.667539	
2106	-43.984375	-6.466718	-3.888041	3.667979	
2106	-43.966150	-6.484375	-3.872620	3.667539	
2107	-43.984375	-6.466718	-3.888041	3.667979	
2107	-44.043144	-6.406250	-3.937856	3.669482	
2108	-43.906250	-6.545344	-3.821870	3.666176	
2108	-43.888458	-6.562500	-3.806820	3.665796	
2109	-44.062500	-6.387319	-3.954236	3.670005	
2109	-44.043144	-6.406250	-3.937856	3.669482	
2110	-44.062500	-6.387319	-3.954236	3.670005	
2110	-44.119116	-6.328125	-4.002236	3.671619	
2111	-44.140625	-6.306767	-4.020433	3.672264	
2111	-44.119116	-6.328125	-4.002236	3.671619	
2112	-44.140625	-6.306767	-4.020433	3.672264	
2112	-44.193728	-6.250000	-4.065455	3.673938	
2113	-43.125000	-7.341490	-3.164862	3.659118	
2113	-43.196377	-7.265625	-3.224335	3.658991	
2114	-43.203125	-7.258674	-3.229966	3.658987	
2114	-43.196377	-7.265625	-3.224335	3.658991	
2115	-43.203125	-7.258674	-3.229966	3.658987	
2115	-43.270800	-7.187500	-3.286498	3.659017	
2116	-43.281250	-7.176866	-3.295238	3.659034	
2116	-43.346063	-7.109375	-3.349508	3.659209	
2117	-43.359375	-7.095986	-3.360666	3.659261	
2117	-43.346063	-7.109375	-3.349508	3.659209	
2118	-43.359375	-7.095986	-3.360666	3.659261	
2118	-43.422110	-7.031250	-3.413310	3.659576	
2119	-43.281250	-7.176866	-3.295238	3.659034	
2119	-43.270800	-7.187500	-3.286498	3.659017	
2120	-43.437500	-7.015937	-3.426236	3.659671	
2120	-43.422110	-7.031250	-3.413310	3.659576	
2121	-43.437500	-7.015937	-3.426236	3.659671	
2121	-43.498860	-6.953125	-3.477829	3.660124	
2122	-43.515625	-6.936607	-3.491934	3.660268	
2122	-43.498860	-6.953125	-3.477829	3.660124	
2123	-43.515625	-6.936607	-3.491934	3.660268	
2123	-43.576210	-6.875000	-3.542968	3.660860	
2124	-43.046875	-7.425488	-3.099939	3.659425	
2124	-43.050143	-7.421875	-3.102651	3.659409	
2125	-43.046875	-7.425488	-3.099939	3.659425	
2125	-42.978333	-7.500000	-3.043138	3.659839	
2126	-43.050143	-7.421875	-3.102651	3.659409	
2126	-43.122833	-7.343750	-3.163058	3.659124	
2127	-43.125000	-7.341490	-3.164862	3.659118	
2127	-43.122833	-7.343750	-3.163058	3.659124	
2128	-43.593750	-6.857865	-3.557748	3.661053	
2128	-43.654026	-6.796875	-3.608603	3.661791	
2129	-43.671875	-6.779558	-3.623663	3.662032	
2129	-43.654026	-6.796875	-3.608603	3.661791	
2130	-43.671875	-6.779558	-3.623663	3.662032	
2130	-43.732145	-6.718750	-3.674583	3.662922	
2131	-43.593750	-6.857865	-3.557748	3.661053	
2131	-43.576210	-6.875000	-3.542968	3.660860	
2132	-43.750000	-6.701510	-3.689665	3.663209	
2132	-43.732145	-6.718750	-3.674583	3.662922	
2133	-44.375000	-6.052883	-4.218823	3.680553	
2133	-44.406071	-6.015625	-4.245133	3.681841	
2134	-44.453125	-5.961469	-4.284798	3.683874	
2134	-44.406071	-6.015625	-4.245133	3.681841	
2135	-44.453125	-5.961469	-4.284798	3.683874	
2135	-44.471971	-5.937500	-4.300745	3.684724	
2136	-44.531250	-5.864319	-4.350654	3.687511	
2136	-44.534869	-5.859375	-4.353713	3.687688	
2137	-44.534869	-5.859375	-4.353713	3.687688	
2137	-44.594350	-5.781250	-4.403684	3.690698	
2138	-44.531250	-5.864319	-4.350654	3.687511	
2138	-44.471971	-5.937500	-4.300745	3.684724	
2139	-44.609375	-5.762179	-4.416213	3.691488	
2139	-44.650661	-5.703125	-4.450814	3.693747	
2140	-44.609375	-5.762179	-4.416213	3.691488	
2140	-44.594350	-5.781250	-4.403684	3.690698	
2141	-44.687500	-5.650233	-4.481476	3.695851	
2141	-44.650661	-5.703125	-4.450814	3.693747	
2142	-44.687500	-5.650233	-4.481476	3.695851	
2142	-44.703327	-5.625000	-4.494705	3.696790	
2143	-44.218750	-6.224598	-4.086613	3.674765	
2143	-44.266641	-6.171875	-4.127208	3.676427	
2144	-44.296875	-6.140228	-4.152752	3.677523	
2144	-44.266641	-6.171875	-4.127208	3.676427	
2145	-44.296875	-6.140228	-4.152752	3.677523	
2145	-44.337526	-6.093750	-4.187195	3.679067	
2146	-44.218750	-6.224598	-4.086613	3.674765	
2146	-44.193728	-6.250000	-4.065455	3.673938	
2147	-44.375000	-6.052883	-4.218823	3.680553	
2147	-44.337526	-6.093750	-4.187195	3.679067	
2148	-44.703327	-5.625000	-4.494705	3.696790	
2148	-44.751963	-5.546875	-4.535036	3.699784	
2149	-44.765625	-5.525215	-4.546232	3.700652	
2149	-44.751963	-5.546875	-4.535036	3.699784	
2150	-44.765625	-5.525215	-4.546232	3.700652	
2150	-44.797864	-5.468750	-4.572705	3.702776	
2151	-44.797864	-5.468750	-4.572705	3.702776	
2151	-44.837806	-5.390625	-4.605365	3.705552	
2152	-44.843750	-5.379385	-4.610129	3.705972	
2152	-44.837806	-5.390625	-4.605365	3.705552	
2153	-44.843750	-5.379385	-4.610129	3.705972	
2153	-44.877768	-5.312500	-4.637060	3.708436	
2154	-44.877768	-5.312500	-4.637060	3.708436	
2154	-44.909572	-5.234375	-4.662196	3.710894	
2155	-44.921875	-5.200556	-4.671772	3.711878	
2155	-44.909572	-5.234375	-4.662196	3.710894	
2156	-44.921875	-5.200556	-4.671772	3.711878	
2156	-44.944570	-5.156250	-4.687598	3.713547	
2157	-44.944570	-5.156250	-4.687598	3.713547	
2157	-44.976413	-5.078125	-4.708338	3.715818	
2158	-44.976413	-5.078125	-4.708338	3.715818	
2158	-44.994138	-5.000000	-4.718844	3.717052	
2159	-45.000000	-4.936440	-4.721990	3.717398	
2159	-44.994138	-5.000000	-4.718844	3.717052	
2160	-47.500000	-4.722976	-6.799490	3.676510	
2160	-47.521183	-4.687500	-6.819729	3.677443	
2161	-47.521183	-4.687500	-6.819729	3.677443	
2161	-47.566230	-4.609375	-6.863046	3.679538	
2162	-47.578125	-4.588066	-6.874552	3.680117	
2162	-47.566230	-4.609375	-6.863046	3.679538	
2163	-47.578125	-4.588066	-6.874552	3.680117	
2163	-47.611416	-4.531250	-6.906707	3.681781	
2164	-47.656250	-4.453768	-6.950230	3.684140	
2164	-47.611416	-4.531250	-6.906707	3.681781	
2165	-47.656250	-4.453768	-6.950230	3.684140	
2165	-47.656641	-4.453125	-6.950609	3.684161	
2166	-47.656641	-4.453125	-6.950609	3.684161	
2166	-47.703303	-4.375000	-6.995985	3.686745	
2167	-47.812500	-4.201331	-7.102363	3.693244	
2167	-47.854296	-4.140625	-7.142967	3.695869	
2168	-47.890625	-4.089492	-7.178242	3.698207	
2168	-47.854296	-4.140625	-7.142967	3.695869	
2169	-47.890625	-4.089492	-7.178242	3.698207	
2169	-47.911030	-4.062500	-7.197980	3.699538	
2170	-47.734375	-4.323299	-7.026287	3.688536	
2170	-47.751157	-4.296875	-7.042605	3.689521	
2171	-47.734375	-4.323299	-7.026287	3.688536	
2171	-47.703303	-4.375000	-6.995985	3.686745	
2172	-47.751157	-4.296875	-7.042605	3.689521	
2172	-47.801210	-4.218750	-7.091355	3.692545	
2173	-47.812500	-4.201331	-7.102363	3.693244	
2173	-47.801210	-4.218750	-7.091355	3.692545	
2174	-47.968750	-3.988968	-7.253736	3.703373	
2174	-47.972595	-3.984375	-7.257436	3.703632	
2175	-47.972595	-3.984375	-7.257436	3.703632	
2175	-48.040499	-3.906250	-7.322670	3.708261	
2176	-47.968750	-3.988968	-7.253736	3.703373	
2176	-47.911030	-4.062500	-7.197980	3.699538	
2177	-48.046875	-3.899230	-7.328783	3.708701	
2177	-48.116366	-3.828125	-7.395118	3.713549	
2178	-48.046875	-3.899230	-7.328783	3.708701	
2178	-48.040499	-3.906250	-7.322670	3.708261	
2179	-48.125000	-3.819723	-7.403339	3.714158	
2179	-48.116366	-3.828125	-7.395118	3.713549	
2180	-48.125000	-3.819723	-7.403339	3.714158	
2180	-48.202504	-3.750000	-7.476825	3.719677	
2181	-48.515625	-3.540236	-7.769499	3.742797	
2181	-48.564207	-3.515625	-7.814400	3.746486	
2182	-48.515625	-3.540236	-7.769499	3.742797	
2182	-48.437500	-3.583585	-7.697039	3.736919	
2183	-48.593750	-3.501526	-7.841643	3.748742	
2183	-48.564207	-3.515625	-7.814400	3.746486	
2184	-48.671875	-3.466849	-7.913498	3.754756	
2184	-48.593750	-3.501526	-7.841643	3.748742	
2185	-48.671875	-3.466849	-7.913498	3.754756	
2185	-48.744665	-3.437500	-7.980222	3.760423	
2186	-48.281250	-3.687306	-7.551033	3.725376	
2186	-48.302325	-3.671875	-7.570814	3.726916	
2187	-48.359375	-3.632323	-7.624230	3.731111	
2187	-48.302325	-3.671875	-7.570814	3.726916	
2188	-48.359375	-3.632323	-7.624230	3.731111	
2188	-48.420462	-3.593750	-7.681190	3.735646	
2189	-48.281250	-3.687306	-7.551033	3.725376	
2189	-48.203125	-3.749470	-7.477412	3.719722	
2190	-48.203125	-3.749470	-7.477412	3.719722	
2190	-48.202504	-3.750000	-7.476825	3.719677	
2191	-48.437500	-3.583585	-7.697039	3.736919	
2191	-48.420462	-3.593750	-7.681190	3.735646	
2192	-48.750000	-3.435482	-7.985102	3.760841	
2192	-48.744665	-3.437500	-7.980222	3.760423	
2193	-49.531250	-3.210442	-8.691219	3.826588	
2193	-49.453125	-3.231670	-8.621176	3.819511	
2194	-49.453125	-3.231670	-8.621176	3.819511	
2194	-49.375000	-3.252034	-8.551056	3.812568	
2195	-49.531250	-3.210442	-8.691219	3.826588	
2195	-49.555890	-3.203125	-8.713331	3.828854	
2196	-49.609375	-3.188769	-8.761127	3.833803	
2196	-49.555890	-3.203125	-8.713331	3.828854	
2197	-49.687500	-3.166009	-8.830933	3.841167	
2197	-49.609375	-3.188769	-8.761127	3.833803	
2198	-49.765625	-3.141187	-8.900701	3.848697	
2198	-49.687500	-3.166009	-8.830933	3.841167	
2199	-49.765625	-3.141187	-8.900701	3.848697	
2199	-49.810903	-3.125000	-8.941188	3.853149	
2200	-48.906250	-3.381092	-8.127614	3.773232	
2200	-48.975758	-3.359375	-8.190773	3.778849	
2201	-48.984375	-3.356869	-8.198585	3.779549	
2201	-48.975758	-3.359375	-8.190773	3.778849	
2202	-49.062500	-3.334437	-8.269362	3.785951	
2202	-48.984375	-3.356869	-8.198585	3.779549	
2203	-48.906250	-3.381092	-8.127614	3.773232	
2203	-48.828125	-3.407140	-8.056460	3.766998	
2204	-48.828125	-3.407140	-8.056460	3.766998	
2204	-48.750000	-3.435482	-7.985102	3.760841	
2205	-49.218750	-3.292244	-8.410485	3.799046	
2205	-49.259474	-3.281250	-8.447208	3.802530	
2206	-49.140625	-3.313039	-8.339988	3.792448	
2206	-49.062500	-3.334437	-8.269362	3.785951	
2207	-49.218750	-3.292244	-8.410485	3.799046	
2207	-49.140625	-3.313039	-8.339988	3.792448	
2208	-49.375000	-3.252034	-8.551056	3.812568	
2208	-49.296875	-3.271975	-8.480841	3.805751	
2209	-49.296875	-3.271975	-8.480841	3.805751	
2209	-49.259474	-3.281250	-8.447208	3.802530	
2210	-50.000000	-3.053862	-9.109495	3.872364	
2210	-49.921875	-3.086184	-9.039917	3.864276	
2211	-49.921875	-3.086184	-9.039917	3.864276	
2211	-49.843750	-3.114531	-8.970379	3.856398	
2212	-49.843750	-3.114531	-8.970379	3.856398	
2212	-49.810903	-3.125000	-8.941188	3.853149	
2213	-47.343750	-4.979591	-6.651964	3.670635	
2213	-47.380998	-4.921875	-6.686756	3.671870	
2214	-47.421875	-4.854741	-6.725249	3.673346	
2214	-47.380998	-4.921875	-6.686756	3.671870	
2215	-47.421875	-4.854741	-6.725249	3.673346	
2215	-47.428794	-4.843750	-6.731770	3.673607	
2216	-47.343750	-4.979591	-6.651964	3.670635	
2216	-47.330951	-5.000000	-6.640028	3.670233	
2217	-47.428794	-4.843750	-6.731770	3.673607	
2217	-47.475576	-4.765625	-6.776147	3.675470	
2218	-47.500000	-4.722976	-6.799490	3.676510	
2218	-47.475576	-4.765625	-6.776147	3.675470	
2219	-45.006578	-5.000000	-4.723499	3.717248	
2219	-45.000000	-4.936440	-4.721990	3.717398	
2220	-47.500000	-0.093846	-7.127158	3.645686	
2220	-47.487103	-0.078125	-7.117335	3.644759	
2221	-47.487103	-0.078125	-7.117335	3.644759	
2221	-47.428352	0.000000	-7.073228	3.640539	
2222	-48.281250	-0.642923	-7.762369	3.698109	
2222	-48.236111	-0.625000	-7.724374	3.695356	
2223	-48.359375	-0.671866	-7.828307	3.702771	
2223	-48.281250	-0.642923	-7.762369	3.698109	
2224	-48.437500	-0.698265	-7.894452	3.707297	
2224	-48.359375	-0.671866	-7.828307	3.702771	
2225	-48.750000	-0.784002	-8.160422	3.723873	
2225	-48.738002	-0.781250	-8.150180	3.723286	
2226	-48.593750	-0.744417	-8.027231	3.715908	
2226	-48.515625	-0.722329	-7.960772	3.711678	
2227	-48.515625	-0.722329	-7.960772	3.711678	
2227	-48.452401	-0.703125	-7.907083	3.708143	
2228	-48.452401	-0.703125	-7.907083	3.708143	
2228	-48.437500	-0.698265	-7.894452	3.707297	
2229	-48.738002	-0.781250	-8.150180	3.723286	
2229	-48.671875	-0.764881	-8.093791	3.719976	
2230	-48.671875	-0.764881	-8.093791	3.719976	
2230	-48.593750	-0.744417	-8.027231	3.715908	
2231	-48.125000	-0.575634	-7.631294	3.688408	
2231	-48.066553	-0.546875	-7.582588	3.684658	
2232	-48.046875	-0.536492	-7.566248	3.683383	
2232	-47.968750	-0.492950	-7.501608	3.678252	
2233	-48.066553	-0.546875	-7.582588	3.684658	
2233	-48.046875	-0.536492	-7.566248	3.683383	
2234	-47.968750	-0.492950	-7.501608	3.678252	
2234	-47.928375	-0.468750	-7.468365	3.675560	
2235	-47.928375	-0.468750	-7.468365	3.675560	
2235	-47.890625	-0.444439	-7.437435	3.673022	
2236	-47.890625	-0.444439	-7.437435	3.673022	
2236	-47.812897	-0.390625	-7.374123	3.667726	
2237	-47.812897	-0.390625	-7.374123	3.667726	
2237	-47.812500	-0.390329	-7.373802	3.667699	
2238	-47.734375	-0.329429	-7.310825	3.662294	
2238	-47.713938	-0.312500	-7.294454	3.660866	
2239	-47.812500	-0.390329	-7.373802	3.667699	
2239	-47.734375	-0.329429	-7.310825	3.662294	
2240	-47.713938	-0.312500	-7.294454	3.660866	
2240	-47.656250	-0.260797	-7.248611	3.656815	
2241	-47.656250	-0.260797	-7.248611	3.656815	
2241	-47.628268	-0.234375	-7.226518	3.654835	
2242	-47.578125	-0.182932	-7.187318	3.651274	
2242	-47.553266	-0.156250	-7.168013	3.649498	
2243	-47.628268	-0.234375	-7.226518	3.654835	
2243	-47.578125	-0.182932	-7.187318	3.651274	
2244	-47.553266	-0.156250	-7.168013	3.649498	
2244	-47.500000	-0.093846	-7.127158	3.645686	
2245	-48.236111	-0.625000	-7.724374	3.695356	
2245	-48.203125	-0.610970	-7.696684	3.693319	
2246	-48.203125	-0.610970	-7.696684	3.693319	
2246	-48.125000	-0.575634	-7.631294	3.688408	
2247	-50.000000	-1.093910	-9.214069	3.752963	
2247	-49.999503	-1.093750	-9.213664	3.752969	
2248	-49.843750	-1.038085	-9.085560	3.753883	
2248	-49.768699	-1.015625	-9.023318	3.753732	
2249	-49.765625	-1.014559	-9.020763	3.753718	
2249	-49.687500	-0.991577	-8.955661	3.753173	
2250	-49.768699	-1.015625	-9.023318	3.753732	
2250	-49.765625	-1.014559	-9.020763	3.753718	
2251	-49.999503	-1.093750	-9.213664	3.752969	
2251	-49.921875	-1.064193	-9.150004	3.753641	
2252	-49.921875	-1.064193	-9.150004	3.753641	
2252	-49.843750	-1.038085	-9.085560	3.753883	
2253	-49.531250	-0.951597	-8.824639	3.751033	
2253	-49.468860	-0.937500	-8.772052	3.749816	
2254	-49.609375	-0.970762	-8.890277	3.752271	
2254	-49.531250	-0.951597	-8.824639	3.751033	
2255	-49.687500	-0.991577	-8.955661	3.753173	
2255	-49.609375	-0.970762	-8.890277	3.752271	
2256	-49.468860	-0.937500	-8.772052	3.749816	
2256	-49.453125	-0.933492	-8.758780	3.749479	
2257	-49.453125	-0.933492	-8.758780	3.749479	
2257	-49.375000	-0.915845	-8.692737	3.747627	
2258	-48.984375	-0.835276	-8.360473	3.734443	
2258	-48.906250	-0.818857	-8.293795	3.731118	
2259	-49.062500	-0.851392	-8.427106	3.737556	
2259	-48.984375	-0.835276	-8.360473	3.734443	
2260	-48.828125	-0.801858	-8.227102	3.727591	
2260	-48.750000	-0.784002	-8.160422	3.723873	
2261	-48.906250	-0.818857	-8.293795	3.731118	
2261	-48.828125	-0.801858	-8.227102	3.727591	
2262	-49.375000	-0.915845	-8.692737	3.747627	
2262	-49.296875	-0.899131	-8.626521	3.745494	
2263	-49.296875	-0.899131	-8.626521	3.745494	
2263	-49.218750	-0.883032	-8.560159	3.743095	
2264	-49.218750	-0.883032	-8.560159	3.743095	
2264	-49.140625	-0.867265	-8.493676	3.740444	
2265	-49.140625	-0.867265	-8.493676	3.740444	
2265	-49.099967	-0.859375	-8.459027	3.738969	
2266	-49.099967	-0.859375	-8.459027	3.738969	
2266	-49.062500	-0.851392	-8.427106	3.737556	
2267	-53.515625	-3.493917	-11.778124	4.013505	
2267	-53.437500	-3.466107	-11.717263	4.023891	
2268	-53.593750	-3.510815	-11.840119	4.004145	
2268	-53.515625	-3.493917	-11.778124	4.013505	
2269	-53.750000	-3.519630	-11.967173	3.988093	
2269	-53.671875	-3.519724	-11.903242	3.995685	
2270	-53.671875	-3.519724	-11.903242	3.995685	
2270	-53.640960	-3.515625	-11.877984	3.998950	
2271	-53.640960	-3.515625	-11.877984	3.998950	
2271	-53.593750	-3.510815	-11.840119	4.004145	
2272	-53.437500	-3.466107	-11.717263	4.023891	
2272	-53.387044	-3.437500	-11.678164	4.031326	
2273	-53.387044	-3.437500	-11.678164	4.031326	
2273	-53.359375	-3.425717	-11.657904	4.035460	
2274	-53.359375	-3.425717	-11.657904	4.035460	
2274	-53.281250	-3.372399	-11.601139	4.048370	
2275	-53.281250	-3.372399	-11.601139	4.048370	
2275	-53.267978	-3.359375	-11.591505	4.050810	
2276	-53.203125	-3.302840	-11.549028	4.062856	
2276	-53.184038	-3.281250	-11.537299	4.066729	
2277	-53.267978	-3.359375	-11.591505	4.050810	
2277	-53.203125	-3.302840	-11.549028	4.062856	
2278	-53.184038	-3.281250	-11.537299	4.066729	
2278	-53.126033	-3.203125	-11.507261	4.079137	
2279	-53.126033	-3.203125	-11.507261	4.079137	
2279	-53.125000	-3.201753	-11.506875	4.079346	
2280	-52.578125	-3.541687	-11.166741	4.007800	
2280	-52.645402	-3.515625	-11.219466	4.015344	
2281	-52.578125	-3.541687	-11.166741	4.007800	
2281	-52.500000	-3.561650	-11.105226	3.999933	
2282	-52.656250	-3.512385	-11.227741	4.016604	
2282	-52.645402	-3.515625	-11.219466	4.015344	
2283	-52.734375	-3.478246	-11.287329	4.026387	
2283	-52.656250	-3.512385	-11.227741	4.016604	
2284	-52.734375	-3.478246	-11.287329	4.026387	
2284	-52.796807	-3.437500	-11.334716	4.035237	
2285	-52.812500	-3.429708	-11.345972	4.037510	
2285	-52.796807	-3.437500	-11.334716	4.035237	
2286	-52.968750	-3.293509	-11.453584	4.064670	
2286	-52.979382	-3.281250	-11.459994	4.066822	
2287	-52.890625	-3.370233	-11.402039	4.050127	
2287	-52.900933	-3.359375	-11.409438	4.051996	
2288	-52.890625	-3.370233	-11.402039	4.050127	
2288	-52.812500	-3.429708	-11.345972	4.037510	
2289	-52.968750	-3.293509	-11.453584	4.064670	
2289	-52.900933	-3.359375	-11.409438	4.051996	
2290	-52.979382	-3.281250	-11.459994	4.066822	
2290	-53.039532	-3.203125	-11.490267	4.079458	
2291	-53.046875	-3.191304	-11.492962	4.081049	
2291	-53.039532	-3.203125	-11.490267	4.079458	
2292	-53.125000	-3.201753	-11.506875	4.079346	
2292	-53.046875	-3.191304	-11.492962	4.081049	
2293	-53.046875	-2.721118	-11.496320	3.792119	
2293	-53.012334	-2.656250	-11.480901	3.798697	
2294	-53.125000	-2.678363	-11.514023	3.797303	
2294	-53.046875	-2.721118	-11.496320	3.792119	
2295	-52.968750	-2.598793	-11.456548	3.805779	
2295	-52.950451	-2.578125	-11.445265	3.808508	
2296	-52.890625	-2.502412	-11.403698	3.816871	
2296	-52.887989	-2.500000	-11.401866	3.817192	
2297	-52.950451	-2.578125	-11.445265	3.808508	
2297	-52.890625	-2.502412	-11.403698	3.816871	
2298	-53.012334	-2.656250	-11.480901	3.798697	
2298	-52.968750	-2.598793	-11.456548	3.805779	
2299	-53.138790	-2.656250	-11.521193	3.800348	
2299	-53.125000	-2.678363	-11.514023	3.797303	
2300	-53.138790	-2.656250	-11.521193	3.800348	
2300	-53.193834	-2.578125	-11.555959	3.812319	
2301	-53.203125	-2.565360	-11.562588	3.814318	
2301	-53.193834	-2.578125	-11.555959	3.812319	
2302	-53.261654	-2.500000	-11.605456	3.826080	
2302	-53.203125	-2.565360	-11.562588	3.814318	
2303	-53.750000	-3.519630	-11.967173	3.988093	
2303	-53.784105	-3.515625	-11.995208	3.985052	
2304	-53.828125	-3.510350	-12.031802	3.981336	
2304	-53.784105	-3.515625	-11.995208	3.985052	
2305	-53.906250	-3.491578	-12.097085	3.975398	
2305	-53.828125	-3.510350	-12.031802	3.981336	
2306	-53.984375	-3.461578	-12.162945	3.970287	
2306	-53.906250	-3.491578	-12.097085	3.975398	
2307	-53.984375	-3.461578	-12.162945	3.970287	
2307	-54.031293	-3.437500	-12.202788	3.967624	
2308	-54.062500	-3.418774	-12.229427	3.966027	
2308	-54.031293	-3.437500	-12.202788	3.967624	
2309	-54.140625	-3.360425	-12.296637	3.962670	
2309	-54.141882	-3.359375	-12.297727	3.962624	
2310	-54.140625	-3.360425	-12.296637	3.962670	
2310	-54.062500	-3.418774	-12.229427	3.966027	
2311	-54.141882	-3.359375	-12.297727	3.962624	
2311	-54.216823	-3.281250	-12.363040	3.960367	
2312	-54.218750	-3.278581	-12.364727	3.960323	
2312	-54.216823	-3.281250	-12.363040	3.960367	
2313	-54.218750	-3.278581	-12.364727	3.960323	
2313	-54.271524	-3.203125	-12.411510	3.959409	
2314	-54.296875	-3.151500	-12.434317	3.959206	
2314	-54.271524	-3.203125	-12.411510	3.959409	
2315	-54.296875	-3.151500	-12.434317	3.959206	
2315	-54.310115	-3.125000	-12.446408	3.959173	
2316	-54.310115	-3.125000	-12.446408	3.959173	
2316	-54.337151	-3.046875	-12.471654	3.959305	
2317	-54.337151	-3.046875	-12.471654	3.959305	
2317	-54.352812	-2.968750	-12.487275	3.959563	
2318	-54.352812	-2.968750	-12.487275	3.959563	
2318	-54.358497	-2.890625	-12.494486	3.959760	
2319	-54.358497	-2.890625	-12.494486	3.959760	
2319	-54.354662	-2.812500	-12.493684	3.959729	
2320	-54.354662	-2.812500	-12.493684	3.959729	
2320	-54.340893	-2.734375	-12.484503	3.959284	
2321	-54.340893	-2.734375	-12.484503	3.959284	
2321	-54.315906	-2.656250	-12.465828	3.958175	
2322	-54.315906	-2.656250	-12.465828	3.958175	
2322	-54.296875	-2.615827	-12.450925	3.957163	
2323	-54.296875	-2.615827	-12.450925	3.957163	
2323	-54.278743	-2.578125	-12.436909	3.956132	
2324	-54.278743	-2.578125	-12.436909	3.956132	
2324	-54.225972	-2.500000	-12.394844	3.952661	
2325	-50.390625	-2.832789	-9.455698	3.916348	
2325	-50.312500	-2.887302	-9.386773	3.907003	
2326	-50.390625	-2.832789	-9.455698	3.916348	
2326	-50.413751	-2.812500	-9.476366	3.919223	
2327	-50.156250	-2.980282	-9.248269	3.889176	
2327	-50.175424	-2.968750	-9.265416	3.891322	
2328	-50.000000	-3.053862	-9.109495	3.872364	
2328	-50.014435	-3.046875	-9.122410	3.873889	
2329	-50.078125	-3.019657	-9.178857	3.880648	
2329	-50.014435	-3.046875	-9.122410	3.873889	
2330	-50.156250	-2.980282	-9.248269	3.889176	
2330	-50.078125	-3.019657	-9.178857	3.880648	
2331	-50.234375	-2.937602	-9.317458	3.897937	
2331	-50.306614	-2.890625	-9.381628	3.906320	
2332	-50.234375	-2.937602	-9.317458	3.897937	
2332	-50.175424	-2.968750	-9.265416	3.891322	
2333	-50.312500	-2.887302	-9.386773	3.907003	
2333	-50.306614	-2.890625	-9.381628	3.906320	
2334	-50.468750	-2.769839	-9.524477	3.926061	
2334	-50.504296	-2.734375	-9.556098	3.930681	
2335	-50.546875	-2.696610	-9.592991	3.936218	
2335	-50.504296	-2.734375	-9.556098	3.930681	
2336	-50.546875	-2.696610	-9.592991	3.936218	
2336	-50.581838	-2.656250	-9.623933	3.941006	
2337	-50.468750	-2.769839	-9.524477	3.926061	
2337	-50.413751	-2.812500	-9.476366	3.919223	
2338	-50.625000	-2.610901	-9.660955	3.946939	
2338	-50.581838	-2.656250	-9.623933	3.941006	
2339	-50.625000	-2.610901	-9.660955	3.946939	
2339	-50.649092	-2.578125	-9.682124	3.950455	
2340	-50.703125	-2.506669	-9.728084	3.958484	
2340	-50.649092	-2.578125	-9.682124	3.950455	
2341	-50.703125	-2.506669	-9.728084	3.958484	
2341	-50.707232	-2.500000	-9.731640	3.959133	
2342	-51.250000	-2.761215	-10.095556	3.960801	
2342	-51.233773	-2.734375	-10.082433	3.961520	
2343	-51.233773	-2.734375	-10.082433	3.961520	
2343	-51.183065	-2.656250	-10.042035	3.964066	
2344	-51.093750	-2.521009	-9.973294	3.969785	
2344	-51.081452	-2.500000	-9.964024	3.970725	
2345	-51.183065	-2.656250	-10.042035	3.964066	
2345	-51.171875	-2.641403	-10.033341	3.964685	
2346	-51.171875	-2.641403	-10.033341	3.964685	
2346	-51.131445	-2.578125	-10.001838	3.967168	
2347	-51.131445	-2.578125	-10.001838	3.967168	
2347	-51.093750	-2.521009	-9.973294	3.969785	
2348	-52.343750	-3.579411	-10.980887	3.986542	
2348	-52.265625	-3.578455	-10.918221	3.980870	
2349	-52.265625	-3.578455	-10.918221	3.980870	
2349	-52.187500	-3.570878	-10.855344	3.975815	
2350	-52.500000	-3.561650	-11.105226	3.999933	
2350	-52.421875	-3.573889	-11.043252	3.992876	
2351	-52.421875	-3.573889	-11.043252	3.992876	
2351	-52.343750	-3.579411	-10.980887	3.986542	
2352	-52.031250	-3.534324	-10.729217	3.967420	
2352	-51.980721	-3.515625	-10.688383	3.965171	
2353	-51.953125	-3.504630	-10.666045	3.964034	
2353	-51.875000	-3.466773	-10.602829	3.961175	
2354	-51.980721	-3.515625	-10.688383	3.965171	
2354	-51.953125	-3.504630	-10.666045	3.964034	
2355	-52.187500	-3.570878	-10.855344	3.975815	
2355	-52.109375	-3.556330	-10.792324	3.971340	
2356	-52.109375	-3.556330	-10.792324	3.971340	
2356	-52.031250	-3.534324	-10.729217	3.967420	
2357	-51.875000	-3.466773	-10.602829	3.961175	
2357	-51.825065	-3.437500	-10.562425	3.959623	
2358	-51.562500	-3.206932	-10.349795	3.955229	
2358	-51.559230	-3.203125	-10.347142	3.955218	
2359	-51.559230	-3.203125	-10.347142	3.955218	
2359	-51.496537	-3.125000	-10.296202	3.955258	
2360	-51.825065	-3.437500	-10.562425	3.959623	
2360	-51.796875	-3.419294	-10.539610	3.958843	
2361	-51.796875	-3.419294	-10.539610	3.958843	
2361	-51.718750	-3.361151	-10.476382	3.957052	
2362	-51.718750	-3.361151	-10.476382	3.957052	
2362	-51.716563	-3.359375	-10.474611	3.957010	
2363	-51.640625	-3.290954	-10.413127	3.955830	
2363	-51.630773	-3.281250	-10.405145	3.955719	
2364	-51.716563	-3.359375	-10.474611	3.957010	
2364	-51.640625	-3.290954	-10.413127	3.955830	
2365	-51.630773	-3.281250	-10.405145	3.955719	
2365	-51.562500	-3.206932	-10.349795	3.955229	
2366	-51.496537	-3.125000	-10.296202	3.955258	
2366	-51.484375	-3.109042	-10.286306	3.955322	
2367	-51.484375	-3.109042	-10.286306	3.955322	
2367	-51.439691	-3.046875	-10.249897	3.955726	
2368	-51.439691	-3.046875	-10.249897	3.955726	
2368	-51.406250	-2.998798	-10.222619	3.956211	
2369	-51.406250	-2.998798	-10.222619	3.956211	
2369	-51.386648	-2.968750	-10.206601	3.956573	
2370	-51.386648	-2.968750	-10.206601	3.956573	
2370	-51.335594	-2.890625	-10.164921	3.957795	
2371	-51.328125	-2.880116	-10.158859	3.958007	
2371	-51.284609	-2.812500	-10.123457	3.959437	
2372	-51.335594	-2.890625	-10.164921	3.957795	
2372	-51.328125	-2.880116	-10.158859	3.958007	
2373	-51.284609	-2.812500	-10.123457	3.959437	
2373	-51.250000	-2.761215	-10.095556	3.960801	
2374	-52.500000	-2.038683	-11.090709	3.845335	
2374	-52.493877	-2.031250	-11.085653	3.845490	
2375	-52.493877	-2.031250	-11.085653	3.845490	
2375	-52.435463	-1.953125	-11.037419	3.846566	
2376	-52.421875	-1.934135	-11.026247	3.846710	
2376	-52.377453	-1.875000	-10.989932	3.846912	
2377	-52.435463	-1.953125	-11.037419	3.846566	
2377	-52.421875	-1.934135	-11.026247	3.846710	
2378	-51.251035	-1.406250	-10.100617	3.760556	
2378	-51.250000	-1.406598	-10.099822	3.760415	
2379	-51.406250	-1.352674	-10.223201	3.780856	
2379	-51.328125	-1.373089	-10.161595	3.771027	
2380	-51.328125	-1.373089	-10.161595	3.771027	
2380	-51.251035	-1.406250	-10.100617	3.760556	
2381	-51.562500	-1.339445	-10.346517	3.798554	
2381	-51.484375	-1.341895	-10.284839	3.790017	
2382	-51.484375	-1.341895	-10.284839	3.790017	
2382	-51.406250	-1.352674	-10.223201	3.780856	
2383	-51.875000	-1.414705	-10.592448	3.826521	
2383	-51.855002	-1.406250	-10.576708	3.825030	
2384	-51.718750	-1.359196	-10.469731	3.813790	
2384	-51.640625	-1.345103	-10.408171	3.806479	
2385	-51.640625	-1.345103	-10.408171	3.806479	
2385	-51.562500	-1.339445	-10.346517	3.798554	
2386	-51.855002	-1.406250	-10.576708	3.825030	
2386	-51.796875	-1.382342	-10.531147	3.820476	
2387	-51.796875	-1.382342	-10.531147	3.820476	
2387	-51.718750	-1.359196	-10.469731	3.813790	
2388	-52.377453	-1.875000	-10.989932	3.846912	
2388	-52.343750	-1.830127	-10.962581	3.846798	
2389	-52.343750	-1.830127	-10.962581	3.846798	
2389	-52.317669	-1.796875	-10.941532	3.846558	
2390	-52.265625	-1.732817	-10.899827	3.845706	
2390	-52.253624	-1.718750	-10.890259	3.845442	
2391	-52.317669	-1.796875	-10.941532	3.846558	
2391	-52.265625	-1.732817	-10.899827	3.845706	
2392	-52.253624	-1.718750	-10.890259	3.845442	
2392	-52.187500	-1.645908	-10.837811	3.843564	
2393	-52.187500	-1.645908	-10.837811	3.843564	
2393	-52.182374	-1.640625	-10.833761	3.843390	
2394	-52.109375	-1.570943	-10.776265	3.840490	
2394	-52.099608	-1.562500	-10.768587	3.840044	
2395	-52.182374	-1.640625	-10.833761	3.843390	
2395	-52.109375	-1.570943	-10.776265	3.840490	
2396	-52.099608	-1.562500	-10.768587	3.840044	
2396	-52.031250	-1.507788	-10.714961	3.836579	
2397	-52.031250	-1.507788	-10.714961	3.836579	
2397	-51.997242	-1.484375	-10.688273	3.834632	
2398	-51.953125	-1.455869	-10.653731	3.831906	
2398	-51.875000	-1.414705	-10.592448	3.826521	
2399	-51.997242	-1.484375	-10.688273	3.834632	
2399	-51.953125	-1.455869	-10.653731	3.831906	
2400	-51.081452	-2.500000	-9.964024	3.970725	
2400	-51.033101	-2.421875	-9.929103	3.974750	
2401	-51.015625	-2.395437	-9.917258	3.976330	
2401	-50.983374	-2.343750	-9.896488	3.979469	
2402	-51.033101	-2.421875	-9.929103	3.974750	
2402	-51.015625	-2.395437	-9.917258	3.976330	
2403	-50.983374	-2.343750	-9.896488	3.979469	
2403	-50.945235	-2.265625	-9.873945	3.983774	
2404	-50.945235	-2.265625	-9.873945	3.983774	
2404	-50.937500	-2.249801	-9.870050	3.984673	
2405	-50.781250	-2.387422	-9.791621	3.970981	
2405	-50.806983	-2.343750	-9.810951	3.975340	
2406	-50.707232	-2.500000	-9.731640	3.959133	
2406	-50.758898	-2.421875	-9.774214	3.967332	
2407	-50.781250	-2.387422	-9.791621	3.970981	
2407	-50.758898	-2.421875	-9.774214	3.967332	
2408	-50.806983	-2.343750	-9.810951	3.975340	
2408	-50.845413	-2.265625	-9.837518	3.982228	
2409	-50.859375	-2.227740	-9.846194	3.984938	
2409	-50.845413	-2.265625	-9.837518	3.982228	
2410	-50.937500	-2.249801	-9.870050	3.984673	
2410	-50.859375	-2.227740	-9.846194	3.984938	
2411	-50.625000	-1.465142	-9.702167	3.726170	
2411	-50.555041	-1.406250	-9.651357	3.731686	
2412	-50.468750	-1.338300	-9.586367	3.737401	
2412	-50.451217	-1.328125	-9.573098	3.738416	
2413	-50.390625	-1.284640	-9.526227	3.741651	
2413	-50.328486	-1.250000	-9.477851	3.744476	
2414	-50.451217	-1.328125	-9.573098	3.738416	
2414	-50.390625	-1.284640	-9.526227	3.741651	
2415	-50.555041	-1.406250	-9.651357	3.731686	
2415	-50.546875	-1.398225	-9.645209	3.732285	
2416	-50.546875	-1.398225	-9.645209	3.732285	
2416	-50.468750	-1.338300	-9.586367	3.737401	
2417	-50.968919	-1.640625	-9.887786	3.714593	
2417	-50.937500	-1.688177	-9.867682	3.708464	
2418	-51.015625	-1.580864	-9.920681	3.723345	
2418	-50.968919	-1.640625	-9.887786	3.714593	
2419	-51.036324	-1.562500	-9.935227	3.726896	
2419	-51.015625	-1.580864	-9.920681	3.723345	
2420	-50.781250	-1.645510	-9.806191	3.709900	
2420	-50.776837	-1.640625	-9.803733	3.710421	
2421	-50.776837	-1.640625	-9.803733	3.710421	
2421	-50.716550	-1.562500	-9.765644	3.717382	
2422	-50.937500	-1.688177	-9.867682	3.708464	
2422	-50.906586	-1.718750	-9.853537	3.703680	
2423	-50.838202	-1.718750	-9.833776	3.702993	
2423	-50.781250	-1.645510	-9.806191	3.709900	
2424	-50.716550	-1.562500	-9.765644	3.717382	
2424	-50.703125	-1.545595	-9.756556	3.718814	
2425	-50.703125	-1.545595	-9.756556	3.718814	
2425	-50.642310	-1.484375	-9.714699	3.724628	
2426	-50.642310	-1.484375	-9.714699	3.724628	
2426	-50.625000	-1.465142	-9.702167	3.726170	
2427	-51.124227	-1.484375	-10.001661	3.741607	
2427	-51.093750	-1.504205	-9.978953	3.736812	
2428	-51.171875	-1.446474	-10.039177	3.749127	
2428	-51.124227	-1.484375	-10.001661	3.741607	
2429	-51.250000	-1.406598	-10.099822	3.760415	
2429	-51.171875	-1.446474	-10.039177	3.749127	
2430	-51.093750	-1.504205	-9.978953	3.736812	
2430	-51.036324	-1.562500	-9.935227	3.726896	
2431	-50.328486	-1.250000	-9.477851	3.744476	
2431	-50.312500	-1.239169	-9.465217	3.745136	
2432	-50.312500	-1.239169	-9.465217	3.745136	
2432	-50.234375	-1.196374	-9.403319	3.747953	
2433	-50.234375	-1.196374	-9.403319	3.747953	
2433	-50.179911	-1.171875	-9.359847	3.749551	
2434	-50.179911	-1.171875	-9.359847	3.749551	
2434	-50.156250	-1.159053	-9.340795	3.750161	
2435	-50.078125	-1.124044	-9.277668	3.751816	
2435	-50.000000	-1.093910	-9.214069	3.752963	
2436	-50.156250	-1.159053	-9.340795	3.750161	
2436	-50.078125	-1.124044	-9.277668	3.751816	
2437	-54.225972	-2.500000	-12.394844	3.952661	
2437	-54.218750	-2.491500	-12.389002	3.952140	
2438	-54.218750	-2.491500	-12.389002	3.952140	
2438	-54.151804	-2.421875	-12.334832	3.946923	
2439	-54.140625	-2.412375	-12.325718	3.945982	
2439	-54.062500	-2.356839	-12.261806	3.938926	
2440	-54.151804	-2.421875	-12.334832	3.946923	
2440	-54.140625	-2.412375	-12.325718	3.945982	
2441	-54.062500	-2.356839	-12.261806	3.938926	
2441	-54.038422	-2.343750	-12.241971	3.936584	
2442	-53.906250	-2.291426	-12.133017	3.922553	
2442	-53.828125	-2.277136	-12.068279	3.913337	
2443	-53.828125	-2.277136	-12.068279	3.913337	
2443	-53.750000	-2.273178	-12.003469	3.903480	
2444	-54.038422	-2.343750	-12.241971	3.936584	
2444	-53.984375	-2.317476	-12.197546	3.931095	
2445	-53.984375	-2.317476	-12.197546	3.931095	
2445	-53.906250	-2.291426	-12.133017	3.922553	
2446	-53.473497	-2.343750	-11.774523	3.863356	
2446	-53.437500	-2.359182	-11.745649	3.857607	
2447	-53.593750	-2.293972	-11.874152	3.881902	
2447	-53.515625	-2.320785	-11.809677	3.870114	
2448	-53.515625	-2.320785	-11.809677	3.870114	
2448	-53.473497	-2.343750	-11.774523	3.863356	
2449	-53.750000	-2.273178	-12.003469	3.903480	
2449	-53.671875	-2.278738	-11.938728	3.893003	
2450	-53.671875	-2.278738	-11.938728	3.893003	
2450	-53.593750	-2.293972	-11.874152	3.881902	
2451	-53.348384	-2.421875	-11.673253	3.842237	
2451	-53.281250	-2.476834	-11.621015	3.829997	
2452	-53.359375	-2.411325	-11.682362	3.844259	
2452	-53.348384	-2.421875	-11.673253	3.842237	
2453	-53.437500	-2.359182	-11.745649	3.857607	
2453	-53.359375	-2.411325	-11.682362	3.844259	
2454	-53.281250	-2.476834	-11.621015	3.829997	
2454	-53.261654	-2.500000	-11.605456	3.826080	
2455	-52.887989	-2.500000	-11.401866	3.817192	
2455	-52.821938	-2.421875	-11.352273	3.824849	
2456	-52.821938	-2.421875	-11.352273	3.824849	
2456	-52.812500	-2.409133	-11.344821	3.825851	
2457	-52.812500	-2.409133	-11.344821	3.825851	
2457	-52.752910	-2.343750	-11.298181	3.831410	
2458	-52.656250	-2.230278	-11.219780	3.838513	
2458	-52.617450	-2.187500	-11.188041	3.840715	
2459	-52.752910	-2.343750	-11.298181	3.831410	
2459	-52.734375	-2.319824	-11.283148	3.832973	
2460	-52.734375	-2.319824	-11.283148	3.832973	
2460	-52.684042	-2.265625	-11.242669	3.836695	
2461	-52.684042	-2.265625	-11.242669	3.836695	
2461	-52.656250	-2.230278	-11.219780	3.838513	
2462	-52.617450	-2.187500	-11.188041	3.840715	
2462	-52.578125	-2.137068	-11.155419	3.842614	
2463	-52.578125	-2.137068	-11.155419	3.842614	
2463	-52.554141	-2.109375	-11.135631	3.843591	
2464	-52.554141	-2.109375	-11.135631	3.843591	
2464	-52.500000	-2.038683	-11.090709	3.845335	
2465	-71.093750	-15.035898	-28.592989	1.079640	
2465	-71.035333	-15.000000	-28.559529	1.105124	
2466	-71.171875	-15.059962	-28.643059	1.050823	
2466	-71.093750	-15.035898	-28.592989	1.079640	
2467	-71.250000	-15.068165	-28.698238	1.025641	
2467	-71.171875	-15.059962	-28.643059	1.050823	
2468	-71.328125	-15.061388	-28.756678	1.003856	
2468	-71.250000	-15.068165	-28.698238	1.025641	
2469	-71.406250	-15.035258	-28.816487	0.985614	
2469	-71.328125	-15.061388	-28.756678	1.003856	
2470	-71.406250	-15.035258	-28.816487	0.985614	
2470	-71.463564	-15.000000	-28.860626	0.974523	
2471	-71.562500	-14.860249	-28.933068	0.961095	
2471	-71.569709	-14.843750	-28.938321	0.960451	
2472	-71.569709	-14.843750	-28.938321	0.960451	
2472	-71.581612	-14.765625	-28.942823	0.960003	
2473	-71.581612	-14.765625	-28.942823	0.960003	
2473	-71.571620	-14.687500	-28.928176	0.960793	
2474	-71.484375	-14.981186	-28.876319	0.971068	
2474	-71.536009	-14.921875	-28.915577	0.963677	
2475	-71.484375	-14.981186	-28.876319	0.971068	
2475	-71.463564	-15.000000	-28.860626	0.974523	
2476	-71.562500	-14.860249	-28.933068	0.961095	
2476	-71.536009	-14.921875	-28.915577	0.963677	
2477	-71.562500	-14.665293	-28.918169	0.961063	
2477	-71.541846	-14.609375	-28.896695	0.961156	
2478	-71.484375	-14.534762	-28.841431	0.959116	
2478	-71.481471	-14.531250	-28.838769	0.958945	
2479	-71.541846	-14.609375	-28.896695	0.961156	
2479	-71.484375	-14.534762	-28.841431	0.959116	
2480	-71.406250	-14.473917	-28.770915	0.952503	
2480	-71.363609	-14.453125	-28.733955	0.947283	
2481	-71.328125	-14.438936	-28.704283	0.942158	
2481	-71.250000	-14.421568	-28.641852	0.928253	
2482	-71.363609	-14.453125	-28.733955	0.947283	
2482	-71.328125	-14.438936	-28.704283	0.942158	
2483	-71.481471	-14.531250	-28.838769	0.958945	
2483	-71.406250	-14.473917	-28.770915	0.952503	
2484	-71.571620	-14.687500	-28.928176	0.960793	
2484	-71.562500	-14.665293	-28.918169	0.961063	
2485	-71.035333	-15.000000	-28.559529	1.105124	
2485	-71.015625	-14.991375	-28.551695	1.112605	
2486	-71.015625	-14.991375	-28.551695	1.112605	
2486	-70.937500	-14.941385	-28.532964	1.140600	
2487	-70.937500	-14.941385	-28.532964	1.140600	
2487	-70.859375	-14.945447	-28.525128	1.132481	
2488	-70.859375	-14.945447	-28.525128	1.132481	
2488	-70.781250	-14.972369	-28.491223	1.108582	
2489	-70.781250	-14.972369	-28.491223	1.108582	
2489	-70.703125	-14.984778	-28.442953	1.087380	
2490	-70.703125	-14.984778	-28.442953	1.087380	
2490	-70.625000	-14.984870	-28.386071	1.069752	
2491	-70.781250	-14.376457	-28.435032	0.913847	
2491	-70.775548	-14.375000	-28.431962	0.915884	
2492	-70.937500	-14.467423	-28.491584	0.855085	
2492	-70.915054	-14.453125	-28.489539	0.861252	
2493	-70.859375	-14.415190	-28.473609	0.882749	
2493	-70.781250	-14.376457	-28.435032	0.913847	
2494	-70.915054	-14.453125	-28.489539	0.861252	
2494	-70.859375	-14.415190	-28.473609	0.882749	
2495	-71.047289	-14.453125	-28.510753	0.873941	
2495	-71.015625	-14.461241	-28.500045	0.864821	
2496	-71.015625	-14.461241	-28.500045	0.864821	
2496	-70.937500	-14.467423	-28.491584	0.855085	
2497	-71.093750	-14.434799	-28.534917	0.888996	
2497	-71.047289	-14.453125	-28.510753	0.873941	
2498	-71.171875	-14.420119	-28.584607	0.910637	
2498	-71.093750	-14.434799	-28.534917	0.888996	
2499	-71.250000	-14.421568	-28.641852	0.928253	
2499	-71.171875	-14.420119	-28.584607	0.910637	
2500	-70.625000	-14.984870	-28.386071	1.069752	
2500	-70.546875	-14.970997	-28.323755	1.055811	
2501	-70.546875	-14.970997	-28.323755	1.055811	
2501	-70.468750	-14.939430	-28.257571	1.045442	
2502	-70.468750	-14.939430	-28.257571	1.045442	
2502	-70.438077	-14.921875	-28.230543	1.042325	
2503	-70.390625	-14.884201	-28.187775	1.038632	
2503	-70.348801	-14.843750	-28.148481	1.036579	
2504	-70.438077	-14.921875	-28.230543	1.042325	
2504	-70.390625	-14.884201	-28.187775	1.038632	
2505	-70.348801	-14.843750	-28.148481	1.036579	
2505	-70.312500	-14.782900	-28.113077	1.035916	
2506	-70.312500	-14.782900	-28.113077	1.035916	
2506	-70.301861	-14.765625	-28.102209	1.035971	
2507	-70.301861	-14.765625	-28.102209	1.035971	
2507	-70.277507	-14.687500	-28.075028	1.036807	
2508	-70.277507	-14.687500	-28.075028	1.036807	
2508	-70.275252	-14.609375	-28.067212	1.037383	
2509	-70.275252	-14.609375	-28.067212	1.037383	
2509	-70.295091	-14.531250	-28.078559	1.036149	
2510	-70.312500	-14.500784	-28.091595	1.034331	
2510	-70.295091	-14.531250	-28.078559	1.036149	
2511	-70.341063	-14.453125	-28.111843	1.031001	
2511	-70.312500	-14.500784	-28.091595	1.034331	
2512	-70.390625	-14.406998	-28.150166	1.023413	
2512	-70.341063	-14.453125	-28.111843	1.031001	
2513	-70.439843	-14.375000	-28.188214	1.014429	
2513	-70.390625	-14.406998	-28.150166	1.023413	
2514	-70.625000	-14.334408	-28.328499	0.968644	
2514	-70.546875	-14.338871	-28.270290	0.990262	
2515	-70.546875	-14.338871	-28.270290	0.990262	
2515	-70.468750	-14.361085	-28.210482	1.008530	
2516	-70.468750	-14.361085	-28.210482	1.008530	
2516	-70.439843	-14.375000	-28.188214	1.014429	
2517	-70.775548	-14.375000	-28.431962	0.915884	
2517	-70.703125	-14.345842	-28.383832	0.943483	
2518	-70.703125	-14.345842	-28.383832	0.943483	
2518	-70.625000	-14.334408	-28.328499	0.968644	
2519	-64.218750	-18.882400	-22.442348	0.210818	
2519	-64.140625	-18.828812	-22.388098	0.201771	
2520	-64.140625	-18.828812	-22.388098	0.201771	
2520	-64.139888	-18.828125	-22.387479	0.201733	
2521	-64.139888	-18.828125	-22.387479	0.201733	
2521	-64.100259	-18.750000	-22.349849	0.202114	
2522	-64.375000	-18.895371	-22.482659	0.220387	
2522	-64.296875	-18.889993	-22.472608	0.225818	
2523	-64.296875	-18.889993	-22.472608	0.225818	
2523	-64.218750	-18.882400	-22.442348	0.210818	
2524	-64.531250	-18.847616	-22.567012	0.181119	
2524	-64.453125	-18.893990	-22.518748	0.197861	
2525	-64.453125	-18.893990	-22.518748	0.197861	
2525	-64.375000	-18.895371	-22.482659	0.220387	
2526	-64.531250	-18.847616	-22.567012	0.181119	
2526	-64.550291	-18.828125	-22.580006	0.178181	
2527	-64.550291	-18.828125	-22.580006	0.178181	
2527	-64.578274	-18.750000	-22.595543	0.176052	
2528	-64.578274	-18.750000	-22.595543	0.176052	
2528	-64.554688	-18.671875	-22.570957	0.177022	
2529	-64.554688	-18.671875	-22.570957	0.177022	
2529	-64.531250	-18.647374	-22.551154	0.175909	
2530	-64.453125	-18.602181	-22.498454	0.165444	
2530	-64.375000	-18.599900	-22.471015	0.149555	
2531	-64.531250	-18.647374	-22.551154	0.175909	
2531	-64.453125	-18.602181	-22.498454	0.165444	
2532	-64.296875	-18.594395	-22.461418	0.157979	
2532	-64.218750	-18.594347	-22.421851	0.181606	
2533	-64.375000	-18.599900	-22.471015	0.149555	
2533	-64.296875	-18.594395	-22.461418	0.157979	
2534	-64.100259	-18.750000	-22.349849	0.202114	
2534	-64.116023	-18.671875	-22.355397	0.201614	
2535	-64.140625	-18.642840	-22.372183	0.198146	
2535	-64.116023	-18.671875	-22.355397	0.201614	
2536	-64.218750	-18.594347	-22.421851	0.181606	
2536	-64.140625	-18.642840	-22.372183	0.198146	
2537	-66.875000	-7.629333	-24.484660	3.118061	
2537	-66.819355	-7.578125	-24.433867	3.114853	
2538	-66.819355	-7.578125	-24.433867	3.114853	
2538	-66.818176	-7.500000	-24.432006	3.114765	
2539	-67.031250	-7.654851	-24.615610	3.143539	
2539	-66.984684	-7.656250	-24.579633	3.133448	
2540	-66.939613	-7.656250	-24.540991	3.125638	
2540	-66.875000	-7.629333	-24.484660	3.118061	
2541	-67.187500	-7.654471	-24.694243	3.148196	
2541	-67.109375	-7.629479	-24.660363	3.164210	
2542	-67.109375	-7.629479	-24.660363	3.164210	
2542	-67.031250	-7.654851	-24.615610	3.143539	
2543	-67.343750	-7.659605	-24.819677	3.116477	
2543	-67.351069	-7.656250	-24.825941	3.115598	
2544	-67.265625	-7.676402	-24.754878	3.128825	
2544	-67.209937	-7.656250	-24.708801	3.142434	
2545	-67.343750	-7.659605	-24.819677	3.116477	
2545	-67.265625	-7.676402	-24.754878	3.128825	
2546	-67.209937	-7.656250	-24.708801	3.142434	
2546	-67.187500	-7.654471	-24.694243	3.148196	
2547	-67.351069	-7.656250	-24.825941	3.115598	
2547	-67.418839	-7.578125	-24.884697	3.110275	
2548	-67.418839	-7.578125	-24.884697	3.110275	
2548	-67.399715	-7.500000	-24.867155	3.109770	
2549	-67.399715	-7.500000	-24.867155	3.109770	
2549	-67.343750	-7.459533	-24.817267	3.105309	
2550	-67.343750	-7.459533	-24.817267	3.105309	
2550	-67.265625	-7.436677	-24.751313	3.094051	
2551	-67.265625	-7.436677	-24.751313	3.094051	
2551	-67.187500	-7.439414	-24.692941	3.077423	
2552	-67.187500	-7.439414	-24.692941	3.077423	
2552	-67.109375	-7.473209	-24.656386	3.060249	
2553	-67.109375	-7.473209	-24.656386	3.060249	
2553	-67.031250	-7.431930	-24.610188	3.083370	
2554	-67.031250	-7.431930	-24.610188	3.083370	
2554	-66.953125	-7.427251	-24.549093	3.099671	
2555	-66.953125	-7.427251	-24.549093	3.099671	
2555	-66.875000	-7.450491	-24.482529	3.110521	
2556	-66.875000	-7.450491	-24.482529	3.110521	
2556	-66.818176	-7.500000	-24.432006	3.114765	
2557	-68.828125	-1.879940	-26.527133	4.735165	
2557	-68.750000	-1.888938	-26.486545	4.711451	
2558	-68.906250	-1.875831	-26.541748	4.750917	
2558	-68.828125	-1.879940	-26.527133	4.735165	
2559	-68.984375	-1.903726	-26.546267	4.740177	
2559	-68.906250	-1.875831	-26.541748	4.750917	
2560	-69.062500	-1.918827	-26.569881	4.721239	
2560	-68.984375	-1.903726	-26.546267	4.740177	
2561	-69.140625	-1.912152	-26.610172	4.703672	
2561	-69.062500	-1.918827	-26.569881	4.721239	
2562	-69.218750	-1.882680	-26.662382	4.689677	
2562	-69.140625	-1.912152	-26.610172	4.703672	
2563	-69.218750	-1.882680	-26.662382	4.689677	
2563	-69.231777	-1.875000	-26.671980	4.687752	
2564	-69.296875	-1.826276	-26.723983	4.679954	
2564	-69.325265	-1.796875	-26.748589	4.677645	
2565	-69.296875	-1.826276	-26.723983	4.679954	
2565	-69.231777	-1.875000	-26.671980	4.687752	
2566	-69.325265	-1.796875	-26.748589	4.677645	
2566	-69.369383	-1.718750	-26.789177	4.675748	
2567	-69.375000	-1.694312	-26.794742	4.675693	
2567	-69.369383	-1.718750	-26.789177	4.675748	
2568	-68.828125	-1.291583	-26.520410	4.588175	
2568	-68.750000	-1.279403	-26.492660	4.607089	
2569	-68.906250	-1.318863	-26.527952	4.574722	
2569	-68.828125	-1.291583	-26.520410	4.588175	
2570	-68.984375	-1.318372	-26.538162	4.586786	
2570	-68.906250	-1.318863	-26.527952	4.574722	
2571	-69.062500	-1.306973	-26.575525	4.610751	
2571	-68.984375	-1.318372	-26.538162	4.586786	
2572	-69.375000	-1.521515	-26.804110	4.675211	
2572	-69.364847	-1.484375	-26.798053	4.674493	
2573	-69.364847	-1.484375	-26.798053	4.674493	
2573	-69.313151	-1.406250	-26.758227	4.668258	
2574	-69.218750	-1.337534	-26.684397	4.651247	
2574	-69.190802	-1.328125	-26.662630	4.644892	
2575	-69.140625	-1.312084	-26.626643	4.632781	
2575	-69.062500	-1.306973	-26.575525	4.610751	
2576	-69.190802	-1.328125	-26.662630	4.644892	
2576	-69.140625	-1.312084	-26.626643	4.632781	
2577	-69.313151	-1.406250	-26.758227	4.668258	
2577	-69.296875	-1.390944	-26.745223	4.665750	
2578	-69.296875	-1.390944	-26.745223	4.665750	
2578	-69.218750	-1.337534	-26.684397	4.651247	
2579	-69.375000	-1.694312	-26.794742	4.675693	
2579	-69.389647	-1.640625	-26.810856	4.675939	
2580	-69.389647	-1.640625	-26.810856	4.675939	
2580	-69.388007	-1.562500	-26.813734	4.676109	
2581	-69.388007	-1.562500	-26.813734	4.676109	
2581	-69.375000	-1.521515	-26.804110	4.675211	
2582	-68.671875	-1.880711	-26.433894	4.690427	
2582	-68.654024	-1.875000	-26.421170	4.686222	
2583	-68.750000	-1.888938	-26.486545	4.711451	
2583	-68.671875	-1.880711	-26.433894	4.690427	
2584	-68.654024	-1.875000	-26.421170	4.686222	
2584	-68.593750	-1.854405	-26.374655	4.672934	
2585	-68.593750	-1.854405	-26.374655	4.672934	
2585	-68.515625	-1.798606	-26.312829	4.659492	
2586	-68.515625	-1.798606	-26.312829	4.659492	
2586	-68.513664	-1.796875	-26.311226	4.659202	
2587	-68.513664	-1.796875	-26.311226	4.659202	
2587	-68.454485	-1.718750	-26.263808	4.652077	
2588	-68.454485	-1.718750	-26.263808	4.652077	
2588	-68.437500	-1.665371	-26.252122	4.650832	
2589	-68.437500	-1.665371	-26.252122	4.650832	
2589	-68.428404	-1.640625	-26.244829	4.650227	
2590	-68.428404	-1.640625	-26.244829	4.650227	
2590	-68.423279	-1.562500	-26.243874	4.650171	
2591	-68.437500	-1.502663	-26.259508	4.650390	
2591	-68.423279	-1.562500	-26.243874	4.650171	
2592	-68.441104	-1.484375	-26.263071	4.650360	
2592	-68.437500	-1.502663	-26.259508	4.650390	
2593	-68.441104	-1.484375	-26.263071	4.650360	
2593	-68.482092	-1.406250	-26.301162	4.648866	
2594	-68.571441	-1.328125	-26.376644	4.640358	
2594	-68.515625	-1.371186	-26.330721	4.646401	
2595	-68.515625	-1.371186	-26.330721	4.646401	
2595	-68.482092	-1.406250	-26.301162	4.648866	
2596	-68.593750	-1.315110	-26.393858	4.637330	
2596	-68.571441	-1.328125	-26.376644	4.640358	
2597	-68.671875	-1.286527	-26.448758	4.624074	
2597	-68.593750	-1.315110	-26.393858	4.637330	
2598	-68.750000	-1.279403	-26.492660	4.607089	
2598	-68.671875	-1.286527	-26.448758	4.624074	
2599	15.000000	-67.172451	10.912679	-20.858213	
2599	14.960948	-67.109375	10.870553	-20.808669	
2600	14.960948	-67.109375	10.870553	-20.808669	
2600	14.934055	-67.031250	10.826359	-20.752734	
2601	14.921875	-66.954072	10.787767	-20.700481	
2601	14.921666	-66.953125	10.787276	-20.699795	
2602	14.921875	-66.954072	10.787767	-20.700481	
2602	14.934055	-67.031250	10.826359	-20.752734	
2603	14.921875	-66.947008	10.784604	-20.696047	
2603	14.924453	-66.875000	10.753229	-20.650652	
2604	14.921666	-66.953125	10.787276	-20.699795	
2604	14.921875	-66.947008	10.784604	-20.696047	
2605	14.924453	-66.875000	10.753229	-20.650652	
2605	14.949779	-66.796875	10.725940	-20.608609	
2606	14.949779	-66.796875	10.725940	-20.608609	
2606	15.000000	-66.731984	10.710913	-20.583823	
2607	12.187500	-66.542420	9.670694	-19.410691	
2607	12.265625	-66.505918	9.670840	-19.411068	
2608	12.265625	-66.505918	9.670840	-19.411068	
2608	12.295241	-66.484375	9.668153	-19.405643	
2609	12.295241	-66.484375	9.668153	-19.405643	
2609	12.343750	-66.441262	9.660896	-19.391510	
2610	12.343750	-66.441262	9.660896	-19.391510	
2610	12.372566	-66.406250	9.652946	-19.376541	
2611	12.372566	-66.406250	9.652946	-19.376541	
2611	12.418161	-66.328125	9.631206	-19.337337	
2612	12.421875	-66.318657	9.628153	-19.331986	
2612	12.445674	-66.250000	9.605198	-19.292721	
2613	12.418161	-66.328125	9.631206	-19.337337	
2613	12.421875	-66.318657	9.628153	-19.331986	
2614	11.875000	-66.528972	9.623591	-19.291968	
2614	11.953125	-66.551389	9.639893	-19.335962	
2615	11.953125	-66.551389	9.639893	-19.335962	
2615	12.031250	-66.561677	9.653610	-19.370741	
2616	12.031250	-66.561677	9.653610	-19.370741	
2616	12.109375	-66.559459	9.664259	-19.396183	
2617	12.109375	-66.559459	9.664259	-19.396183	
2617	12.187500	-66.542420	9.670694	-19.410691	
2618	11.718750	-66.445688	9.584484	-19.174258	
2618	11.670488	-66.406250	9.570397	-19.127019	
2619	11.796875	-66.492991	9.604718	-19.237415	
2619	11.783436	-66.484375	9.600951	-19.226041	
2620	11.796875	-66.492991	9.604718	-19.237415	
2620	11.875000	-66.528972	9.623591	-19.291968	
2621	11.718750	-66.445688	9.584484	-19.174258	
2621	11.783436	-66.484375	9.600951	-19.226041	
2622	11.640625	-66.382665	9.562402	-19.098833	
2622	11.587735	-66.328125	9.546278	-19.038413	
2623	11.640625	-66.382665	9.562402	-19.098833	
2623	11.670488	-66.406250	9.570397	-19.127019	
2624	11.562500	-66.301587	9.539057	-19.009523	
2624	11.587735	-66.328125	9.546278	-19.038413	
2625	11.562500	-66.301587	9.539057	-19.009523	
2625	11.523022	-66.250000	9.526548	-18.956117	
2626	11.484375	-66.194129	9.514629	-18.900105	
2626	11.471238	-66.171875	9.510373	-18.878505	
2627	11.484375	-66.194129	9.514629	-18.900105	
2627	11.523022	-66.250000	9.526548	-18.956117	
2628	11.471238	-66.171875	9.510373	-18.878505	
2628	11.429788	-66.093750	9.497366	-18.804835	
2629	11.406250	-66.037702	9.489894	-18.754302	
2629	11.429788	-66.093750	9.497366	-18.804835	
2630	11.406250	-66.037702	9.489894	-18.754302	
2630	11.397629	-66.015625	9.487358	-18.734836	
2631	11.397629	-66.015625	9.487358	-18.734836	
2631	11.372129	-65.937500	9.480289	-18.668292	
2632	11.372129	-65.937500	9.480289	-18.668292	
2632	11.355027	-65.859375	9.476253	-18.605605	
2633	11.355027	-65.859375	9.476253	-18.605605	
2633	11.345603	-65.781250	9.475402	-18.547130	
2634	11.345603	-65.781250	9.475402	-18.547130	
2634	11.343084	-65.703125	9.477996	-18.493699	
2635	11.343084	-65.703125	9.477996	-18.493699	
2635	11.346755	-65.625000	9.484350	-18.446974	
2636	12.445674	-66.250000	9.605198	-19.292721	
2636	12.459925	-66.171875	9.575722	-19.244347	
2637	12.459925	-66.171875	9.575722	-19.244347	
2637	12.463386	-66.093750	9.543187	-19.193120	
2638	12.463386	-66.093750	9.543187	-19.193120	
2638	12.457510	-66.015625	9.507833	-19.139644	
2639	12.457510	-66.015625	9.507833	-19.139644	
2639	12.442704	-65.937500	9.469653	-19.084180	
2640	12.418856	-65.859375	9.428497	-19.026869	
2640	12.421875	-65.871200	9.434554	-19.035146	
2641	12.421875	-65.871200	9.434554	-19.035146	
2641	12.442704	-65.937500	9.469653	-19.084180	
2642	12.418856	-65.859375	9.428497	-19.026869	
2642	12.389574	-65.781250	9.385453	-18.969572	
2643	12.389574	-65.781250	9.385453	-18.969572	
2643	12.348309	-65.703125	9.338338	-18.909962	
2644	12.343750	-65.696565	9.334002	-18.904643	
2644	12.348309	-65.703125	9.338338	-18.909962	
2645	12.301441	-65.625000	9.289301	-18.851474	
2645	12.343750	-65.696565	9.334002	-18.904643	
2646	12.168383	-65.468750	9.178163	-18.734088	
2646	12.187500	-65.490542	9.193632	-18.749006	
2647	12.077524	-65.390625	9.115641	-18.679655	
2647	12.109375	-65.417696	9.137059	-18.697145	
2648	12.109375	-65.417696	9.137059	-18.697145	
2648	12.168383	-65.468750	9.178163	-18.734088	
2649	12.031250	-65.357229	9.087434	-18.658869	
2649	12.077524	-65.390625	9.115641	-18.679655	
2650	11.954632	-65.312500	9.047206	-18.635142	
2650	12.031250	-65.357229	9.087434	-18.658869	
2651	12.241663	-65.546875	9.235893	-18.792223	
2651	12.265625	-65.580872	9.258332	-18.816525	
2652	12.265625	-65.580872	9.258332	-18.816525	
2652	12.301441	-65.625000	9.289301	-18.851474	
2653	12.187500	-65.490542	9.193632	-18.749006	
2653	12.241663	-65.546875	9.235893	-18.792223	
2654	11.875000	-65.254693	9.015101	-18.625080	
2654	11.953125	-65.311445	9.046448	-18.634785	
2655	11.953125	-65.311445	9.046448	-18.634785	
2655	11.954632	-65.312500	9.047206	-18.635142	
2656	11.346755	-65.625000	9.484350	-18.446974	
2656	11.356017	-65.546875	9.494562	-18.410098	
2657	11.356017	-65.546875	9.494562	-18.410098	
2657	11.364447	-65.468750	9.506501	-18.389608	
2658	11.328125	-65.424844	9.500041	-18.388720	
2658	11.289134	-65.390625	9.484506	-18.384749	
2659	11.328125	-65.424844	9.500041	-18.388720	
2659	11.364447	-65.468750	9.506501	-18.389608	
2660	11.250000	-65.369335	9.466467	-18.377028	
2660	11.289134	-65.390625	9.484506	-18.384749	
2661	11.851093	-65.234375	9.010452	-18.625427	
2661	11.875000	-65.254693	9.015101	-18.625080	
2662	11.851093	-65.234375	9.010452	-18.625427	
2662	11.855227	-65.156250	9.020721	-18.609342	
2663	11.855227	-65.156250	9.020721	-18.609342	
2663	11.866123	-65.078125	9.030716	-18.574892	
2664	11.866123	-65.078125	9.030716	-18.574892	
2664	11.873185	-65.000000	9.036775	-18.529698	
2665	11.250000	-65.369335	9.466467	-18.377028	
2665	11.172666	-65.312500	9.422268	-18.349626	
2666	11.093750	-65.246580	9.370260	-18.307525	
2666	11.079653	-65.234375	9.360575	-18.298780	
2667	11.015625	-65.164713	9.310837	-18.250098	
2667	11.079653	-65.234375	9.360575	-18.298780	
2668	11.015625	-65.164713	9.310837	-18.250098	
2668	11.007320	-65.156250	9.304550	-18.243529	
2669	11.093750	-65.246580	9.370260	-18.307525	
2669	11.171875	-65.311834	9.421764	-18.349262	
2670	11.171875	-65.311834	9.421764	-18.349262	
2670	11.172666	-65.312500	9.422268	-18.349626	
2671	11.007320	-65.156250	9.304550	-18.243529	
2671	10.946982	-65.078125	9.252265	-18.185622	
2672	10.937500	-65.061469	9.242273	-18.173920	
2672	10.946982	-65.078125	9.252265	-18.185622	
2673	10.937500	-65.061469	9.242273	-18.173920	
2673	10.895844	-65.000000	9.203145	-18.126254	
2674	15.703125	-68.056727	11.248427	-21.588215	
2674	15.665834	-68.046875	11.238610	-21.565944	
2675	15.703125	-68.056727	11.248427	-21.588215	
2675	15.781250	-68.053587	11.261486	-21.616111	
2676	15.625000	-68.038367	11.229315	-21.543919	
2676	15.665834	-68.046875	11.238610	-21.565944	
2677	15.781250	-68.053587	11.261486	-21.616111	
2677	15.800151	-68.046875	11.262538	-21.618257	
2678	15.859375	-68.023326	11.265387	-21.623906	
2678	15.917012	-67.968750	11.255623	-21.606488	
2679	15.800151	-68.046875	11.262538	-21.618257	
2679	15.859375	-68.023326	11.265387	-21.623906	
2680	15.917012	-67.968750	11.255623	-21.606488	
2680	15.937500	-67.936534	11.246749	-21.591460	
2681	15.937500	-67.936534	11.246749	-21.591460	
2681	15.957840	-67.890625	11.231856	-21.567268	
2682	15.957840	-67.890625	11.231856	-21.567268	
2682	15.972182	-67.812500	11.200806	-21.519792	
2683	15.972182	-67.812500	11.200806	-21.519792	
2683	15.968734	-67.734375	11.164170	-21.467712	
2684	15.968734	-67.734375	11.164170	-21.467712	
2684	15.949085	-67.656250	11.121941	-21.412078	
2685	15.937500	-67.633211	11.107375	-21.393893	
2685	15.949085	-67.656250	11.121941	-21.412078	
2686	15.917127	-67.578125	11.075206	-21.355517	
2686	15.937500	-67.633211	11.107375	-21.393893	
2687	15.917127	-67.578125	11.075206	-21.355517	
2687	15.865138	-67.500000	11.020937	-21.296441	
2688	15.546875	-68.000601	11.206009	-21.484750	
2688	15.625000	-68.038367	11.229315	-21.543919	
2689	15.546875	-68.000601	11.206009	-21.484750	
2689	15.508854	-67.968750	11.191597	-21.445038	
2690	15.468750	-67.937144	11.178217	-21.405618	
2690	15.508854	-67.968750	11.191597	-21.445038	
2691	15.468750	-67.937144	11.178217	-21.405618	
2691	15.430792	-67.890625	11.162340	-21.354806	
2692	15.390625	-67.833855	11.146015	-21.296099	
2692	15.430792	-67.890625	11.162340	-21.354806	
2693	15.390625	-67.833855	11.146015	-21.296099	
2693	15.379183	-67.812500	11.140816	-21.275386	
2694	15.379183	-67.812500	11.140816	-21.275386	
2694	15.344274	-67.734375	11.125427	-21.203683	
2695	15.344274	-67.734375	11.125427	-21.203683	
2695	15.324846	-67.656250	11.116012	-21.139553	
2696	15.324846	-67.656250	11.116012	-21.139553	
2696	15.318167	-67.578125	11.113026	-21.083870	
2697	15.318167	-67.578125	11.113026	-21.083870	
2697	15.319728	-67.500000	11.117511	-21.041212	
2698	15.312500	-67.443267	11.122413	-21.026924	
2698	15.301065	-67.421875	11.120146	-21.026221	
2699	15.234375	-67.395177	11.092247	-21.017084	
2699	15.301065	-67.421875	11.120146	-21.026221	
2700	15.234375	-67.395177	11.092247	-21.017084	
2700	15.159296	-67.343750	11.046209	-20.987225	
2701	15.156250	-67.340867	11.043944	-20.985490	
2701	15.159296	-67.343750	11.046209	-20.987225	
2702	15.078125	-67.273266	10.985895	-20.934964	
2702	15.069087	-67.265625	10.979129	-20.928421	
2703	15.078125	-67.273266	10.985895	-20.934964	
2703	15.156250	-67.340867	11.043944	-20.985490	
2704	15.069087	-67.265625	10.979129	-20.928421	
2704	15.006814	-67.187500	10.921774	-20.868417	
2705	15.312500	-67.443267	11.122413	-21.026924	
2705	15.319728	-67.500000	11.117511	-21.041212	
2706	15.605895	-67.265625	10.860955	-21.176721	
2706	15.625000	-67.298060	10.862459	-21.180921	
2707	15.605895	-67.265625	10.860955	-21.176721	
2707	15.606727	-67.187500	10.868076	-21.142791	
2708	15.606727	-67.187500	10.868076	-21.142791	
2708	15.600229	-67.109375	10.868150	-21.091789	
2709	15.600229	-67.109375	10.868150	-21.091789	
2709	15.581555	-67.031250	10.861310	-21.030924	
2710	15.581555	-67.031250	10.861310	-21.030924	
2710	15.548021	-66.953125	10.848124	-20.962154	
2711	15.546875	-66.950756	10.847631	-20.959972	
2711	15.548021	-66.953125	10.848124	-20.962154	
2712	15.501054	-66.875000	10.828755	-20.886435	
2712	15.546875	-66.950756	10.847631	-20.959972	
2713	15.000000	-67.172451	10.912679	-20.858213	
2713	15.006814	-67.187500	10.921774	-20.868417	
2714	15.703125	-67.355007	10.899034	-21.195787	
2714	15.781250	-67.411778	10.950726	-21.231822	
2715	15.682298	-67.343750	10.887665	-21.189890	
2715	15.703125	-67.355007	10.899034	-21.195787	
2716	15.794257	-67.421875	10.960033	-21.239497	
2716	15.859375	-67.494191	11.016149	-21.291585	
2717	15.859375	-67.494191	11.016149	-21.291585	
2717	15.865138	-67.500000	11.020937	-21.296441	
2718	15.781250	-67.411778	10.950726	-21.231822	
2718	15.794257	-67.421875	10.960033	-21.239497	
2719	15.625000	-67.298060	10.862459	-21.180921	
2719	15.682298	-67.343750	10.887665	-21.189890	
2720	15.000000	-66.731984	10.710913	-20.583823	
2720	15.018472	-66.718750	10.709791	-20.581886	
2721	15.156250	-66.674232	10.721017	-20.603931	
2721	15.234375	-66.683265	10.738458	-20.640820	
2722	15.234375	-66.683265	10.738458	-20.640820	
2722	15.312500	-66.712862	10.761095	-20.693000	
2723	15.018472	-66.718750	10.709791	-20.581886	
2723	15.078125	-66.686899	10.710138	-20.582621	
2724	15.078125	-66.686899	10.710138	-20.582621	
2724	15.156250	-66.674232	10.721017	-20.603931	
2725	15.430932	-66.796875	10.802065	-20.801431	
2725	15.468750	-66.831345	10.815168	-20.841220	
2726	15.390625	-66.758678	10.786213	-20.756995	
2726	15.430932	-66.796875	10.802065	-20.801431	
2727	15.321322	-66.718750	10.764350	-20.700908	
2727	15.390625	-66.758678	10.786213	-20.756995	
2728	15.468750	-66.831345	10.815168	-20.841220	
2728	15.501054	-66.875000	10.828755	-20.886435	
2729	15.312500	-66.712862	10.761095	-20.693000	
2729	15.321322	-66.718750	10.764350	-20.700908	
2730	10.859375	-64.926895	9.161080	-18.071832	
2730	10.856389	-64.921875	9.158049	-18.067786	
2731	10.859375	-64.926895	9.161080	-18.071832	
2731	10.895844	-65.000000	9.203145	-18.126254	
2732	10.856389	-64.921875	9.158049	-18.067786	
2732	10.820656	-64.843750	9.114410	-18.007734	
2733	10.820656	-64.843750	9.114410	-18.007734	
2733	10.794264	-64.765625	9.073915	-17.948979	
2734	10.781250	-64.712237	9.047854	-17.909621	
2734	10.794264	-64.765625	9.073915	-17.948979	
2735	10.781250	-64.712237	9.047854	-17.909621	
2735	10.773929	-64.687500	9.035486	-17.890511	
2736	10.773929	-64.687500	9.035486	-17.890511	
2736	10.759116	-64.609375	8.998920	-17.832359	
2737	10.759116	-64.609375	8.998920	-17.832359	
2737	10.751480	-64.531250	8.964568	-17.775387	
2738	10.751480	-64.531250	8.964568	-17.775387	
2738	10.751083	-64.453125	8.932333	-17.719723	
2739	10.751083	-64.453125	8.932333	-17.719723	
2739	10.758637	-64.375000	8.902268	-17.665700	
2740	10.758637	-64.375000	8.902268	-17.665700	
2740	10.775456	-64.296875	8.874535	-17.613833	
2741	10.775456	-64.296875	8.874535	-17.613833	
2741	10.781250	-64.278865	8.868582	-17.602413	
2742	10.781250	-64.278865	8.868582	-17.602413	
2742	10.804227	-64.218750	8.849532	-17.565087	
2743	10.804227	-64.218750	8.849532	-17.565087	
2743	10.849327	-64.140625	8.827873	-17.520921	
2744	10.859375	-64.126837	8.824447	-17.513721	
2744	10.925020	-64.062500	8.811681	-17.486158	
2745	10.849327	-64.140625	8.827873	-17.520921	
2745	10.859375	-64.126837	8.824447	-17.513721	
2746	10.937500	-64.052261	8.809971	-17.482342	
2746	11.015625	-64.010654	8.807189	-17.476006	
2747	11.015625	-64.010654	8.807189	-17.476006	
2747	11.093750	-63.991419	8.811750	-17.487065	
2748	11.093750	-63.991419	8.811750	-17.487065	
2748	11.171875	-63.988680	8.821244	-17.511113	
2749	11.171875	-63.988680	8.821244	-17.511113	
2749	11.250000	-63.999663	8.834439	-17.546065	
2750	10.925020	-64.062500	8.811681	-17.486158	
2750	10.937500	-64.052261	8.809971	-17.482342	
2751	11.873185	-65.000000	9.036775	-18.529698	
2751	11.875000	-64.940315	9.038768	-18.490328	
2752	11.872879	-64.843750	9.037665	-18.420266	
2752	11.875000	-64.900882	9.038930	-18.462547	
2753	11.872879	-64.843750	9.037665	-18.420266	
2753	11.864222	-64.765625	9.033297	-18.359075	
2754	11.864222	-64.765625	9.033297	-18.359075	
2754	11.849104	-64.687500	9.026127	-18.294451	
2755	11.849104	-64.687500	9.026127	-18.294451	
2755	11.827029	-64.609375	9.016333	-18.226632	
2756	11.827029	-64.609375	9.016333	-18.226632	
2756	11.797572	-64.531250	9.004011	-18.155696	
2757	11.762337	-64.453125	8.989266	-18.081987	
2757	11.796875	-64.529540	9.003715	-18.154114	
2758	11.796875	-64.529540	9.003715	-18.154114	
2758	11.797572	-64.531250	9.004011	-18.155696	
2759	11.718750	-64.375410	8.972097	-18.005455	
2759	11.762337	-64.453125	8.989266	-18.081987	
2760	11.718477	-64.375000	8.971999	-18.005038	
2760	11.718750	-64.375410	8.972097	-18.005455	
2761	11.516732	-64.140625	8.902524	-17.749098	
2761	11.562500	-64.178855	8.916294	-17.795052	
2762	11.484375	-64.112661	8.892102	-17.715517	
2762	11.516732	-64.140625	8.902524	-17.749098	
2763	11.406250	-64.062678	8.870579	-17.649143	
2763	11.484375	-64.112661	8.892102	-17.715517	
2764	11.405855	-64.062500	8.870488	-17.648871	
2764	11.406250	-64.062678	8.870579	-17.649143	
2765	11.718477	-64.375000	8.971999	-18.005038	
2765	11.665107	-64.296875	8.952078	-17.924569	
2766	11.640625	-64.263767	8.942863	-17.889613	
2766	11.665107	-64.296875	8.952078	-17.924569	
2767	11.599450	-64.218750	8.929154	-17.839767	
2767	11.640625	-64.263767	8.942863	-17.889613	
2768	11.562500	-64.178855	8.916294	-17.795052	
2768	11.599450	-64.218750	8.929154	-17.839767	
2769	11.250000	-63.999663	8.834439	-17.546065	
2769	11.328125	-64.023853	8.850866	-17.591633	
2770	11.328125	-64.023853	8.850866	-17.591633	
2770	11.405855	-64.062500	8.870488	-17.648871	
2771	32.578125	-57.110987	16.515449	-17.812169	
2771	32.565119	-57.109375	16.510036	-17.804688	
2772	32.578125	-57.110987	16.515449	-17.812169	
2772	32.585873	-57.109375	16.517448	-17.814903	
2773	32.585873	-57.109375	16.517448	-17.814903	
2773	32.656250	-57.092008	16.535505	-17.838746	
2774	32.500000	-57.103801	16.485480	-17.769362	
2774	32.565119	-57.109375	16.510036	-17.804688	
2775	32.656250	-57.092008	16.535505	-17.838746	
2775	32.723786	-57.031250	16.532910	-17.835935	
2776	32.723786	-57.031250	16.532910	-17.835935	
2776	32.734375	-57.005679	16.524593	-17.826527	
2777	32.734375	-57.005679	16.524593	-17.826527	
2777	32.750221	-56.953125	16.505175	-17.805451	
2778	32.750221	-56.953125	16.505175	-17.805451	
2778	32.744748	-56.875000	16.463026	-17.762466	
2779	32.717856	-56.796875	16.410525	-17.712918	
2779	32.734375	-56.851082	16.445796	-17.745752	
2780	32.734375	-56.851082	16.445796	-17.745752	
2780	32.744748	-56.875000	16.463026	-17.762466	
2781	32.717856	-56.796875	16.410525	-17.712918	
2781	32.665768	-56.718750	16.345243	-17.656771	
2782	32.656250	-56.710103	16.335994	-17.649308	
2782	32.665768	-56.718750	16.345243	-17.656771	
2783	32.582870	-56.640625	16.264489	-17.596169	
2783	32.656250	-56.710103	16.335994	-17.649308	
2784	32.578125	-56.637572	16.260551	-17.593503	
2784	32.582870	-56.640625	16.264489	-17.596169	
2785	32.500000	-56.588189	16.198570	-17.556195	
2785	32.578125	-56.637572	16.260551	-17.593503	
2786	32.421875	-57.077468	16.449885	-17.714298	
2786	32.500000	-57.103801	16.485480	-17.769362	
2787	32.421875	-57.077468	16.449885	-17.714298	
2787	32.356654	-57.031250	16.412956	-17.651736	
2788	32.343750	-57.024078	16.406985	-17.641003	
2788	32.356654	-57.031250	16.412956	-17.651736	
2789	32.343750	-57.024078	16.406985	-17.641003	
2789	32.277766	-56.953125	16.366508	-17.561926	
2790	32.265625	-56.940034	16.359977	-17.547791	
2790	32.277766	-56.953125	16.366508	-17.561926	
2791	32.265625	-56.940034	16.359977	-17.547791	
2791	32.226843	-56.875000	16.334924	-17.487165	
2792	32.109375	-56.670356	16.286965	-17.371159	
2792	32.050982	-56.640625	16.249652	-17.354985	
2793	32.109375	-56.670356	16.286965	-17.371159	
2793	32.187500	-56.711604	16.311981	-17.380003	
2794	32.031250	-56.630745	16.235596	-17.347476	
2794	32.050982	-56.640625	16.249652	-17.354985	
2795	31.953125	-56.580989	16.172842	-17.307537	
2795	32.031250	-56.630745	16.235596	-17.347476	
2796	31.953125	-56.580989	16.172842	-17.307537	
2796	31.927212	-56.562500	16.150529	-17.291368	
2797	32.226843	-56.875000	16.334924	-17.487165	
2797	32.199421	-56.796875	16.316368	-17.426283	
2798	32.199421	-56.796875	16.316368	-17.426283	
2798	32.190216	-56.718750	16.311726	-17.382487	
2799	32.421875	-56.563942	16.151908	-17.537088	
2799	32.500000	-56.588189	16.198570	-17.556195	
2800	32.411214	-56.562500	16.146861	-17.535927	
2800	32.421875	-56.563942	16.151908	-17.537088	
2801	32.187500	-56.711604	16.311981	-17.380003	
2801	32.190216	-56.718750	16.311726	-17.382487	
2802	32.337364	-56.406250	16.123384	-17.464672	
2802	32.343750	-56.442925	16.129731	-17.490211	
2803	32.411214	-56.562500	16.146861	-17.535927	
2803	32.355065	-56.484375	16.133347	-17.515349	
2804	32.343750	-56.442925	16.129731	-17.490211	
2804	32.355065	-56.484375	16.133347	-17.515349	
2805	32.337364	-56.406250	16.123384	-17.464672	
2805	32.306210	-56.328125	16.100623	-17.400365	
2806	32.265625	-56.264287	16.073092	-17.339091	
2806	32.306210	-56.328125	16.100623	-17.400365	
2807	32.250976	-56.250000	16.065119	-17.322962	
2807	32.265625	-56.264287	16.073092	-17.339091	
2808	31.875000	-56.503029	16.095213	-17.247704	
2808	31.927212	-56.562500	16.150529	-17.291368	
2809	31.875000	-56.503029	16.095213	-17.247704	
2809	31.856215	-56.484375	16.076355	-17.231776	
2810	31.856215	-56.484375	16.076355	-17.231776	
2810	31.810655	-56.406250	16.014888	-17.176417	
2811	31.796875	-56.355161	15.982679	-17.145332	
2811	31.786389	-56.328125	15.963977	-17.126587	
2812	31.796875	-56.355161	15.982679	-17.145332	
2812	31.810655	-56.406250	16.014888	-17.176417	
2813	31.786389	-56.328125	15.963977	-17.126587	
2813	31.783468	-56.250000	15.923172	-17.083701	
2814	31.783468	-56.250000	15.923172	-17.083701	
2814	31.796875	-56.207688	15.907791	-17.066660	
2815	31.796875	-56.207688	15.907791	-17.066660	
2815	31.813129	-56.171875	15.896713	-17.053931	
2816	31.813129	-56.171875	15.896713	-17.053931	
2816	31.875000	-56.117752	15.894847	-17.051880	
2817	31.953125	-56.098542	15.914769	-17.078226	
2817	32.031250	-56.105506	15.944924	-17.120845	
2818	31.875000	-56.117752	15.894847	-17.051880	
2818	31.953125	-56.098542	15.914769	-17.078226	
2819	32.165240	-56.171875	16.014193	-17.229833	
2819	32.187500	-56.184059	16.024931	-17.248328	
2820	32.109375	-56.132518	15.981519	-17.176384	
2820	32.165240	-56.171875	16.014193	-17.229833	
2821	32.031250	-56.105506	15.944924	-17.120845	
2821	32.109375	-56.132518	15.981519	-17.176384	
2822	32.187500	-56.184059	16.024931	-17.248328	
2822	32.250976	-56.250000	16.065119	-17.322962	
2823	33.359375	-41.722266	10.801951	-8.026207	
2823	33.437500	-41.751572	10.850556	-8.081698	
2824	33.359375	-41.722266	10.801951	-8.026207	
2824	33.353749	-41.718750	10.797821	-8.021422	
2825	33.281250	-41.679993	10.748760	-7.963703	
2825	33.353749	-41.718750	10.797821	-8.021422	
2826	33.281250	-41.679993	10.748760	-7.963703	
2826	33.235902	-41.640625	10.711799	-7.919100	
2827	33.203125	-41.614807	10.686980	-7.888557	
2827	33.235902	-41.640625	10.711799	-7.919100	
2828	33.203125	-41.614807	10.686980	-7.888557	
2828	33.160312	-41.562500	10.646914	-7.838122	
2829	33.515625	-41.764557	10.892448	-8.128292	
2829	33.593750	-41.763027	10.928231	-8.167132	
2830	33.437500	-41.751572	10.850556	-8.081698	
2830	33.515625	-41.764557	10.892448	-8.128292	
2831	33.671875	-41.745522	10.956984	-8.197604	
2831	33.730124	-41.718750	10.972090	-8.213274	
2832	33.593750	-41.763027	10.928231	-8.167132	
2832	33.671875	-41.745522	10.956984	-8.197604	
2833	33.730124	-41.718750	10.972090	-8.213274	
2833	33.750000	-41.707958	10.976533	-8.217821	
2834	33.125000	-41.516984	10.614035	-7.795523	
2834	33.160312	-41.562500	10.646914	-7.838122	
2835	33.125000	-41.516984	10.614035	-7.795523	
2835	33.107039	-41.484375	10.593711	-7.768535	
2836	33.107039	-41.484375	10.593711	-7.768535	
2836	33.070473	-41.406250	10.549490	-7.707585	
2837	33.070473	-41.406250	10.549490	-7.707585	
2837	33.048187	-41.328125	10.513152	-7.654143	
2838	33.046875	-41.320888	10.510186	-7.649582	
2838	33.048187	-41.328125	10.513152	-7.654143	
2839	33.046875	-41.320888	10.510186	-7.649582	
2839	33.033262	-41.250000	10.483334	-7.606054	
2840	33.750000	-41.707958	10.976533	-8.217821	
2840	33.827437	-41.640625	10.981567	-8.222929	
2841	33.828125	-41.639763	10.981481	-8.222844	
2841	33.877430	-41.562500	10.967761	-8.209513	
2842	33.827437	-41.640625	10.981567	-8.222929	
2842	33.828125	-41.639763	10.981481	-8.222844	
2843	33.877430	-41.562500	10.967761	-8.209513	
2843	33.902051	-41.484375	10.941024	-8.184153	
2844	33.902051	-41.484375	10.941024	-8.184153	
2844	33.906250	-41.436281	10.918802	-8.163473	
2845	33.906250	-41.436281	10.918802	-8.163473	
2845	33.908915	-41.406250	10.905017	-8.150793	
2846	33.906250	-41.385412	10.892983	-8.139803	
2846	33.908915	-41.406250	10.905017	-8.150793	
2847	33.900444	-41.328125	10.860850	-8.110805	
2847	33.906250	-41.385412	10.892983	-8.139803	
2848	33.900444	-41.328125	10.860850	-8.110805	
2848	33.877743	-41.250000	10.809024	-8.064981	
2849	33.877743	-41.250000	10.809024	-8.064981	
2849	33.835750	-41.171875	10.746608	-8.011222	
2850	33.828125	-41.162736	10.737779	-8.003739	
2850	33.835750	-41.171875	10.746608	-8.011222	
2851	33.776089	-41.093750	10.674576	-7.951058	
2851	33.828125	-41.162736	10.737779	-8.003739	
2852	33.750000	-41.071268	10.648830	-7.930056	
2852	33.776089	-41.093750	10.674576	-7.951058	
2853	32.656250	-41.030677	10.247207	-7.412594	
2853	32.734375	-41.060449	10.303609	-7.453841	
2854	32.734375	-41.060449	10.303609	-7.453841	
2854	32.812500	-41.078809	10.353875	-7.488095	
2855	32.656250	-41.030677	10.247207	-7.412594	
2855	32.622426	-41.015625	10.221531	-7.393062	
2856	32.578125	-40.989432	10.184810	-7.364440	
2856	32.622426	-41.015625	10.221531	-7.393062	
2857	32.578125	-40.989432	10.184810	-7.364440	
2857	32.501046	-40.937500	10.117473	-7.310148	
2858	33.033262	-41.250000	10.483334	-7.606054	
2858	33.029373	-41.171875	10.462356	-7.566306	
2859	33.046875	-41.097441	10.454220	-7.541325	
2859	33.047002	-41.093750	10.454184	-7.540495	
2860	33.029373	-41.171875	10.462356	-7.566306	
2860	33.046875	-41.097441	10.454220	-7.541325	
2861	32.968750	-41.086988	10.434475	-7.533552	
2861	33.046875	-41.093559	10.454183	-7.540454	
2862	33.046875	-41.093559	10.454183	-7.540454	
2862	33.047002	-41.093750	10.454184	-7.540495	
2863	32.812500	-41.078809	10.353875	-7.488095	
2863	32.890625	-41.086650	10.397860	-7.515091	
2864	32.890625	-41.086650	10.397860	-7.515091	
2864	32.968750	-41.086988	10.434475	-7.533552	
2865	32.500000	-40.936454	10.116398	-7.309263	
2865	32.501046	-40.937500	10.117473	-7.310148	
2866	33.684342	-41.015625	10.584920	-7.879152	
2866	33.750000	-41.071268	10.648830	-7.930056	
2867	33.671875	-41.008188	10.574300	-7.870875	
2867	33.684342	-41.015625	10.584920	-7.879152	
2868	33.593750	-40.964179	10.509509	-7.821659	
2868	33.671875	-41.008188	10.574300	-7.870875	
2869	33.526761	-40.937500	10.459754	-7.785628	
2869	33.593750	-40.964179	10.509509	-7.821659	
2870	33.437500	-40.912000	10.399629	-7.744888	
2870	33.515625	-40.933819	10.451905	-7.780114	
2871	33.515625	-40.933819	10.451905	-7.780114	
2871	33.526761	-40.937500	10.459754	-7.785628	
2872	33.212972	-40.859375	10.295816	-7.681023	
2872	33.281250	-40.896129	10.317114	-7.698367	
2873	33.212972	-40.859375	10.295816	-7.681023	
2873	33.218776	-40.781250	10.280377	-7.647716	
2874	33.281250	-40.896129	10.317114	-7.698367	
2874	33.359375	-40.900465	10.354169	-7.717212	
2875	33.359375	-40.900465	10.354169	-7.717212	
2875	33.437500	-40.912000	10.399629	-7.744888	
2876	33.218776	-40.781250	10.280377	-7.647716	
2876	33.211143	-40.703125	10.254856	-7.604611	
2877	33.203125	-40.662117	10.238346	-7.579246	
2877	33.211143	-40.703125	10.254856	-7.604611	
2878	33.195841	-40.625000	10.222366	-7.555759	
2878	33.203125	-40.662117	10.238346	-7.579246	
2879	33.195841	-40.625000	10.222366	-7.555759	
2879	33.172212	-40.546875	10.183838	-7.501964	
2880	33.172212	-40.546875	10.183838	-7.501964	
2880	33.137349	-40.468750	10.138751	-7.442344	
2881	33.125000	-40.443380	10.123188	-7.422361	
2881	33.137349	-40.468750	10.138751	-7.442344	
2882	33.090243	-40.390625	10.086728	-7.376491	
2882	33.125000	-40.443380	10.123188	-7.422361	
2883	33.046875	-40.329215	10.041758	-7.321419	
2883	33.090243	-40.390625	10.086728	-7.376491	
2884	33.029539	-40.312500	10.027106	-7.303781	
2884	33.046875	-40.329215	10.041758	-7.321419	
2885	32.947994	-40.234375	9.956657	-7.220726	
2885	32.968750	-40.248697	9.972163	-7.238777	
2886	32.890625	-40.188299	9.909985	-7.167092	
2886	32.947994	-40.234375	9.956657	-7.220726	
2887	32.829017	-40.156250	9.867470	-7.119076	
2887	32.890625	-40.188299	9.909985	-7.167092	
2888	32.968750	-40.248697	9.972163	-7.238777	
2888	33.029539	-40.312500	10.027106	-7.303781	
2889	32.812500	-40.145953	9.855097	-7.105244	
2889	32.829017	-40.156250	9.867470	-7.119076	
2890	32.656250	-40.099422	9.761011	-7.002057	
2890	32.734375	-40.115400	9.804886	-7.049741	
2891	32.734375	-40.115400	9.804886	-7.049741	
2891	32.812500	-40.145953	9.855097	-7.105244	
2892	32.500000	-40.108968	9.691836	-6.928534	
2892	32.578125	-40.096747	9.723023	-6.961408	
2893	32.578125	-40.096747	9.723023	-6.961408	
2893	32.656250	-40.099422	9.761011	-7.002057	
2894	32.421875	-40.864861	10.038775	-7.244178	
2894	32.415582	-40.859375	10.032640	-7.238932	
2895	32.421875	-40.864861	10.038775	-7.244178	
2895	32.500000	-40.936454	10.116398	-7.309263	
2896	32.415582	-40.859375	10.032640	-7.238932	
2896	32.352673	-40.781250	9.959998	-7.175798	
2897	32.343750	-40.764131	9.946732	-7.164071	
2897	32.352673	-40.781250	9.959998	-7.175798	
2898	32.343750	-40.764131	9.946732	-7.164071	
2898	32.305436	-40.703125	9.895797	-7.118498	
2899	32.305436	-40.703125	9.895797	-7.118498	
2899	32.274057	-40.625000	9.840101	-7.067690	
2900	32.265625	-40.588109	9.817195	-7.046500	
2900	32.253864	-40.546875	9.790306	-7.021401	
2901	32.265625	-40.588109	9.817195	-7.046500	
2901	32.274057	-40.625000	9.840101	-7.067690	
2902	32.253864	-40.546875	9.790306	-7.021401	
2902	32.245898	-40.468750	9.746906	-6.980355	
2903	32.245898	-40.468750	9.746906	-6.980355	
2903	32.251703	-40.390625	9.710608	-6.945467	
2904	32.265625	-40.338006	9.691257	-6.926623	
2904	32.273202	-40.312500	9.682266	-6.917796	
2905	32.251703	-40.390625	9.710608	-6.945467	
2905	32.265625	-40.338006	9.691257	-6.926623	
2906	32.273202	-40.312500	9.682266	-6.917796	
2906	32.316000	-40.234375	9.664531	-6.900206	
2907	32.316000	-40.234375	9.664531	-6.900206	
2907	32.343750	-40.201387	9.661795	-6.897457	
2908	32.343750	-40.201387	9.661795	-6.897457	
2908	32.398029	-40.156250	9.665955	-6.901706	
2909	32.398029	-40.156250	9.665955	-6.901706	
2909	32.421875	-40.140641	9.669808	-6.905663	
2910	32.421875	-40.140641	9.669808	-6.905663	
2910	32.500000	-40.108968	9.691836	-6.928534	
2911	25.156250	-41.021448	6.531327	-4.087010	
2911	25.234375	-41.035660	6.564647	-4.130751	
2912	25.234375	-41.035660	6.564647	-4.130751	
2912	25.312500	-41.037815	6.593294	-4.167662	
2913	25.156250	-41.021448	6.531327	-4.087010	
2913	25.139914	-41.015625	6.523190	-4.076204	
2914	25.078125	-40.996753	6.494218	-4.037338	
2914	25.139914	-41.015625	6.523190	-4.076204	
2915	25.000000	-40.957513	6.451769	-3.979303	
2915	25.078125	-40.996753	6.494218	-4.037338	
2916	25.546875	-40.968914	6.648651	-4.236723	
2916	25.592689	-40.937500	6.651807	-4.240515	
2917	25.468750	-41.005971	6.636080	-4.221382	
2917	25.546875	-40.968914	6.648651	-4.236723	
2918	25.312500	-41.037815	6.593294	-4.167662	
2918	25.390625	-41.028095	6.617217	-4.197936	
2919	25.390625	-41.028095	6.617217	-4.197936	
2919	25.435541	-41.015625	6.628098	-4.211514	
2920	25.435541	-41.015625	6.628098	-4.211514	
2920	25.468750	-41.005971	6.636080	-4.221382	
2921	25.592689	-40.937500	6.651807	-4.240515	
2921	25.625000	-40.910440	6.651878	-4.240605	
2922	25.625000	-40.910440	6.651878	-4.240605	
2922	25.672861	-40.859375	6.647072	-4.234979	
2923	25.703125	-40.813464	6.637812	-4.224274	
2923	25.721910	-40.781250	6.630400	-4.215788	
2924	25.672861	-40.859375	6.647072	-4.234979	
2924	25.703125	-40.813464	6.637812	-4.224274	
2925	25.721910	-40.781250	6.630400	-4.215788	
2925	25.750586	-40.703125	6.605698	-4.187860	
2926	25.750586	-40.703125	6.605698	-4.187860	
2926	25.762338	-40.625000	6.574168	-4.152803	
2927	25.762338	-40.625000	6.574168	-4.152803	
2927	25.759515	-40.546875	6.536668	-4.111770	
2928	25.759515	-40.546875	6.536668	-4.111770	
2928	25.742267	-40.468750	6.493197	-4.064948	
2929	25.742267	-40.468750	6.493197	-4.064948	
2929	25.707716	-40.390625	6.442488	-4.011222	
2930	25.703125	-40.384071	6.437512	-4.005999	
2930	25.707716	-40.390625	6.442488	-4.011222	
2931	25.657986	-40.312500	6.385493	-3.951906	
2931	25.703125	-40.384071	6.437512	-4.005999	
2932	25.625000	-40.278740	6.355983	-3.921634	
2932	25.657986	-40.312500	6.385493	-3.951906	
2933	25.583383	-40.234375	6.318130	-3.883254	
2933	25.625000	-40.278740	6.355983	-3.921634	
2934	25.546875	-40.207686	6.290471	-3.855546	
2934	25.583383	-40.234375	6.318130	-3.883254	
2935	25.469206	-40.156250	6.234393	-3.800319	
2935	25.546875	-40.207686	6.290471	-3.855546	
2936	25.468750	-40.156023	6.234098	-3.800032	
2936	25.469206	-40.156250	6.234393	-3.800319	
2937	25.312500	-40.091428	6.139902	-3.710858	
2937	25.390625	-40.118219	6.184328	-3.752262	
2938	25.390625	-40.118219	6.184328	-3.752262	
2938	25.468750	-40.156023	6.234098	-3.800032	
2939	25.254591	-40.078125	6.110186	-3.684006	
2939	25.312500	-40.091428	6.139902	-3.710858	
2940	25.234375	-40.073719	6.100061	-3.675049	
2940	25.254591	-40.078125	6.110186	-3.684006	
2941	25.156250	-40.061452	6.063723	-3.643952	
2941	25.234375	-40.073719	6.100061	-3.675049	
2942	25.078125	-40.057054	6.032507	-3.619144	
2942	25.156250	-40.061452	6.063723	-3.643952	
2943	25.000000	-40.062680	6.008724	-3.602641	
2943	25.078125	-40.057054	6.032507	-3.619144	
2944	20.625000	-44.121232	6.060059	-4.195509	
2944	20.702036	-44.062500	6.058687	-4.193662	
2945	20.702036	-44.062500	6.058687	-4.193662	
2945	20.703125	-44.061257	6.058494	-4.193399	
2946	20.703125	-44.061257	6.058494	-4.193399	
2946	20.755532	-43.984375	6.042040	-4.171407	
2947	20.755532	-43.984375	6.042040	-4.171407	
2947	20.773773	-43.906250	6.014238	-4.135303	
2948	20.773773	-43.906250	6.014238	-4.135303	
2948	20.765888	-43.828125	5.977890	-4.089356	
2949	20.765888	-43.828125	5.977890	-4.089356	
2949	20.733995	-43.750000	5.933511	-4.034716	
2950	20.156250	-44.151859	5.943101	-4.014653	
2950	20.234375	-44.174507	5.972241	-4.061920	
2951	20.234375	-44.174507	5.972241	-4.061920	
2951	20.312500	-44.185574	5.997528	-4.101852	
2952	20.156250	-44.151859	5.943101	-4.014653	
2952	20.132508	-44.140625	5.932690	-3.997444	
2953	20.078125	-44.119189	5.911020	-3.961079	
2953	20.132508	-44.140625	5.932690	-3.997444	
2954	20.000000	-44.068987	5.873439	-3.896181	
2954	20.078125	-44.119189	5.911020	-3.961079	
2955	20.468750	-44.177650	6.037792	-4.163165	
2955	20.546875	-44.156862	6.051790	-4.183684	
2956	20.546875	-44.156862	6.051790	-4.183684	
2956	20.585428	-44.140625	6.056367	-4.190267	
2957	20.585428	-44.140625	6.056367	-4.190267	
2957	20.625000	-44.121232	6.060059	-4.195509	
2958	20.312500	-44.185574	5.997528	-4.101852	
2958	20.390625	-44.186680	6.019445	-4.135600	
2959	20.390625	-44.186680	6.019445	-4.135600	
2959	20.468750	-44.177650	6.037792	-4.163165	
2960	20.234375	-43.439853	5.631951	-3.702558	
2960	20.312500	-43.457054	5.665252	-3.734652	
2961	20.219338	-43.437500	5.625994	-3.697048	
2961	20.234375	-43.439853	5.631951	-3.702558	
2962	20.590892	-43.593750	5.817819	-3.898585	
2962	20.625000	-43.625982	5.843160	-3.927644	
2963	20.468750	-43.520347	5.744802	-3.817461	
2963	20.546875	-43.565707	5.790754	-3.868043	
2964	20.546875	-43.565707	5.790754	-3.868043	
2964	20.590892	-43.593750	5.817819	-3.898585	
2965	20.460824	-43.515625	5.740125	-3.812412	
2965	20.468750	-43.520347	5.744802	-3.817461	
2966	20.390625	-43.483769	5.702826	-3.772885	
2966	20.460824	-43.515625	5.740125	-3.812412	
2967	20.312500	-43.457054	5.665252	-3.734652	
2967	20.390625	-43.483769	5.702826	-3.772885	
2968	20.009322	-43.359375	5.555745	-3.627505	
2968	20.078125	-43.411799	5.574355	-3.653877	
2969	20.078125	-43.411799	5.574355	-3.653877	
2969	20.156250	-43.423807	5.600676	-3.674664	
2970	20.009322	-43.359375	5.555745	-3.627505	
2970	20.021880	-43.281250	5.541963	-3.588093	
2971	20.156250	-43.423807	5.600676	-3.674664	
2971	20.219338	-43.437500	5.625994	-3.697048	
2972	20.021880	-43.281250	5.541963	-3.588093	
2972	20.016550	-43.203125	5.520943	-3.538795	
2973	20.000000	-43.128030	5.495655	-3.485275	
2973	20.016550	-43.203125	5.520943	-3.538795	
2974	20.676862	-43.671875	5.880570	-3.971326	
2974	20.703125	-43.710786	5.906132	-4.001699	
2975	20.703125	-43.710786	5.906132	-4.001699	
2975	20.733995	-43.750000	5.933511	-4.034716	
2976	20.625000	-43.625982	5.843160	-3.927644	
2976	20.676862	-43.671875	5.880570	-3.971326	
2977	25.000000	-40.957513	6.451769	-3.979303	
2977	24.973244	-40.937500	6.434671	-3.955558	
2978	24.843750	-40.820562	6.346563	-3.829574	
2978	24.816940	-40.781250	6.322978	-3.794699	
2979	24.921875	-40.901751	6.403549	-3.911772	
2979	24.880723	-40.859375	6.373372	-3.868587	
2980	24.921875	-40.901751	6.403549	-3.911772	
2980	24.973244	-40.937500	6.434671	-3.955558	
2981	24.843750	-40.820562	6.346563	-3.829574	
2981	24.880723	-40.859375	6.373372	-3.868587	
2982	24.816940	-40.781250	6.322978	-3.794699	
2982	24.772360	-40.703125	6.279981	-3.729591	
2983	24.765625	-40.689244	6.272868	-3.718601	
2983	24.772360	-40.703125	6.279981	-3.729591	
2984	24.765625	-40.689244	6.272868	-3.718601	
2984	24.740902	-40.625000	6.242414	-3.670697	
2985	24.740902	-40.625000	6.242414	-3.670697	
2985	24.721470	-40.546875	6.209894	-3.617619	
2986	24.721470	-40.546875	6.209894	-3.617619	
2986	24.712837	-40.468750	6.182216	-3.570076	
2987	24.712837	-40.468750	6.182216	-3.570076	
2987	24.713153	-40.390625	6.159458	-3.528063	
2988	24.713153	-40.390625	6.159458	-3.528063	
2988	24.720472	-40.312500	6.142592	-3.493067	
2989	24.720472	-40.312500	6.142592	-3.493067	
2989	24.728063	-40.234375	6.133121	-3.471794	
2990	24.687500	-40.232619	6.123130	-3.465883	
2990	24.728063	-40.234375	6.133121	-3.471794	
2991	24.973824	-40.000000	5.993949	-3.581502	
2991	25.000000	-40.062680	6.008724	-3.602641	
2992	24.453125	-40.224410	6.032590	-3.392328	
2992	24.531250	-40.234128	6.067300	-3.422877	
2993	24.375000	-40.206307	5.993812	-3.356341	
2993	24.453125	-40.224410	6.032590	-3.392328	
2994	24.609375	-40.238451	6.098423	-3.448255	
2994	24.537737	-40.234375	6.069930	-3.425109	
2995	24.609375	-40.238451	6.098423	-3.448255	
2995	24.636386	-40.234375	6.106971	-3.454710	
2996	24.636386	-40.234375	6.106971	-3.454710	
2996	24.687500	-40.232619	6.123130	-3.465883	
2997	24.531250	-40.234128	6.067300	-3.422877	
2997	24.537737	-40.234375	6.069930	-3.425109	
2998	24.296875	-40.179839	5.951132	-3.315067	
2998	24.375000	-40.206307	5.993812	-3.356341	
2999	24.296875	-40.179839	5.951132	-3.315067	
2999	24.239561	-40.156250	5.917866	-3.281932	
3000	24.218750	-40.145265	5.904743	-3.268659	
3000	24.239561	-40.156250	5.917866	-3.281932	
3001	24.140625	-40.103037	5.854899	-3.217328	
3001	24.097365	-40.078125	5.826595	-3.187596	
3002	24.140625	-40.103037	5.854899	-3.217328	
3002	24.218750	-40.145265	5.904743	-3.268659	
3003	24.062500	-40.051439	5.800919	-3.160294	
3003	24.097365	-40.078125	5.826595	-3.187596	
3004	24.062500	-40.051439	5.800919	-3.160294	
3004	23.993543	-40.000000	5.750681	-3.106046	
3005	18.046875	-54.797306	8.746932	-11.279493	
3005	18.008143	-54.765625	8.732563	-11.241427	
3006	18.046875	-54.797306	8.746932	-11.279493	
3006	18.125000	-54.769207	8.748551	-11.283874	
3007	17.968750	-54.735482	8.720290	-11.205518	
3007	18.008143	-54.765625	8.732563	-11.241427	
3008	17.968750	-54.735482	8.720290	-11.205518	
3008	17.945808	-54.687500	8.706313	-11.160633	
3009	17.945808	-54.687500	8.706313	-11.160633	
3009	17.921263	-54.609375	8.688395	-11.093206	
3010	17.921263	-54.609375	8.688395	-11.093206	
3010	17.911852	-54.531250	8.676545	-11.033377	
3011	18.101953	-54.375000	8.570849	-11.016433	
3011	18.125000	-54.407238	8.590704	-11.036318	
3012	17.911852	-54.531250	8.676545	-11.033377	
3012	17.911152	-54.453125	8.671064	-10.984495	
3013	17.911152	-54.453125	8.671064	-10.984495	
3013	17.903257	-54.375000	8.658211	-10.954265	
3014	18.125000	-54.769207	8.748551	-11.283874	
3014	18.127945	-54.765625	8.747734	-11.282105	
3015	18.127945	-54.765625	8.747734	-11.282105	
3015	18.176140	-54.687500	8.726652	-11.239811	
3016	18.176140	-54.687500	8.726652	-11.239811	
3016	18.193161	-54.609375	8.698452	-11.189003	
3017	18.193161	-54.609375	8.698452	-11.189003	
3017	18.191259	-54.531250	8.664761	-11.134411	
3018	18.191259	-54.531250	8.664761	-11.134411	
3018	18.170564	-54.453125	8.625182	-11.077838	
3019	18.125000	-54.407238	8.590704	-11.036318	
3019	18.170564	-54.453125	8.625182	-11.077838	
3020	20.000000	-44.068987	5.873439	-3.896181	
3020	19.992976	-44.062500	5.869387	-3.889036	
3021	19.921875	-43.998862	5.830346	-3.818573	
3021	19.910818	-43.984375	5.822800	-3.804581	
3022	19.921875	-43.998862	5.830346	-3.818573	
3022	19.992976	-44.062500	5.869387	-3.889036	
3023	19.910818	-43.984375	5.822800	-3.804581	
3023	19.856472	-43.906250	5.784773	-3.731835	
3024	19.843750	-43.883762	5.774903	-3.712228	
3024	19.856472	-43.906250	5.784773	-3.731835	
3025	19.843750	-43.883762	5.774903	-3.712228	
3025	19.819882	-43.828125	5.752837	-3.666956	
3026	19.819882	-43.828125	5.752837	-3.666956	
3026	19.799016	-43.750000	5.726603	-3.609438	
3027	19.375000	-43.461918	5.528418	-3.355857	
3027	19.319547	-43.437500	5.500189	-3.324373	
3028	19.218750	-43.380976	5.443966	-3.259379	
3028	19.181260	-43.359375	5.422803	-3.234224	
3029	19.140625	-43.326880	5.396225	-3.202149	
3029	19.181260	-43.359375	5.422803	-3.234224	
3030	19.140625	-43.326880	5.396225	-3.202149	
3030	19.079880	-43.281250	5.357687	-3.154751	
3031	19.218750	-43.380976	5.443966	-3.259379	
3031	19.296875	-43.424673	5.487522	-3.309981	
3032	19.296875	-43.424673	5.487522	-3.309981	
3032	19.319547	-43.437500	5.500189	-3.324373	
3033	19.062500	-43.261795	5.344060	-3.137752	
3033	19.079880	-43.281250	5.357687	-3.154751	
3034	19.062500	-43.261795	5.344060	-3.137752	
3034	19.001911	-43.203125	5.300320	-3.082386	
3035	18.984375	-43.176853	5.283843	-3.061223	
3035	19.001911	-43.203125	5.300320	-3.082386	
3036	18.984375	-43.176853	5.283843	-3.061223	
3036	18.942794	-43.125000	5.249113	-3.016077	
3037	19.609375	-43.532172	5.632997	-3.462788	
3037	19.545539	-43.515625	5.606190	-3.437272	
3038	19.609375	-43.532172	5.632997	-3.462788	
3038	19.687500	-43.547470	5.662179	-3.488186	
3039	19.531250	-43.512359	5.600217	-3.431369	
3039	19.545539	-43.515625	5.606190	-3.437272	
3040	19.453125	-43.491297	5.566053	-3.396377	
3040	19.531250	-43.512359	5.600217	-3.431369	
3041	19.375000	-43.461918	5.528418	-3.355857	
3041	19.453125	-43.491297	5.566053	-3.396377	
3042	19.799016	-43.750000	5.726603	-3.609438	
3042	19.792022	-43.671875	5.706273	-3.559557	
3043	19.792022	-43.671875	5.706273	-3.559557	
3043	19.794578	-43.593750	5.693041	-3.519917	
3044	19.687500	-43.547470	5.662179	-3.488186	
3044	19.765625	-43.561401	5.685157	-3.506042	
3045	19.765625	-43.561401	5.685157	-3.506042	
3045	19.794578	-43.593750	5.693041	-3.519917	
3046	19.999261	-43.125000	5.494565	-3.483055	
3046	20.000000	-43.128030	5.495655	-3.485275	
3047	19.999261	-43.125000	5.494565	-3.483055	
3047	19.973493	-43.046875	5.464049	-3.422879	
3048	19.973493	-43.046875	5.464049	-3.422879	
3048	19.934516	-42.968750	5.428895	-3.357042	
3049	19.881400	-42.890625	5.388923	-3.285244	
3049	19.921875	-42.945461	5.417834	-3.336894	
3050	19.921875	-42.945461	5.417834	-3.336894	
3050	19.934516	-42.968750	5.428895	-3.357042	
3051	19.843750	-42.841455	5.361944	-3.238165	
3051	19.881400	-42.890625	5.388923	-3.285244	
3052	19.812096	-42.812500	5.343608	-3.206692	
3052	19.843750	-42.841455	5.361944	-3.238165	
3053	19.720353	-42.734375	5.291308	-3.118879	
3053	19.765625	-42.765867	5.314570	-3.157605	
3054	19.765625	-42.765867	5.314570	-3.157605	
3054	19.812096	-42.812500	5.343608	-3.206692	
3055	19.687500	-42.707853	5.272737	-3.088304	
3055	19.720353	-42.734375	5.291308	-3.118879	
3056	19.609375	-42.663452	5.235428	-3.027724	
3056	19.687500	-42.707853	5.272737	-3.088304	
3057	19.591061	-42.656250	5.227877	-3.015592	
3057	19.609375	-42.663452	5.235428	-3.027724	
3058	19.531250	-42.627318	5.200783	-2.972391	
3058	19.591061	-42.656250	5.227877	-3.015592	
3059	19.375000	-42.586065	5.142698	-2.881466	
3059	19.453125	-42.601890	5.169979	-2.923888	
3060	19.453125	-42.601890	5.169979	-2.923888	
3060	19.531250	-42.627318	5.200783	-2.972391	
3061	18.906250	-43.053206	5.207739	-2.961356	
3061	18.902319	-43.046875	5.203872	-2.956188	
3062	18.902319	-43.046875	5.203872	-2.956188	
3062	18.876553	-42.968750	5.163246	-2.901357	
3063	18.906250	-43.053206	5.207739	-2.961356	
3063	18.942794	-43.125000	5.249113	-3.016077	
3064	18.876553	-42.968750	5.163246	-2.901357	
3064	18.868988	-42.890625	5.128202	-2.853212	
3065	18.868988	-42.890625	5.128202	-2.853212	
3065	18.881217	-42.812500	5.099081	-2.812533	
3066	19.218750	-42.580306	5.097827	-2.812830	
3066	19.296875	-42.578769	5.118586	-2.844396	
3067	19.296875	-42.578769	5.118586	-2.844396	
3067	19.375000	-42.586065	5.142698	-2.881466	
3068	19.062500	-42.618441	5.070078	-2.771281	
3068	19.140625	-42.592362	5.081162	-2.787765	
3069	19.140625	-42.592362	5.081162	-2.787765	
3069	19.218750	-42.580306	5.097827	-2.812830	
3070	18.881217	-42.812500	5.099081	-2.812533	
3070	18.906250	-42.756484	5.082966	-2.789704	
3071	18.906250	-42.756484	5.082966	-2.789704	
3071	18.918748	-42.734375	5.077351	-2.781681	
3072	18.984375	-42.665216	5.067371	-2.767290	
3072	18.996862	-42.656250	5.067200	-2.767042	
3073	18.918748	-42.734375	5.077351	-2.781681	
3073	18.984375	-42.665216	5.067371	-2.767290	
3074	18.996862	-42.656250	5.067200	-2.767042	
3074	19.062500	-42.618441	5.070078	-2.771281	
3075	10.000000	-40.185893	2.184815	1.856146	
3075	10.032721	-40.156250	2.180433	1.867605	
3076	10.156250	-40.052075	2.165867	1.905364	
3076	10.223796	-40.000000	2.159172	1.922528	
3077	10.032721	-40.156250	2.180433	1.867605	
3077	10.078125	-40.116451	2.174691	1.882553	
3078	10.078125	-40.116451	2.174691	1.882553	
3078	10.124126	-40.078125	2.169386	1.896290	
3079	10.124126	-40.078125	2.169386	1.896290	
3079	10.156250	-40.052075	2.165867	1.905364	
3080	2.500000	-47.444569	3.143614	-1.314094	
3080	2.578125	-47.432529	3.144422	-1.317881	
3081	2.578125	-47.432529	3.144422	-1.317881	
3081	2.635010	-47.421875	3.144726	-1.319280	
3082	2.635010	-47.421875	3.144726	-1.319280	
3082	2.656250	-47.417924	3.144854	-1.319865	
3083	2.734375	-47.400863	3.144915	-1.320140	
3083	2.812500	-47.380987	3.144525	-1.318423	
3084	2.656250	-47.417924	3.144854	-1.319865	
3084	2.734375	-47.400863	3.144915	-1.320140	
3085	2.890625	-47.358177	3.143643	-1.314625	
3085	2.934647	-47.343750	3.142869	-1.311344	
3086	2.812500	-47.380987	3.144525	-1.318423	
3086	2.890625	-47.358177	3.143643	-1.314625	
3087	2.968750	-47.332514	3.142268	-1.308823	
3087	3.046875	-47.303913	3.140368	-1.300961	
3088	3.046875	-47.303913	3.140368	-1.300961	
3088	3.125000	-47.271919	3.137836	-1.290688	
3089	2.934647	-47.343750	3.142869	-1.311344	
3089	2.968750	-47.332514	3.142268	-1.308823	
3090	3.281250	-47.197858	3.130820	-1.263069	
3090	3.300572	-47.187500	3.129711	-1.258792	
3091	3.125000	-47.271919	3.137836	-1.290688	
3091	3.139163	-47.265625	3.137281	-1.288464	
3092	3.203125	-47.236758	3.134698	-1.278203	
3092	3.281250	-47.197858	3.130820	-1.263069	
3093	3.139163	-47.265625	3.137281	-1.288464	
3093	3.203125	-47.236758	3.134698	-1.278203	
3094	3.515625	-47.056982	3.114174	-1.200658	
3094	3.552007	-47.031250	3.110757	-1.188239	
3095	3.437500	-47.108311	3.120652	-1.224535	
3095	3.515625	-47.056982	3.114174	-1.200658	
3096	3.593750	-47.000567	3.106579	-1.173196	
3096	3.654112	-46.953125	3.099849	-1.149266	
3097	3.671875	-46.938517	3.097721	-1.141772	
3097	3.744639	-46.875000	3.088161	-1.108485	
3098	3.654112	-46.953125	3.099849	-1.149266	
3098	3.671875	-46.938517	3.097721	-1.141772	
3099	3.552007	-47.031250	3.110757	-1.188239	
3099	3.593750	-47.000567	3.106579	-1.173196	
3100	3.300572	-47.187500	3.129711	-1.258792	
3100	3.359375	-47.155227	3.126184	-1.245317	
3101	3.359375	-47.155227	3.126184	-1.245317	
3101	3.435778	-47.109375	3.120780	-1.225012	
3102	3.435778	-47.109375	3.120780	-1.225012	
3102	3.437500	-47.108311	3.120652	-1.224535	
3103	3.744639	-46.875000	3.088161	-1.108485	
3103	3.750000	-46.870066	3.087398	-1.105853	
3104	3.750000	-46.870066	3.087398	-1.105853	
3104	3.825464	-46.796875	3.075778	-1.066195	
3105	3.828125	-46.794131	3.075330	-1.064681	
3105	3.897985	-46.718750	3.062765	-1.022622	
3106	3.825464	-46.796875	3.075778	-1.066195	
3106	3.828125	-46.794131	3.075330	-1.064681	
3107	3.906250	-46.709183	3.061124	-1.017184	
3107	3.963226	-46.640625	3.049174	-0.977935	
3108	3.984375	-46.613046	3.044225	-0.961849	
3108	4.021913	-46.562500	3.035041	-0.932248	
3109	3.963226	-46.640625	3.049174	-0.977935	
3109	3.984375	-46.613046	3.044225	-0.961849	
3110	3.897985	-46.718750	3.062765	-1.022622	
3110	3.906250	-46.709183	3.061124	-1.017184	
3111	4.062500	-46.502590	3.023829	-0.896513	
3111	4.074530	-46.484375	3.020389	-0.885633	
3112	4.074530	-46.484375	3.020389	-0.885633	
3112	4.121799	-46.406250	3.005262	-0.838227	
3113	4.121799	-46.406250	3.005262	-0.838227	
3113	4.140625	-46.371701	2.998389	-0.816913	
3114	4.140625	-46.371701	2.998389	-0.816913	
3114	4.163990	-46.328125	2.989672	-0.790068	
3115	4.163990	-46.328125	2.989672	-0.790068	
3115	4.201363	-46.250000	2.973633	-0.741196	
3116	4.021913	-46.562500	3.035041	-0.932248	
3116	4.062500	-46.502590	3.023829	-0.896513	
3117	4.201363	-46.250000	2.973633	-0.741196	
3117	4.218750	-46.208865	2.964977	-0.715085	
3118	4.218750	-46.208865	2.964977	-0.715085	
3118	4.234284	-46.171875	2.957170	-0.691684	
3119	4.234284	-46.171875	2.957170	-0.691684	
3119	4.263080	-46.093750	2.940303	-0.641598	
3120	4.263080	-46.093750	2.940303	-0.641598	
3120	4.287516	-46.015625	2.923010	-0.590870	
3121	4.296875	-45.980247	2.915015	-0.567616	
3121	4.308264	-45.937500	2.905344	-0.539658	
3122	4.287516	-46.015625	2.923010	-0.590870	
3122	4.296875	-45.980247	2.915015	-0.567616	
3123	4.308264	-45.937500	2.905344	-0.539658	
3123	4.325393	-45.859375	2.887308	-0.487974	
3124	4.325393	-45.859375	2.887308	-0.487974	
3124	4.338739	-45.781250	2.868886	-0.435775	
3125	4.338739	-45.781250	2.868886	-0.435775	
3125	4.348457	-45.703125	2.850089	-0.383099	
3126	4.348457	-45.703125	2.850089	-0.383099	
3126	4.354673	-45.625000	2.830927	-0.329979	
3127	4.354673	-45.625000	2.830927	-0.329979	
3127	4.357482	-45.546875	2.811407	-0.276441	
3128	4.357482	-45.546875	2.811407	-0.276441	
3128	4.356943	-45.468750	2.791533	-0.222506	
3129	4.356943	-45.468750	2.791533	-0.222506	
3129	4.353079	-45.390625	2.771309	-0.168186	
3130	4.353079	-45.390625	2.771309	-0.168186	
3130	4.345870	-45.312500	2.750731	-0.113485	
3131	4.345870	-45.312500	2.750731	-0.113485	
3131	4.335249	-45.234375	2.729795	-0.058398	
3132	4.335249	-45.234375	2.729795	-0.058398	
3132	4.321095	-45.156250	2.708489	-0.002908	
3133	4.321095	-45.156250	2.708489	-0.002908	
3133	4.303223	-45.078125	2.686797	0.053016	
3134	4.296875	-45.055341	2.680355	0.069516	
3134	4.303223	-45.078125	2.686797	0.053016	
3135	4.282315	-45.000000	2.664790	0.109182	
3135	4.296875	-45.055341	2.680355	0.069516	
3136	0.625000	-46.924922	3.056047	-0.656102	
3136	0.566923	-46.875000	3.052384	-0.612098	
3137	1.250000	-47.293446	3.094448	-1.011930	
3137	1.183913	-47.265625	3.090554	-0.982026	
3138	1.171875	-47.260590	3.089867	-0.976636	
3138	1.183913	-47.265625	3.090554	-0.982026	
3139	1.093750	-47.224778	3.085226	-0.939324	
3139	1.171875	-47.260590	3.089867	-0.976636	
3140	1.093750	-47.224778	3.085226	-0.939324	
3140	1.020433	-47.187500	3.080747	-0.901692	
3141	0.937500	-47.141995	3.075668	-0.856874	
3141	1.015625	-47.185054	3.080462	-0.899237	
3142	1.015625	-47.185054	3.080462	-0.899237	
3142	1.020433	-47.187500	3.080747	-0.901692	
3143	0.781250	-47.042979	3.065890	-0.763105	
3143	0.764751	-47.031250	3.064833	-0.752292	
3144	0.937500	-47.141995	3.075668	-0.856874	
3144	0.883541	-47.109375	3.072276	-0.825543	
3145	0.859375	-47.094638	3.070795	-0.811483	
3145	0.883541	-47.109375	3.072276	-0.825543	
3146	0.781250	-47.042979	3.065890	-0.763105	
3146	0.859375	-47.094638	3.070795	-0.811483	
3147	0.703125	-46.986649	3.060973	-0.711487	
3147	0.660225	-46.953125	3.058243	-0.681297	
3148	0.703125	-46.986649	3.060973	-0.711487	
3148	0.764751	-47.031250	3.064833	-0.752292	
3149	0.625000	-46.924922	3.056047	-0.656102	
3149	0.660225	-46.953125	3.058243	-0.681297	
3150	0.312500	-46.608059	3.036859	-0.385863	
3150	0.277005	-46.562500	3.034803	-0.348512	
3151	0.468750	-46.782709	3.046288	-0.532274	
3151	0.407524	-46.718750	3.042535	-0.478017	
3152	0.546875	-46.857218	3.051143	-0.596554	
3152	0.483135	-46.796875	3.047170	-0.544409	
3153	0.546875	-46.857218	3.051143	-0.596554	
3153	0.566923	-46.875000	3.052384	-0.612098	
3154	0.468750	-46.782709	3.046288	-0.532274	
3154	0.483135	-46.796875	3.047170	-0.544409	
3155	0.390625	-46.700219	3.041514	-0.462438	
3155	0.339067	-46.640625	3.038427	-0.412759	
3156	0.390625	-46.700219	3.041514	-0.462438	
3156	0.407524	-46.718750	3.042535	-0.478017	
3157	0.312500	-46.608059	3.036859	-0.385863	
3157	0.339067	-46.640625	3.038427	-0.412759	
3158	0.234375	-46.503789	3.032377	-0.300844	
3158	0.220819	-46.484375	3.031628	-0.285184	
3159	0.234375	-46.503789	3.032377	-0.300844	
3159	0.277005	-46.562500	3.034803	-0.348512	
3160	0.220819	-46.484375	3.031628	-0.285184	
3160	0.169983	-46.406250	3.028872	-0.222693	
3161	0.156250	-46.383374	3.028141	-0.204550	
3161	0.169983	-46.406250	3.028872	-0.222693	
3162	0.156250	-46.383374	3.028141	-0.204550	
3162	0.124058	-46.328125	3.026510	-0.160975	
3163	0.124058	-46.328125	3.026510	-0.160975	
3163	0.083060	-46.250000	3.024518	-0.099988	
3164	1.406250	-47.349319	3.103214	-1.075583	
3164	1.389913	-47.343750	3.102288	-1.069083	
3165	1.484375	-47.373124	3.107432	-1.104557	
3165	1.562500	-47.393946	3.111481	-1.131421	
3166	1.406250	-47.349319	3.103214	-1.075583	
3166	1.484375	-47.373124	3.107432	-1.104557	
3167	1.250000	-47.293446	3.094448	-1.011930	
3167	1.328125	-47.322945	3.098899	-1.044855	
3168	1.328125	-47.322945	3.098899	-1.044855	
3168	1.389913	-47.343750	3.102288	-1.069083	
3169	1.718750	-47.427340	3.119062	-1.179353	
3169	1.691445	-47.421875	3.117736	-1.171188	
3170	1.640625	-47.411926	3.115353	-1.156280	
3170	1.691445	-47.421875	3.117736	-1.171188	
3171	1.562500	-47.393946	3.111481	-1.131421	
3171	1.640625	-47.411926	3.115353	-1.156280	
3172	1.718750	-47.427340	3.119062	-1.179353	
3172	1.796875	-47.440353	3.122609	-1.200765	
3173	1.796875	-47.440353	3.122609	-1.200765	
3173	1.875000	-47.450758	3.125948	-1.220342	
3174	1.875000	-47.450758	3.125948	-1.220342	
3174	1.953125	-47.458622	3.129069	-1.238131	
3175	1.953125	-47.458622	3.129069	-1.238131	
3175	2.031250	-47.463993	3.131960	-1.254167	
3176	2.031250	-47.463993	3.131960	-1.254167	
3176	2.109375	-47.466902	3.134607	-1.268476	
3177	2.109375	-47.466902	3.134607	-1.268476	
3177	2.187500	-47.467366	3.136997	-1.281067	
3178	2.187500	-47.467366	3.136997	-1.281067	
3178	2.265625	-47.465386	3.139113	-1.291941	
3179	2.265625	-47.465386	3.139113	-1.291941	
3179	2.343750	-47.460948	3.140935	-1.301087	
3180	2.343750	-47.460948	3.140935	-1.301087	
3180	2.421875	-47.454024	3.142443	-1.308482	
3181	2.421875	-47.454024	3.142443	-1.308482	
3181	2.500000	-47.444569	3.143614	-1.314094	
3182	0.078125	-46.239720	3.024283	-0.092017	
3182	0.046177	-46.171875	3.022876	-0.039674	
3183	0.078125	-46.239720	3.024283	-0.092017	
3183	0.083060	-46.250000	3.024518	-0.099988	
3184	0.046177	-46.171875	3.022876	-0.039674	
3184	0.013837	-46.093750	3.021566	0.019987	
3185	0.000000	-46.055782	3.021044	0.048753	
3185	0.013837	-46.093750	3.021566	0.019987	
3186	8.515625	-44.002184	2.975377	-0.182198	
3186	8.488261	-43.984375	2.968882	-0.163186	
3187	8.515625	-44.002184	2.975377	-0.182198	
3187	8.593750	-44.034999	2.990120	-0.224412	
3188	8.437500	-43.949728	2.956794	-0.127139	
3188	8.488261	-43.984375	2.968882	-0.163186	
3189	8.593750	-44.034999	2.990120	-0.224412	
3189	8.671875	-44.052358	3.001639	-0.256446	
3190	8.671875	-44.052358	3.001639	-0.256446	
3190	8.750000	-44.057855	3.010588	-0.280688	
3191	8.437500	-43.949728	2.956794	-0.127139	
3191	8.394996	-43.906250	2.943772	-0.087328	
3192	8.359375	-43.863198	2.931802	-0.049809	
3192	8.338216	-43.828125	2.922883	-0.021246	
3193	8.359375	-43.863198	2.931802	-0.049809	
3193	8.394996	-43.906250	2.943772	-0.087328	
3194	8.338216	-43.828125	2.922883	-0.021246	
3194	8.302585	-43.750000	2.904573	0.039151	
3195	9.140625	-43.925348	3.016224	-0.296634	
3195	9.164216	-43.906250	3.013540	-0.290265	
3196	9.062500	-43.975133	3.021260	-0.308759	
3196	9.140625	-43.925348	3.016224	-0.296634	
3197	9.218750	-43.858732	3.006367	-0.273465	
3197	9.247495	-43.828125	3.000944	-0.260933	
3198	9.296875	-43.767259	2.989142	-0.234050	
3198	9.309012	-43.750000	2.985545	-0.225948	
3199	9.247495	-43.828125	3.000944	-0.260933	
3199	9.296875	-43.767259	2.989142	-0.234050	
3200	9.164216	-43.906250	3.013540	-0.290265	
3200	9.218750	-43.858732	3.006367	-0.273465	
3201	8.750000	-44.057855	3.010588	-0.280688	
3201	8.828125	-44.053065	3.017204	-0.298181	
3202	8.828125	-44.053065	3.017204	-0.298181	
3202	8.906250	-44.038220	3.021418	-0.309059	
3203	8.906250	-44.038220	3.021418	-0.309059	
3203	8.984375	-44.012527	3.022889	-0.312770	
3204	8.984375	-44.012527	3.022889	-0.312770	
3204	9.043005	-43.984375	3.021625	-0.309649	
3205	9.043005	-43.984375	3.021625	-0.309649	
3205	9.062500	-43.975133	3.021260	-0.308759	
3206	9.309012	-43.750000	2.985545	-0.225948	
3206	9.354847	-43.671875	2.967997	-0.186938	
3207	9.354847	-43.671875	2.967997	-0.186938	
3207	9.375000	-43.625387	2.956540	-0.161868	
3208	9.365633	-43.125000	2.798435	0.161334	
3208	9.375000	-43.152133	2.808393	0.142083	
3209	9.375000	-43.625387	2.956540	-0.161868	
3209	9.387871	-43.593750	2.948610	-0.144682	
3210	9.387871	-43.593750	2.948610	-0.144682	
3210	9.410342	-43.515625	2.927651	-0.099839	
3211	9.410342	-43.515625	2.927651	-0.099839	
3211	9.422201	-43.437500	2.905074	-0.052390	
3212	9.422201	-43.437500	2.905074	-0.052390	
3212	9.424142	-43.359375	2.880955	-0.002589	
3213	9.424142	-43.359375	2.880955	-0.002589	
3213	9.416164	-43.281250	2.855273	0.049485	
3214	9.416164	-43.281250	2.855273	0.049485	
3214	9.396999	-43.203125	2.827822	0.104094	
3215	9.375000	-43.152133	2.808393	0.142083	
3215	9.396999	-43.203125	2.827822	0.104094	
3216	9.022074	-42.812500	2.647857	0.426730	
3216	9.062500	-42.829952	2.659170	0.409528	
3217	9.365633	-43.125000	2.798435	0.161334	
3217	9.322011	-43.046875	2.767124	0.220844	
3218	9.296875	-43.017890	2.754066	0.245170	
3218	9.322011	-43.046875	2.767124	0.220844	
3219	9.259968	-42.968750	2.732945	0.283829	
3219	9.296875	-43.017890	2.754066	0.245170	
3220	9.218750	-42.933596	2.715444	0.315134	
3220	9.259968	-42.968750	2.732945	0.283829	
3221	9.169909	-42.890625	2.694490	0.351581	
3221	9.218750	-42.933596	2.715444	0.315134	
3222	9.140625	-42.872889	2.684385	0.368673	
3222	9.169909	-42.890625	2.694490	0.351581	
3223	9.062500	-42.829952	2.659170	0.409528	
3223	9.140625	-42.872889	2.684385	0.368673	
3224	8.896578	-42.734375	2.619030	0.467671	
3224	8.906250	-42.755446	2.620516	0.463621	
3225	8.896578	-42.734375	2.619030	0.467671	
3225	8.906250	-42.717444	2.619193	0.471081	
3226	8.906250	-42.755446	2.620516	0.463621	
3226	8.984375	-42.795618	2.637677	0.441346	
3227	8.984375	-42.795618	2.637677	0.441346	
3227	9.022074	-42.812500	2.647857	0.426730	
3228	8.906250	-42.717444	2.619193	0.471081	
3228	8.962789	-42.656250	2.618756	0.488599	
3229	8.962789	-42.656250	2.618756	0.488599	
3229	8.984375	-42.616816	2.617169	0.503267	
3230	8.984375	-42.616816	2.617169	0.503267	
3230	9.018734	-42.578125	2.615121	0.518264	
3231	9.018734	-42.578125	2.615121	0.518264	
3231	9.062329	-42.500000	2.609034	0.553080	
3232	8.281250	-43.672091	2.888178	0.095487	
3232	8.281201	-43.671875	2.888134	0.095640	
3233	8.281201	-43.671875	2.888134	0.095640	
3233	8.271203	-43.593750	2.873254	0.148973	
3234	8.281250	-43.672091	2.888178	0.095487	
3234	8.302585	-43.750000	2.904573	0.039151	
3235	8.271203	-43.593750	2.873254	0.148973	
3235	8.270809	-43.515625	2.859754	0.199594	
3236	8.270809	-43.515625	2.859754	0.199594	
3236	8.279557	-43.437500	2.847562	0.247649	
3237	8.279557	-43.437500	2.847562	0.247649	
3237	8.281250	-43.430981	2.846624	0.251460	
3238	8.281250	-43.430981	2.846624	0.251460	
3238	8.294687	-43.359375	2.836568	0.293563	
3239	8.294687	-43.359375	2.836568	0.293563	
3239	8.316719	-43.281250	2.826844	0.337139	
3240	8.316719	-43.281250	2.826844	0.337139	
3240	8.349878	-43.203125	2.818585	0.377710	
3241	8.359375	-43.188443	2.817242	0.384784	
3241	8.385913	-43.125000	2.811767	0.415830	
3242	8.349878	-43.203125	2.818585	0.377710	
3242	8.359375	-43.188443	2.817242	0.384784	
3243	8.385913	-43.125000	2.811767	0.415830	
3243	8.437500	-43.051569	2.807199	0.447535	
3244	8.437500	-42.843658	2.783529	0.523325	
3244	8.372200	-42.812500	2.765608	0.550722	
3245	8.437500	-43.051569	2.807199	0.447535	
3245	8.439396	-43.046875	2.806958	0.449527	
3246	8.439396	-43.046875	2.806958	0.449527	
3246	8.491226	-42.968750	2.804517	0.478258	
3247	8.491226	-42.968750	2.804517	0.478258	
3247	8.515625	-42.934579	2.804419	0.487879	
3248	8.515625	-42.934579	2.804419	0.487879	
3248	8.552737	-42.890625	2.805329	0.495587	
3249	8.515625	-42.872278	2.800281	0.501246	
3249	8.552737	-42.890625	2.805329	0.495587	
3250	8.437500	-42.843658	2.783529	0.523325	
3250	8.515625	-42.872278	2.800281	0.501246	
3251	8.281250	-42.760359	2.737352	0.598405	
3251	8.240150	-42.734375	2.723857	0.622584	
3252	8.203125	-42.700638	2.708853	0.650331	
3252	8.240150	-42.734375	2.723857	0.622584	
3253	8.203125	-42.700638	2.708853	0.650331	
3253	8.150056	-42.656250	2.688562	0.689119	
3254	8.281250	-42.760359	2.737352	0.598405	
3254	8.359375	-42.805090	2.761653	0.557111	
3255	8.359375	-42.805090	2.761653	0.557111	
3255	8.372200	-42.812500	2.765608	0.550722	
3256	8.125000	-42.625429	2.676270	0.713252	
3256	8.150056	-42.656250	2.688562	0.689119	
3257	8.125000	-42.625429	2.676270	0.713252	
3257	8.079503	-42.578125	2.656541	0.752897	
3258	8.046875	-42.529701	2.638455	0.790158	
3258	8.079503	-42.578125	2.656541	0.752897	
3259	8.046875	-42.529701	2.638455	0.790158	
3259	8.022649	-42.500000	2.626880	0.814440	
3260	7.968750	-42.406155	2.593715	0.885766	
3260	7.933994	-42.343750	2.572125	0.933522	
3261	8.022649	-42.500000	2.626880	0.814440	
3261	7.975814	-42.421875	2.598979	0.874276	
3262	7.968750	-42.406155	2.593715	0.885766	
3262	7.975814	-42.421875	2.598979	0.874276	
3263	7.933994	-42.343750	2.572125	0.933522	
3263	7.900209	-42.265625	2.546634	0.991176	
3264	7.890625	-42.237547	2.537860	1.011328	
3264	7.900209	-42.265625	2.546634	0.991176	
3265	7.890625	-42.237547	2.537860	1.011328	
3265	7.869681	-42.187500	2.521873	1.048441	
3266	7.869681	-42.187500	2.521873	1.048441	
3266	7.843239	-42.109375	2.497904	1.105010	
3267	7.843239	-42.109375	2.497904	1.105010	
3267	7.820757	-42.031250	2.474675	1.160867	
3268	7.812500	-41.997174	2.464798	1.184916	
3268	7.820757	-42.031250	2.474675	1.160867	
3269	7.812500	-41.997174	2.464798	1.184916	
3269	7.799711	-41.953125	2.451879	1.216636	
3270	7.799711	-41.953125	2.451879	1.216636	
3270	7.780130	-41.875000	2.429501	1.272270	
3271	7.780130	-41.875000	2.429501	1.272270	
3271	7.762009	-41.796875	2.407525	1.327738	
3272	7.762009	-41.796875	2.407525	1.327738	
3272	7.744461	-41.718750	2.385844	1.383241	
3273	7.734375	-41.672789	2.373218	1.415909	
3273	7.726175	-41.640625	2.364318	1.439087	
3274	7.734375	-41.672789	2.373218	1.415909	
3274	7.744461	-41.718750	2.385844	1.383241	
3275	7.726175	-41.640625	2.364318	1.439087	
3275	7.706365	-41.562500	2.342871	1.495441	
3276	7.706365	-41.562500	2.342871	1.495441	
3276	7.684821	-41.484375	2.321483	1.552328	
3277	7.684821	-41.484375	2.321483	1.552328	
3277	7.660541	-41.406250	2.300063	1.609967	
3278	7.656250	-41.393378	2.296529	1.619541	
3278	7.660541	-41.406250	2.300063	1.609967	
3279	7.656250	-41.393378	2.296529	1.619541	
3279	7.631544	-41.328125	2.278444	1.668810	
3280	7.631544	-41.328125	2.278444	1.668810	
3280	7.597508	-41.250000	2.256615	1.728894	
3281	9.062329	-42.500000	2.609034	0.553080	
3281	9.062500	-42.499567	2.608993	0.553289	
3282	9.062500	-42.499567	2.608993	0.553289	
3282	9.110544	-42.421875	2.601418	0.589870	
3283	9.140625	-42.352422	2.593237	0.625494	
3283	9.146050	-42.343750	2.592209	0.629786	
3284	9.110544	-42.421875	2.601418	0.589870	
3284	9.140625	-42.352422	2.593237	0.625494	
3285	9.146050	-42.343750	2.592209	0.629786	
3285	9.181856	-42.265625	2.582000	0.670838	
3286	9.181856	-42.265625	2.582000	0.670838	
3286	9.210144	-42.187500	2.570655	0.713923	
3287	9.210144	-42.187500	2.570655	0.713923	
3287	9.218750	-42.157695	2.566030	0.730925	
3288	9.218750	-42.157695	2.566030	0.730925	
3288	9.237044	-42.109375	2.558530	0.757939	
3289	9.237044	-42.109375	2.558530	0.757939	
3289	9.260452	-42.031250	2.545618	0.803116	
3290	9.260452	-42.031250	2.545618	0.803116	
3290	9.280482	-41.953125	2.531985	0.849369	
3291	9.296875	-41.880228	2.518698	0.893312	
3291	9.298304	-41.875000	2.517746	0.896424	
3292	9.280482	-41.953125	2.531985	0.849369	
3292	9.296875	-41.880228	2.518698	0.893312	
3293	9.375000	-41.437463	2.429916	1.169039	
3293	9.380331	-41.406250	2.423318	1.188686	
3294	9.380331	-41.406250	2.423318	1.188686	
3294	9.393464	-41.328125	2.406644	1.237965	
3295	9.393464	-41.328125	2.406644	1.237965	
3295	9.407818	-41.250000	2.389878	1.287026	
3296	9.298304	-41.875000	2.517746	0.896424	
3296	9.314905	-41.796875	2.503011	0.944027	
3297	9.314905	-41.796875	2.503011	0.944027	
3297	9.329525	-41.718750	2.487776	0.992286	
3298	9.329525	-41.718750	2.487776	0.992286	
3298	9.342839	-41.640625	2.472119	1.041029	
3299	9.342839	-41.640625	2.472119	1.041029	
3299	9.355409	-41.562500	2.456112	1.090104	
3300	9.355409	-41.562500	2.456112	1.090104	
3300	9.367758	-41.484375	2.439825	1.139365	
3301	9.367758	-41.484375	2.439825	1.139365	
3301	9.375000	-41.437463	2.429916	1.169039	
3302	9.407818	-41.250000	2.389878	1.287026	
3302	9.424044	-41.171875	2.373096	1.335696	
3303	9.424044	-41.171875	2.373096	1.335696	
3303	9.442816	-41.093750	2.356372	1.383793	
3304	9.442816	-41.093750	2.356372	1.383793	
3304	9.453125	-41.055319	2.348185	1.407203	
3305	9.453125	-41.055319	2.348185	1.407203	
3305	9.464459	-41.015625	2.339754	1.431218	
3306	9.464459	-41.015625	2.339754	1.431218	
3306	9.489439	-40.937500	2.323297	1.477839	
3307	9.489439	-40.937500	2.323297	1.477839	
3307	9.518756	-40.859375	2.307103	1.523393	
3308	9.518756	-40.859375	2.307103	1.523393	
3308	9.531250	-40.829479	2.300989	1.540507	
3309	9.531250	-40.829479	2.300989	1.540507	
3309	9.552477	-40.781250	2.291192	1.567841	
3310	9.552477	-40.781250	2.291192	1.567841	
3310	9.591230	-40.703125	2.275633	1.611008	
3311	9.609375	-40.670087	2.269184	1.628811	
3311	9.635385	-40.625000	2.260473	1.652777	
3312	9.591230	-40.703125	2.275633	1.611008	
3312	9.609375	-40.670087	2.269184	1.628811	
3313	9.635385	-40.625000	2.260473	1.652777	
3313	9.685443	-40.546875	2.245769	1.692998	
3314	9.685443	-40.546875	2.245769	1.692998	
3314	9.687500	-40.543868	2.245214	1.694512	
3315	9.687500	-40.543868	2.245214	1.694512	
3315	9.741339	-40.468750	2.231530	1.731657	
3316	9.843750	-40.344528	2.210025	1.789452	
3316	9.872939	-40.312500	2.204721	1.803584	
3317	9.741339	-40.468750	2.231530	1.731657	
3317	9.765625	-40.437457	2.225985	1.746632	
3318	9.765625	-40.437457	2.225985	1.746632	
3318	9.803774	-40.390625	2.217836	1.768547	
3319	9.803774	-40.390625	2.217836	1.768547	
3319	9.843750	-40.344528	2.210025	1.789452	
3320	9.872939	-40.312500	2.204721	1.803584	
3320	9.921875	-40.261425	2.196478	1.825447	
3321	9.921875	-40.261425	2.196478	1.825447	
3321	9.949132	-40.234375	2.192234	1.836650	
3322	9.949132	-40.234375	2.192234	1.836650	
3322	10.000000	-40.185893	2.184815	1.856146	
3323	7.578125	-41.210685	2.245528	1.759672	
3323	7.556511	-41.171875	2.234435	1.790640	
3324	7.578125	-41.210685	2.245528	1.759672	
3324	7.597508	-41.250000	2.256615	1.728894	
3325	7.556511	-41.171875	2.234435	1.790640	
3325	7.507083	-41.093750	2.211817	1.854342	
3326	7.500000	-41.083616	2.208849	1.862758	
3326	7.507083	-41.093750	2.211817	1.854342	
3327	6.796875	-40.630188	2.055478	2.320923	
3327	6.875000	-40.653655	2.065576	2.288832	
3328	6.796875	-40.630188	2.055478	2.320923	
3328	6.776680	-40.625000	2.053082	2.328597	
3329	7.500000	-41.083616	2.208849	1.862758	
3329	7.446399	-41.015625	2.188580	1.920597	
3330	7.421875	-40.987694	2.180128	1.944910	
3330	7.446399	-41.015625	2.188580	1.920597	
3331	7.421875	-40.987694	2.180128	1.944910	
3331	7.372018	-40.937500	2.164605	1.989877	
3332	7.343750	-40.911402	2.156419	2.013758	
3332	7.279693	-40.859375	2.139669	2.063022	
3333	7.265625	-40.848739	2.136200	2.073294	
3333	7.279693	-40.859375	2.139669	2.063022	
3334	7.187500	-40.796260	2.118596	2.125817	
3334	7.265625	-40.848739	2.136200	2.073294	
3335	7.343750	-40.911402	2.156419	2.013758	
3335	7.372018	-40.937500	2.164605	1.989877	
3336	7.187500	-40.796260	2.118596	2.125817	
3336	7.162043	-40.781250	2.113388	2.141489	
3337	7.031250	-40.713790	2.089193	2.215205	
3337	7.109375	-40.751776	2.103054	2.172787	
3338	7.109375	-40.751776	2.103054	2.172787	
3338	7.162043	-40.781250	2.113388	2.141489	
3339	7.031250	-40.713790	2.089193	2.215205	
3339	7.006264	-40.703125	2.085133	2.227736	
3340	6.953125	-40.681340	2.076767	2.253715	
3340	7.006264	-40.703125	2.085133	2.227736	
3341	6.875000	-40.653655	2.065576	2.288832	
3341	6.953125	-40.681340	2.076767	2.253715	
3342	6.250000	-40.558602	2.008364	2.477791	
3342	6.328125	-40.560249	2.012967	2.461741	
3343	6.328125	-40.560249	2.012967	2.461741	
3343	6.406250	-40.564536	2.018208	2.443718	
3344	6.406250	-40.564536	2.018208	2.443718	
3344	6.484375	-40.571564	2.024124	2.423654	
3345	6.484375	-40.571564	2.024124	2.423654	
3345	6.562500	-40.581463	2.030754	2.401462	
3346	6.562500	-40.581463	2.030754	2.401462	
3346	6.640625	-40.594391	2.038149	2.377038	
3347	6.640625	-40.594391	2.038149	2.377038	
3347	6.718750	-40.610547	2.046366	2.350248	
3348	6.718750	-40.610547	2.046366	2.350248	
3348	6.776680	-40.625000	2.053082	2.328597	
3349	5.546875	-40.654250	1.991636	2.538884	
3349	5.625000	-40.634019	1.991517	2.539363	
3350	5.468750	-40.676914	1.992204	2.536567	
3350	5.546875	-40.654250	1.991636	2.538884	
3351	5.312500	-40.729699	1.994648	2.526319	
3351	5.387622	-40.703125	1.993268	2.532150	
3352	5.390625	-40.702053	1.993212	2.532385	
3352	5.468750	-40.676914	1.992204	2.536567	
3353	5.387622	-40.703125	1.993268	2.532150	
3353	5.390625	-40.702053	1.993212	2.532385	
3354	5.000000	-40.866603	2.004518	2.482430	
3354	5.014845	-40.859375	2.003944	2.485073	
3355	5.078125	-40.828282	2.001447	2.496437	
3355	5.156250	-40.792755	1.998775	2.508381	
3356	5.014845	-40.859375	2.003944	2.485073	
3356	5.078125	-40.828282	2.001447	2.496437	
3357	5.156250	-40.792755	1.998775	2.508381	
3357	5.183778	-40.781250	1.997985	2.511867	
3358	5.183778	-40.781250	1.997985	2.511867	
3358	5.234375	-40.759911	1.996505	2.518332	
3359	5.234375	-40.759911	1.996505	2.518332	
3359	5.312500	-40.729699	1.994648	2.526319	
3360	5.625000	-40.634019	1.991517	2.539363	
3360	5.664736	-40.625000	1.991690	2.538677	
3361	5.664736	-40.625000	1.991690	2.538677	
3361	5.703125	-40.616195	1.991858	2.538022	
3362	5.703125	-40.616195	1.991858	2.538022	
3362	5.781250	-40.600765	1.992673	2.534868	
3363	5.781250	-40.600765	1.992673	2.534868	
3363	5.859375	-40.587718	1.993974	2.529908	
3364	5.859375	-40.587718	1.993974	2.529908	
3364	5.937500	-40.577053	1.995777	2.523145	
3365	5.937500	-40.577053	1.995777	2.523145	
3365	6.015625	-40.568781	1.998097	2.514569	
3366	6.015625	-40.568781	1.998097	2.514569	
3366	6.093750	-40.562923	2.000954	2.504168	
3367	6.093750	-40.562923	2.000954	2.504168	
3367	6.171875	-40.559515	2.004369	2.491919	
3368	6.171875	-40.559515	2.004369	2.491919	
3368	6.250000	-40.558602	2.008364	2.477791	
3369	0.000000	-44.864898	3.034961	0.883249	
3369	0.007111	-44.843750	3.035644	0.896767	
3370	0.007111	-44.843750	3.035644	0.896767	
3370	0.038057	-44.765625	3.038286	0.946283	
3371	0.038057	-44.765625	3.038286	0.946283	
3371	0.074872	-44.687500	3.041106	0.995036	
3372	0.074872	-44.687500	3.041106	0.995036	
3372	0.078125	-44.681467	3.041332	0.998773	
3373	0.078125	-44.681467	3.041332	0.998773	
3373	0.114307	-44.609375	3.044096	1.042831	
3374	0.114307	-44.609375	3.044096	1.042831	
3374	0.156250	-44.538790	3.046949	1.085257	
3375	0.156250	-44.538790	3.046949	1.085257	
3375	0.160422	-44.531250	3.047260	1.089717	
3376	0.160422	-44.531250	3.047260	1.089717	
3376	0.209852	-44.453125	3.050589	1.135437	
3377	0.234375	-44.419661	3.052073	1.154722	
3377	0.265373	-44.375000	3.054088	1.179941	
3378	0.209852	-44.453125	3.050589	1.135437	
3378	0.234375	-44.419661	3.052073	1.154722	
3379	0.937500	-43.774954	3.085874	1.437979	
3379	0.994927	-43.750000	3.087382	1.441452	
3380	0.625000	-44.003709	3.073026	1.366676	
3380	0.648965	-43.984375	3.074114	1.374697	
3381	0.703125	-43.941419	3.076551	1.391500	
3381	0.753763	-43.906250	3.078603	1.404306	
3382	0.648965	-43.984375	3.074114	1.374697	
3382	0.703125	-43.941419	3.076551	1.391500	
3383	0.781250	-43.884677	3.079829	1.411354	
3383	0.859375	-43.834790	3.082762	1.426071	
3384	0.859375	-43.834790	3.082762	1.426071	
3384	0.871495	-43.828125	3.083165	1.427834	
3385	0.871495	-43.828125	3.083165	1.427834	
3385	0.937500	-43.774954	3.085874	1.437979	
3386	0.753763	-43.906250	3.078603	1.404306	
3386	0.781250	-43.884677	3.079829	1.411354	
3387	0.265373	-44.375000	3.054088	1.179941	
3387	0.312500	-44.316459	3.056827	1.212441	
3388	0.312500	-44.316459	3.056827	1.212441	
3388	0.327543	-44.296875	3.057758	1.223052	
3389	0.390625	-44.225584	3.061257	1.260974	
3389	0.396462	-44.218750	3.061597	1.264505	
3390	0.327543	-44.296875	3.057758	1.223052	
3390	0.390625	-44.225584	3.061257	1.260974	
3391	0.468750	-44.144474	3.065404	1.302070	
3391	0.472431	-44.140625	3.065604	1.303949	
3392	0.546875	-44.071055	3.069315	1.337014	
3392	0.556129	-44.062500	3.069778	1.340905	
3393	0.472431	-44.140625	3.065604	1.303949	
3393	0.546875	-44.071055	3.069315	1.337014	
3394	0.396462	-44.218750	3.061597	1.264505	
3394	0.468750	-44.144474	3.065404	1.302070	
3395	0.556129	-44.062500	3.069778	1.340905	
3395	0.625000	-44.003709	3.073026	1.366676	
3396	2.421875	-43.472024	2.136268	1.265844	
3396	2.500000	-43.502189	2.142350	1.258740	
3397	2.363963	-43.437500	2.134131	1.267750	
3397	2.421875	-43.472024	2.136268	1.265844	
3398	2.363963	-43.437500	2.134131	1.267750	
3398	2.421875	-43.401336	2.135856	1.271254	
3399	2.421875	-43.401336	2.135856	1.271254	
3399	2.458877	-43.359375	2.137396	1.277421	
3400	2.458877	-43.359375	2.137396	1.277421	
3400	2.500000	-43.330948	2.138540	1.283438	
3401	0.312500	-43.470577	3.031175	1.573653	
3401	0.245010	-43.437500	3.023514	1.596383	
3402	0.468750	-43.537010	3.047518	1.528170	
3402	0.546875	-43.567097	3.055178	1.508428	
3403	0.546875	-43.567097	3.055178	1.508428	
3403	0.625000	-43.591940	3.062052	1.491711	
3404	0.468750	-43.537010	3.047518	1.528170	
3404	0.419299	-43.515625	3.042315	1.542180	
3405	0.390625	-43.504196	3.039416	1.550183	
3405	0.419299	-43.515625	3.042315	1.542180	
3406	0.312500	-43.470577	3.031175	1.573653	
3406	0.390625	-43.504196	3.039416	1.550183	
3407	0.156250	-43.393450	3.013410	1.627609	
3407	0.094613	-43.359375	3.005959	1.651495	
3408	0.078125	-43.350077	3.003949	1.658058	
3408	0.094613	-43.359375	3.005959	1.651495	
3409	0.000000	-43.304618	2.994287	1.690292	
3409	0.078125	-43.350077	3.003949	1.658058	
3410	0.156250	-43.393450	3.013410	1.627609	
3410	0.234375	-43.432366	3.022320	1.600002	
3411	0.234375	-43.432366	3.022320	1.600002	
3411	0.245010	-43.437500	3.023514	1.596383	
3412	0.703125	-43.621121	3.069171	1.475533	
3412	0.781250	-43.645542	3.075351	1.462654	
3413	0.703125	-43.621121	3.069171	1.475533	
3413	0.631123	-43.593750	3.062567	1.490499	
3414	0.937500	-43.696497	3.085465	1.445154	
3414	0.901086	-43.671875	3.082779	1.449273	
3415	0.859375	-43.664328	3.080482	1.453095	
3415	0.901086	-43.671875	3.082779	1.449273	
3416	0.781250	-43.645542	3.075351	1.462654	
3416	0.859375	-43.664328	3.080482	1.453095	
3417	0.625000	-43.591940	3.062052	1.491711	
3417	0.631123	-43.593750	3.062567	1.490499	
3418	0.937500	-43.696497	3.085465	1.445154	
3418	0.994927	-43.750000	3.087382	1.441452	
3419	3.671875	-44.063427	2.367188	0.816463	
3419	3.750000	-44.134614	2.392475	0.760161	
3420	3.670861	-44.062500	2.366861	0.817186	
3420	3.671875	-44.063427	2.367188	0.816463	
3421	3.575979	-43.984375	2.338467	0.879420	
3421	3.593750	-43.998780	2.343702	0.868029	
3422	3.515625	-43.939651	2.321766	0.915506	
3422	3.575979	-43.984375	2.338467	0.879420	
3423	3.468737	-43.906250	2.309214	0.942354	
3423	3.515625	-43.939651	2.321766	0.915506	
3424	3.593750	-43.998780	2.343702	0.868029	
3424	3.670861	-44.062500	2.366861	0.817186	
3425	3.437500	-43.885590	2.301269	0.959219	
3425	3.468737	-43.906250	2.309214	0.942354	
3426	3.346150	-43.828125	2.278962	1.005993	
3426	3.359375	-43.836275	2.282128	0.999409	
3427	3.359375	-43.836275	2.282128	0.999409	
3427	3.437500	-43.885590	2.301269	0.959219	
3428	3.281250	-43.790366	2.264047	1.036750	
3428	3.346150	-43.828125	2.278962	1.005993	
3429	3.204310	-43.750000	2.247598	1.070124	
3429	3.281250	-43.790366	2.264047	1.036750	
3430	4.282315	-45.000000	2.664790	0.109182	
3430	4.257800	-44.921875	2.642415	0.165709	
3431	4.257800	-44.921875	2.642415	0.165709	
3431	4.228890	-44.843750	2.619596	0.222773	
3432	4.218750	-44.820034	2.612532	0.240322	
3432	4.228890	-44.843750	2.619596	0.222773	
3433	4.196625	-44.765625	2.596447	0.280075	
3433	4.218750	-44.820034	2.612532	0.240322	
3434	4.196625	-44.765625	2.596447	0.280075	
3434	4.159877	-44.687500	2.572860	0.337861	
3435	4.118829	-44.609375	2.548864	0.396037	
3435	4.140625	-44.651708	2.561815	0.364716	
3436	4.140625	-44.651708	2.561815	0.364716	
3436	4.159877	-44.687500	2.572860	0.337861	
3437	4.118829	-44.609375	2.548864	0.396037	
3437	4.072720	-44.531250	2.524393	0.454739	
3438	4.062500	-44.515870	2.519463	0.466488	
3438	4.072720	-44.531250	2.524393	0.454739	
3439	4.022219	-44.453125	2.499532	0.513727	
3439	4.062500	-44.515870	2.519463	0.466488	
3440	3.984375	-44.401458	2.482672	0.553361	
3440	4.022219	-44.453125	2.499532	0.513727	
3441	3.965570	-44.375000	2.474118	0.573354	
3441	3.984375	-44.401458	2.482672	0.553361	
3442	3.902582	-44.296875	2.448155	0.633557	
3442	3.906250	-44.301531	2.449689	0.630020	
3443	3.902582	-44.296875	2.448155	0.633557	
3443	3.833353	-44.218750	2.421687	0.694175	
3444	3.906250	-44.301531	2.449689	0.630020	
3444	3.965570	-44.375000	2.474118	0.573354	
3445	3.756561	-44.140625	2.394618	0.755355	
3445	3.828125	-44.213455	2.419843	0.698370	
3446	3.828125	-44.213455	2.419843	0.698370	
3446	3.833353	-44.218750	2.421687	0.694175	
3447	3.750000	-44.134614	2.392475	0.760161	
3447	3.756561	-44.140625	2.394618	0.755355	
3448	2.656250	-43.540015	2.157928	1.236036	
3448	2.734375	-43.561805	2.167535	1.220367	
3449	2.734375	-43.561805	2.167535	1.220367	
3449	2.812500	-43.588280	2.178603	1.201362	
3450	2.537063	-43.515625	2.146039	1.253793	
3450	2.578125	-43.522779	2.149754	1.248500	
3451	2.578125	-43.522779	2.149754	1.248500	
3451	2.656250	-43.540015	2.157928	1.236036	
3452	2.500000	-43.502189	2.142350	1.258740	
3452	2.537063	-43.515625	2.146039	1.253793	
3453	2.890625	-43.613716	2.190151	1.180725	
3453	2.968750	-43.642681	2.202836	1.157302	
3454	2.827550	-43.593750	2.180877	1.197358	
3454	2.890625	-43.613716	2.190151	1.180725	
3455	3.036909	-43.671875	2.215023	1.134188	
3455	3.046875	-43.676041	2.216815	1.130746	
3456	3.046875	-43.676041	2.216815	1.130746	
3456	3.125000	-43.710103	2.231365	1.102424	
3457	2.968750	-43.642681	2.202836	1.157302	
3457	3.036909	-43.671875	2.215023	1.134188	
3458	2.812500	-43.588280	2.178603	1.201362	
3458	2.827550	-43.593750	2.180877	1.197358	
3459	2.500000	-43.330948	2.138540	1.283438	
3459	2.557055	-43.281250	2.140210	1.295743	
3460	2.734375	-43.126916	2.143392	1.346600	
3460	2.736488	-43.125000	2.143412	1.347318	
3461	2.656250	-43.196810	2.142341	1.321695	
3461	2.734375	-43.126916	2.143392	1.346600	
3462	2.557055	-43.281250	2.140210	1.295743	
3462	2.578125	-43.264524	2.140712	1.300473	
3463	2.578125	-43.264524	2.140712	1.300473	
3463	2.649139	-43.203125	2.142215	1.319583	
3464	2.649139	-43.203125	2.142215	1.319583	
3464	2.656250	-43.196810	2.142341	1.321695	
3465	3.125000	-43.710103	2.231365	1.102424	
3465	3.203125	-43.749394	2.247351	1.070622	
3466	3.203125	-43.749394	2.247351	1.070622	
3466	3.204310	-43.750000	2.247598	1.070124	
3467	3.125000	-42.722309	2.139000	1.524709	
3467	3.182607	-42.656250	2.136909	1.557172	
3468	3.281250	-42.535331	2.132262	1.618307	
3468	3.311122	-42.500000	2.130727	1.636426	
3469	3.182607	-42.656250	2.136909	1.557172	
3469	3.203125	-42.630331	2.135996	1.570149	
3470	3.203125	-42.630331	2.135996	1.570149	
3470	3.247799	-42.578125	2.134024	1.596412	
3471	3.247799	-42.578125	2.134024	1.596412	
3471	3.281250	-42.535331	2.132262	1.618307	
3472	2.736488	-43.125000	2.143412	1.347318	
3472	2.812500	-43.054003	2.143846	1.375042	
3473	2.812500	-43.054003	2.143846	1.375042	
3473	2.820144	-43.046875	2.143857	1.377936	
3474	2.890625	-42.976841	2.143669	1.407288	
3474	2.898992	-42.968750	2.143614	1.410776	
3475	2.820144	-43.046875	2.143857	1.377936	
3475	2.890625	-42.976841	2.143669	1.407288	
3476	2.968750	-42.895705	2.142820	1.443114	
3476	2.973817	-42.890625	2.142746	1.445409	
3477	2.973817	-42.890625	2.142746	1.445409	
3477	3.045455	-42.812500	2.141308	1.481514	
3478	2.898992	-42.968750	2.143614	1.410776	
3478	2.968750	-42.895705	2.142820	1.443114	
3479	3.045455	-42.812500	2.141308	1.481514	
3479	3.046875	-42.810791	2.141270	1.482321	
3480	3.046875	-42.810791	2.141270	1.482321	
3480	3.115252	-42.734375	2.139348	1.518825	
3481	3.115252	-42.734375	2.139348	1.518825	
3481	3.125000	-42.722309	2.139000	1.524709	
3482	3.311122	-42.500000	2.130727	1.636426	
3482	3.359375	-42.437946	2.127826	1.668740	
3483	3.359375	-42.437946	2.127826	1.668740	
3483	3.372893	-42.421875	2.127042	1.677112	
3484	3.372893	-42.421875	2.127042	1.677112	
3484	3.433904	-42.343750	2.122998	1.718353	
3485	3.433904	-42.343750	2.122998	1.718353	
3485	3.437500	-42.338822	2.122730	1.720984	
3486	3.437500	-42.338822	2.122730	1.720984	
3486	3.495565	-42.265625	2.118624	1.759993	
3487	3.515625	-42.238529	2.117024	1.774610	
3487	3.556636	-42.187500	2.113932	1.802042	
3488	3.495565	-42.265625	2.118624	1.759993	
3488	3.515625	-42.238529	2.117024	1.774610	
3489	3.556636	-42.187500	2.113932	1.802042	
3489	3.593750	-42.138389	2.110818	1.828732	
3490	3.593750	-42.138389	2.110818	1.828732	
3490	3.617517	-42.109375	2.108940	1.844425	
3491	3.671875	-42.039298	2.104216	1.882698	
3491	3.678632	-42.031250	2.103664	1.887067	
3492	3.617517	-42.109375	2.108940	1.844425	
3492	3.671875	-42.039298	2.104216	1.882698	
3493	3.678632	-42.031250	2.103664	1.887067	
3493	3.741299	-41.953125	2.098130	1.929820	
3494	3.741299	-41.953125	2.098130	1.929820	
3494	3.750000	-41.941798	2.097302	1.936066	
3495	3.750000	-41.941798	2.097302	1.936066	
3495	3.805559	-41.875000	2.092352	1.972627	
3496	4.375000	-41.285422	2.042348	2.289421	
3496	4.418218	-41.250000	2.039112	2.307351	
3497	3.805559	-41.875000	2.092352	1.972627	
3497	3.828125	-41.846782	2.090195	1.988182	
3498	3.828125	-41.846782	2.090195	1.988182	
3498	3.871264	-41.796875	2.086339	2.015455	
3499	3.871264	-41.796875	2.086339	2.015455	
3499	3.906250	-41.754996	2.083011	2.038483	
3500	3.906250	-41.754996	2.083011	2.038483	
3500	3.938926	-41.718750	2.080107	2.058216	
3501	3.938926	-41.718750	2.080107	2.058216	
3501	3.984375	-41.666821	2.075838	2.086638	
3502	3.984375	-41.666821	2.075838	2.086638	
3502	4.009080	-41.640625	2.073671	2.100814	
3503	4.009080	-41.640625	2.073671	2.100814	
3503	4.062500	-41.582509	2.068750	2.132407	
3504	4.062500	-41.582509	2.068750	2.132407	
3504	4.082292	-41.562500	2.067049	2.143146	
3505	4.082292	-41.562500	2.067049	2.143146	
3505	4.140625	-41.502197	2.061811	2.175634	
3506	4.140625	-41.502197	2.061811	2.175634	
3506	4.159156	-41.484375	2.060260	2.185098	
3507	4.159156	-41.484375	2.060260	2.185098	
3507	4.218750	-41.425934	2.055072	2.216230	
3508	4.218750	-41.425934	2.055072	2.216230	
3508	4.240304	-41.406250	2.053324	2.226545	
3509	4.240304	-41.406250	2.053324	2.226545	
3509	4.296875	-41.353699	2.048573	2.254158	
3510	4.296875	-41.353699	2.048573	2.254158	
3510	4.326414	-41.328125	2.046266	2.267349	
3511	4.326414	-41.328125	2.046266	2.267349	
3511	4.375000	-41.285422	2.042348	2.289421	
3512	4.418218	-41.250000	2.039112	2.307351	
3512	4.453125	-41.221002	2.036422	2.322053	
3513	4.453125	-41.221002	2.036422	2.322053	
3513	4.516517	-41.171875	2.031896	2.346374	
3514	4.516517	-41.171875	2.031896	2.346374	
3514	4.531250	-41.160317	2.030815	2.352103	
3515	4.609375	-41.103188	2.025539	2.379666	
3515	4.623223	-41.093750	2.024680	2.384083	
3516	4.531250	-41.160317	2.030815	2.352103	
3516	4.609375	-41.103188	2.025539	2.379666	
3517	4.623223	-41.093750	2.024680	2.384083	
3517	4.687500	-41.049469	2.020603	2.404819	
3518	4.843750	-40.951902	2.011815	2.448070	
3518	4.869402	-40.937500	2.010571	2.454030	
3519	4.687500	-41.049469	2.020603	2.404819	
3519	4.740164	-41.015625	2.017540	2.420114	
3520	4.765625	-40.999096	2.016027	2.427587	
3520	4.843750	-40.951902	2.011815	2.448070	
3521	4.740164	-41.015625	2.017540	2.420114	
3521	4.765625	-40.999096	2.016027	2.427587	
3522	4.869402	-40.937500	2.010571	2.454030	
3522	4.921875	-40.907760	2.007974	2.466339	
3523	4.921875	-40.907760	2.007974	2.466339	
3523	5.000000	-40.866603	2.004518	2.482430	
3524	47.109375	-54.086454	24.336903	-20.862407	
3524	47.187500	-54.100835	24.373701	-20.908802	
3525	47.109375	-54.086454	24.336903	-20.862407	
3525	47.035788	-54.062500	24.298628	-20.812676	
3526	47.421875	-54.072478	24.457055	-21.008108	
3526	47.442673	-54.062500	24.461305	-21.012891	
3527	47.343750	-54.095627	24.434765	-20.982474	
3527	47.421875	-54.072478	24.457055	-21.008108	
3528	47.265625	-54.104267	24.406552	-20.948990	
3528	47.343750	-54.095627	24.434765	-20.982474	
3529	47.187500	-54.100835	24.373701	-20.908802	
3529	47.265625	-54.104267	24.406552	-20.948990	
3530	47.442673	-54.062500	24.461305	-21.012891	
3530	47.500000	-54.031049	24.471541	-21.024217	
3531	46.953125	-54.027933	24.253786	-20.752506	
3531	46.879131	-53.984375	24.209646	-20.691187	
3532	46.953125	-54.027933	24.253786	-20.752506	
3532	47.031250	-54.061211	24.296402	-20.809738	
3533	46.875000	-53.982189	24.207348	-20.687936	
3533	46.879131	-53.984375	24.209646	-20.691187	
3534	47.031250	-54.061211	24.296402	-20.809738	
3534	47.035788	-54.062500	24.298628	-20.812676	
3535	46.796875	-53.927474	24.159168	-20.618300	
3535	46.875000	-53.982189	24.207348	-20.687936	
3536	46.796875	-53.927474	24.159168	-20.618300	
3536	46.773248	-53.906250	24.143082	-20.594394	
3537	46.718750	-53.859670	24.108096	-20.541138	
3537	46.773248	-53.906250	24.143082	-20.594394	
3538	46.718750	-53.859670	24.108096	-20.541138	
3538	46.689361	-53.828125	24.087249	-20.508502	
3539	46.640625	-53.776325	24.054205	-20.455195	
3539	46.689361	-53.828125	24.087249	-20.508502	
3540	46.640625	-53.776325	24.054205	-20.455195	
3540	46.620265	-53.750000	24.039097	-20.430097	
3541	46.562500	-53.671529	23.997066	-20.357375	
3541	46.514006	-53.593750	23.960751	-20.290145	
3542	46.484375	-53.537841	23.937808	-20.244746	
3542	46.473610	-53.515625	23.929384	-20.227325	
3543	46.484375	-53.537841	23.937808	-20.244746	
3543	46.514006	-53.593750	23.960751	-20.290145	
3544	46.473610	-53.515625	23.929384	-20.227325	
3544	46.439238	-53.437500	23.902779	-20.168646	
3545	46.620265	-53.750000	24.039097	-20.430097	
3545	46.562754	-53.671875	23.997243	-20.357692	
3546	46.562500	-53.671529	23.997066	-20.357375	
3546	46.562754	-53.671875	23.997243	-20.357692	
3547	46.406250	-53.331821	23.874999	-20.097337	
3547	46.391516	-53.281250	23.864868	-20.065880	
3548	46.439238	-53.437500	23.902779	-20.168646	
3548	46.413420	-53.359375	23.881334	-20.115033	
3549	46.406250	-53.331821	23.874999	-20.097337	
3549	46.413420	-53.359375	23.881334	-20.115033	
3550	46.391516	-53.281250	23.864868	-20.065880	
3550	46.374072	-53.203125	23.854033	-20.022509	
3551	46.374072	-53.203125	23.854033	-20.022509	
3551	46.361710	-53.125000	23.849555	-19.986899	
3552	47.485733	-52.812500	23.861943	-20.592427	
3552	47.500000	-52.827704	23.877630	-20.600731	
3553	47.265625	-52.671815	23.660035	-20.494612	
3553	47.343750	-52.710287	23.726345	-20.524746	
3554	47.227094	-52.656250	23.629093	-20.481353	
3554	47.265625	-52.671815	23.660035	-20.494612	
3555	47.385117	-52.734375	23.763356	-20.542464	
3555	47.421875	-52.760664	23.798285	-20.559719	
3556	47.421875	-52.760664	23.798285	-20.559719	
3556	47.485733	-52.812500	23.861943	-20.592427	
3557	47.343750	-52.710287	23.726345	-20.524746	
3557	47.385117	-52.734375	23.763356	-20.542464	
3558	47.187500	-52.641686	23.598280	-20.468736	
3558	47.227094	-52.656250	23.629093	-20.481353	
3559	47.031250	-52.601455	23.488396	-20.430043	
3559	47.109375	-52.617942	23.540829	-20.447075	
3560	47.109375	-52.617942	23.540829	-20.447075	
3560	47.187500	-52.641686	23.598280	-20.468736	
3561	46.875000	-52.585921	23.401948	-20.411908	
3561	46.953125	-52.591238	23.441599	-20.418066	
3562	46.953125	-52.591238	23.441599	-20.418066	
3562	47.031250	-52.601455	23.488396	-20.430043	
3563	46.361710	-53.125000	23.849555	-19.986899	
3563	46.349017	-53.046875	23.851825	-19.962747	
3564	46.328125	-53.011516	23.852668	-19.958976	
3564	46.349017	-53.046875	23.851825	-19.962747	
3565	46.250000	-52.988087	23.830823	-19.962145	
3565	46.328125	-53.011516	23.852668	-19.958976	
3566	46.782258	-52.578125	23.369640	-20.413506	
3566	46.796875	-52.581951	23.373057	-20.412644	
3567	46.796875	-52.581951	23.373057	-20.412644	
3567	46.875000	-52.585921	23.401948	-20.411908	
3568	46.782258	-52.578125	23.369640	-20.413506	
3568	46.735984	-52.500000	23.368763	-20.403102	
3569	45.937500	-52.904318	23.633724	-19.907592	
3569	45.907267	-52.890625	23.609361	-19.897140	
3570	45.859375	-52.867369	23.569458	-19.878979	
3570	45.907267	-52.890625	23.609361	-19.897140	
3571	45.781250	-52.822608	23.500252	-19.844814	
3571	45.859375	-52.867369	23.569458	-19.878979	
3572	45.781250	-52.822608	23.500252	-19.844814	
3572	45.764489	-52.812500	23.484968	-19.836862	
3573	46.171875	-52.972913	23.793072	-19.958503	
3573	46.250000	-52.988087	23.830823	-19.962145	
3574	46.171875	-52.972913	23.793072	-19.958503	
3574	46.154699	-52.968750	23.783341	-19.956691	
3575	46.093750	-52.957366	23.746458	-19.947765	
3575	46.154699	-52.968750	23.783341	-19.956691	
3576	45.937500	-52.904318	23.633724	-19.907592	
3576	46.015625	-52.935222	23.693153	-19.930700	
3577	46.015625	-52.935222	23.693153	-19.930700	
3577	46.093750	-52.957366	23.746458	-19.947765	
3578	45.703125	-52.770001	23.426291	-19.805108	
3578	45.654815	-52.734375	23.378575	-19.777966	
3579	45.703125	-52.770001	23.426291	-19.805108	
3579	45.764489	-52.812500	23.484968	-19.836862	
3580	45.625000	-52.708193	23.347158	-19.759499	
3580	45.654815	-52.734375	23.378575	-19.777966	
3581	45.625000	-52.708193	23.347158	-19.759499	
3581	45.565658	-52.656250	23.284109	-19.721112	
3582	45.546875	-52.636297	23.262498	-19.707567	
3582	45.489668	-52.578125	23.197393	-19.665639	
3583	45.546875	-52.636297	23.262498	-19.707567	
3583	45.565658	-52.656250	23.284109	-19.721112	
3584	45.468750	-52.552098	23.171308	-19.648385	
3584	45.489668	-52.578125	23.197393	-19.665639	
3585	45.468750	-52.552098	23.171308	-19.648385	
3585	45.423919	-52.500000	23.116826	-19.611549	
3586	47.500000	-54.031049	24.471541	-21.024217	
3586	47.556513	-53.984375	24.474564	-21.027486	
3587	47.578125	-53.962152	24.473761	-21.026650	
3587	47.620802	-53.906250	24.466613	-21.019351	
3588	47.556513	-53.984375	24.474564	-21.027486	
3588	47.578125	-53.962152	24.473761	-21.026650	
3589	47.656250	-53.841806	24.452260	-21.005148	
3589	47.662822	-53.828125	24.448813	-21.001802	
3590	47.662822	-53.828125	24.448813	-21.001802	
3590	47.691285	-53.750000	24.424907	-20.979146	
3591	47.620802	-53.906250	24.466613	-21.019351	
3591	47.656250	-53.841806	24.452260	-21.005148	
3592	49.375000	-53.504783	25.206589	-21.564224	
3592	49.317766	-53.437500	25.150356	-21.497892	
3593	49.218750	-53.294986	25.046628	-21.370227	
3593	49.211333	-53.281250	25.037890	-21.359066	
3594	49.296875	-53.413132	25.130439	-21.473969	
3594	49.259986	-53.359375	25.091040	-21.425877	
3595	49.296875	-53.413132	25.130439	-21.473969	
3595	49.317766	-53.437500	25.150356	-21.497892	
3596	49.218750	-53.294986	25.046628	-21.370227	
3596	49.259986	-53.359375	25.091040	-21.425877	
3597	49.211333	-53.281250	25.037890	-21.359066	
3597	49.169633	-53.203125	24.990026	-21.296404	
3598	49.140625	-53.138697	24.954582	-21.247894	
3598	49.169633	-53.203125	24.990026	-21.296404	
3599	49.140625	-53.138697	24.954582	-21.247894	
3599	49.135040	-53.125000	24.947505	-21.237930	
3600	49.531250	-53.637976	25.342921	-21.718911	
3600	49.474062	-53.593750	25.294223	-21.664554	
3601	49.609375	-53.682545	25.402902	-21.784597	
3601	49.592047	-53.671875	25.389048	-21.769546	
3602	49.609375	-53.682545	25.402902	-21.784597	
3602	49.687500	-53.716490	25.458897	-21.844675	
3603	49.531250	-53.637976	25.342921	-21.718911	
3603	49.592047	-53.671875	25.389048	-21.769546	
3604	49.453125	-53.578840	25.277324	-21.645467	
3604	49.386977	-53.515625	25.217002	-21.576328	
3605	49.453125	-53.578840	25.277324	-21.645467	
3605	49.474062	-53.593750	25.294223	-21.664554	
3606	49.375000	-53.504783	25.206589	-21.564224	
3606	49.386977	-53.515625	25.217002	-21.576328	
3607	49.687500	-53.716490	25.458897	-21.844675	
3607	49.765625	-53.737407	25.509374	-21.897772	
3608	49.765625	-53.737407	25.509374	-21.897772	
3608	49.843750	-53.746402	25.554723	-21.944546	
3609	49.843750	-53.746402	25.554723	-21.944546	
3609	49.921875	-53.742614	25.594365	-21.984606	
3610	49.921875	-53.742614	25.594365	-21.984606	
3610	50.000000	-53.723119	25.626656	-22.016533	
3611	49.985890	-52.656250	25.033655	-21.575358	
3611	50.000000	-52.674386	25.052113	-21.587148	
3612	49.907545	-52.578125	24.942359	-21.519129	
3612	49.921875	-52.592899	24.959147	-21.529198	
3613	49.921875	-52.592899	24.959147	-21.529198	
3613	49.985890	-52.656250	25.033655	-21.575358	
3614	49.843750	-52.526517	24.874387	-21.479710	
3614	49.907545	-52.578125	24.942359	-21.519129	
3615	49.809613	-52.500000	24.838969	-21.460088	
3615	49.843750	-52.526517	24.874387	-21.479710	
3616	49.062500	-52.885749	24.849727	-21.081887	
3616	49.045857	-52.812500	24.830967	-21.041746	
3617	49.135040	-53.125000	24.947505	-21.237930	
3617	49.103971	-53.046875	24.909491	-21.182303	
3618	49.103971	-53.046875	24.909491	-21.182303	
3618	49.080094	-52.968750	24.877287	-21.131147	
3619	49.080094	-52.968750	24.877287	-21.131147	
3619	49.063332	-52.890625	24.851150	-21.084633	
3620	49.062500	-52.885749	24.849727	-21.081887	
3620	49.063332	-52.890625	24.851150	-21.084633	
3621	49.045857	-52.812500	24.830967	-21.041746	
3621	49.032459	-52.734375	24.819293	-21.006713	
3622	49.032459	-52.734375	24.819293	-21.006713	
3622	49.011460	-52.656250	24.816653	-20.986220	
3623	48.906250	-52.642713	24.779904	-20.984634	
3623	48.984375	-52.644231	24.811384	-20.986477	
3624	48.984375	-52.644231	24.811384	-20.986477	
3624	49.011460	-52.656250	24.816653	-20.986220	
3625	48.750000	-52.626949	24.684793	-20.958561	
3625	48.828125	-52.638205	24.736119	-20.974800	
3626	48.828125	-52.638205	24.736119	-20.974800	
3626	48.906250	-52.642713	24.779904	-20.984634	
3627	47.691285	-53.750000	24.424907	-20.979146	
3627	47.709648	-53.671875	24.396349	-20.953134	
3628	47.709648	-53.671875	24.396349	-20.953134	
3628	47.720274	-53.593750	24.364183	-20.925002	
3629	47.720274	-53.593750	24.364183	-20.925002	
3629	47.724769	-53.515625	24.329144	-20.895616	
3630	47.724769	-53.515625	24.329144	-20.895616	
3630	47.724146	-53.437500	24.291704	-20.865551	
3631	47.724146	-53.437500	24.291704	-20.865551	
3631	47.718919	-53.359375	24.252078	-20.835129	
3632	47.718919	-53.359375	24.252078	-20.835129	
3632	47.709112	-53.281250	24.210205	-20.804438	
3633	47.709112	-53.281250	24.210205	-20.804438	
3633	47.694191	-53.203125	24.165669	-20.773312	
3634	47.694191	-53.203125	24.165669	-20.773312	
3634	47.672872	-53.125000	24.117539	-20.741278	
3635	48.593750	-52.578294	24.564848	-20.910219	
3635	48.671875	-52.607404	24.627545	-20.936888	
3636	48.671875	-52.607404	24.627545	-20.936888	
3636	48.750000	-52.626949	24.684793	-20.958561	
3637	48.593750	-52.578294	24.564848	-20.910219	
3637	48.593325	-52.578125	24.564498	-20.910063	
3638	48.515625	-52.541940	24.497906	-20.879231	
3638	48.593325	-52.578125	24.564498	-20.910063	
3639	48.515625	-52.541940	24.497906	-20.879231	
3639	48.448191	-52.500000	24.435387	-20.848407	
3640	47.644709	-53.046875	24.065421	-20.708264	
3640	47.656250	-53.080288	24.087302	-20.721926	
3641	47.644709	-53.046875	24.065421	-20.708264	
3641	47.607810	-52.968750	24.007978	-20.673638	
3642	47.656250	-53.080288	24.087302	-20.721926	
3642	47.672872	-53.125000	24.117539	-20.741278	
3643	47.556706	-52.890625	23.941425	-20.635512	
3643	47.578125	-52.923552	23.969296	-20.651238	
3644	47.578125	-52.923552	23.969296	-20.651238	
3644	47.607810	-52.968750	24.007978	-20.673638	
3645	47.500000	-52.827704	23.877630	-20.600731	
3645	47.556706	-52.890625	23.941425	-20.635512	
3646	48.437500	-52.491224	24.424631	-20.842940	
3646	48.359764	-52.421875	24.343726	-20.800361	
3647	48.359375	-52.421376	24.343261	-20.800109	
3647	48.359764	-52.421875	24.343726	-20.800361	
3648	48.359375	-52.421376	24.343261	-20.800109	
3648	48.297742	-52.343750	24.269809	-20.759176	
3649	48.281250	-52.311672	24.245558	-20.745143	
3649	48.297742	-52.343750	24.269809	-20.759176	
3650	48.281250	-52.311672	24.245558	-20.745143	
3650	48.255918	-52.265625	24.209489	-20.723734	
3651	48.255918	-52.265625	24.209489	-20.723734	
3651	48.227644	-52.187500	24.158020	-20.691909	
3652	48.437500	-52.491224	24.424631	-20.842940	
3652	48.448191	-52.500000	24.435387	-20.848407	
3653	48.227644	-52.187500	24.158020	-20.691909	
3653	48.210438	-52.109375	24.113472	-20.662926	
3654	48.203125	-52.047580	24.081938	-20.641451	
3654	48.210438	-52.109375	24.113472	-20.662926	
3655	48.203125	-52.047580	24.081938	-20.641451	
3655	48.200871	-52.031250	24.073348	-20.635445	
3656	48.200871	-52.031250	24.073348	-20.635445	
3656	48.198140	-51.953125	24.036935	-20.609169	
3657	48.203125	-51.878751	24.006257	-20.585871	
3657	48.203360	-51.875000	24.004684	-20.584645	
3658	48.198140	-51.953125	24.036935	-20.609169	
3658	48.203125	-51.878751	24.006257	-20.585871	
3659	48.203360	-51.875000	24.004684	-20.584645	
3659	48.216345	-51.796875	23.976216	-20.561834	
3660	48.216345	-51.796875	23.976216	-20.561834	
3660	48.240572	-51.718750	23.953177	-20.542381	
3661	48.281250	-51.640053	23.937577	-20.528507	
3661	48.350382	-51.562500	23.935427	-20.526576	
3662	48.240572	-51.718750	23.953177	-20.542381	
3662	48.280864	-51.640625	23.937648	-20.528572	
3663	48.280864	-51.640625	23.937648	-20.528572	
3663	48.281250	-51.640053	23.937577	-20.528507	
3664	48.437500	-51.511264	23.952426	-20.543698	
3664	48.515625	-51.492438	23.978898	-20.571516	
3665	48.515625	-51.492438	23.978898	-20.571516	
3665	48.593750	-51.491075	24.012249	-20.607871	
3666	48.593750	-51.491075	24.012249	-20.607871	
3666	48.671875	-51.503492	24.050702	-20.651243	
3667	48.671875	-51.503492	24.050702	-20.651243	
3667	48.750000	-51.528949	24.093749	-20.701460	
3668	48.350382	-51.562500	23.935427	-20.526576	
3668	48.359375	-51.554934	23.936204	-20.527336	
3669	48.359375	-51.554934	23.936204	-20.527336	
3669	48.437500	-51.511264	23.952426	-20.543698	
3670	49.309152	-52.343750	24.482626	-21.328688	
3670	49.375000	-52.347030	24.505741	-21.327364	
3671	49.278956	-52.265625	24.481823	-21.313748	
3671	49.296875	-52.340677	24.480554	-21.329569	
3672	49.296875	-52.340677	24.480554	-21.329569	
3672	49.309152	-52.343750	24.482626	-21.328688	
3673	49.278956	-52.265625	24.481823	-21.313748	
3673	49.265816	-52.187500	24.474408	-21.279979	
3674	49.216109	-52.031250	24.434025	-21.185471	
3674	49.218750	-52.038460	24.436490	-21.190319	
3675	49.265816	-52.187500	24.474408	-21.279979	
3675	49.245370	-52.109375	24.458101	-21.236395	
3676	49.218750	-52.038460	24.436490	-21.190319	
3676	49.245370	-52.109375	24.458101	-21.236395	
3677	49.216109	-52.031250	24.434025	-21.185471	
3677	49.183161	-51.953125	24.403846	-21.130133	
3678	49.140625	-51.878399	24.368428	-21.071390	
3678	49.183161	-51.953125	24.403846	-21.130133	
3679	49.138282	-51.875000	24.366626	-21.068527	
3679	49.140625	-51.878399	24.368428	-21.071390	
3680	49.453125	-52.353288	24.547675	-21.334623	
3680	49.531250	-52.368225	24.599306	-21.349970	
3681	49.375000	-52.347030	24.505741	-21.327364	
3681	49.453125	-52.353288	24.547675	-21.334623	
3682	49.672998	-52.421875	24.712106	-21.395966	
3682	49.687500	-52.429028	24.724810	-21.401890	
3683	49.609375	-52.393599	24.658676	-21.372538	
3683	49.672998	-52.421875	24.712106	-21.395966	
3684	49.531250	-52.368225	24.599306	-21.349970	
3684	49.609375	-52.393599	24.658676	-21.372538	
3685	49.687500	-52.429028	24.724810	-21.401890	
3685	49.765625	-52.471982	24.796321	-21.437386	
3686	49.765625	-52.471982	24.796321	-21.437386	
3686	49.809613	-52.500000	24.838969	-21.460088	
3687	49.016642	-51.718750	24.271447	-20.928350	
3687	49.062500	-51.767278	24.305002	-20.975685	
3688	48.931202	-51.640625	24.210335	-20.846348	
3688	48.984375	-51.683688	24.246497	-20.894276	
3689	48.984375	-51.683688	24.246497	-20.894276	
3689	49.016642	-51.718750	24.271447	-20.928350	
3690	48.906250	-51.618577	24.192059	-20.822714	
3690	48.931202	-51.640625	24.210335	-20.846348	
3691	48.828125	-51.568347	24.141500	-20.759179	
3691	48.906250	-51.618577	24.192059	-20.822714	
3692	48.814802	-51.562500	24.133891	-20.749837	
3692	48.828125	-51.568347	24.141500	-20.759179	
3693	49.138282	-51.875000	24.366626	-21.068527	
3693	49.084356	-51.796875	24.322953	-21.001839	
3694	49.062500	-51.767278	24.305002	-20.975685	
3694	49.084356	-51.796875	24.322953	-21.001839	
3695	48.750000	-51.528949	24.093749	-20.701460	
3695	48.814802	-51.562500	24.133891	-20.749837	
3696	45.312500	-52.332677	22.962294	-19.501516	
3696	45.274070	-52.265625	22.904045	-19.458022	
3697	45.274070	-52.265625	22.904045	-19.458022	
3697	45.237682	-52.187500	22.841433	-19.410081	
3698	45.390625	-52.452584	23.072100	-19.580527	
3698	45.367198	-52.421875	23.041779	-19.559108	
3699	45.390625	-52.452584	23.072100	-19.580527	
3699	45.423919	-52.500000	23.116826	-19.611549	
3700	45.367198	-52.421875	23.041779	-19.559108	
3700	45.318202	-52.343750	22.971466	-19.508267	
3701	45.312500	-52.332677	22.962294	-19.501516	
3701	45.318202	-52.343750	22.971466	-19.508267	
3702	45.234375	-52.178713	22.834884	-19.404997	
3702	45.205049	-52.109375	22.781034	-19.362684	
3703	45.234375	-52.178713	22.834884	-19.404997	
3703	45.237682	-52.187500	22.841433	-19.410081	
3704	45.205049	-52.109375	22.781034	-19.362684	
3704	45.178640	-52.031250	22.724437	-19.317244	
3705	45.178640	-52.031250	22.724437	-19.317244	
3705	45.157915	-51.953125	22.671261	-19.273639	
3706	45.156250	-51.944409	22.665722	-19.269045	
3706	45.157915	-51.953125	22.671261	-19.273639	
3707	45.156250	-51.944409	22.665722	-19.269045	
3707	45.141283	-51.875000	22.620485	-19.231160	
3708	46.174074	-51.250000	22.778897	-19.474735	
3708	46.250000	-51.317073	22.841030	-19.551374	
3709	45.141283	-51.875000	22.620485	-19.231160	
3709	45.130182	-51.796875	22.572974	-19.190642	
3710	45.130182	-51.796875	22.572974	-19.190642	
3710	45.124730	-51.718750	22.528748	-19.152224	
3711	45.124730	-51.718750	22.528748	-19.152224	
3711	45.125183	-51.640625	22.487906	-19.116102	
3712	45.125183	-51.640625	22.487906	-19.116102	
3712	45.132083	-51.562500	22.450697	-19.082608	
3713	45.132083	-51.562500	22.450697	-19.082608	
3713	45.146268	-51.484375	22.417526	-19.052218	
3714	45.146268	-51.484375	22.417526	-19.052218	
3714	45.156250	-51.448056	22.403968	-19.039633	
3715	45.156250	-51.448056	22.403968	-19.039633	
3715	45.168978	-51.406250	22.388991	-19.025606	
3716	45.168978	-51.406250	22.388991	-19.025606	
3716	45.202469	-51.328125	22.366207	-19.003964	
3717	45.234375	-51.272886	22.354396	-18.992557	
3717	45.250298	-51.250000	22.350901	-18.989145	
3718	45.202469	-51.328125	22.366207	-19.003964	
3718	45.234375	-51.272886	22.354396	-18.992557	
3719	46.717677	-52.343750	23.357150	-20.338896	
3719	46.718750	-52.357644	23.359237	-20.345687	
3720	46.735984	-52.500000	23.368763	-20.403102	
3720	46.726677	-52.421875	23.366452	-20.375100	
3721	46.718750	-52.357644	23.359237	-20.345687	
3721	46.726677	-52.421875	23.366452	-20.375100	
3722	46.717677	-52.343750	23.357150	-20.338896	
3722	46.708747	-52.265625	23.342166	-20.297857	
3723	46.708747	-52.265625	23.342166	-20.297857	
3723	46.695665	-52.187500	23.322210	-20.252786	
3724	46.695665	-52.187500	23.322210	-20.252786	
3724	46.678297	-52.109375	23.297785	-20.204264	
3725	46.678297	-52.109375	23.297785	-20.204264	
3725	46.656563	-52.031250	23.269232	-20.152611	
3726	46.631682	-51.953125	23.237066	-20.098462	
3726	46.640625	-51.980622	23.248744	-20.117729	
3727	46.640625	-51.980622	23.248744	-20.117729	
3727	46.656563	-52.031250	23.269232	-20.152611	
3728	46.631682	-51.953125	23.237066	-20.098462	
3728	46.604266	-51.875000	23.201710	-20.042258	
3729	46.535630	-51.718750	23.120589	-19.921735	
3729	46.562500	-51.775150	23.151440	-19.966469	
3730	46.535630	-51.718750	23.120589	-19.921735	
3730	46.494379	-51.640625	23.074932	-19.857439	
3731	46.484375	-51.622085	23.063751	-19.841989	
3731	46.494379	-51.640625	23.074932	-19.857439	
3732	46.447454	-51.562500	23.025579	-19.790003	
3732	46.484375	-51.622085	23.063751	-19.841989	
3733	46.604266	-51.875000	23.201710	-20.042258	
3733	46.571829	-51.796875	23.162748	-19.983174	
3734	46.562500	-51.775150	23.151440	-19.966469	
3734	46.571829	-51.796875	23.162748	-19.983174	
3735	46.393949	-51.484375	22.972179	-19.718999	
3735	46.406250	-51.500109	22.983606	-19.734040	
3736	46.393949	-51.484375	22.972179	-19.718999	
3736	46.332525	-51.406250	22.914158	-19.643770	
3737	46.406250	-51.500109	22.983606	-19.734040	
3737	46.447454	-51.562500	23.025579	-19.790003	
3738	46.260240	-51.328125	22.850235	-19.562869	
3738	46.328125	-51.400621	22.909916	-19.638340	
3739	46.328125	-51.400621	22.909916	-19.638340	
3739	46.332525	-51.406250	22.914158	-19.643770	
3740	46.250000	-51.317073	22.841030	-19.551374	
3740	46.260240	-51.328125	22.850235	-19.562869	
3741	45.250298	-51.250000	22.350901	-18.989145	
3741	45.312500	-51.178672	22.346367	-18.984681	
3742	45.312500	-51.178672	22.346367	-18.984681	
3742	45.320249	-51.171875	22.346863	-18.985178	
3743	45.390625	-51.118470	22.355331	-18.993782	
3743	45.438770	-51.093750	22.366944	-19.005753	
3744	45.320249	-51.171875	22.346863	-18.985178	
3744	45.390625	-51.118470	22.355331	-18.993782	
3745	45.468750	-51.079592	22.374661	-19.013784	
3745	45.546875	-51.056160	22.401275	-19.041835	
3746	45.546875	-51.056160	22.401275	-19.041835	
3746	45.625000	-51.045574	22.433789	-19.076707	
3747	45.438770	-51.093750	22.366944	-19.005753	
3747	45.468750	-51.079592	22.374661	-19.013784	
3748	45.906497	-51.093750	22.588488	-19.249350	
3748	45.937500	-51.104519	22.607581	-19.271328	
3749	45.781250	-51.056007	22.512720	-19.163533	
3749	45.859375	-51.075743	22.558331	-19.214922	
3750	45.859375	-51.075743	22.558331	-19.214922	
3750	45.906497	-51.093750	22.588488	-19.249350	
3751	45.625000	-51.045574	22.433789	-19.076707	
3751	45.703125	-51.045872	22.471138	-19.117439	
3752	45.703125	-51.045872	22.471138	-19.117439	
3752	45.781250	-51.056007	22.512720	-19.163533	
3753	46.063604	-51.171875	22.695311	-19.374089	
3753	46.093750	-51.189437	22.716546	-19.399400	
3754	46.015625	-51.141829	22.660082	-19.332475	
3754	46.063604	-51.171875	22.695311	-19.374089	
3755	45.937500	-51.104519	22.607581	-19.271328	
3755	46.015625	-51.141829	22.660082	-19.332475	
3756	46.093750	-51.189437	22.716546	-19.399400	
3756	46.171875	-51.247991	22.777041	-19.472470	
3757	46.171875	-51.247991	22.777041	-19.472470	
3757	46.174074	-51.250000	22.778897	-19.474735	
3758	50.000000	-53.723119	25.626656	-22.016533	
3758	50.078125	-53.682388	25.648598	-22.037713	
3759	50.078125	-53.682388	25.648598	-22.037713	
3759	50.091518	-53.671875	25.650565	-22.039580	
3760	50.091518	-53.671875	25.650565	-22.039580	
3760	50.156250	-53.608319	25.653731	-22.042581	
3761	50.156250	-53.608319	25.653731	-22.042581	
3761	50.167085	-53.593750	25.652229	-22.041206	
3762	50.167085	-53.593750	25.652229	-22.041206	
3762	50.210526	-53.515625	25.635896	-22.026521	
3763	50.234375	-53.444184	25.611828	-22.005402	
3763	50.236313	-53.437500	25.609417	-22.003312	
3764	50.210526	-53.515625	25.635896	-22.026521	
3764	50.234375	-53.444184	25.611828	-22.005402	
3765	50.236313	-53.437500	25.609417	-22.003312	
3765	50.249407	-53.359375	25.575468	-21.974280	
3766	50.249407	-53.359375	25.575468	-21.974280	
3766	50.252388	-53.281250	25.535447	-21.940875	
3767	50.252388	-53.281250	25.535447	-21.940875	
3767	50.246529	-53.203125	25.490017	-21.903867	
3768	50.234375	-53.136798	25.446952	-21.869587	
3768	50.246529	-53.203125	25.490017	-21.903867	
3769	50.232515	-53.125000	25.439516	-21.863743	
3769	50.234375	-53.136798	25.446952	-21.869587	
3770	50.232515	-53.125000	25.439516	-21.863743	
3770	50.212293	-53.046875	25.385179	-21.821672	
3771	50.212293	-53.046875	25.385179	-21.821672	
3771	50.184046	-52.968750	25.325746	-21.776899	
3772	50.156250	-52.911558	25.277578	-21.741539	
3772	50.184046	-52.968750	25.325746	-21.776899	
3773	50.147380	-52.890625	25.260908	-21.729494	
3773	50.156250	-52.911558	25.277578	-21.741539	
3774	50.147380	-52.890625	25.260908	-21.729494	
3774	50.103922	-52.812500	25.191812	-21.680622	
3775	50.050744	-52.734375	25.116480	-21.629305	
3775	50.078125	-52.776652	25.156171	-21.656084	
3776	50.078125	-52.776652	25.156171	-21.656084	
3776	50.103922	-52.812500	25.191812	-21.680622	
3777	50.000000	-52.674386	25.052113	-21.587148	
3777	50.050744	-52.734375	25.116480	-21.629305	
3778	56.406250	-40.977658	25.275271	-17.443990	
3778	56.445375	-40.937500	25.285604	-17.450636	
3779	56.250000	-41.050744	25.202020	-17.389849	
3779	56.328125	-41.028656	25.243853	-17.421956	
3780	56.328125	-41.028656	25.243853	-17.421956	
3780	56.352379	-41.015625	25.254539	-17.429682	
3781	56.352379	-41.015625	25.254539	-17.429682	
3781	56.406250	-40.977658	25.275271	-17.443990	
3782	56.445375	-40.937500	25.285604	-17.450636	
3782	56.484154	-40.859375	25.279630	-17.447168	
3783	56.484375	-40.857807	25.279095	-17.446869	
3783	56.497904	-40.781250	25.256902	-17.435190	
3784	56.484154	-40.859375	25.279630	-17.447168	
3784	56.484375	-40.857807	25.279095	-17.446869	
3785	56.479045	-40.703125	25.211359	-17.414131	
3785	56.484375	-40.728645	25.224990	-17.420090	
3786	56.484375	-40.728645	25.224990	-17.420090	
3786	56.497904	-40.781250	25.256902	-17.435190	
3787	56.406250	-40.633132	25.131815	-17.384420	
3787	56.479045	-40.703125	25.211359	-17.414131	
3788	56.389697	-40.625000	25.117256	-17.379928	
3788	56.406250	-40.633132	25.131815	-17.384420	
3789	56.250000	-40.610680	25.020567	-17.359778	
3789	56.328125	-40.609511	25.069713	-17.367589	
3790	56.328125	-40.609511	25.069713	-17.367589	
3790	56.389697	-40.625000	25.117256	-17.379928	
3791	55.625000	-40.867013	24.814813	-17.156177	
3791	55.613947	-40.859375	24.803681	-17.151730	
3792	55.613947	-40.859375	24.803681	-17.151730	
3792	55.567429	-40.781250	24.738098	-17.122378	
3793	55.567429	-40.781250	24.738098	-17.122378	
3793	55.561847	-40.703125	24.700865	-17.103112	
3794	55.561847	-40.703125	24.700865	-17.103112	
3794	55.583187	-40.625000	24.682190	-17.092415	
3795	56.171875	-41.047586	25.152050	-17.347753	
3795	56.103273	-41.015625	25.099349	-17.298109	
3796	56.171875	-41.047586	25.152050	-17.347753	
3796	56.250000	-41.050744	25.202020	-17.389849	
3797	56.093750	-41.013066	25.093600	-17.292267	
3797	56.103273	-41.015625	25.099349	-17.298109	
3798	56.093750	-41.013066	25.093600	-17.292267	
3798	56.017089	-40.937500	25.034310	-17.222328	
3799	55.937500	-40.899125	25.013728	-17.196630	
3799	56.015625	-40.935820	25.033448	-17.221048	
3800	56.015625	-40.935820	25.033448	-17.221048	
3800	56.017089	-40.937500	25.034310	-17.222328	
3801	56.171875	-40.630065	24.984273	-17.360438	
3801	56.211154	-40.625000	25.000632	-17.359026	
3802	56.093750	-40.634269	24.969467	-17.362027	
3802	56.171875	-40.630065	24.984273	-17.360438	
3803	56.086579	-40.625000	24.967725	-17.357600	
3803	56.093750	-40.634269	24.969467	-17.362027	
3804	55.625000	-40.867013	24.814813	-17.156177	
3804	55.703125	-40.906821	24.884982	-17.180417	
3805	55.703125	-40.906821	24.884982	-17.180417	
3805	55.781250	-40.918317	24.940770	-17.194027	
3806	55.781250	-40.918317	24.940770	-17.194027	
3806	55.859375	-40.914437	24.984943	-17.199187	
3807	55.859375	-40.914437	24.984943	-17.199187	
3807	55.937500	-40.899125	25.013728	-17.196630	
3808	55.625000	-40.566125	24.686345	-17.095020	
3808	55.640853	-40.546875	24.688911	-17.096691	
3809	55.703125	-40.501054	24.712085	-17.112505	
3809	55.781250	-40.473332	24.752953	-17.142516	
3810	55.640853	-40.546875	24.688911	-17.096691	
3810	55.703125	-40.501054	24.712085	-17.112505	
3811	55.859375	-40.469343	24.802142	-17.181632	
3811	55.937500	-40.483734	24.855549	-17.228111	
3812	55.781250	-40.473332	24.752953	-17.142516	
3812	55.859375	-40.469343	24.802142	-17.181632	
3813	56.086579	-40.625000	24.967725	-17.357600	
3813	56.028074	-40.546875	24.927940	-17.301449	
3814	56.015625	-40.531938	24.916548	-17.288664	
3814	56.028074	-40.546875	24.927940	-17.301449	
3815	55.937500	-40.483734	24.855549	-17.228111	
3815	56.015625	-40.531938	24.916548	-17.288664	
3816	56.211154	-40.625000	25.000632	-17.359026	
3816	56.250000	-40.610680	25.020567	-17.359778	
3817	55.583187	-40.625000	24.682190	-17.092415	
3817	55.625000	-40.566125	24.686345	-17.095020	
3818	51.250000	-40.042739	21.150401	-14.906385	
3818	51.310685	-40.000000	21.166447	-14.919587	
3819	51.093750	-40.111639	21.091867	-14.856104	
3819	51.171875	-40.083255	21.123562	-14.883692	
3820	51.171875	-40.083255	21.123562	-14.883692	
3820	51.182549	-40.078125	21.127354	-14.886938	
3821	51.182549	-40.078125	21.127354	-14.886938	
3821	51.250000	-40.042739	21.150401	-14.906385	
3822	50.937500	-40.136313	21.016167	-14.787328	
3822	51.015625	-40.128889	21.055827	-14.823840	
3823	51.015625	-40.128889	21.055827	-14.823840	
3823	51.093750	-40.111639	21.091867	-14.856104	
3824	50.781250	-40.124182	20.927684	-14.702276	
3824	50.859375	-40.134690	20.973378	-14.746810	
3825	50.859375	-40.134690	20.973378	-14.746810	
3825	50.937500	-40.136313	21.016167	-14.787328	
3826	50.703125	-40.104174	20.878981	-14.653357	
3826	50.637697	-40.078125	20.835116	-14.607971	
3827	50.703125	-40.104174	20.878981	-14.653357	
3827	50.781250	-40.124182	20.927684	-14.702276	
3828	50.625000	-40.073675	20.827074	-14.599507	
3828	50.637697	-40.078125	20.835116	-14.607971	
3829	50.546875	-40.034398	20.773197	-14.541618	
3829	50.625000	-40.073675	20.827074	-14.599507	
3830	50.546875	-40.034398	20.773197	-14.541618	
3830	50.497668	-40.000000	20.736067	-14.500430	
3831	42.500000	-35.585388	13.471741	-9.183561	
3831	42.572277	-35.546875	13.497004	-9.204497	
3832	42.578125	-35.543160	13.498771	-9.205947	
3832	42.656250	-35.472231	13.511859	-9.216603	
3833	42.572277	-35.546875	13.497004	-9.204497	
3833	42.578125	-35.543160	13.498771	-9.205947	
3834	42.656250	-35.472231	13.511859	-9.216603	
3834	42.659299	-35.468750	13.512022	-9.216734	
3835	42.659299	-35.468750	13.512022	-9.216734	
3835	42.710100	-35.390625	13.504650	-9.210887	
3836	42.734375	-35.323529	13.486094	-9.196362	
3836	42.738222	-35.312500	13.482978	-9.193941	
3837	42.710100	-35.390625	13.504650	-9.210887	
3837	42.734375	-35.323529	13.486094	-9.196362	
3838	42.738222	-35.312500	13.482978	-9.193941	
3838	42.750857	-35.234375	13.451439	-9.169642	
3839	42.750857	-35.234375	13.451439	-9.169642	
3839	42.747919	-35.156250	13.409829	-9.138040	
3840	42.729827	-35.078125	13.358339	-9.099501	
3840	42.734375	-35.100774	13.372767	-9.110242	
3841	42.734375	-35.100774	13.372767	-9.110242	
3841	42.747919	-35.156250	13.409829	-9.138040	
3842	42.729827	-35.078125	13.358339	-9.099501	
3842	42.697769	-35.000000	13.297749	-9.054840	
3843	42.031250	-35.475055	13.143634	-8.892667	
3843	42.026216	-35.468750	13.137848	-8.887248	
3844	42.187500	-35.581757	13.283520	-9.020509	
3844	42.125681	-35.546875	13.230972	-8.973162	
3845	42.109375	-35.539187	13.218047	-8.961395	
3845	42.125681	-35.546875	13.230972	-8.973162	
3846	42.031250	-35.475055	13.143634	-8.892667	
3846	42.109375	-35.539187	13.218047	-8.961395	
3847	42.026216	-35.468750	13.137848	-8.887248	
3847	41.964005	-35.390625	13.067571	-8.820456	
3848	41.953125	-35.376646	13.055424	-8.808707	
3848	41.964005	-35.390625	13.067571	-8.820456	
3849	41.953125	-35.376646	13.055424	-8.808707	
3849	41.919949	-35.312500	13.008991	-8.763129	
3850	42.187500	-35.581757	13.283520	-9.020509	
3850	42.265625	-35.605292	13.340687	-9.071141	
3851	42.265625	-35.605292	13.340687	-9.071141	
3851	42.343750	-35.613557	13.391130	-9.115052	
3852	42.343750	-35.613557	13.391130	-9.115052	
3852	42.421875	-35.607543	13.435170	-9.152760	
3853	42.421875	-35.607543	13.435170	-9.152760	
3853	42.500000	-35.585388	13.471741	-9.183561	
3854	41.919949	-35.312500	13.008991	-8.763129	
3854	41.890624	-35.234375	12.959965	-8.713558	
3855	41.875000	-35.162323	12.922259	-8.673945	
3855	41.890624	-35.234375	12.959965	-8.713558	
3856	41.875000	-35.162323	12.922259	-8.673945	
3856	41.873739	-35.156250	12.919236	-8.670689	
3857	41.873739	-35.156250	12.919236	-8.670689	
3857	41.863259	-35.078125	12.884867	-8.632424	
3858	41.863259	-35.078125	12.884867	-8.632424	
3858	41.866453	-35.000000	12.860703	-8.602831	
3859	49.531250	-39.145198	20.086584	-13.902697	
3859	49.609375	-39.170093	20.148974	-13.928459	
3860	49.609375	-39.170093	20.148974	-13.928459	
3860	49.687500	-39.188083	20.206962	-13.950081	
3861	49.531250	-39.145198	20.086584	-13.902697	
3861	49.518445	-39.140625	20.076005	-13.898110	
3862	49.453125	-39.114729	20.020437	-13.873096	
3862	49.518445	-39.140625	20.076005	-13.898110	
3863	49.375000	-39.076776	19.950071	-13.839443	
3863	49.453125	-39.114729	20.020437	-13.873096	
3864	49.843750	-39.205015	20.308393	-13.980113	
3864	49.921875	-39.205536	20.350098	-13.987640	
3865	49.921875	-39.205536	20.350098	-13.987640	
3865	50.000000	-39.203283	20.382808	-13.989164	
3866	49.687500	-39.188083	20.206962	-13.950081	
3866	49.765625	-39.199528	20.260286	-13.967404	
3867	49.765625	-39.199528	20.260286	-13.967404	
3867	49.843750	-39.205015	20.308393	-13.980113	
3868	49.375000	-39.076776	19.950071	-13.839443	
3868	49.347907	-39.062500	19.924924	-13.826937	
3869	49.140625	-38.910340	19.710752	-13.711847	
3869	49.218750	-38.975897	19.795798	-13.759249	
3870	49.140625	-38.910340	19.710752	-13.711847	
3870	49.135702	-38.906250	19.705373	-13.708781	
3871	49.296875	-39.030646	19.875254	-13.801560	
3871	49.228865	-38.984375	19.806711	-13.765178	
3872	49.296875	-39.030646	19.875254	-13.801560	
3872	49.347907	-39.062500	19.924924	-13.826937	
3873	49.218750	-38.975897	19.795798	-13.759249	
3873	49.228865	-38.984375	19.806711	-13.765178	
3874	49.062500	-38.830833	19.618633	-13.658271	
3874	49.135702	-38.906250	19.705373	-13.708781	
3875	49.062500	-38.830833	19.618633	-13.658271	
3875	49.059779	-38.828125	19.615432	-13.656370	
3876	49.059779	-38.828125	19.615432	-13.656370	
3876	48.996432	-38.750000	19.533845	-13.607065	
3877	48.906250	-38.599987	19.398472	-13.521787	
3877	48.902624	-38.593750	19.392894	-13.518183	
3878	48.984375	-38.730767	19.516251	-13.596222	
3878	48.943993	-38.671875	19.459592	-13.560813	
3879	48.984375	-38.730767	19.516251	-13.596222	
3879	48.996432	-38.750000	19.533845	-13.607065	
3880	48.906250	-38.599987	19.398472	-13.521787	
3880	48.943993	-38.671875	19.459592	-13.560813	
3881	48.902624	-38.593750	19.392894	-13.518183	
3881	48.867806	-38.515625	19.330511	-13.477394	
3882	48.867806	-38.515625	19.330511	-13.477394	
3882	48.842416	-38.437500	19.274563	-13.440056	
3883	48.828125	-38.372600	19.232704	-13.411640	
3883	48.824798	-38.359375	19.223849	-13.405574	
3884	48.828125	-38.372600	19.232704	-13.411640	
3884	48.842416	-38.437500	19.274563	-13.440056	
3885	48.824798	-38.359375	19.223849	-13.405574	
3885	48.814058	-38.281250	19.177722	-13.373659	
3886	48.814058	-38.281250	19.177722	-13.373659	
3886	48.811624	-38.203125	19.137170	-13.345133	
3887	48.811624	-38.203125	19.137170	-13.345133	
3887	48.817850	-38.125000	19.102392	-13.320275	
3888	49.996232	-37.812500	19.636609	-13.812084	
3888	50.000000	-37.814911	19.639504	-13.815062	
3889	49.765625	-37.678110	19.455946	-13.634694	
3889	49.843750	-37.714728	19.514745	-13.690755	
3890	49.703055	-37.656250	19.411407	-13.593164	
3890	49.765625	-37.678110	19.455946	-13.634694	
3891	49.875799	-37.734375	19.540615	-13.715899	
3891	49.921875	-37.759443	19.575649	-13.750452	
3892	49.921875	-37.759443	19.575649	-13.750452	
3892	49.996232	-37.812500	19.636609	-13.812084	
3893	49.843750	-37.714728	19.514745	-13.690755	
3893	49.875799	-37.734375	19.540615	-13.715899	
3894	49.687500	-37.650016	19.399786	-13.582453	
3894	49.703055	-37.656250	19.411407	-13.593164	
3895	49.531250	-37.614351	19.293757	-13.486977	
3895	49.609375	-37.628175	19.345365	-13.532954	
3896	49.609375	-37.628175	19.345365	-13.532954	
3896	49.687500	-37.650016	19.399786	-13.582453	
3897	49.375000	-37.609823	19.199064	-13.404958	
3897	49.453125	-37.608173	19.244921	-13.444303	
3898	49.453125	-37.608173	19.244921	-13.444303	
3898	49.531250	-37.614351	19.293757	-13.486977	
3899	48.817850	-38.125000	19.102392	-13.320275	
3899	48.828125	-38.072738	19.083202	-13.306380	
3900	48.828125	-38.072738	19.083202	-13.306380	
3900	48.833327	-38.046875	19.073729	-13.299466	
3901	48.833327	-38.046875	19.073729	-13.299466	
3901	48.859043	-37.968750	19.051763	-13.283266	
3902	48.906250	-37.878474	19.037756	-13.272764	
3902	48.954705	-37.812500	19.036422	-13.271755	
3903	48.859043	-37.968750	19.051763	-13.283266	
3903	48.898366	-37.890625	19.038648	-13.273439	
3904	48.898366	-37.890625	19.038648	-13.273439	
3904	48.906250	-37.878474	19.037756	-13.272764	
3905	49.140625	-37.670867	19.084793	-13.310126	
3905	49.175629	-37.656250	19.099530	-13.322073	
3906	49.062500	-37.715984	19.057705	-13.288443	
3906	49.140625	-37.670867	19.084793	-13.310126	
3907	49.218750	-37.639853	19.118274	-13.337400	
3907	49.296875	-37.619987	19.156624	-13.369180	
3908	49.296875	-37.619987	19.156624	-13.369180	
3908	49.375000	-37.609823	19.199064	-13.404958	
3909	49.175629	-37.656250	19.099530	-13.322073	
3909	49.218750	-37.639853	19.118274	-13.337400	
3910	48.954705	-37.812500	19.036422	-13.271755	
3910	48.984375	-37.780976	19.039926	-13.274468	
3911	48.984375	-37.780976	19.039926	-13.274468	
3911	49.037538	-37.734375	19.050907	-13.283070	
3912	49.037538	-37.734375	19.050907	-13.283070	
3912	49.062500	-37.715984	19.057705	-13.288443	
3913	41.171875	-34.765998	12.335272	-8.245293	
3913	41.171403	-34.765625	12.334779	-8.244928	
3914	41.171875	-34.765998	12.335272	-8.245293	
3914	41.250000	-34.830529	12.418103	-8.306170	
3915	41.171403	-34.765625	12.334779	-8.244928	
3915	41.099559	-34.687500	12.249146	-8.180807	
3916	41.093750	-34.678195	12.240732	-8.174447	
3916	41.043765	-34.609375	12.173829	-8.123525	
3917	41.015625	-34.552826	12.127207	-8.087680	
3917	41.043765	-34.609375	12.173829	-8.123525	
3918	41.015625	-34.552826	12.127207	-8.087680	
3918	41.002905	-34.531250	12.108113	-8.072918	
3919	41.093750	-34.678195	12.240732	-8.174447	
3919	41.099559	-34.687500	12.249146	-8.180807	
3920	41.002905	-34.531250	12.108113	-8.072918	
3920	40.971578	-34.453125	12.048476	-8.026508	
3921	40.971578	-34.453125	12.048476	-8.026508	
3921	40.951599	-34.375000	11.996073	-7.985353	
3922	40.951599	-34.375000	11.996073	-7.985353	
3922	40.941309	-34.296875	11.949804	-7.948720	
3923	40.941309	-34.296875	11.949804	-7.948720	
3923	40.940639	-34.218750	11.909594	-7.916646	
3924	40.940639	-34.218750	11.909594	-7.916646	
3924	40.950892	-34.140625	11.876236	-7.889850	
3925	40.950892	-34.140625	11.876236	-7.889850	
3925	40.974879	-34.062500	11.851451	-7.869805	
3926	40.974879	-34.062500	11.851451	-7.869805	
3926	41.015625	-33.987138	11.838476	-7.859244	
3927	41.015625	-33.987138	11.838476	-7.859244	
3927	41.017478	-33.984375	11.838222	-7.859036	
3928	41.017478	-33.984375	11.838222	-7.859036	
3928	41.091300	-33.906250	11.844258	-7.864007	
3929	41.093750	-33.904237	11.844749	-7.864413	
3929	41.171875	-33.858604	11.869751	-7.885114	
3930	41.171875	-33.858604	11.869751	-7.885114	
3930	41.250000	-33.836019	11.906238	-7.915529	
3931	41.091300	-33.906250	11.844258	-7.864007	
3931	41.093750	-33.904237	11.844749	-7.864413	
3932	41.328125	-34.880651	12.493631	-8.360553	
3932	41.406250	-34.918738	12.563015	-8.409387	
3933	41.328125	-34.880651	12.493631	-8.360553	
3933	41.265803	-34.843750	12.434887	-8.318354	
3934	41.484375	-34.946417	12.626989	-8.453243	
3934	41.413187	-34.921875	12.569033	-8.413564	
3935	41.484375	-34.946417	12.626989	-8.453243	
3935	41.562500	-34.964081	12.685640	-8.492191	
3936	41.406250	-34.918738	12.563015	-8.409387	
3936	41.413187	-34.921875	12.569033	-8.413564	
3937	41.250000	-34.830529	12.418103	-8.306170	
3937	41.265803	-34.843750	12.434887	-8.318354	
3938	41.562500	-34.964081	12.685640	-8.492191	
3938	41.640625	-34.972182	12.738946	-8.526166	
3939	41.640625	-34.972182	12.738946	-8.526166	
3939	41.718750	-34.971889	12.786736	-8.554910	
3940	41.718750	-34.971889	12.786736	-8.554910	
3940	41.796875	-34.964874	12.827390	-8.577261	
3941	41.866453	-35.000000	12.860703	-8.602831	
3941	41.875000	-34.952321	12.852061	-8.590357	
3942	41.796875	-34.964874	12.827390	-8.577261	
3942	41.870295	-34.921875	12.848164	-8.585717	
3943	41.870295	-34.921875	12.848164	-8.585717	
3943	41.875000	-34.921544	12.849058	-8.585959	
3944	42.031250	-34.767732	12.757518	-8.698739	
3944	42.054506	-34.765625	12.766694	-8.702801	
3945	42.109375	-34.737286	12.787195	-8.712966	
3945	42.187500	-34.729580	12.830294	-8.737357	
3946	42.054506	-34.765625	12.766694	-8.702801	
3946	42.109375	-34.737286	12.787195	-8.712966	
3947	42.031250	-34.767732	12.757518	-8.698739	
3947	42.027786	-34.765625	12.756006	-8.698013	
3948	42.027786	-34.765625	12.756006	-8.698013	
3948	42.017680	-34.687500	12.736256	-8.675638	
3949	42.412859	-34.765625	12.992465	-8.840541	
3949	42.421875	-34.769065	13.000066	-8.845626	
3950	42.421875	-34.769065	13.000066	-8.845626	
3950	42.500000	-34.805517	13.069507	-8.892775	
3951	42.343750	-34.744959	12.937244	-8.804133	
3951	42.412859	-34.765625	12.992465	-8.840541	
3952	42.265625	-34.732183	12.880693	-8.768044	
3952	42.343750	-34.744959	12.937244	-8.804133	
3953	42.187500	-34.729580	12.830294	-8.737357	
3953	42.265625	-34.732183	12.880693	-8.768044	
3954	42.017680	-34.687500	12.736256	-8.675638	
3954	42.015893	-34.609375	12.709273	-8.644046	
3955	42.015893	-34.609375	12.709273	-8.644046	
3955	42.008968	-34.531250	12.675380	-8.607442	
3956	42.008968	-34.531250	12.675380	-8.607442	
3956	41.994305	-34.453125	12.635135	-8.566178	
3957	41.994305	-34.453125	12.635135	-8.566178	
3957	41.971290	-34.375000	12.588740	-8.520349	
3958	41.939823	-34.296875	12.536316	-8.470046	
3958	41.953125	-34.324498	12.556136	-8.488912	
3959	41.953125	-34.324498	12.556136	-8.488912	
3959	41.971290	-34.375000	12.588740	-8.520349	
3960	41.939823	-34.296875	12.536316	-8.470046	
3960	41.899973	-34.218750	12.477970	-8.415377	
3961	41.875000	-34.173511	12.442529	-8.382697	
3961	41.899973	-34.218750	12.477970	-8.415377	
3962	41.849101	-34.140625	12.412299	-8.355086	
3962	41.875000	-34.173511	12.442529	-8.382697	
3963	41.796875	-34.071795	12.349250	-8.298174	
3963	41.849101	-34.140625	12.412299	-8.355086	
3964	41.786420	-34.062500	12.338756	-8.288781	
3964	41.796875	-34.071795	12.349250	-8.298174	
3965	41.704317	-33.984375	12.252867	-8.212631	
3965	41.718750	-33.994104	12.266052	-8.224242	
3966	41.640625	-33.933501	12.190250	-8.157843	
3966	41.704317	-33.984375	12.252867	-8.212631	
3967	41.589496	-33.906250	12.146459	-8.119848	
3967	41.640625	-33.933501	12.190250	-8.157843	
3968	41.718750	-33.994104	12.266052	-8.224242	
3968	41.786420	-34.062500	12.338756	-8.288781	
3969	41.562500	-33.888875	12.121692	-8.098469	
3969	41.589496	-33.906250	12.146459	-8.119848	
3970	41.406250	-33.836995	12.001815	-7.996019	
3970	41.484375	-33.856203	12.058573	-8.044318	
3971	41.484375	-33.856203	12.058573	-8.044318	
3971	41.562500	-33.888875	12.121692	-8.098469	
3972	41.250000	-33.836019	11.906238	-7.915529	
3972	41.328125	-33.829933	11.950844	-7.952958	
3973	41.328125	-33.829933	11.950844	-7.952958	
3973	41.406250	-33.836995	12.001815	-7.996019	
3974	42.643462	-34.921875	13.222516	-9.000339	
3974	42.656250	-34.941698	13.240882	-9.013548	
3975	42.578125	-34.859629	13.148064	-8.947427	
3975	42.643462	-34.921875	13.222516	-9.000339	
3976	42.561127	-34.843750	13.128952	-8.934015	
3976	42.578125	-34.859629	13.148064	-8.947427	
3977	42.656250	-34.941698	13.240882	-9.013548	
3977	42.697769	-35.000000	13.297749	-9.054840	
3978	42.500000	-34.805517	13.069507	-8.892775	
3978	42.561127	-34.843750	13.128952	-8.934015	
3979	40.312500	-30.028192	9.427514	-5.855555	
3979	40.381353	-30.000000	9.456469	-5.878533	
3980	40.156250	-30.087479	9.359776	-5.801660	
3980	40.180970	-30.078125	9.370479	-5.810189	
3981	40.234375	-30.058537	9.393942	-5.828868	
3981	40.312500	-30.028192	9.427514	-5.855555	
3982	40.180970	-30.078125	9.370479	-5.810189	
3982	40.234375	-30.058537	9.393942	-5.828868	
3983	40.000000	-30.141292	9.289721	-5.745731	
3983	40.078125	-30.115210	9.325109	-5.774006	
3984	40.078125	-30.115210	9.325109	-5.774006	
3984	40.156250	-30.087479	9.359776	-5.801660	
3985	50.312500	-39.825915	20.589976	-14.325458	
3985	50.270514	-39.765625	20.552610	-14.276191	
3986	50.234375	-39.707230	20.520236	-14.231243	
3986	50.270514	-39.765625	20.552610	-14.276191	
3987	50.234375	-39.707230	20.520236	-14.231243	
3987	50.224056	-39.687500	20.510361	-14.217008	
3988	50.468750	-39.981427	20.715592	-14.477225	
3988	50.401042	-39.921875	20.662240	-14.414930	
3989	50.390625	-39.913163	20.654512	-14.405664	
3989	50.401042	-39.921875	20.662240	-14.414930	
3990	50.390625	-39.913163	20.654512	-14.405664	
3990	50.328332	-39.843750	20.602634	-14.341630	
3991	50.468750	-39.981427	20.715592	-14.477225	
3991	50.497668	-40.000000	20.736067	-14.500430	
3992	50.312500	-39.825915	20.589976	-14.325458	
3992	50.328332	-39.843750	20.602634	-14.341630	
3993	50.224056	-39.687500	20.510361	-14.217008	
3993	50.186664	-39.609375	20.474917	-14.163208	
3994	50.186664	-39.609375	20.474917	-14.163208	
3994	50.158871	-39.531250	20.446201	-14.115033	
3995	50.156250	-39.522460	20.443369	-14.109940	
3995	50.158871	-39.531250	20.446201	-14.115033	
3996	50.156250	-39.522460	20.443369	-14.109940	
3996	50.134726	-39.453125	20.423418	-14.071203	
3997	50.134726	-39.453125	20.423418	-14.071203	
3997	50.116759	-39.375000	20.407624	-14.033501	
3998	51.248818	-38.906250	20.584770	-14.570015	
3998	51.250000	-38.907335	20.586076	-14.570670	
3999	51.137358	-38.828125	20.472630	-14.516150	
3999	51.171875	-38.850355	20.506230	-14.531774	
4000	51.171875	-38.850355	20.506230	-14.531774	
4000	51.248818	-38.906250	20.584770	-14.570015	
4001	51.093750	-38.804613	20.432305	-14.498031	
4001	51.137358	-38.828125	20.472630	-14.516150	
4002	51.015625	-38.769067	20.363828	-14.469001	
4002	51.093750	-38.804613	20.432305	-14.498031	
4003	50.961282	-38.750000	20.319263	-14.451441	
4003	51.015625	-38.769067	20.363828	-14.469001	
4004	50.116759	-39.375000	20.407624	-14.033501	
4004	50.103266	-39.296875	20.399585	-14.003507	
4005	50.103266	-39.296875	20.399585	-14.003507	
4005	50.085178	-39.218750	20.400005	-13.985567	
4006	50.000000	-39.203283	20.382808	-13.989164	
4006	50.078125	-39.210357	20.400092	-13.985129	
4007	50.078125	-39.210357	20.400092	-13.985129	
4007	50.085178	-39.218750	20.400005	-13.985567	
4008	51.310685	-40.000000	21.166447	-14.919587	
4008	51.328125	-39.985802	21.170245	-14.922660	
4009	51.328125	-39.985802	21.170245	-14.922660	
4009	51.392885	-39.921875	21.179329	-14.929889	
4010	51.392885	-39.921875	21.179329	-14.929889	
4010	51.406250	-39.905523	21.179741	-14.930211	
4011	51.406250	-39.905523	21.179741	-14.930211	
4011	51.451057	-39.843750	21.178038	-14.928917	
4012	51.451057	-39.843750	21.178038	-14.928917	
4012	51.484375	-39.781315	21.168940	-14.922120	
4013	51.484375	-39.781315	21.168940	-14.922120	
4013	51.492244	-39.765625	21.166402	-14.920249	
4014	51.492244	-39.765625	21.166402	-14.920249	
4014	51.521199	-39.687500	21.147194	-14.906324	
4015	51.521199	-39.687500	21.147194	-14.906324	
4015	51.538738	-39.609375	21.120697	-14.887618	
4016	51.538738	-39.609375	21.120697	-14.887618	
4016	51.546420	-39.531250	21.087808	-14.865004	
4017	51.546420	-39.531250	21.087808	-14.865004	
4017	51.545160	-39.453125	21.049055	-14.839054	
4018	51.545160	-39.453125	21.049055	-14.839054	
4018	51.535215	-39.375000	21.004544	-14.810044	
4019	51.535215	-39.375000	21.004544	-14.810044	
4019	51.516105	-39.296875	20.953880	-14.777945	
4020	51.516105	-39.296875	20.953880	-14.777945	
4020	51.486452	-39.218750	20.896025	-14.742396	
4021	51.448865	-39.140625	20.832975	-14.704924	
4021	51.484375	-39.214789	20.892681	-14.740376	
4022	51.484375	-39.214789	20.892681	-14.740376	
4022	51.486452	-39.218750	20.896025	-14.742396	
4023	51.406250	-39.076478	20.773026	-14.670490	
4023	51.448865	-39.140625	20.832975	-14.704924	
4024	51.397588	-39.062500	20.760529	-14.663457	
4024	51.406250	-39.076478	20.773026	-14.670490	
4025	51.397588	-39.062500	20.760529	-14.663457	
4025	51.332583	-38.984375	20.678892	-14.618767	
4026	51.328125	-38.980148	20.673805	-14.616055	
4026	51.332583	-38.984375	20.678892	-14.618767	
4027	51.250000	-38.907335	20.586076	-14.570670	
4027	51.328125	-38.980148	20.673805	-14.616055	
4028	50.462188	-38.671875	20.055219	-14.390772	
4028	50.468750	-38.687738	20.054614	-14.393235	
4029	50.462188	-38.671875	20.055219	-14.390772	
4029	50.449257	-38.593750	20.053354	-14.368723	
4030	50.468750	-38.687738	20.054614	-14.393235	
4030	50.546875	-38.705524	20.068029	-14.390135	
4031	50.546875	-38.705524	20.068029	-14.390135	
4031	50.625000	-38.702869	20.098990	-14.390331	
4032	50.449257	-38.593750	20.053354	-14.368723	
4032	50.435446	-38.515625	20.042862	-14.336929	
4033	50.435446	-38.515625	20.042862	-14.336929	
4033	50.416273	-38.437500	20.024814	-14.298343	
4034	50.390380	-38.359375	19.999816	-14.254093	
4034	50.390625	-38.360118	20.000079	-14.254529	
4035	50.390625	-38.360118	20.000079	-14.254529	
4035	50.416273	-38.437500	20.024814	-14.298343	
4036	50.390380	-38.359375	19.999816	-14.254093	
4036	50.361796	-38.281250	19.969171	-14.206261	
4037	50.361796	-38.281250	19.969171	-14.206261	
4037	50.324747	-38.203125	19.932071	-14.153563	
4038	50.312500	-38.179109	19.919590	-14.136720	
4038	50.324747	-38.203125	19.932071	-14.153563	
4039	50.280195	-38.125000	19.888680	-14.096463	
4039	50.312500	-38.179109	19.919590	-14.136720	
4040	50.625000	-38.702869	20.098990	-14.390331	
4040	50.703125	-38.703229	20.139826	-14.396460	
4041	50.703125	-38.703229	20.139826	-14.396460	
4041	50.781250	-38.709199	20.187714	-14.407806	
4042	50.781250	-38.709199	20.187714	-14.407806	
4042	50.859375	-38.721927	20.241390	-14.423851	
4043	50.859375	-38.721927	20.241390	-14.423851	
4043	50.937500	-38.742270	20.300329	-14.444342	
4044	50.937500	-38.742270	20.300329	-14.444342	
4044	50.961282	-38.750000	20.319263	-14.451441	
4045	50.227333	-38.046875	19.838653	-14.034759	
4045	50.234375	-38.055459	19.844769	-14.042111	
4046	50.234375	-38.055459	19.844769	-14.042111	
4046	50.280195	-38.125000	19.888680	-14.096463	
4047	50.227333	-38.046875	19.838653	-14.034759	
4047	50.164340	-37.968750	19.781106	-13.967715	
4048	50.156250	-37.958589	19.773385	-13.958981	
4048	50.164340	-37.968750	19.781106	-13.967715	
4049	50.088502	-37.890625	19.714515	-13.894080	
4049	50.156250	-37.958589	19.773385	-13.958981	
4050	50.078125	-37.879727	19.705001	-13.883848	
4050	50.088502	-37.890625	19.714515	-13.894080	
4051	50.000000	-37.814911	19.639504	-13.815062	
4051	50.078125	-37.879727	19.705001	-13.883848	
4052	53.750000	-35.305146	21.071650	-13.976618	
4052	53.791866	-35.234375	21.068031	-13.974284	
4053	53.791866	-35.234375	21.068031	-13.974284	
4053	53.808023	-35.156250	21.044145	-13.959482	
4054	53.808023	-35.156250	21.044145	-13.959482	
4054	53.802589	-35.078125	21.005482	-13.937030	
4055	53.802589	-35.078125	21.005482	-13.937030	
4055	53.775129	-35.000000	20.951279	-13.907725	
4056	53.437500	-35.363520	20.912888	-13.845985	
4056	53.366987	-35.312500	20.857515	-13.791888	
4057	53.671875	-35.368025	21.049475	-13.960599	
4057	53.744184	-35.312500	21.071128	-13.976258	
4058	53.593750	-35.389917	21.011283	-13.931018	
4058	53.671875	-35.368025	21.049475	-13.960599	
4059	53.515625	-35.387098	20.964857	-13.892464	
4059	53.593750	-35.389917	21.011283	-13.931018	
4060	53.437500	-35.363520	20.912888	-13.845985	
4060	53.515625	-35.387098	20.964857	-13.892464	
4061	53.744184	-35.312500	21.071128	-13.976258	
4061	53.750000	-35.305146	21.071650	-13.976618	
4062	53.281250	-35.215936	20.787621	-13.713059	
4062	53.248813	-35.156250	20.760190	-13.675326	
4063	53.359375	-35.308347	20.852521	-13.786723	
4063	53.296447	-35.234375	20.799050	-13.727182	
4064	53.359375	-35.308347	20.852521	-13.786723	
4064	53.366987	-35.312500	20.857515	-13.791888	
4065	53.281250	-35.215936	20.787621	-13.713059	
4065	53.296447	-35.234375	20.799050	-13.727182	
4066	53.248813	-35.156250	20.760190	-13.675326	
4066	53.219919	-35.078125	20.739508	-13.637101	
4067	53.203125	-35.024873	20.736096	-13.622594	
4067	53.219919	-35.078125	20.739508	-13.637101	
4068	53.125000	-35.023893	20.706830	-13.622758	
4068	53.203125	-35.024873	20.736096	-13.622594	
4069	53.046875	-35.012076	20.655962	-13.611756	
4069	53.125000	-35.023893	20.706830	-13.622758	
4070	53.046875	-35.012076	20.655962	-13.611756	
4070	53.007465	-35.000000	20.625353	-13.602348	
4071	59.531250	-32.910701	25.003491	-15.033717	
4071	59.558286	-32.890625	25.016492	-15.040990	
4072	59.558286	-32.890625	25.016492	-15.040990	
4072	59.592447	-32.812500	25.011977	-15.038982	
4073	59.375000	-32.924667	24.895692	-14.962492	
4073	59.453125	-32.935564	24.954836	-15.003791	
4074	59.453125	-32.935564	24.954836	-15.003791	
4074	59.531250	-32.910701	25.003491	-15.033717	
4075	59.453125	-32.666699	24.838305	-14.976501	
4075	59.531250	-32.709067	24.918888	-15.001257	
4076	59.375000	-32.657877	24.774358	-14.964256	
4076	59.453125	-32.666699	24.838305	-14.976501	
4077	59.592447	-32.812500	25.011977	-15.038982	
4077	59.564323	-32.734375	24.957070	-15.015507	
4078	59.531250	-32.709067	24.918888	-15.001257	
4078	59.564323	-32.734375	24.957070	-15.015507	
4079	59.375000	-32.924667	24.895692	-14.962492	
4079	59.333731	-32.890625	24.854952	-14.930082	
4080	59.296875	-32.875893	24.829806	-14.907661	
4080	59.333731	-32.890625	24.854952	-14.930082	
4081	59.296875	-32.875893	24.829806	-14.907661	
4081	59.243090	-32.812500	24.791119	-14.864376	
4082	59.062500	-32.776186	24.665124	-14.838385	
4082	59.140625	-32.797213	24.734071	-14.854822	
4083	59.140625	-32.797213	24.734071	-14.854822	
4083	59.218750	-32.803981	24.782766	-14.860053	
4084	59.218750	-32.803981	24.782766	-14.860053	
4084	59.243090	-32.812500	24.791119	-14.864376	
4085	59.296875	-32.657477	24.737660	-14.963510	
4085	59.375000	-32.657877	24.774358	-14.964256	
4086	59.292332	-32.656250	24.737116	-14.962784	
4086	59.296875	-32.657477	24.737660	-14.963510	
4087	59.292332	-32.656250	24.737116	-14.962784	
4087	59.238423	-32.578125	24.695921	-14.913058	
4088	59.218750	-32.553854	24.675343	-14.894532	
4088	59.238423	-32.578125	24.695921	-14.913058	
4089	59.140625	-32.517674	24.610652	-14.844320	
4089	59.218750	-32.553854	24.675343	-14.894532	
4090	59.062500	-32.515814	24.553757	-14.806203	
4090	59.140625	-32.517674	24.610652	-14.844320	
4091	52.812500	-34.866144	20.432156	-13.518884	
4091	52.791474	-34.843750	20.407183	-13.505905	
4092	52.791474	-34.843750	20.407183	-13.505905	
4092	52.750737	-34.765625	20.343758	-13.471001	
4093	52.734375	-34.691923	20.299212	-13.444757	
4093	52.750737	-34.765625	20.343758	-13.471001	
4094	52.734375	-34.691923	20.299212	-13.444757	
4094	52.733036	-34.687500	20.296242	-13.442952	
4095	52.890625	-34.941953	20.520107	-13.560982	
4095	52.861329	-34.921875	20.490611	-13.547523	
4096	52.890625	-34.941953	20.520107	-13.560982	
4096	52.968750	-34.986374	20.593265	-13.591019	
4097	52.812500	-34.866144	20.432156	-13.518884	
4097	52.861329	-34.921875	20.490611	-13.547523	
4098	52.968750	-34.986374	20.593265	-13.591019	
4098	53.007465	-35.000000	20.625353	-13.602348	
4099	53.046875	-34.409777	20.363082	-13.505561	
4099	53.125000	-34.443642	20.420062	-13.556630	
4100	52.968750	-34.400060	20.313726	-13.464096	
4100	53.046875	-34.409777	20.363082	-13.505561	
4101	52.812500	-34.458590	20.243801	-13.409795	
4101	52.819236	-34.453125	20.245632	-13.411129	
4102	52.890625	-34.413130	20.272330	-13.431227	
4102	52.968750	-34.400060	20.313726	-13.464096	
4103	52.819236	-34.453125	20.245632	-13.411129	
4103	52.890625	-34.413130	20.272330	-13.431227	
4104	52.733036	-34.687500	20.296242	-13.442952	
4104	52.733340	-34.609375	20.260802	-13.420779	
4105	52.734375	-34.605564	20.259780	-13.420119	
4105	52.756204	-34.531250	20.240306	-13.407242	
4106	52.733340	-34.609375	20.260802	-13.420779	
4106	52.734375	-34.605564	20.259780	-13.420119	
4107	52.756204	-34.531250	20.240306	-13.407242	
4107	52.812500	-34.458590	20.243801	-13.409795	
4108	53.349384	-34.765625	20.604588	-13.780684	
4108	53.359375	-34.786647	20.605811	-13.785871	
4109	53.359375	-34.786647	20.605811	-13.785871	
4109	53.437500	-34.793808	20.634200	-13.786832	
4110	53.349384	-34.765625	20.604588	-13.780684	
4110	53.325983	-34.687500	20.589315	-13.747505	
4111	53.721857	-34.921875	20.878812	-13.871892	
4111	53.750000	-34.965832	20.917831	-13.890725	
4112	53.671875	-34.880363	20.824614	-13.847568	
4112	53.721857	-34.921875	20.878812	-13.871892	
4113	53.617931	-34.843750	20.770847	-13.825766	
4113	53.671875	-34.880363	20.824614	-13.847568	
4114	53.593750	-34.832378	20.749052	-13.817698	
4114	53.617931	-34.843750	20.770847	-13.825766	
4115	53.437500	-34.793808	20.634200	-13.786832	
4115	53.515625	-34.804977	20.685157	-13.797377	
4116	53.515625	-34.804977	20.685157	-13.797377	
4116	53.593750	-34.832378	20.749052	-13.817698	
4117	53.228562	-34.531250	20.505520	-13.641674	
4117	53.281250	-34.600680	20.551357	-13.694364	
4118	53.325983	-34.687500	20.589315	-13.747505	
4118	53.285858	-34.609375	20.555862	-13.700019	
4119	53.281250	-34.600680	20.551357	-13.694364	
4119	53.285858	-34.609375	20.555862	-13.700019	
4120	53.136106	-34.453125	20.429923	-13.565859	
4120	53.203125	-34.499158	20.481351	-13.616298	
4121	53.203125	-34.499158	20.481351	-13.616298	
4121	53.228562	-34.531250	20.505520	-13.641674	
4122	53.125000	-34.443642	20.420062	-13.556630	
4122	53.136106	-34.453125	20.429923	-13.565859	
4123	53.750000	-34.965832	20.917831	-13.890725	
4123	53.775129	-35.000000	20.951279	-13.907725	
4124	52.500000	-24.409960	16.098689	-9.245073	
4124	52.484965	-24.375000	16.084557	-9.230054	
4125	51.953125	-24.299063	15.702878	-9.105666	
4125	51.946746	-24.296875	15.696801	-9.103385	
4126	51.953125	-24.299063	15.702878	-9.105666	
4126	52.031250	-24.322500	15.775533	-9.132111	
4127	51.875000	-24.266713	15.626125	-9.076168	
4127	51.946746	-24.296875	15.696801	-9.103385	
4128	52.031250	-24.322500	15.775533	-9.132111	
4128	52.109375	-24.336659	15.843838	-9.155340	
4129	52.109375	-24.336659	15.843838	-9.155340	
4129	52.187500	-24.341960	15.907607	-9.175153	
4130	52.187500	-24.341960	15.907607	-9.175153	
4130	52.265625	-24.338617	15.966169	-9.191083	
4131	52.265625	-24.338617	15.966169	-9.191083	
4131	52.343750	-24.324330	16.017444	-9.202117	
4132	52.343750	-24.324330	16.017444	-9.202117	
4132	52.397407	-24.296875	16.045806	-9.205808	
4133	52.484965	-24.375000	16.084557	-9.230054	
4133	52.436699	-24.296875	16.061750	-9.206695	
4134	52.421875	-24.293096	16.056589	-9.206334	
4134	52.436699	-24.296875	16.061750	-9.206695	
4135	52.397407	-24.296875	16.045806	-9.205808	
4135	52.421875	-24.293096	16.056589	-9.206334	
4136	52.464874	-23.750000	15.818388	-9.287868	
4136	52.500000	-23.806256	15.858010	-9.319475	
4137	51.796875	-24.223672	15.544731	-9.043424	
4137	51.875000	-24.266713	15.626125	-9.076168	
4138	51.796875	-24.223672	15.544731	-9.043424	
4138	51.788266	-24.218750	15.535644	-9.039685	
4139	51.718750	-24.165638	15.457107	-9.006721	
4139	51.788266	-24.218750	15.535644	-9.039685	
4140	51.718750	-24.165638	15.457107	-9.006721	
4140	51.687164	-24.140625	15.420876	-8.991145	
4141	51.640625	-24.088399	15.361500	-8.965143	
4141	51.687164	-24.140625	15.420876	-8.991145	
4142	51.640625	-24.088399	15.361500	-8.965143	
4142	51.616038	-24.062500	15.330632	-8.951399	
4143	51.616038	-24.062500	15.330632	-8.951399	
4143	51.565748	-23.984375	15.257498	-8.918223	
4144	51.562500	-23.976330	15.251581	-8.915501	
4144	51.565748	-23.984375	15.257498	-8.918223	
4145	51.562500	-23.976330	15.251581	-8.915501	
4145	51.529037	-23.906250	15.195431	-8.889379	
4146	51.529037	-23.906250	15.195431	-8.889379	
4146	51.508812	-23.828125	15.146941	-8.866363	
4147	51.508812	-23.828125	15.146941	-8.866363	
4147	51.503541	-23.750000	15.110685	-8.848821	
4148	51.503541	-23.750000	15.110685	-8.848821	
4148	51.514374	-23.671875	15.087527	-8.837406	
4149	51.514374	-23.671875	15.087527	-8.837406	
4149	51.546210	-23.593750	15.081343	-8.834307	
4150	51.546210	-23.593750	15.081343	-8.834307	
4150	51.562500	-23.570427	15.084969	-8.836158	
4151	51.718750	-23.447208	15.159170	-8.875335	
4151	51.748419	-23.437500	15.178603	-8.885852	
4152	51.562500	-23.570427	15.084969	-8.836158	
4152	51.608566	-23.515625	15.099523	-8.843686	
4153	51.640625	-23.490256	15.114779	-8.851677	
4153	51.718750	-23.447208	15.159170	-8.875335	
4154	51.608566	-23.515625	15.099523	-8.843686	
4154	51.640625	-23.490256	15.114779	-8.851677	
4155	51.748419	-23.437500	15.178603	-8.885852	
4155	51.796875	-23.424302	15.211173	-8.903674	
4156	51.796875	-23.424302	15.211173	-8.903674	
4156	51.875000	-23.415719	15.268347	-8.935521	
4157	52.109375	-23.458167	15.462626	-9.049082	
4157	52.187500	-23.493940	15.533905	-9.093048	
4158	52.039510	-23.437500	15.402447	-9.012984	
4158	52.109375	-23.458167	15.462626	-9.049082	
4159	52.327048	-23.593750	15.671255	-9.182271	
4159	52.343750	-23.605284	15.686850	-9.192865	
4160	52.405052	-23.671875	15.752690	-9.238965	
4160	52.421875	-23.687806	15.769146	-9.250894	
4161	52.421875	-23.687806	15.769146	-9.250894	
4161	52.464874	-23.750000	15.818388	-9.287868	
4162	52.343750	-23.605284	15.686850	-9.192865	
4162	52.405052	-23.671875	15.752690	-9.238965	
4163	52.218842	-23.515625	15.565161	-9.112785	
4163	52.265625	-23.541460	15.608247	-9.140506	
4164	52.265625	-23.541460	15.608247	-9.140506	
4164	52.327048	-23.593750	15.671255	-9.182271	
4165	52.187500	-23.493940	15.533905	-9.093048	
4165	52.218842	-23.515625	15.565161	-9.112785	
4166	51.875000	-23.415719	15.268347	-8.935521	
4166	51.953125	-23.419261	15.329719	-8.970484	
4167	51.953125	-23.419261	15.329719	-8.970484	
4167	52.031250	-23.434386	15.394961	-9.008554	
4168	52.031250	-23.434386	15.394961	-9.008554	
4168	52.039510	-23.437500	15.402447	-9.012984	
4169	52.812500	-24.778092	16.424245	-9.494598	
4169	52.793596	-24.765625	16.405980	-9.482353	
4170	52.734375	-24.734192	16.353285	-9.446296	
4170	52.793596	-24.765625	16.405980	-9.482353	
4171	52.734375	-24.734192	16.353285	-9.446296	
4171	52.681642	-24.687500	16.299796	-9.408449	
4172	52.968750	-24.822612	16.553949	-9.578192	
4172	53.046875	-24.822540	16.611516	-9.613482	
4173	53.046875	-24.822540	16.611516	-9.613482	
4173	53.125000	-24.806372	16.663473	-9.644327	
4174	52.812500	-24.778092	16.424245	-9.494598	
4174	52.890625	-24.808423	16.491710	-9.538792	
4175	52.890625	-24.808423	16.491710	-9.538792	
4175	52.968750	-24.822612	16.553949	-9.578192	
4176	52.656250	-24.668642	16.276369	-9.391414	
4176	52.607213	-24.609375	16.223127	-9.351411	
4177	52.578125	-24.575165	16.193520	-9.328207	
4177	52.607213	-24.609375	16.223127	-9.351411	
4178	52.578125	-24.575165	16.193520	-9.328207	
4178	52.552337	-24.531250	16.163198	-9.303468	
4179	52.656250	-24.668642	16.276369	-9.391414	
4179	52.681642	-24.687500	16.299796	-9.408449	
4180	52.552337	-24.531250	16.163198	-9.303468	
4180	52.514523	-24.453125	16.117927	-9.263742	
4181	52.500000	-24.409960	16.098689	-9.245073	
4181	52.514523	-24.453125	16.117927	-9.263742	
4182	53.281250	-24.700100	16.739713	-9.687390	
4182	53.291792	-24.687500	16.742784	-9.689038	
4183	53.125000	-24.806372	16.663473	-9.644327	
4183	53.203125	-24.769490	16.707819	-9.669774	
4184	53.203125	-24.769490	16.707819	-9.669774	
4184	53.208847	-24.765625	16.710620	-9.671348	
4185	53.208847	-24.765625	16.710620	-9.671348	
4185	53.281250	-24.700100	16.739713	-9.687390	
4186	53.291792	-24.687500	16.742784	-9.689038	
4186	53.335592	-24.609375	16.745124	-9.690292	
4187	53.335592	-24.609375	16.745124	-9.690292	
4187	53.355882	-24.531250	16.729145	-9.682244	
4188	53.355882	-24.531250	16.729145	-9.682244	
4188	53.359314	-24.453125	16.699872	-9.668000	
4189	53.359314	-24.453125	16.699872	-9.668000	
4189	53.348483	-24.375000	16.659266	-9.648917	
4190	53.276088	-24.218750	16.536960	-9.594786	
4190	53.281250	-24.228360	16.544978	-9.598201	
4191	53.348483	-24.375000	16.659266	-9.648917	
4191	53.322273	-24.296875	16.606277	-9.624909	
4192	53.281250	-24.228360	16.544978	-9.598201	
4192	53.322273	-24.296875	16.606277	-9.624909	
4193	53.276088	-24.218750	16.536960	-9.594786	
4193	53.207923	-24.140625	16.449837	-9.558781	
4194	53.203125	-24.136762	16.444336	-9.556575	
4194	53.207923	-24.140625	16.449837	-9.558781	
4195	53.125000	-24.077662	16.356894	-9.522599	
4195	53.203125	-24.136762	16.444336	-9.556575	
4196	53.101216	-24.062500	16.331558	-9.513151	
4196	53.125000	-24.077662	16.356894	-9.522599	
4197	52.812500	-23.993295	16.073340	-9.430021	
4197	52.890625	-23.995938	16.135530	-9.447267	
4198	52.890625	-23.995938	16.135530	-9.447267	
4198	52.968750	-24.009626	16.203341	-9.468412	
4199	52.968750	-24.009626	16.203341	-9.468412	
4199	53.046875	-24.036260	16.276944	-9.493432	
4200	53.046875	-24.036260	16.276944	-9.493432	
4200	53.101216	-24.062500	16.331558	-9.513151	
4201	52.568286	-23.984375	15.938661	-9.396381	
4201	52.578125	-24.053772	15.946915	-9.411284	
4202	52.578125	-24.053772	15.946915	-9.411284	
4202	52.656250	-24.014480	15.971500	-9.409967	
4203	52.568286	-23.984375	15.938661	-9.396381	
4203	52.546956	-23.906250	15.912421	-9.367760	
4204	52.656250	-24.014480	15.971500	-9.409967	
4204	52.734375	-23.999581	16.017504	-9.417165	
4205	52.734375	-23.999581	16.017504	-9.417165	
4205	52.812500	-23.993295	16.073340	-9.430021	
4206	52.546956	-23.906250	15.912421	-9.367760	
4206	52.510777	-23.828125	15.871176	-9.330499	
4207	52.500000	-23.806256	15.858010	-9.319475	
4207	52.510777	-23.828125	15.871176	-9.330499	
4208	40.381353	-30.000000	9.456469	-5.878533	
4208	40.390625	-29.996322	9.460433	-5.881676	
4209	40.390625	-29.996322	9.460433	-5.881676	
4209	40.468750	-29.963535	9.493004	-5.907469	
4210	40.468750	-29.963535	9.493004	-5.907469	
4210	40.546875	-29.929198	9.524917	-5.932691	
4211	40.546875	-29.929198	9.524917	-5.932691	
4211	40.562714	-29.921875	9.531222	-5.937667	
4212	40.562714	-29.921875	9.531222	-5.937667	
4212	40.625000	-29.893980	9.556505	-5.957603	
4213	40.703125	-29.857446	9.587556	-5.982037	
4213	40.731131	-29.843750	9.598420	-5.990573	
4214	40.625000	-29.893980	9.556505	-5.957603	
4214	40.703125	-29.857446	9.587556	-5.982037	
4215	40.781250	-29.819993	9.618271	-6.006152	
4215	40.859375	-29.781426	9.648556	-6.029873	
4216	40.859375	-29.781426	9.648556	-6.029873	
4216	40.890109	-29.765625	9.660193	-6.038973	
4217	40.890109	-29.765625	9.660193	-6.038973	
4217	40.937500	-29.741985	9.678533	-6.053296	
4218	40.731131	-29.843750	9.598420	-5.990573	
4218	40.781250	-29.819993	9.618271	-6.006152	
4219	41.015625	-29.701519	9.708132	-6.076364	
4219	41.041686	-29.687500	9.717777	-6.083868	
4220	40.937500	-29.741985	9.678533	-6.053296	
4220	41.015625	-29.701519	9.708132	-6.076364	
4221	41.041686	-29.687500	9.717777	-6.083868	
4221	41.093750	-29.660289	9.737485	-6.099181	
4222	41.093750	-29.660289	9.737485	-6.099181	
4222	41.171875	-29.618017	9.766460	-6.121642	
4223	41.171875	-29.618017	9.766460	-6.121642	
4223	41.187284	-29.609375	9.772041	-6.125960	
4224	41.187284	-29.609375	9.772041	-6.125960	
4224	41.250000	-29.575142	9.795277	-6.143917	
4225	41.562500	-29.394945	9.907722	-6.230196	
4225	41.595206	-29.375000	9.919097	-6.238863	
4226	41.250000	-29.575142	9.795277	-6.143917	
4226	41.327885	-29.531250	9.823579	-6.165733	
4227	41.406250	-29.486682	9.852006	-6.187578	
4227	41.463459	-29.453125	9.872349	-6.203169	
4228	41.484375	-29.441149	9.879952	-6.208987	
4228	41.562500	-29.394945	9.907722	-6.230196	
4229	41.463459	-29.453125	9.872349	-6.203169	
4229	41.484375	-29.441149	9.879952	-6.208987	
4230	41.327885	-29.531250	9.823579	-6.165733	
4230	41.328125	-29.531118	9.823669	-6.165801	
4231	41.328125	-29.531118	9.823669	-6.165801	
4231	41.406250	-29.486682	9.852006	-6.187578	
4232	42.031250	-29.099738	10.068958	-6.351891	
4232	42.086460	-29.062500	10.087149	-6.365455	
4233	41.875000	-29.201622	10.016239	-6.312385	
4233	41.953125	-29.151077	10.042704	-6.332254	
4234	41.953125	-29.151077	10.042704	-6.332254	
4234	41.968822	-29.140625	10.047897	-6.336144	
4235	41.968822	-29.140625	10.047897	-6.336144	
4235	42.031250	-29.099738	10.068958	-6.351891	
4236	42.187500	-28.993842	10.120433	-6.390176	
4236	42.200960	-28.984375	10.124733	-6.393360	
4237	42.265625	-28.939482	10.145761	-6.408903	
4237	42.312122	-28.906250	10.160494	-6.419762	
4238	42.200960	-28.984375	10.124733	-6.393360	
4238	42.265625	-28.939482	10.145761	-6.408903	
4239	42.343750	-28.883907	10.170687	-6.427259	
4239	42.420435	-28.828125	10.194742	-6.444902	
4240	42.421875	-28.827088	10.195201	-6.445237	
4240	42.500000	-28.769292	10.219439	-6.462939	
4241	42.420435	-28.828125	10.194742	-6.444902	
4241	42.421875	-28.827088	10.195201	-6.445237	
4242	42.312122	-28.906250	10.160494	-6.419762	
4242	42.343750	-28.883907	10.170687	-6.427259	
4243	42.086460	-29.062500	10.087149	-6.365455	
4243	42.109375	-29.047278	10.094842	-6.371179	
4244	42.109375	-29.047278	10.094842	-6.371179	
4244	42.187500	-28.993842	10.120433	-6.390176	
4245	41.595206	-29.375000	9.919097	-6.238863	
4245	41.640625	-29.347907	9.935241	-6.251143	
4246	41.640625	-29.347907	9.935241	-6.251143	
4246	41.718750	-29.299869	9.962428	-6.271770	
4247	41.718750	-29.299869	9.962428	-6.271770	
4247	41.723475	-29.296875	9.964034	-6.272986	
4248	41.796875	-29.251283	9.989513	-6.292249	
4248	41.847724	-29.218750	10.006784	-6.305270	
4249	41.723475	-29.296875	9.964034	-6.272986	
4249	41.796875	-29.251283	9.989513	-6.292249	
4250	41.847724	-29.218750	10.006784	-6.305270	
4250	41.875000	-29.201622	10.016239	-6.312385	
4251	42.500000	-28.769292	10.219439	-6.462939	
4251	42.525348	-28.750000	10.227082	-6.468506	
4252	43.750000	-27.618240	10.528894	-6.680751	
4252	43.784693	-27.578125	10.534533	-6.684528	
4253	43.828125	-27.527330	10.541408	-6.689118	
4253	43.851063	-27.500000	10.544839	-6.691402	
4254	43.784693	-27.578125	10.534533	-6.684528	
4254	43.828125	-27.527330	10.541408	-6.689118	
4255	42.525348	-28.750000	10.227082	-6.468506	
4255	42.578125	-28.710161	10.243230	-6.480240	
4256	42.578125	-28.710161	10.243230	-6.480240	
4256	42.627418	-28.671875	10.257871	-6.490849	
4257	42.627418	-28.671875	10.257871	-6.490849	
4257	42.656250	-28.649635	10.266551	-6.497124	
4258	42.656250	-28.649635	10.266551	-6.497124	
4258	42.726667	-28.593750	10.287105	-6.511942	
4259	42.726667	-28.593750	10.287105	-6.511942	
4259	42.734375	-28.587668	10.289383	-6.513580	
4260	42.734375	-28.587668	10.289383	-6.513580	
4260	42.812500	-28.524325	10.311765	-6.529639	
4261	42.812500	-28.524325	10.311765	-6.529639	
4261	42.822950	-28.515625	10.314665	-6.531714	
4262	42.890625	-28.459483	10.333642	-6.545261	
4262	42.916413	-28.437500	10.340631	-6.550235	
4263	42.822950	-28.515625	10.314665	-6.531714	
4263	42.890625	-28.459483	10.333642	-6.545261	
4264	42.916413	-28.437500	10.340631	-6.550235	
4264	42.968750	-28.392987	10.354944	-6.560399	
4265	42.968750	-28.392987	10.354944	-6.560399	
4265	43.007225	-28.359375	10.365099	-6.567591	
4266	43.046875	-28.324769	10.375644	-6.575039	
4266	43.095439	-28.281250	10.388092	-6.583806	
4267	43.007225	-28.359375	10.365099	-6.567591	
4267	43.046875	-28.324769	10.375644	-6.575039	
4268	43.095439	-28.281250	10.388092	-6.583806	
4268	43.125000	-28.254752	10.395713	-6.589160	
4269	43.125000	-28.254752	10.395713	-6.589160	
4269	43.181122	-28.203125	10.409636	-6.598915	
4270	43.203125	-28.182853	10.415116	-6.602744	
4270	43.264346	-28.125000	10.429766	-6.612952	
4271	43.181122	-28.203125	10.409636	-6.598915	
4271	43.203125	-28.182853	10.415116	-6.602744	
4272	43.264346	-28.125000	10.429766	-6.612952	
4272	43.281250	-28.108981	10.433818	-6.615768	
4273	43.281250	-28.108981	10.433818	-6.615768	
4273	43.345188	-28.046875	10.448521	-6.625957	
4274	43.359375	-28.033038	10.451781	-6.628209	
4274	43.423729	-27.968750	10.465942	-6.637969	
4275	43.345188	-28.046875	10.448521	-6.625957	
4275	43.359375	-28.033038	10.451781	-6.628209	
4276	43.423729	-27.968750	10.465942	-6.637969	
4276	43.437500	-27.954919	10.468961	-6.640044	
4277	43.437500	-27.954919	10.468961	-6.640044	
4277	43.500048	-27.890625	10.482071	-6.649028	
4278	43.515625	-27.874508	10.485313	-6.651244	
4278	43.574228	-27.812500	10.496952	-6.659176	
4279	43.500048	-27.890625	10.482071	-6.649028	
4279	43.515625	-27.874508	10.485313	-6.651244	
4280	43.574228	-27.812500	10.496952	-6.659176	
4280	43.593750	-27.791682	10.500788	-6.661782	
4281	43.593750	-27.791682	10.500788	-6.661782	
4281	43.646345	-27.734375	10.510629	-6.668450	
4282	43.671875	-27.706307	10.515334	-6.671628	
4282	43.716477	-27.656250	10.523142	-6.676889	
4283	43.646345	-27.734375	10.510629	-6.668450	
4283	43.671875	-27.706307	10.515334	-6.671628	
4284	43.716477	-27.656250	10.523142	-6.676889	
4284	43.750000	-27.618240	10.528894	-6.680751	
4285	43.851063	-27.500000	10.544839	-6.691402	
4285	43.906250	-27.433415	10.552816	-6.696695	
4286	43.906250	-27.433415	10.552816	-6.696695	
4286	43.915648	-27.421875	10.554095	-6.697542	
4287	43.915648	-27.421875	10.554095	-6.697542	
4287	43.978499	-27.343750	10.562327	-6.702972	
4288	43.978499	-27.343750	10.562327	-6.702972	
4288	43.984375	-27.336356	10.563065	-6.703458	
4289	43.984375	-27.336356	10.563065	-6.703458	
4289	44.039677	-27.265625	10.569571	-6.707726	
4290	44.039677	-27.265625	10.569571	-6.707726	
4290	44.062500	-27.235978	10.572092	-6.709374	
4291	44.062500	-27.235978	10.572092	-6.709374	
4291	44.099257	-27.187500	10.575872	-6.711838	
4292	44.099257	-27.187500	10.575872	-6.711838	
4292	44.140625	-27.132027	10.579795	-6.714386	
4293	44.140625	-27.132027	10.579795	-6.714386	
4293	44.157281	-27.109375	10.581255	-6.715331	
4294	44.157281	-27.109375	10.581255	-6.715331	
4294	44.213797	-27.031250	10.585745	-6.718230	
4295	44.218750	-27.024304	10.586101	-6.718459	
4295	44.268875	-26.953125	10.589386	-6.720568	
4296	44.296875	-26.912583	10.590928	-6.721553	
4296	44.322538	-26.875000	10.592189	-6.722358	
4297	44.268875	-26.953125	10.589386	-6.720568	
4297	44.296875	-26.912583	10.590928	-6.721553	
4298	44.213797	-27.031250	10.585745	-6.718230	
4298	44.218750	-27.024304	10.586101	-6.718459	
4299	44.375000	-26.796591	10.594173	-6.723618	
4299	44.425820	-26.718750	10.595403	-6.724395	
4300	44.425820	-26.718750	10.595403	-6.724395	
4300	44.453125	-26.675992	10.595708	-6.724587	
4301	44.453125	-26.675992	10.595708	-6.724587	
4301	44.475517	-26.640625	10.595860	-6.724682	
4302	44.475517	-26.640625	10.595860	-6.724682	
4302	44.523954	-26.562500	10.595567	-6.724499	
4303	44.687500	-26.283177	10.588822	-6.720344	
4303	44.706066	-26.250000	10.587529	-6.719554	
4304	44.523954	-26.562500	10.595567	-6.724499	
4304	44.531250	-26.550514	10.595438	-6.724419	
4305	44.531250	-26.550514	10.595438	-6.724419	
4305	44.571236	-26.484375	10.594600	-6.723898	
4306	44.609375	-26.419727	10.593199	-6.723032	
4306	44.617281	-26.406250	10.592890	-6.722841	
4307	44.571236	-26.484375	10.594600	-6.723898	
4307	44.609375	-26.419727	10.593199	-6.723032	
4308	44.617281	-26.406250	10.592890	-6.722841	
4308	44.662247	-26.328125	10.590552	-6.721403	
4309	44.662247	-26.328125	10.590552	-6.721403	
4309	44.687500	-26.283177	10.588822	-6.720344	
4310	44.322538	-26.875000	10.592189	-6.722358	
4310	44.374813	-26.796875	10.594168	-6.723614	
4311	44.374813	-26.796875	10.594168	-6.723614	
4311	44.375000	-26.796591	10.594173	-6.723618	
4312	44.706066	-26.250000	10.587529	-6.719554	
4312	44.748808	-26.171875	10.583870	-6.717327	
4313	44.765625	-26.140412	10.582145	-6.716281	
4313	44.790512	-26.093750	10.579599	-6.714742	
4314	44.748808	-26.171875	10.583870	-6.717327	
4314	44.765625	-26.140412	10.582145	-6.716281	
4315	44.843750	-25.990821	10.572937	-6.710734	
4315	44.870830	-25.937500	10.569224	-6.708511	
4316	44.790512	-26.093750	10.579599	-6.714742	
4316	44.831148	-26.015625	10.574689	-6.711785	
4317	44.831148	-26.015625	10.574689	-6.711785	
4317	44.843750	-25.990821	10.572937	-6.710734	
4318	44.870830	-25.937500	10.569224	-6.708511	
4318	44.909469	-25.859375	10.563129	-6.704880	
4319	44.921875	-25.833667	10.560923	-6.703570	
4319	44.947204	-25.781250	10.556509	-6.700955	
4320	44.909469	-25.859375	10.563129	-6.704880	
4320	44.921875	-25.833667	10.560923	-6.703570	
4321	44.947204	-25.781250	10.556509	-6.700955	
4321	44.983945	-25.703125	10.549290	-6.696698	
4322	44.983945	-25.703125	10.549290	-6.696698	
4322	45.000000	-25.668070	10.545771	-6.694631	
4323	45.000000	-25.668070	10.545771	-6.694631	
4323	45.019788	-25.625000	10.541542	-6.692153	
4324	45.019788	-25.625000	10.541542	-6.692153	
4324	45.054719	-25.546875	10.533250	-6.687314	
4325	45.078125	-25.492992	10.527092	-6.683735	
4325	45.088707	-25.468750	10.524387	-6.682168	
4326	45.054719	-25.546875	10.533250	-6.687314	
4326	45.078125	-25.492992	10.527092	-6.683735	
4327	45.088707	-25.468750	10.524387	-6.682168	
4327	45.121904	-25.390625	10.515067	-6.676784	
4328	45.121904	-25.390625	10.515067	-6.676784	
4328	45.154083	-25.312500	10.505110	-6.671061	
4329	45.154083	-25.312500	10.505110	-6.671061	
4329	45.156250	-25.307088	10.504378	-6.670642	
4330	45.156250	-25.307088	10.504378	-6.670642	
4330	45.185584	-25.234375	10.494778	-6.665154	
4331	45.185584	-25.234375	10.494778	-6.665154	
4331	45.216121	-25.156250	10.483843	-6.658933	
4332	45.216121	-25.156250	10.483843	-6.658933	
4332	45.234375	-25.108054	10.476714	-6.654893	
4333	45.234375	-25.108054	10.476714	-6.654893	
4333	45.245813	-25.078125	10.472396	-6.652453	
4334	45.245813	-25.078125	10.472396	-6.652453	
4334	45.274753	-25.000000	10.460506	-6.645756	
4335	45.274753	-25.000000	10.460506	-6.645756	
4335	45.302737	-24.921875	10.448009	-6.638752	
4336	45.302737	-24.921875	10.448009	-6.638752	
4336	45.312500	-24.893686	10.443271	-6.636106	
4337	45.312500	-24.893686	10.443271	-6.636106	
4337	45.329991	-24.843750	10.435080	-6.631542	
4338	45.329991	-24.843750	10.435080	-6.631542	
4338	45.356427	-24.765625	10.421647	-6.624087	
4339	45.356427	-24.765625	10.421647	-6.624087	
4339	45.381930	-24.687500	10.407615	-6.616338	
4340	45.381930	-24.687500	10.407615	-6.616338	
4340	45.390625	-24.659853	10.402420	-6.613478	
4341	45.390625	-24.659853	10.402420	-6.613478	
4341	45.406716	-24.609375	10.393151	-6.608389	
4342	45.406716	-24.609375	10.393151	-6.608389	
4342	45.430691	-24.531250	10.378180	-6.600200	
4343	45.468750	-24.400150	10.351625	-6.585769	
4343	45.475984	-24.375000	10.346521	-6.583008	
4344	45.430691	-24.531250	10.378180	-6.600200	
4344	45.453747	-24.453125	10.362611	-6.591725	
4345	45.453747	-24.453125	10.362611	-6.591725	
4345	45.468750	-24.400150	10.351625	-6.585769	
4346	45.475984	-24.375000	10.346521	-6.583008	
4346	45.497503	-24.296875	10.329988	-6.574093	
4347	45.497503	-24.296875	10.329988	-6.574093	
4347	45.518105	-24.218750	10.312849	-6.564894	
4348	45.518105	-24.218750	10.312849	-6.564894	
4348	45.537791	-24.140625	10.295102	-6.555412	
4349	45.546875	-24.102728	10.286165	-6.550654	
4349	45.556694	-24.062500	10.276851	-6.545706	
4350	45.537791	-24.140625	10.295102	-6.555412	
4350	45.546875	-24.102728	10.286165	-6.550654	
4351	45.556694	-24.062500	10.276851	-6.545706	
4351	45.574795	-23.984375	10.258079	-6.535767	
4352	45.574795	-23.984375	10.258079	-6.535767	
4352	45.591967	-23.906250	10.238679	-6.525543	
4353	45.591967	-23.906250	10.238679	-6.525543	
4353	45.608206	-23.828125	10.218647	-6.515031	
4354	45.608206	-23.828125	10.218647	-6.515031	
4354	45.623510	-23.750000	10.197976	-6.504232	
4355	45.623510	-23.750000	10.197976	-6.504232	
4355	45.625000	-23.741845	10.195738	-6.503066	
4356	45.625000	-23.741845	10.195738	-6.503066	
4356	45.638053	-23.671875	10.176806	-6.493220	
4357	45.638053	-23.671875	10.176806	-6.493220	
4357	45.651658	-23.593750	10.154991	-6.481921	
4358	45.651658	-23.593750	10.154991	-6.481921	
4358	45.664299	-23.515625	10.132506	-6.470325	
4359	45.664299	-23.515625	10.132506	-6.470325	
4359	45.675968	-23.437500	10.109344	-6.458430	
4360	45.675968	-23.437500	10.109344	-6.458430	
4360	45.686660	-23.359375	10.085497	-6.446233	
4361	45.686660	-23.359375	10.085497	-6.446233	
4361	45.696366	-23.281250	10.060956	-6.433734	
4362	45.696366	-23.281250	10.060956	-6.433734	
4362	45.703125	-23.220517	10.041311	-6.423764	
4363	45.703125	-23.220517	10.041311	-6.423764	
4363	45.705105	-23.203125	10.035734	-6.420939	
4364	45.705105	-23.203125	10.035734	-6.420939	
4364	45.712918	-23.125000	10.009861	-6.407868	
4365	45.712918	-23.125000	10.009861	-6.407868	
4365	45.719706	-23.046875	9.983257	-6.394479	
4366	45.719706	-23.046875	9.983257	-6.394479	
4366	45.725459	-22.968750	9.955910	-6.380771	
4367	45.725459	-22.968750	9.955910	-6.380771	
4367	45.730171	-22.890625	9.927813	-6.366742	
4368	45.730171	-22.890625	9.927813	-6.366742	
4368	45.733832	-22.812500	9.898958	-6.352389	
4369	45.733832	-22.812500	9.898958	-6.352389	
4369	45.736436	-22.734375	9.869335	-6.337710	
4370	45.736436	-22.734375	9.869335	-6.337710	
4370	45.737973	-22.656250	9.838938	-6.322703	
4371	45.737973	-22.656250	9.838938	-6.322703	
4371	45.738437	-22.578125	9.807760	-6.307367	
4372	45.738437	-22.578125	9.807760	-6.307367	
4372	45.737822	-22.500000	9.775792	-6.291701	
4373	45.737822	-22.500000	9.775792	-6.291701	
4373	45.736121	-22.421875	9.743031	-6.275703	
4374	45.736121	-22.421875	9.743031	-6.275703	
4374	45.733330	-22.343750	9.709470	-6.259373	
4375	45.733330	-22.343750	9.709470	-6.259373	
4375	45.729445	-22.265625	9.675106	-6.242711	
4376	45.729445	-22.265625	9.675106	-6.242711	
4376	45.724463	-22.187500	9.639935	-6.225717	
4377	45.724463	-22.187500	9.639935	-6.225717	
4377	45.718383	-22.109375	9.603956	-6.208392	
4378	45.718383	-22.109375	9.603956	-6.208392	
4378	45.711205	-22.031250	9.567168	-6.190738	
4379	45.702931	-21.953125	9.529574	-6.172756	
4379	45.703125	-21.954940	9.530447	-6.173174	
4380	45.703125	-21.954940	9.530447	-6.173174	
4380	45.711205	-22.031250	9.567168	-6.190738	
4381	45.702931	-21.953125	9.529574	-6.172756	
4381	45.693625	-21.875000	9.491224	-6.154474	
4382	45.693625	-21.875000	9.491224	-6.154474	
4382	45.683227	-21.796875	9.452070	-6.135869	
4383	45.683227	-21.796875	9.452070	-6.135869	
4383	45.671743	-21.718750	9.412117	-6.116944	
4384	45.671743	-21.718750	9.412117	-6.116944	
4384	45.659182	-21.640625	9.371372	-6.097706	
4385	45.659182	-21.640625	9.371372	-6.097706	
4385	45.645554	-21.562500	9.329843	-6.078158	
4386	45.645554	-21.562500	9.329843	-6.078158	
4386	45.630874	-21.484375	9.287543	-6.058308	
4387	45.625000	-21.454874	9.271323	-6.050713	
4387	45.630874	-21.484375	9.287543	-6.058308	
4388	45.615181	-21.406250	9.244505	-6.038173	
4388	45.625000	-21.454874	9.271323	-6.050713	
4389	45.615181	-21.406250	9.244505	-6.038173	
4389	45.598469	-21.328125	9.200724	-6.017751	
4390	45.598469	-21.328125	9.200724	-6.017751	
4390	45.580743	-21.250000	9.156204	-5.997044	
4391	45.580743	-21.250000	9.156204	-5.997044	
4391	45.562027	-21.171875	9.110966	-5.976064	
4392	45.546875	-21.111477	9.075498	-5.959655	
4392	45.562027	-21.171875	9.110966	-5.976064	
4393	45.542346	-21.093750	9.065031	-5.954820	
4393	45.546875	-21.111477	9.075498	-5.959655	
4394	45.542346	-21.093750	9.065031	-5.954820	
4394	45.521707	-21.015625	9.018406	-5.933317	
4395	45.521707	-21.015625	9.018406	-5.933317	
4395	45.500145	-20.937500	8.971120	-5.911567	
4396	45.454359	-20.781250	8.874656	-5.867371	
4396	45.468750	-20.829011	8.904426	-5.880986	
4397	45.500145	-20.937500	8.971120	-5.911567	
4397	45.477699	-20.859375	8.923206	-5.889586	
4398	45.468750	-20.829011	8.904426	-5.880986	
4398	45.477699	-20.859375	8.923206	-5.889586	
4399	45.454359	-20.781250	8.874656	-5.867371	
4399	45.430163	-20.703125	8.825504	-5.844937	
4400	45.430163	-20.703125	8.825504	-5.844937	
4400	45.405194	-20.625000	8.775816	-5.822314	
4401	45.297924	-20.312500	8.572010	-5.730061	
4401	45.312500	-20.352885	8.598841	-5.742160	
4402	45.379438	-20.546875	8.725583	-5.799498	
4402	45.390625	-20.580332	8.747212	-5.809315	
4403	45.390625	-20.580332	8.747212	-5.809315	
4403	45.405194	-20.625000	8.775816	-5.822314	
4404	45.379438	-20.546875	8.725583	-5.799498	
4404	45.352908	-20.468750	8.674816	-5.776493	
4405	45.352908	-20.468750	8.674816	-5.776493	
4405	45.325754	-20.390625	8.623639	-5.753354	
4406	45.312500	-20.352885	8.598841	-5.742160	
4406	45.325754	-20.390625	8.623639	-5.753354	
4407	45.297924	-20.312500	8.572010	-5.730061	
4407	45.269478	-20.234375	8.519978	-5.706636	
4408	45.269478	-20.234375	8.519978	-5.706636	
4408	45.240604	-20.156250	8.467697	-5.683147	
4409	45.211145	-20.078125	8.415040	-5.659535	
4409	45.234375	-20.139348	8.456414	-5.678084	
4410	45.234375	-20.139348	8.456414	-5.678084	
4410	45.240604	-20.156250	8.467697	-5.683147	
4411	45.211145	-20.078125	8.415040	-5.659535	
4411	45.181345	-20.000000	8.362205	-5.635889	
4412	65.390625	-22.036750	27.359047	-12.609512	
4412	65.468750	-22.049466	27.428101	-12.613488	
4413	65.390625	-22.036750	27.359047	-12.609512	
4413	65.372750	-22.031250	27.342000	-12.607797	
4414	65.546875	-22.045297	27.487051	-12.611307	
4414	65.591843	-22.031250	27.515187	-12.606710	
4415	65.468750	-22.049466	27.428101	-12.613488	
4415	65.546875	-22.045297	27.487051	-12.611307	
4416	65.591843	-22.031250	27.515187	-12.606710	
4416	65.625000	-22.026768	27.530329	-12.602031	
4417	65.312500	-22.008182	27.281600	-12.599879	
4417	65.372750	-22.031250	27.342000	-12.607797	
4418	65.234375	-21.956815	27.194937	-12.584269	
4418	65.229437	-21.953125	27.189199	-12.583077	
4419	65.234375	-21.956815	27.194937	-12.584269	
4419	65.312500	-22.008182	27.281600	-12.599879	
4420	65.229437	-21.953125	27.189199	-12.583077	
4420	65.164298	-21.875000	27.104519	-12.563282	
4421	65.859375	-22.215661	27.653478	-12.713555	
4421	65.937500	-22.248714	27.717601	-12.757518	
4422	65.859375	-22.215661	27.653478	-12.713555	
4422	65.826796	-22.187500	27.623977	-12.690820	
4423	66.171875	-22.226755	27.896494	-12.856193	
4423	66.228073	-22.187500	27.931707	-12.872143	
4424	66.093750	-22.254801	27.840686	-12.828532	
4424	66.171875	-22.226755	27.896494	-12.856193	
4425	66.015625	-22.260469	27.780111	-12.795410	
4425	66.093750	-22.254801	27.840686	-12.828532	
4426	65.937500	-22.248714	27.717601	-12.757518	
4426	66.015625	-22.260469	27.780111	-12.795410	
4427	66.228073	-22.187500	27.931707	-12.872143	
4427	66.250000	-22.164207	27.943025	-12.876971	
4428	65.781250	-22.155875	27.590846	-12.662254	
4428	65.742786	-22.109375	27.562528	-12.632947	
4429	65.703125	-22.047948	27.543052	-12.603241	
4429	65.742786	-22.109375	27.562528	-12.632947	
4430	65.703125	-22.047948	27.543052	-12.603241	
4430	65.662747	-22.031250	27.539277	-12.598270	
4431	65.781250	-22.155875	27.590846	-12.662254	
4431	65.826796	-22.187500	27.623977	-12.690820	
4432	65.625000	-22.026768	27.530329	-12.602031	
4432	65.662747	-22.031250	27.539277	-12.598270	
4433	65.781250	-21.682786	27.449664	-12.830263	
4433	65.859375	-21.675636	27.468049	-12.822520	
4434	65.859375	-21.675636	27.468049	-12.822520	
4434	65.937500	-21.663773	27.514664	-12.814707	
4435	65.755658	-21.640625	27.443241	-12.814555	
4435	65.781250	-21.682786	27.449664	-12.830263	
4436	65.703125	-21.575648	27.412259	-12.777316	
4436	65.755658	-21.640625	27.443241	-12.814555	
4437	65.685814	-21.562500	27.401078	-12.766603	
4437	65.703125	-21.575648	27.412259	-12.777316	
4438	66.171875	-21.719556	27.727479	-12.828512	
4438	66.250000	-21.787924	27.819402	-12.845893	
4439	66.170725	-21.718750	27.726214	-12.828311	
4439	66.171875	-21.719556	27.727479	-12.828512	
4440	66.093750	-21.682157	27.647183	-12.818034	
4440	66.170725	-21.718750	27.726214	-12.828311	
4441	65.937500	-21.663773	27.514664	-12.814707	
4441	66.015625	-21.665123	27.575971	-12.813385	
4442	66.015625	-21.665123	27.575971	-12.813385	
4442	66.093750	-21.682157	27.647183	-12.818034	
4443	65.625000	-21.506070	27.349480	-12.723929	
4443	65.685814	-21.562500	27.401078	-12.766603	
4444	65.156250	-21.853947	27.090669	-12.559645	
4444	65.130318	-21.796875	27.047867	-12.547611	
4445	65.130318	-21.796875	27.047867	-12.547611	
4445	65.120663	-21.718750	27.013457	-12.536877	
4446	65.156250	-21.853947	27.090669	-12.559645	
4446	65.164298	-21.875000	27.104519	-12.563282	
4447	65.156250	-21.596590	27.005750	-12.534389	
4447	65.174600	-21.562500	27.010660	-12.536319	
4448	65.120663	-21.718750	27.013457	-12.536877	
4448	65.134184	-21.640625	27.000112	-12.532280	
4449	65.134184	-21.640625	27.000112	-12.532280	
4449	65.156250	-21.596590	27.005750	-12.534389	
4450	65.390625	-21.444160	27.156424	-12.604378	
4450	65.468750	-21.445829	27.219153	-12.638895	
4451	65.312500	-21.461700	27.097276	-12.574685	
4451	65.390625	-21.444160	27.156424	-12.604378	
4452	65.575020	-21.484375	27.310546	-12.696069	
4452	65.625000	-21.506070	27.349480	-12.723929	
4453	65.546875	-21.466900	27.284538	-12.678796	
4453	65.575020	-21.484375	27.310546	-12.696069	
4454	65.468750	-21.445829	27.219153	-12.638895	
4454	65.546875	-21.466900	27.284538	-12.678796	
4455	65.174600	-21.562500	27.010660	-12.536319	
4455	65.234375	-21.504067	27.044158	-12.550332	
4456	65.234375	-21.504067	27.044158	-12.550332	
4456	65.265104	-21.484375	27.064339	-12.559312	
4457	65.265104	-21.484375	27.064339	-12.559312	
4457	65.312500	-21.461700	27.097276	-12.574685	
4458	66.250000	-22.164207	27.943025	-12.876971	
4458	66.290796	-22.109375	27.961194	-12.884280	
4459	66.290796	-22.109375	27.961194	-12.884280	
4459	66.317517	-22.031250	27.959489	-12.883683	
4460	66.317517	-22.031250	27.959489	-12.883683	
4460	66.321033	-21.953125	27.937244	-12.876452	
4461	66.321033	-21.953125	27.937244	-12.876452	
4461	66.304286	-21.875000	27.896970	-12.864816	
4462	66.304286	-21.875000	27.896970	-12.864816	
4462	66.258896	-21.796875	27.830519	-12.848359	
4463	66.250000	-21.787924	27.819402	-12.845893	
4463	66.258896	-21.796875	27.830519	-12.848359	
4464	44.999197	-19.531250	8.044544	-5.494559	
4464	45.000000	-19.533266	8.045919	-5.495168	
4465	44.999197	-19.531250	8.044544	-5.494559	
4465	44.969038	-19.453125	7.992097	-5.471348	
4466	44.969038	-19.453125	7.992097	-5.471348	
4466	44.939439	-19.375000	7.940195	-5.448408	
4467	44.910347	-19.296875	7.888791	-5.425717	
4467	44.921875	-19.327278	7.908952	-5.434613	
4468	44.921875	-19.327278	7.908952	-5.434613	
4468	44.939439	-19.375000	7.940195	-5.448408	
4469	44.910347	-19.296875	7.888791	-5.425717	
4469	44.881796	-19.218750	7.837911	-5.403284	
4470	44.881796	-19.218750	7.837911	-5.403284	
4470	44.854152	-19.140625	7.787847	-5.381236	
4471	44.843750	-19.109856	7.768543	-5.372742	
4471	44.854152	-19.140625	7.787847	-5.381236	
4472	44.827288	-19.062500	7.738492	-5.359525	
4472	44.843750	-19.109856	7.768543	-5.372742	
4473	44.827288	-19.062500	7.738492	-5.359525	
4473	44.801408	-18.984375	7.690008	-5.338219	
4474	44.801408	-18.984375	7.690008	-5.338219	
4474	44.776753	-18.906250	7.642583	-5.317400	
4475	44.753247	-18.828125	7.596153	-5.297038	
4475	44.765625	-18.868777	7.620422	-5.307679	
4476	44.765625	-18.868777	7.620422	-5.307679	
4476	44.776753	-18.906250	7.642583	-5.317400	
4477	44.753247	-18.828125	7.596153	-5.297038	
4477	44.731012	-18.750000	7.550812	-5.277173	
4478	44.673302	-18.515625	7.422373	-5.221005	
4478	44.687500	-18.577836	7.455516	-5.235484	
4479	44.673302	-18.515625	7.422373	-5.221005	
4479	44.657183	-18.437500	7.382170	-5.203457	
4480	44.731012	-18.750000	7.550812	-5.277173	
4480	44.710263	-18.671875	7.506727	-5.257877	
4481	44.710263	-18.671875	7.506727	-5.257877	
4481	44.691057	-18.593750	7.463940	-5.239166	
4482	44.687500	-18.577836	7.455516	-5.235484	
4482	44.691057	-18.593750	7.463940	-5.239166	
4483	44.657183	-18.437500	7.382170	-5.203457	
4483	44.642773	-18.359375	7.343387	-5.186544	
4484	44.642773	-18.359375	7.343387	-5.186544	
4484	44.630103	-18.281250	7.306042	-5.170274	
4485	44.630103	-18.281250	7.306042	-5.170274	
4485	44.619197	-18.203125	7.270154	-5.154653	
4486	44.619197	-18.203125	7.270154	-5.154653	
4486	44.610078	-18.125000	7.235736	-5.139687	
4487	44.602733	-18.046875	7.202776	-5.125369	
4487	44.609375	-18.117420	7.232544	-5.138300	
4488	44.609375	-18.117420	7.232544	-5.138300	
4488	44.610078	-18.125000	7.235736	-5.139687	
4489	44.602733	-18.046875	7.202776	-5.125369	
4489	44.597230	-17.968750	7.171325	-5.111720	
4490	44.597230	-17.968750	7.171325	-5.111720	
4490	44.593591	-17.890625	7.141400	-5.098747	
4491	44.593591	-17.890625	7.141400	-5.098747	
4491	44.591838	-17.812500	7.113014	-5.086454	
4492	44.591838	-17.812500	7.113014	-5.086454	
4492	44.591994	-17.734375	7.086187	-5.074849	
4493	44.591994	-17.734375	7.086187	-5.074849	
4493	44.594093	-17.656250	7.060942	-5.063941	
4494	44.594093	-17.656250	7.060942	-5.063941	
4494	44.598175	-17.578125	7.037311	-5.053742	
4495	44.598175	-17.578125	7.037311	-5.053742	
4495	44.604290	-17.500000	7.015334	-5.044268	
4496	44.604290	-17.500000	7.015334	-5.044268	
4496	44.609375	-17.451393	7.002697	-5.038826	
4497	44.609375	-17.451393	7.002697	-5.038826	
4497	44.612506	-17.421875	6.995063	-5.035541	
4498	44.612506	-17.421875	6.995063	-5.035541	
4498	44.622917	-17.343750	6.976574	-5.027590	
4499	44.622917	-17.343750	6.976574	-5.027590	
4499	44.635630	-17.265625	6.959953	-5.020452	
4500	44.635630	-17.265625	6.959953	-5.020452	
4500	44.650779	-17.187500	6.945307	-5.014170	
4501	44.687500	-17.037155	6.923253	-5.004730	
4501	44.689085	-17.031250	6.922503	-5.004410	
4502	44.689085	-17.031250	6.922503	-5.004410	
4502	44.712740	-16.953125	6.914747	-5.001097	
4503	44.712740	-16.953125	6.914747	-5.001097	
4503	44.739797	-16.875000	6.909746	-4.998964	
4504	44.650779	-17.187500	6.945307	-5.014170	
4504	44.668528	-17.109375	6.932768	-5.008800	
4505	44.668528	-17.109375	6.932768	-5.008800	
4505	44.687500	-17.037155	6.923253	-5.004730	
4506	44.739797	-16.875000	6.909746	-4.998964	
4506	44.765625	-16.809324	6.908035	-4.998236	
4507	44.765625	-16.809324	6.908035	-4.998236	
4507	44.770649	-16.796875	6.907817	-4.998143	
4508	44.770649	-16.796875	6.907817	-4.998143	
4508	44.805790	-16.718750	6.909364	-4.998800	
4509	44.843750	-16.644606	6.914567	-5.001008	
4509	44.845846	-16.640625	6.914894	-5.001147	
4510	44.845846	-16.640625	6.914894	-5.001147	
4510	44.891446	-16.562500	6.924925	-5.005396	
4511	44.805790	-16.718750	6.909364	-4.998800	
4511	44.843750	-16.644606	6.914567	-5.001008	
4512	44.891446	-16.562500	6.924925	-5.005396	
4512	44.921875	-16.516289	6.933663	-5.009092	
4513	44.921875	-16.516289	6.933663	-5.009092	
4513	44.943518	-16.484375	6.940218	-5.011862	
4514	44.943518	-16.484375	6.940218	-5.011862	
4514	45.000000	-16.410183	6.960468	-5.020407	
4515	45.151307	-19.921875	8.309276	-5.612244	
4515	45.156250	-19.934409	8.317862	-5.616077	
4516	45.151307	-19.921875	8.309276	-5.612244	
4516	45.120873	-19.843750	8.256125	-5.588540	
4517	45.156250	-19.934409	8.317862	-5.616077	
4517	45.181345	-20.000000	8.362205	-5.635889	
4518	45.120873	-19.843750	8.256125	-5.588540	
4518	45.090445	-19.765625	8.203077	-5.564923	
4519	45.078125	-19.733544	8.181464	-5.555311	
4519	45.090445	-19.765625	8.203077	-5.564923	
4520	45.059889	-19.687500	8.150023	-5.541340	
4520	45.078125	-19.733544	8.181464	-5.555311	
4521	45.059889	-19.687500	8.150023	-5.541340	
4521	45.029384	-19.609375	8.097107	-5.517854	
4522	45.000000	-19.533266	8.045919	-5.495168	
4522	45.029384	-19.609375	8.097107	-5.517854	
4523	45.000000	-16.410183	6.960468	-5.020407	
4523	45.003077	-16.406250	6.961610	-5.020889	
4524	45.003077	-16.406250	6.961610	-5.020889	
4524	45.070988	-16.328125	6.989831	-5.032772	
4525	45.078125	-16.320743	6.993085	-5.034140	
4525	45.148336	-16.250000	7.025798	-5.047880	
4526	45.070988	-16.328125	6.989831	-5.032772	
4526	45.078125	-16.320743	6.993085	-5.034140	
4527	46.250000	-15.491937	7.676095	-5.315405	
4527	46.282638	-15.468750	7.695673	-5.323279	
4528	46.484375	-15.323339	7.816770	-5.371696	
4528	46.498228	-15.312500	7.824850	-5.374908	
4529	46.406250	-15.381305	7.770267	-5.353163	
4529	46.484375	-15.323339	7.816770	-5.371696	
4530	46.282638	-15.468750	7.695673	-5.323279	
4530	46.328125	-15.437604	7.723411	-5.334413	
4531	46.328125	-15.437604	7.723411	-5.334413	
4531	46.392969	-15.390625	7.762202	-5.349941	
4532	46.392969	-15.390625	7.762202	-5.349941	
4532	46.406250	-15.381305	7.770267	-5.353163	
4533	46.562500	-15.263399	7.862823	-5.389973	
4533	46.598456	-15.234375	7.883608	-5.398195	
4534	46.640625	-15.200972	7.908258	-5.407925	
4534	46.694081	-15.156250	7.938803	-5.419948	
4535	46.598456	-15.234375	7.883608	-5.398195	
4535	46.640625	-15.200972	7.908258	-5.407925	
4536	46.718750	-15.135894	7.953029	-5.425534	
4536	46.785109	-15.078125	7.990405	-5.440170	
4537	46.796875	-15.067970	7.997079	-5.442778	
4537	46.871638	-15.000000	8.038464	-5.458900	
4538	46.785109	-15.078125	7.990405	-5.440170	
4538	46.796875	-15.067970	7.997079	-5.442778	
4539	46.694081	-15.156250	7.938803	-5.419948	
4539	46.718750	-15.135894	7.953029	-5.425534	
4540	46.498228	-15.312500	7.824850	-5.374908	
4540	46.562500	-15.263399	7.862823	-5.389973	
4541	45.148336	-16.250000	7.025798	-5.047880	
4541	45.156250	-16.242807	7.029758	-5.049542	
4542	45.156250	-16.242807	7.029758	-5.049542	
4542	45.234375	-16.173249	7.069428	-5.066160	
4543	45.234375	-16.173249	7.069428	-5.066160	
4543	45.235935	-16.171875	7.070227	-5.066494	
4544	45.235935	-16.171875	7.070227	-5.066494	
4544	45.312500	-16.110494	7.111561	-5.083767	
4545	45.312500	-16.110494	7.111561	-5.083767	
4545	45.333564	-16.093750	7.123008	-5.088543	
4546	45.546875	-15.944438	7.246458	-5.139852	
4546	45.556932	-15.937500	7.252344	-5.142289	
4547	45.468750	-15.997156	7.200435	-5.120766	
4547	45.546875	-15.944438	7.246458	-5.139852	
4548	45.333564	-16.093750	7.123008	-5.088543	
4548	45.390625	-16.052268	7.155389	-5.102036	
4549	45.390625	-16.052268	7.155389	-5.102036	
4549	45.441075	-16.015625	7.184102	-5.113980	
4550	45.441075	-16.015625	7.184102	-5.113980	
4550	45.468750	-15.997156	7.200435	-5.120766	
4551	45.556932	-15.937500	7.252344	-5.142289	
4551	45.625000	-15.893986	7.293419	-5.159274	
4552	46.015625	-15.647000	7.532649	-5.257356	
4552	46.048699	-15.625000	7.552747	-5.265526	
4553	45.937500	-15.696526	7.484484	-5.237730	
4553	46.015625	-15.647000	7.532649	-5.257356	
4554	45.625000	-15.893986	7.293419	-5.159274	
4554	45.677980	-15.859375	7.325227	-5.172400	
4555	45.703125	-15.844081	7.340736	-5.178790	
4555	45.781250	-15.794891	7.388471	-5.198422	
4556	45.677980	-15.859375	7.325227	-5.172400	
4556	45.703125	-15.844081	7.340736	-5.178790	
4557	45.781250	-15.794891	7.388471	-5.198422	
4557	45.802108	-15.781250	7.401073	-5.203595	
4558	45.802108	-15.781250	7.401073	-5.203595	
4558	45.859375	-15.746086	7.436515	-5.218122	
4559	45.859375	-15.746086	7.436515	-5.218122	
4559	45.926561	-15.703125	7.477641	-5.234937	
4560	45.926561	-15.703125	7.477641	-5.234937	
4560	45.937500	-15.696526	7.484484	-5.237730	
4561	46.048699	-15.625000	7.552747	-5.265526	
4561	46.093750	-15.596493	7.580671	-5.276857	
4562	46.093750	-15.596493	7.580671	-5.276857	
4562	46.168177	-15.546875	7.626090	-5.295240	
4563	46.171875	-15.544518	7.628387	-5.296168	
4563	46.250000	-15.491937	7.676095	-5.315405	
4564	46.168177	-15.546875	7.626090	-5.295240	
4564	46.171875	-15.544518	7.628387	-5.296168	
4565	46.871638	-15.000000	8.038464	-5.458900	
4565	46.875000	-14.996954	8.040334	-5.459627	
4566	46.875000	-14.996954	8.040334	-5.459627	
4566	46.953125	-14.922559	8.082710	-5.476048	
4567	46.953125	-14.922559	8.082710	-5.476048	
4567	46.953811	-14.921875	8.083073	-5.476188	
4568	46.953811	-14.921875	8.083073	-5.476188	
4568	47.031250	-14.844372	8.124081	-5.491993	
4569	47.031250	-14.844372	8.124081	-5.491993	
4569	47.031844	-14.843750	8.124388	-5.492111	
4570	47.031844	-14.843750	8.124388	-5.492111	
4570	47.105919	-14.765625	8.162539	-5.506734	
4571	47.109375	-14.761935	8.164310	-5.507411	
4571	47.176204	-14.687500	8.197648	-5.520118	
4572	47.105919	-14.765625	8.162539	-5.506734	
4572	47.109375	-14.761935	8.164310	-5.507411	
4573	47.187500	-14.674691	8.203228	-5.522238	
4573	47.242876	-14.609375	8.229845	-5.532325	
4574	47.265625	-14.581906	8.240615	-5.536393	
4574	47.306077	-14.531250	8.259236	-5.543409	
4575	47.242876	-14.609375	8.229845	-5.532325	
4575	47.265625	-14.581906	8.240615	-5.536393	
4576	47.343750	-14.482684	8.276200	-5.549778	
4576	47.365926	-14.453125	8.285905	-5.553412	
4577	47.421875	-14.375908	8.309650	-5.562272	
4577	47.422513	-14.375000	8.309914	-5.562370	
4578	47.365926	-14.453125	8.285905	-5.553412	
4578	47.421875	-14.375908	8.309650	-5.562272	
4579	47.306077	-14.531250	8.259236	-5.543409	
4579	47.343750	-14.482684	8.276200	-5.549778	
4580	47.176204	-14.687500	8.197648	-5.520118	
4580	47.187500	-14.674691	8.203228	-5.522238	
4581	47.422513	-14.375000	8.309914	-5.562370	
4581	47.475951	-14.296875	8.331345	-5.570325	
4582	47.475951	-14.296875	8.331345	-5.570325	
4582	47.500000	-14.260119	8.340529	-5.573720	
4583	47.500000	-14.260119	8.340529	-5.573720	
4583	47.526353	-14.218750	8.350284	-5.577317	
4584	47.526353	-14.218750	8.350284	-5.577317	
4584	47.573767	-14.140625	8.366761	-5.583369	
4585	47.578125	-14.133151	8.368190	-5.583892	
4585	47.618395	-14.062500	8.380943	-5.588551	
4586	47.573767	-14.140625	8.366761	-5.583369	
4586	47.578125	-14.133151	8.368190	-5.583892	
4587	47.618395	-14.062500	8.380943	-5.588551	
4587	47.656250	-13.991793	8.391670	-5.592451	
4588	47.656250	-13.991793	8.391670	-5.592451	
4588	47.660143	-13.984375	8.392734	-5.592837	
4589	47.660143	-13.984375	8.392734	-5.592837	
4589	47.699317	-13.906250	8.402395	-5.596331	
4590	47.699317	-13.906250	8.402395	-5.596331	
4590	47.734375	-13.831039	8.409479	-5.598880	
4591	47.734375	-13.831039	8.409479	-5.598880	
4591	47.735712	-13.828125	8.409737	-5.598973	
4592	47.735712	-13.828125	8.409737	-5.598973	
4592	47.769741	-13.750000	8.415118	-5.600899	
4593	47.769741	-13.750000	8.415118	-5.600899	
4593	47.801134	-13.671875	8.418292	-5.602030	
4594	47.801134	-13.671875	8.418292	-5.602030	
4594	47.812500	-13.641515	8.418819	-5.602217	
4595	47.812500	-13.641515	8.418819	-5.602217	
4595	47.830189	-13.593750	8.419516	-5.602464	
4596	47.830189	-13.593750	8.419516	-5.602464	
4596	47.856903	-13.515625	8.418783	-5.602205	
4597	47.856903	-13.515625	8.418783	-5.602205	
4597	47.881204	-13.437500	8.416023	-5.601238	
4598	47.881204	-13.437500	8.416023	-5.601238	
4598	47.890625	-13.404383	8.414106	-5.600568	
4599	47.890625	-13.404383	8.414106	-5.600568	
4599	47.903355	-13.359375	8.411468	-5.599649	
4600	47.903355	-13.359375	8.411468	-5.599649	
4600	47.923367	-13.281250	8.405123	-5.597447	
4601	47.923367	-13.281250	8.405123	-5.597447	
4601	47.941166	-13.203125	8.396919	-5.594614	
4602	47.941166	-13.203125	8.396919	-5.594614	
4602	47.956816	-13.125000	8.386910	-5.591177	
4603	47.956816	-13.125000	8.386910	-5.591177	
4603	47.968750	-13.056369	8.376590	-5.587651	
4604	47.968750	-13.056369	8.376590	-5.587651	
4604	47.970402	-13.046875	8.375170	-5.587167	
4605	47.970402	-13.046875	8.375170	-5.587167	
4605	47.982120	-12.968750	8.361875	-5.582649	
4606	47.982120	-12.968750	8.361875	-5.582649	
4606	47.991821	-12.890625	8.346888	-5.577584	
4607	47.991821	-12.890625	8.346888	-5.577584	
4607	47.999545	-12.812500	8.330244	-5.571989	
4608	47.999545	-12.812500	8.330244	-5.571989	
4608	48.005325	-12.734375	8.311972	-5.565880	
4609	48.005325	-12.734375	8.311972	-5.565880	
4609	48.009186	-12.656250	8.292096	-5.559272	
4610	48.009186	-12.656250	8.292096	-5.559272	
4610	48.011148	-12.578125	8.270632	-5.552175	
4611	48.011148	-12.578125	8.270632	-5.552175	
4611	48.011221	-12.500000	8.247591	-5.544600	
4612	48.011221	-12.500000	8.247591	-5.544600	
4612	48.009408	-12.421875	8.222975	-5.536553	
4613	48.009408	-12.421875	8.222975	-5.536553	
4613	48.005705	-12.343750	8.196781	-5.528039	
4614	48.005705	-12.343750	8.196781	-5.528039	
4614	48.000098	-12.265625	8.168998	-5.519060	
4615	48.000098	-12.265625	8.168998	-5.519060	
4615	47.992564	-12.187500	8.139608	-5.509618	
4616	47.992564	-12.187500	8.139608	-5.509618	
4616	47.983077	-12.109375	8.108587	-5.499710	
4617	47.983077	-12.109375	8.108587	-5.499710	
4617	47.971598	-12.031250	8.075904	-5.489334	
4618	47.968750	-12.014740	8.068634	-5.487034	
4618	47.971598	-12.031250	8.075904	-5.489334	
4619	47.958216	-11.953125	8.041641	-5.478521	
4619	47.968750	-12.014740	8.068634	-5.487034	
4620	47.958216	-11.953125	8.041641	-5.478521	
4620	47.942786	-11.875000	8.005669	-5.467237	
4621	47.942786	-11.875000	8.005669	-5.467237	
4621	47.925204	-11.796875	7.967898	-5.455460	
4622	47.925204	-11.796875	7.967898	-5.455460	
4622	47.905402	-11.718750	7.928271	-5.443179	
4623	47.883366	-11.640625	7.886777	-5.430399	
4623	47.890625	-11.666312	7.900416	-5.434591	
4624	47.890625	-11.666312	7.900416	-5.434591	
4624	47.905402	-11.718750	7.928271	-5.443179	
4625	47.883366	-11.640625	7.886777	-5.430399	
4625	47.859052	-11.562500	7.843383	-5.417115	
4626	47.859052	-11.562500	7.843383	-5.417115	
4626	47.832238	-11.484375	7.797893	-5.403274	
4627	47.812500	-11.431638	7.765802	-5.393559	
4627	47.832238	-11.484375	7.797893	-5.403274	
4628	47.802869	-11.406250	7.750264	-5.388870	
4628	47.812500	-11.431638	7.765802	-5.393559	
4629	47.802869	-11.406250	7.750264	-5.388870	
4629	47.770829	-11.328125	7.700396	-5.373881	
4630	47.770829	-11.328125	7.700396	-5.373881	
4630	47.735954	-11.250000	7.648151	-5.358272	
4631	47.698035	-11.171875	7.593349	-5.341997	
4631	47.734375	-11.246667	7.645845	-5.357585	
4632	47.734375	-11.246667	7.645845	-5.357585	
4632	47.735954	-11.250000	7.648151	-5.358272	
4633	47.698035	-11.171875	7.593349	-5.341997	
4633	47.657019	-11.093750	7.535951	-5.325050	
4634	47.656250	-11.092355	7.534895	-5.324739	
4634	47.657019	-11.093750	7.535951	-5.325050	
4635	47.612457	-11.015625	7.475567	-5.307324	
4635	47.656250	-11.092355	7.534895	-5.324739	
4636	47.578125	-10.959155	7.430143	-5.294053	
4636	47.612457	-11.015625	7.475567	-5.307324	
4637	47.564400	-10.937500	7.412253	-5.288841	
4637	47.578125	-10.959155	7.430143	-5.294053	
4638	47.564400	-10.937500	7.412253	-5.288841	
4638	47.512444	-10.859375	7.345663	-5.269507	
4639	47.500000	-10.841385	7.329931	-5.264954	
4639	47.512444	-10.859375	7.345663	-5.269507	
4640	47.456238	-10.781250	7.275501	-5.249240	
4640	47.500000	-10.841385	7.329931	-5.264954	
4641	47.395747	-10.703125	7.201754	-5.228041	
4641	47.421875	-10.735769	7.233298	-5.237096	
4642	47.421875	-10.735769	7.233298	-5.237096	
4642	47.456238	-10.781250	7.275501	-5.249240	
4643	47.343750	-10.639878	7.139540	-5.210228	
4643	47.395747	-10.703125	7.201754	-5.228041	
4644	47.330707	-10.625000	7.124208	-5.205848	
4644	47.343750	-10.639878	7.139540	-5.210228	
4645	47.186086	-10.468750	6.957027	-5.158277	
4645	47.187500	-10.470123	6.958618	-5.158728	
4646	47.106446	-10.390625	6.867392	-5.132885	
4646	47.109375	-10.393292	6.870632	-5.133802	
4647	47.109375	-10.393292	6.870632	-5.133802	
4647	47.186086	-10.468750	6.957027	-5.158277	
4648	47.031250	-10.320104	6.783832	-5.109260	
4648	47.106446	-10.390625	6.867392	-5.132885	
4649	47.022497	-10.312500	6.774271	-5.106558	
4649	47.031250	-10.320104	6.783832	-5.109260	
4650	47.260870	-10.546875	7.042669	-5.182605	
4650	47.265625	-10.551857	7.048127	-5.184159	
4651	47.265625	-10.551857	7.048127	-5.184159	
4651	47.330707	-10.625000	7.124208	-5.205848	
4652	47.187500	-10.470123	6.958618	-5.158728	
4652	47.260870	-10.546875	7.042669	-5.182605	
4653	46.935499	-10.234375	6.678788	-5.079595	
4653	46.953125	-10.249311	6.697888	-5.084987	
4654	46.953125	-10.249311	6.697888	-5.084987	
4654	47.022497	-10.312500	6.774271	-5.106558	
4655	46.875000	-10.179523	6.612442	-5.060865	
4655	46.935499	-10.234375	6.678788	-5.079595	
4656	46.847642	-10.156250	6.582864	-5.052513	
4656	46.875000	-10.179523	6.612442	-5.060865	
4657	46.762051	-10.078125	6.489203	-5.026054	
4657	46.796875	-10.108959	6.527044	-5.036747	
4658	46.796875	-10.108959	6.527044	-5.036747	
4658	46.847642	-10.156250	6.582864	-5.052513	
4659	46.718750	-10.034984	6.441034	-5.012434	
4659	46.762051	-10.078125	6.489203	-5.026054	
4660	46.682420	-10.000000	6.400968	-5.001095	
4660	46.718750	-10.034984	6.441034	-5.012434	
4661	53.593750	-16.413058	14.563663	-7.709864	
4661	53.545334	-16.406250	14.519269	-7.700357	
4662	53.671875	-16.418092	14.632959	-7.723725	
4662	53.750000	-16.416281	14.699304	-7.735668	
4663	53.593750	-16.413058	14.563663	-7.709864	
4663	53.671875	-16.418092	14.632959	-7.723725	
4664	53.437500	-16.384255	14.417243	-7.676935	
4664	53.515625	-16.401753	14.491709	-7.694235	
4665	53.515625	-16.401753	14.491709	-7.694235	
4665	53.545334	-16.406250	14.519269	-7.700357	
4666	53.359375	-16.359628	14.340131	-7.657976	
4666	53.282117	-16.328125	14.261257	-7.637615	
4667	53.359375	-16.359628	14.340131	-7.657976	
4667	53.437500	-16.384255	14.417243	-7.676935	
4668	53.281250	-16.327704	14.260351	-7.637375	
4668	53.282117	-16.328125	14.261257	-7.637615	
4669	53.203125	-16.287252	14.177588	-7.615056	
4669	53.281250	-16.327704	14.260351	-7.637375	
4670	53.203125	-16.287252	14.177588	-7.615056	
4670	53.141266	-16.250000	14.110132	-7.596212	
4671	54.921875	-16.921213	15.603997	-8.146172	
4671	55.000000	-16.909186	15.663867	-8.174182	
4672	54.843750	-16.921723	15.541387	-8.115885	
4672	54.921875	-16.921213	15.603997	-8.146172	
4673	54.765625	-16.910996	15.476278	-8.083292	
4673	54.843750	-16.921723	15.541387	-8.115885	
4674	54.687500	-16.887875	15.408464	-8.048092	
4674	54.765625	-16.910996	15.476278	-8.083292	
4675	54.687500	-16.887875	15.408464	-8.048092	
4675	54.661407	-16.875000	15.384345	-8.035243	
4676	54.531250	-16.803190	15.266132	-7.969402	
4676	54.524403	-16.796875	15.259218	-7.965384	
4677	54.453125	-16.737488	15.191876	-7.925053	
4677	54.524403	-16.796875	15.259218	-7.965384	
4678	54.453125	-16.737488	15.191876	-7.925053	
4678	54.437411	-16.718750	15.175561	-7.914909	
4679	54.531250	-16.803190	15.266132	-7.969402	
4679	54.609375	-16.853545	15.338813	-8.010477	
4680	54.609375	-16.853545	15.338813	-8.010477	
4680	54.661407	-16.875000	15.384345	-8.035243	
4681	54.375000	-16.645598	15.114389	-7.875204	
4681	54.437411	-16.718750	15.175561	-7.914909	
4682	54.375000	-16.645598	15.114389	-7.875204	
4682	54.371819	-16.640625	15.110992	-7.872906	
4683	54.371819	-16.640625	15.110992	-7.872906	
4683	54.321445	-16.562500	15.060499	-7.837147	
4684	54.296875	-16.517853	15.036488	-7.818699	
4684	54.280510	-16.484375	15.020847	-7.805895	
4685	54.296875	-16.517853	15.036488	-7.818699	
4685	54.321445	-16.562500	15.060499	-7.837147	
4686	54.280510	-16.484375	15.020847	-7.805895	
4686	54.246939	-16.406250	14.991930	-7.779279	
4687	54.246939	-16.406250	14.991930	-7.779279	
4687	54.224874	-16.328125	14.975775	-7.759429	
4688	54.218750	-16.297742	14.973107	-7.753812	
4688	54.224874	-16.328125	14.975775	-7.759429	
4689	54.062500	-16.336875	14.923654	-7.758773	
4689	54.077335	-16.328125	14.931668	-7.758525	
4690	54.140625	-16.302300	14.959691	-7.755686	
4690	54.218750	-16.297742	14.973107	-7.753812	
4691	54.077335	-16.328125	14.931668	-7.758525	
4691	54.140625	-16.302300	14.959691	-7.755686	
4692	53.828125	-16.406758	14.762292	-7.745492	
4692	53.830056	-16.406250	14.763783	-7.745703	
4693	53.750000	-16.416281	14.699304	-7.735668	
4693	53.828125	-16.406758	14.762292	-7.745492	
4694	53.906250	-16.392939	14.821736	-7.752969	
4694	53.984375	-16.371857	14.876194	-7.757616	
4695	53.984375	-16.371857	14.876194	-7.757616	
4695	54.062500	-16.336875	14.923654	-7.758773	
4696	53.830056	-16.406250	14.763783	-7.745703	
4696	53.906250	-16.392939	14.821736	-7.752969	
4697	54.359087	-15.781250	14.826036	-8.063111	
4697	54.375000	-15.812881	14.827264	-8.066916	
4698	54.359087	-15.781250	14.826036	-8.063111	
4698	54.328021	-15.703125	14.812189	-8.044581	
4699	54.296875	-15.637591	14.789509	-8.022888	
4699	54.328021	-15.703125	14.812189	-8.044581	
4700	54.291455	-15.625000	14.784487	-8.018564	
4700	54.296875	-15.637591	14.789509	-8.022888	
4701	54.915019	-15.703125	15.192861	-8.092571	
4701	54.921875	-15.704134	15.199166	-8.093687	
4702	54.921875	-15.704134	15.199166	-8.093687	
4702	55.000000	-15.724102	15.273541	-8.107630	
4703	54.843750	-15.693033	15.128431	-8.081836	
4703	54.915019	-15.703125	15.192861	-8.092571	
4704	54.765625	-15.691670	15.061656	-8.072175	
4704	54.843750	-15.693033	15.128431	-8.081836	
4705	54.687500	-15.700705	14.999230	-8.064863	
4705	54.765625	-15.691670	15.061656	-8.072175	
4706	54.453125	-15.783186	14.849175	-8.060993	
4706	54.458882	-15.781250	14.851701	-8.060669	
4707	54.375000	-15.812881	14.827264	-8.066916	
4707	54.453125	-15.783186	14.849175	-8.060993	
4708	54.531250	-15.740548	14.890588	-8.058592	
4708	54.609375	-15.716172	14.941594	-8.060163	
4709	54.609375	-15.716172	14.941594	-8.060163	
4709	54.679182	-15.703125	14.992924	-8.064239	
4710	54.679182	-15.703125	14.992924	-8.064239	
4710	54.687500	-15.700705	14.999230	-8.064863	
4711	54.458882	-15.781250	14.851701	-8.060669	
4711	54.531250	-15.740548	14.890588	-8.058592	
4712	54.206671	-15.468750	14.699972	-7.956296	
4712	54.218750	-15.484668	14.711353	-7.963949	
4713	54.291455	-15.625000	14.784487	-8.018564	
4713	54.254898	-15.546875	14.747989	-7.989846	
4714	54.218750	-15.484668	14.711353	-7.963949	
4714	54.254898	-15.546875	14.747989	-7.989846	
4715	54.206671	-15.468750	14.699972	-7.956296	
4715	54.149108	-15.390625	14.641375	-7.918963	
4716	54.140625	-15.378784	14.632200	-7.913373	
4716	54.149108	-15.390625	14.641375	-7.918963	
4717	54.076945	-15.312500	14.568931	-7.876247	
4717	54.140625	-15.378784	14.632200	-7.913373	
4718	54.062500	-15.296239	14.553613	-7.867580	
4718	54.076945	-15.312500	14.568931	-7.876247	
4719	53.864121	-15.156250	14.361330	-7.766322	
4719	53.906250	-15.177308	14.400502	-7.786008	
4720	53.987271	-15.234375	14.479866	-7.827259	
4720	54.062500	-15.296239	14.553613	-7.867580	
4721	53.984375	-15.231674	14.476839	-7.825649	
4721	53.987271	-15.234375	14.479866	-7.827259	
4722	53.906250	-15.177308	14.400502	-7.786008	
4722	53.984375	-15.231674	14.476839	-7.825649	
4723	53.750000	-15.101072	14.252880	-7.713754	
4723	53.828125	-15.134795	14.326056	-7.748928	
4724	53.828125	-15.134795	14.326056	-7.748928	
4724	53.864121	-15.156250	14.361330	-7.766322	
4725	52.968750	-16.100150	13.906854	-7.536247	
4725	52.962263	-16.093750	13.898920	-7.533816	
4726	53.046875	-16.176962	14.001903	-7.564854	
4726	53.040420	-16.171875	13.994435	-7.562641	
4727	53.046875	-16.176962	14.001903	-7.564854	
4727	53.125000	-16.237834	14.091684	-7.590963	
4728	52.968750	-16.100150	13.906854	-7.536247	
4728	53.040420	-16.171875	13.994435	-7.562641	
4729	52.962263	-16.093750	13.898920	-7.533816	
4729	52.900664	-16.015625	13.818214	-7.508712	
4730	52.890625	-15.998381	13.803663	-7.504114	
4730	52.900664	-16.015625	13.818214	-7.508712	
4731	52.890625	-15.998381	13.803663	-7.504114	
4731	52.852155	-15.937500	13.749253	-7.486723	
4732	52.852155	-15.937500	13.749253	-7.486723	
4732	52.817089	-15.859375	13.692472	-7.468234	
4733	52.812500	-15.844149	13.683466	-7.465269	
4733	52.817089	-15.859375	13.692472	-7.468234	
4734	52.812500	-15.844149	13.683466	-7.465269	
4734	52.791068	-15.781250	13.643798	-7.452091	
4735	52.791068	-15.781250	13.643798	-7.452091	
4735	52.775761	-15.703125	13.604821	-7.438942	
4736	52.775761	-15.703125	13.604821	-7.438942	
4736	52.770934	-15.625000	13.575324	-7.428833	
4737	53.125000	-16.237834	14.091684	-7.590963	
4737	53.141266	-16.250000	14.110132	-7.596212	
4738	53.676395	-15.078125	14.185703	-7.682427	
4738	53.750000	-15.101072	14.252880	-7.713754	
4739	53.671875	-15.076436	14.181432	-7.680463	
4739	53.676395	-15.078125	14.185703	-7.682427	
4740	53.593750	-15.057581	14.110724	-7.648426	
4740	53.671875	-15.076436	14.181432	-7.680463	
4741	53.515625	-15.046605	14.041708	-7.617944	
4741	53.593750	-15.057581	14.110724	-7.648426	
4742	53.437500	-15.042958	13.974301	-7.588865	
4742	53.515625	-15.046605	14.041708	-7.617944	
4743	53.359375	-15.046644	13.908594	-7.561134	
4743	53.437500	-15.042958	13.974301	-7.588865	
4744	53.281250	-15.058067	13.844792	-7.534760	
4744	53.359375	-15.046644	13.908594	-7.561134	
4745	53.125000	-15.107258	13.724136	-7.486325	
4745	53.202585	-15.078125	13.782773	-7.509630	
4746	53.203125	-15.077946	13.783187	-7.509796	
4746	53.281250	-15.058067	13.844792	-7.534760	
4747	53.202585	-15.078125	13.782773	-7.509630	
4747	53.203125	-15.077946	13.783187	-7.509796	
4748	52.770934	-15.625000	13.575324	-7.428833	
4748	52.776698	-15.546875	13.555384	-7.421896	
4749	52.776698	-15.546875	13.555384	-7.421896	
4749	52.794142	-15.468750	13.545968	-7.418571	
4750	52.794142	-15.468750	13.545968	-7.418571	
4750	52.812500	-15.421316	13.547264	-7.419036	
4751	52.812500	-15.421316	13.547264	-7.419036	
4751	52.824369	-15.390625	13.548013	-7.419307	
4752	52.824369	-15.390625	13.548013	-7.419307	
4752	52.869790	-15.312500	13.563606	-7.424996	
4753	52.869790	-15.312500	13.563606	-7.424996	
4753	52.890625	-15.286419	13.573890	-7.428790	
4754	52.890625	-15.286419	13.573890	-7.428790	
4754	52.935907	-15.234375	13.597548	-7.437608	
4755	52.935907	-15.234375	13.597548	-7.437608	
4755	52.968750	-15.205317	13.617472	-7.445116	
4756	52.968750	-15.205317	13.617472	-7.445116	
4756	53.033942	-15.156250	13.659534	-7.461174	
4757	53.033942	-15.156250	13.659534	-7.461174	
4757	53.046875	-15.148250	13.668411	-7.464596	
4758	53.046875	-15.148250	13.668411	-7.464596	
4758	53.125000	-15.107258	13.724136	-7.486325	
4759	55.078125	-16.884401	15.720480	-8.199795	
4759	55.098633	-16.875000	15.734509	-8.206005	
4760	55.000000	-16.909186	15.663867	-8.174182	
4760	55.078125	-16.884401	15.720480	-8.199795	
4761	55.098633	-16.875000	15.734509	-8.206005	
4761	55.156250	-16.845832	15.773495	-8.222961	
4762	55.156250	-16.845832	15.773495	-8.222961	
4762	55.225052	-16.796875	15.815994	-8.240892	
4763	55.234375	-16.789010	15.821407	-8.243130	
4763	55.302812	-16.718750	15.857475	-8.257726	
4764	55.225052	-16.796875	15.815994	-8.240892	
4764	55.234375	-16.789010	15.821407	-8.243130	
4765	55.302812	-16.718750	15.857475	-8.257726	
4765	55.312500	-16.705968	15.861700	-8.259394	
4766	55.312500	-16.705968	15.861700	-8.259394	
4766	55.357169	-16.640625	15.879464	-8.266278	
4767	55.390625	-16.571059	15.886314	-8.268853	
4767	55.394593	-16.562500	15.887077	-8.269134	
4768	55.357169	-16.640625	15.879464	-8.266278	
4768	55.390625	-16.571059	15.886314	-8.268853	
4769	55.394593	-16.562500	15.887077	-8.269134	
4769	55.420563	-16.484375	15.884993	-8.268386	
4770	55.420563	-16.484375	15.884993	-8.268386	
4770	55.435138	-16.406250	15.873032	-8.264216	
4771	55.435138	-16.406250	15.873032	-8.264216	
4771	55.439658	-16.328125	15.852304	-8.257236	
4772	55.439658	-16.328125	15.852304	-8.257236	
4772	55.434614	-16.250000	15.823193	-8.247776	
4773	55.303709	-15.937500	15.608658	-8.185482	
4773	55.312500	-15.950644	15.620502	-8.188648	
4774	55.434614	-16.250000	15.823193	-8.247776	
4774	55.419587	-16.171875	15.785261	-8.235902	
4775	55.419587	-16.171875	15.785261	-8.235902	
4775	55.393070	-16.093750	15.737079	-8.221416	
4776	55.356664	-16.015625	15.680282	-8.205076	
4776	55.390625	-16.088785	15.733314	-8.220309	
4777	55.390625	-16.088785	15.733314	-8.220309	
4777	55.393070	-16.093750	15.737079	-8.221416	
4778	55.312500	-15.950644	15.620502	-8.188648	
4778	55.356664	-16.015625	15.680282	-8.205076	
4779	55.125800	-15.781250	15.402023	-8.134754	
4779	55.156250	-15.801071	15.435077	-8.142297	
4780	55.231083	-15.859375	15.519668	-8.162596	
4780	55.234375	-15.862732	15.523615	-8.163578	
4781	55.234375	-15.862732	15.523615	-8.163578	
4781	55.303709	-15.937500	15.608658	-8.185482	
4782	55.156250	-15.801071	15.435077	-8.142297	
4782	55.231083	-15.859375	15.519668	-8.162596	
4783	55.000000	-15.724102	15.273541	-8.107630	
4783	55.078125	-15.755846	15.352020	-8.123772	
4784	55.078125	-15.755846	15.352020	-8.123772	
4784	55.125800	-15.781250	15.402023	-8.134754	
4785	44.993454	-6.718750	4.255305	-4.515438	
4785	45.000000	-6.736809	4.264135	-4.517769	
4786	44.993454	-6.718750	4.255305	-4.515438	
4786	44.963379	-6.640625	4.215456	-4.504972	
4787	44.963379	-6.640625	4.215456	-4.504972	
4787	44.928042	-6.562500	4.171054	-4.493409	
4788	44.889544	-6.484375	4.123803	-4.481206	
4788	44.921875	-6.548991	4.163298	-4.491399	
4789	44.921875	-6.548991	4.163298	-4.491399	
4789	44.928042	-6.562500	4.171054	-4.493409	
4790	44.889544	-6.484375	4.123803	-4.481206	
4790	44.847849	-6.406250	4.073715	-4.468372	
4791	44.843750	-6.398348	4.068733	-4.467101	
4791	44.847849	-6.406250	4.073715	-4.468372	
4792	44.803523	-6.328125	4.021283	-4.455039	
4792	44.843750	-6.398348	4.068733	-4.467101	
4793	44.765625	-6.262531	3.976583	-4.443748	
4793	44.803523	-6.328125	4.021283	-4.455039	
4794	44.757590	-6.250000	3.967379	-4.441431	
4794	44.765625	-6.262531	3.976583	-4.443748	
4795	44.663075	-6.093750	3.857069	-4.413860	
4795	44.687500	-6.132414	3.885254	-4.420871	
4796	44.663075	-6.093750	3.857069	-4.413860	
4796	44.616388	-6.015625	3.802285	-4.400295	
4797	44.609375	-6.003059	3.793881	-4.398222	
4797	44.616388	-6.015625	3.802285	-4.400295	
4798	44.570462	-5.937500	3.748095	-4.386956	
4798	44.609375	-6.003059	3.793881	-4.398222	
4799	44.757590	-6.250000	3.967379	-4.441431	
4799	44.710449	-6.171875	3.912364	-4.427636	
4800	44.687500	-6.132414	3.885254	-4.420871	
4800	44.710449	-6.171875	3.912364	-4.427636	
4801	44.526528	-5.859375	3.695546	-4.374095	
4801	44.531250	-5.867389	3.701116	-4.375455	
4802	44.526528	-5.859375	3.695546	-4.374095	
4802	44.484269	-5.781250	3.644389	-4.361643	
4803	44.531250	-5.867389	3.701116	-4.375455	
4803	44.570462	-5.937500	3.748095	-4.386956	
4804	44.444470	-5.703125	3.595294	-4.349759	
4804	44.453125	-5.719657	3.605877	-4.352315	
4805	44.453125	-5.719657	3.605877	-4.352315	
4805	44.484269	-5.781250	3.644389	-4.361643	
4806	44.444470	-5.703125	3.595294	-4.349759	
4806	44.406827	-5.625000	3.548021	-4.338379	
4807	44.375000	-5.554157	3.507109	-4.328582	
4807	44.406827	-5.625000	3.548021	-4.338379	
4808	44.371657	-5.546875	3.502845	-4.327564	
4808	44.375000	-5.554157	3.507109	-4.328582	
4809	44.371657	-5.546875	3.502845	-4.327564	
4809	44.338594	-5.468750	3.459470	-4.317238	
4810	44.338594	-5.468750	3.459470	-4.317238	
4810	44.307754	-5.390625	3.418000	-4.307422	
4811	44.296875	-5.361032	3.402978	-4.303880	
4811	44.307754	-5.390625	3.418000	-4.307422	
4812	44.278863	-5.312500	3.378212	-4.298059	
4812	44.296875	-5.361032	3.402978	-4.303880	
4813	44.278863	-5.312500	3.378212	-4.298059	
4813	44.251812	-5.234375	3.340023	-4.289125	
4814	44.251812	-5.234375	3.340023	-4.289125	
4814	44.226424	-5.156250	3.303288	-4.280584	
4815	44.218750	-5.131080	3.291892	-4.277945	
4815	44.226424	-5.156250	3.303288	-4.280584	
4816	44.202562	-5.078125	3.267899	-4.272406	
4816	44.218750	-5.131080	3.291892	-4.277945	
4817	44.202562	-5.078125	3.267899	-4.272406	
4817	44.180083	-5.000000	3.233737	-4.264563	
4818	46.554010	-9.843750	6.251702	-4.958768	
4818	46.562500	-9.855182	6.261826	-4.961643	
4819	46.554010	-9.843750	6.251702	-4.958768	
4819	46.507665	-9.765625	6.192623	-4.941976	
4820	46.484375	-9.713224	6.159735	-4.932621	
4820	46.507665	-9.765625	6.192623	-4.941976	
4821	46.473255	-9.687500	6.143864	-4.928106	
4821	46.484375	-9.713224	6.159735	-4.932621	
4822	46.612257	-9.921875	6.321122	-4.978471	
4822	46.640625	-9.953181	6.353317	-4.987598	
4823	46.640625	-9.953181	6.353317	-4.987598	
4823	46.682420	-10.000000	6.400968	-5.001095	
4824	46.562500	-9.855182	6.261826	-4.961643	
4824	46.612257	-9.921875	6.321122	-4.978471	
4825	46.473255	-9.687500	6.143864	-4.928106	
4825	46.448760	-9.609375	6.103657	-4.916667	
4826	46.448760	-9.609375	6.103657	-4.916667	
4826	46.432944	-9.531250	6.070930	-4.907361	
4827	46.432944	-9.531250	6.070930	-4.907361	
4827	46.424138	-9.453125	6.044251	-4.899785	
4828	46.424138	-9.453125	6.044251	-4.899785	
4828	46.421018	-9.375000	6.022488	-4.893616	
4829	46.421018	-9.375000	6.022488	-4.893616	
4829	46.422533	-9.296875	6.004749	-4.888601	
4830	46.422533	-9.296875	6.004749	-4.888601	
4830	46.427843	-9.218750	5.990325	-4.884535	
4831	46.427843	-9.218750	5.990325	-4.884535	
4831	46.436267	-9.140625	5.978641	-4.881253	
4832	46.436267	-9.140625	5.978641	-4.881253	
4832	46.447238	-9.062500	5.969221	-4.878618	
4833	46.447238	-9.062500	5.969221	-4.878618	
4833	46.460265	-8.984375	5.961654	-4.876510	
4834	46.460265	-8.984375	5.961654	-4.876510	
4834	46.474906	-8.906250	5.955569	-4.874824	
4835	46.474906	-8.906250	5.955569	-4.874824	
4835	46.484375	-8.860467	5.952818	-4.874065	
4836	46.484375	-8.860467	5.952818	-4.874065	
4836	46.490697	-8.828125	5.950574	-4.873447	
4837	46.490697	-8.828125	5.950574	-4.873447	
4837	46.507231	-8.750000	5.946325	-4.872283	
4838	46.507231	-8.750000	5.946325	-4.872283	
4838	46.524210	-8.671875	5.942572	-4.871260	
4839	46.524210	-8.671875	5.942572	-4.871260	
4839	46.541259	-8.593750	5.938993	-4.870292	
4840	46.541259	-8.593750	5.938993	-4.870292	
4840	46.558004	-8.515625	5.935270	-4.869291	
4841	46.558004	-8.515625	5.935270	-4.869291	
4841	46.562500	-8.494591	5.934278	-4.869026	
4842	46.562500	-8.494591	5.934278	-4.869026	
4842	46.574158	-8.437500	5.931155	-4.868193	
4843	46.574158	-8.437500	5.931155	-4.868193	
4843	46.589430	-8.359375	5.926397	-4.866934	
4844	46.589430	-8.359375	5.926397	-4.866934	
4844	46.603501	-8.281250	5.920719	-4.865442	
4845	46.603501	-8.281250	5.920719	-4.865442	
4845	46.616095	-8.203125	5.913879	-4.863660	
4846	46.616095	-8.203125	5.913879	-4.863660	
4846	46.626968	-8.125000	5.905664	-4.861539	
4847	46.626968	-8.125000	5.905664	-4.861539	
4847	46.635910	-8.046875	5.895889	-4.859037	
4848	46.640625	-7.993700	5.888108	-4.857062	
4848	46.642816	-7.968750	5.884462	-4.856141	
4849	46.635910	-8.046875	5.895889	-4.859037	
4849	46.640625	-7.993700	5.888108	-4.857062	
4850	46.642816	-7.968750	5.884462	-4.856141	
4850	46.647575	-7.890625	5.871286	-4.852833	
4851	46.647575	-7.890625	5.871286	-4.852833	
4851	46.649874	-7.812500	5.856085	-4.849054	
4852	46.649874	-7.812500	5.856085	-4.849054	
4852	46.649540	-7.734375	5.838707	-4.844780	
4853	46.649540	-7.734375	5.838707	-4.844780	
4853	46.646395	-7.656250	5.818994	-4.839983	
4854	46.640256	-7.578125	5.796789	-4.834641	
4854	46.640625	-7.583120	5.798182	-4.834974	
4855	46.640625	-7.583120	5.798182	-4.834974	
4855	46.646395	-7.656250	5.818994	-4.839983	
4856	46.640256	-7.578125	5.796789	-4.834641	
4856	46.631326	-7.500000	5.772277	-4.828811	
4857	45.076933	-7.109375	4.393854	-4.552527	
4857	45.078125	-7.135625	4.398949	-4.553876	
4858	45.078125	-7.135625	4.398949	-4.553876	
4858	45.081937	-7.109375	4.397046	-4.553366	
4859	45.081937	-7.109375	4.397046	-4.553366	
4859	45.156250	-7.052174	4.436882	-4.562277	
4860	45.076933	-7.109375	4.393854	-4.552527	
4860	45.071569	-7.031250	4.376327	-4.547810	
4861	45.156250	-7.052174	4.436882	-4.562277	
4861	45.168442	-7.031250	4.442246	-4.563333	
4862	45.168442	-7.031250	4.442246	-4.563333	
4862	45.225206	-6.953125	4.471102	-4.568919	
4863	45.234375	-6.943207	4.476294	-4.569911	
4863	45.287076	-6.875000	4.505249	-4.575394	
4864	45.225206	-6.953125	4.471102	-4.568919	
4864	45.234375	-6.943207	4.476294	-4.569911	
4865	45.071569	-7.031250	4.376327	-4.547810	
4865	45.061022	-6.953125	4.353971	-4.541767	
4866	45.061022	-6.953125	4.353971	-4.541767	
4866	45.044370	-6.875000	4.326243	-4.534304	
4867	45.703125	-6.575215	4.789965	-4.628149	
4867	45.754084	-6.562500	4.830157	-4.635599	
4868	45.625000	-6.606316	4.730720	-4.617200	
4868	45.703125	-6.575215	4.789965	-4.628149	
4869	46.183104	-6.640625	5.209086	-4.707927	
4869	46.250000	-6.692331	5.276546	-4.721389	
4870	46.171875	-6.632911	5.197979	-4.705731	
4870	46.183104	-6.640625	5.209086	-4.707927	
4871	46.093750	-6.589919	5.122916	-4.691034	
4871	46.171875	-6.632911	5.197979	-4.705731	
4872	46.017541	-6.562500	5.052752	-4.677503	
4872	46.093750	-6.589919	5.122916	-4.691034	
4873	45.937500	-6.546853	4.981867	-4.664010	
4873	46.015625	-6.561866	5.051005	-4.677168	
4874	46.015625	-6.561866	5.051005	-4.677168	
4874	46.017541	-6.562500	5.052752	-4.677503	
4875	45.754084	-6.562500	4.830157	-4.635599	
4875	45.781250	-6.554473	4.851510	-4.639567	
4876	45.781250	-6.554473	4.851510	-4.639567	
4876	45.859375	-6.544553	4.915403	-4.651496	
4877	45.859375	-6.544553	4.915403	-4.651496	
4877	45.937500	-6.546853	4.981867	-4.664010	
4878	45.044370	-6.875000	4.326243	-4.534304	
4878	45.021384	-6.796875	4.292991	-4.525421	
4879	45.000000	-6.736809	4.264135	-4.517769	
4879	45.021384	-6.796875	4.292991	-4.525421	
4880	45.287076	-6.875000	4.505249	-4.575394	
4880	45.312500	-6.846291	4.520138	-4.578193	
4881	45.312500	-6.846291	4.520138	-4.578193	
4881	45.362203	-6.796875	4.550717	-4.583909	
4882	45.390625	-6.767950	4.568377	-4.587196	
4882	45.451531	-6.718750	4.608625	-4.594659	
4883	45.362203	-6.796875	4.550717	-4.583909	
4883	45.390625	-6.767950	4.568377	-4.587196	
4884	45.468750	-6.703543	4.619942	-4.596752	
4884	45.546875	-6.650081	4.674166	-4.606765	
4885	45.546875	-6.650081	4.674166	-4.606765	
4885	45.566086	-6.640625	4.688187	-4.609352	
4886	45.566086	-6.640625	4.688187	-4.609352	
4886	45.625000	-6.606316	4.730720	-4.617200	
4887	45.451531	-6.718750	4.608625	-4.594659	
4887	45.468750	-6.703543	4.619942	-4.596752	
4888	46.558777	-7.187500	5.643383	-4.799142	
4888	46.562500	-7.199756	5.649153	-4.800438	
4889	46.631326	-7.500000	5.772277	-4.828811	
4889	46.619069	-7.421875	5.744986	-4.822397	
4890	46.619069	-7.421875	5.744986	-4.822397	
4890	46.603147	-7.343750	5.714626	-4.815350	
4891	46.603147	-7.343750	5.714626	-4.815350	
4891	46.583151	-7.265625	5.680842	-4.807609	
4892	46.562500	-7.199756	5.649153	-4.800438	
4892	46.583151	-7.265625	5.680842	-4.807609	
4893	46.558777	-7.187500	5.643383	-4.799142	
4893	46.530390	-7.109375	5.602592	-4.790050	
4894	46.530390	-7.109375	5.602592	-4.790050	
4894	46.496093	-7.031250	5.556814	-4.779997	
4895	46.455972	-6.953125	5.506168	-4.769047	
4895	46.484375	-7.008265	5.541956	-4.776766	
4896	46.484375	-7.008265	5.541956	-4.776766	
4896	46.496093	-7.031250	5.556814	-4.779997	
4897	46.455972	-6.953125	5.506168	-4.769047	
4897	46.407888	-6.875000	5.448818	-4.756852	
4898	46.350424	-6.796875	5.383606	-4.743231	
4898	46.406250	-6.872646	5.446928	-4.756454	
4899	46.328125	-6.770835	5.359212	-4.738200	
4899	46.350424	-6.796875	5.383606	-4.743231	
4900	46.278714	-6.718750	5.306405	-4.727419	
4900	46.328125	-6.770835	5.359212	-4.738200	
4901	46.406250	-6.872646	5.446928	-4.756454	
4901	46.407888	-6.875000	5.448818	-4.756852	
4902	46.250000	-6.692331	5.276546	-4.721389	
4902	46.278714	-6.718750	5.306405	-4.727419	
4903	44.180083	-5.000000	3.233737	-4.264563	
4903	44.158818	-4.921875	3.200667	-4.257019	
4904	44.140625	-4.851415	3.171732	-4.250460	
4904	44.158818	-4.921875	3.200667	-4.257019	
4905	44.138648	-4.843750	3.168590	-4.249750	
4905	44.140625	-4.851415	3.171732	-4.250460	
4906	44.138648	-4.843750	3.168590	-4.249750	
4906	44.119554	-4.765625	3.137495	-4.242751	
4907	44.119554	-4.765625	3.137495	-4.242751	
4907	44.101342	-4.687500	3.107222	-4.235983	
4908	44.101342	-4.687500	3.107222	-4.235983	
4908	44.083921	-4.609375	3.077694	-4.229428	
4909	44.083921	-4.609375	3.077694	-4.229428	
4909	44.067209	-4.531250	3.048848	-4.223070	
4910	44.062500	-4.508294	3.040558	-4.221251	
4910	44.067209	-4.531250	3.048848	-4.223070	
4911	44.051219	-4.453125	3.020695	-4.216909	
4911	44.062500	-4.508294	3.040558	-4.221251	
4912	44.051219	-4.453125	3.020695	-4.216909	
4912	44.035840	-4.375000	2.993143	-4.210924	
4913	44.035840	-4.375000	2.993143	-4.210924	
4913	44.020983	-4.296875	2.966120	-4.205097	
4914	44.020983	-4.296875	2.966120	-4.205097	
4914	44.006596	-4.218750	2.939583	-4.199418	
4915	44.006596	-4.218750	2.939583	-4.199418	
4915	43.992635	-4.140625	2.913497	-4.193878	
4916	43.984375	-4.093012	2.897854	-4.190576	
4916	43.992635	-4.140625	2.913497	-4.193878	
4917	43.979101	-4.062500	2.887863	-4.188475	
4917	43.984375	-4.093012	2.897854	-4.190576	
4918	43.979101	-4.062500	2.887863	-4.188475	
4918	43.965976	-3.984375	2.862669	-4.183207	
4919	43.965976	-3.984375	2.862669	-4.183207	
4919	43.953167	-3.906250	2.837836	-4.178055	
4920	43.953167	-3.906250	2.837836	-4.178055	
4920	43.940644	-3.828125	2.813341	-4.173014	
4921	43.940644	-3.828125	2.813341	-4.173014	
4921	43.928382	-3.750000	2.789162	-4.168078	
4922	43.904558	-3.593750	2.741690	-4.158504	
4922	43.906250	-3.604985	2.745073	-4.159181	
4923	43.928382	-3.750000	2.789162	-4.168078	
4923	43.916356	-3.671875	2.765281	-4.163242	
4924	43.906250	-3.604985	2.745073	-4.159181	
4924	43.916356	-3.671875	2.765281	-4.163242	
4925	43.904558	-3.593750	2.741690	-4.158504	
4925	43.893025	-3.515625	2.718423	-4.153871	
4926	43.893025	-3.515625	2.718423	-4.153871	
4926	43.881666	-3.437500	2.695404	-4.149325	
4927	43.881666	-3.437500	2.695404	-4.149325	
4927	43.870467	-3.359375	2.672620	-4.144863	
4928	43.870467	-3.359375	2.672620	-4.144863	
4928	43.859413	-3.281250	2.650059	-4.140483	
4929	43.859413	-3.281250	2.650059	-4.140483	
4929	43.848489	-3.203125	2.627710	-4.136182	
4930	43.848489	-3.203125	2.627710	-4.136182	
4930	43.837685	-3.125000	2.605565	-4.131958	
4931	43.826996	-3.046875	2.583620	-4.127808	
4931	43.828125	-3.055151	2.585937	-4.128245	
4932	43.828125	-3.055151	2.585937	-4.128245	
4932	43.837685	-3.125000	2.605565	-4.131958	
4933	43.826996	-3.046875	2.583620	-4.127808	
4933	43.816462	-2.968750	2.561910	-4.123740	
4934	43.816462	-2.968750	2.561910	-4.123740	
4934	43.806014	-2.890625	2.540377	-4.119741	
4935	43.806014	-2.890625	2.540377	-4.119741	
4935	43.795642	-2.812500	2.519014	-4.115809	
4936	43.795642	-2.812500	2.519014	-4.115809	
4936	43.785341	-2.734375	2.497814	-4.111943	
4937	43.785341	-2.734375	2.497814	-4.111943	
4937	43.775101	-2.656250	2.476771	-4.108142	
4938	43.775101	-2.656250	2.476771	-4.108142	
4938	43.764917	-2.578125	2.455881	-4.104403	
4939	43.764917	-2.578125	2.455881	-4.104403	
4939	43.754782	-2.500000	2.435138	-4.100726	
4940	43.744720	-2.421875	2.414564	-4.097113	
4940	43.750000	-2.462912	2.425353	-4.099003	
4941	43.744720	-2.421875	2.414564	-4.097113	
4941	43.734720	-2.343750	2.394149	-4.093563	
4942	43.734720	-2.343750	2.394149	-4.093563	
4942	43.724751	-2.265625	2.373869	-4.090070	
4943	43.724751	-2.265625	2.373869	-4.090070	
4943	43.714811	-2.187500	2.353719	-4.086634	
4944	43.714811	-2.187500	2.353719	-4.086634	
4944	43.704895	-2.109375	2.333697	-4.083253	
4945	43.704895	-2.109375	2.333697	-4.083253	
4945	43.694998	-2.031250	2.313800	-4.079927	
4946	43.694998	-2.031250	2.313800	-4.079927	
4946	43.685119	-1.953125	2.294025	-4.076655	
4947	43.685119	-1.953125	2.294025	-4.076655	
4947	43.675255	-1.875000	2.274371	-4.073436	
4948	43.665431	-1.796875	2.254861	-4.070274	
4948	43.671875	-1.848148	2.267651	-4.072343	
4949	43.671875	-1.848148	2.267651	-4.072343	
4949	43.675255	-1.875000	2.274371	-4.073436	
4950	43.665431	-1.796875	2.254861	-4.070274	
4950	43.655630	-1.718750	2.235480	-4.067165	
4951	43.655630	-1.718750	2.235480	-4.067165	
4951	43.645834	-1.640625	2.216213	-4.064106	
4952	43.645834	-1.640625	2.216213	-4.064106	
4952	43.636043	-1.562500	2.197058	-4.061098	
4953	43.636043	-1.562500	2.197058	-4.061098	
4953	43.626253	-1.484375	2.178015	-4.058140	
4954	43.626253	-1.484375	2.178015	-4.058140	
4954	43.616464	-1.406250	2.159082	-4.055230	
4955	43.616464	-1.406250	2.159082	-4.055230	
4955	43.606675	-1.328125	2.140259	-4.052369	
4956	43.606675	-1.328125	2.140259	-4.052369	
4956	43.596885	-1.250000	2.121546	-4.049556	
4957	43.750000	-2.462912	2.425353	-4.099003	
4957	43.754782	-2.500000	2.435138	-4.100726	
4958	43.587118	-1.171875	2.102963	-4.046794	
4958	43.593750	-1.224934	2.115570	-4.048664	
4959	43.587118	-1.171875	2.102963	-4.046794	
4959	43.577359	-1.093750	2.084498	-4.044080	
4960	43.593750	-1.224934	2.115570	-4.048664	
4960	43.596885	-1.250000	2.121546	-4.049556	
4961	43.577359	-1.093750	2.084498	-4.044080	
4961	43.567596	-1.015625	2.066140	-4.041413	
4962	43.567596	-1.015625	2.066140	-4.041413	
4962	43.557829	-0.937500	2.047890	-4.038792	
4963	43.557829	-0.937500	2.047890	-4.038792	
4963	43.548057	-0.859375	2.029748	-4.036217	
4964	43.548057	-0.859375	2.029748	-4.036217	
4964	43.538282	-0.781250	2.011713	-4.033687	
4965	43.538282	-0.781250	2.011713	-4.033687	
4965	43.528502	-0.703125	1.993787	-4.031203	
4966	43.528502	-0.703125	1.993787	-4.031203	
4966	43.518720	-0.625000	1.975970	-4.028763	
4967	43.508957	-0.546875	1.958282	-4.026370	
4967	43.515625	-0.600232	1.970350	-4.028000	
4968	43.515625	-0.600232	1.970350	-4.028000	
4968	43.518720	-0.625000	1.975970	-4.028763	
4969	43.508957	-0.546875	1.958282	-4.026370	
4969	43.499201	-0.468750	1.940712	-4.024023	
4970	43.499201	-0.468750	1.940712	-4.024023	
4970	43.489444	-0.390625	1.923253	-4.021720	
4971	43.489444	-0.390625	1.923253	-4.021720	
4971	43.479687	-0.312500	1.905907	-4.019460	
4972	43.479687	-0.312500	1.905907	-4.019460	
4972	43.469931	-0.234375	1.888674	-4.017244	
4973	43.469931	-0.234375	1.888674	-4.017244	
4973	43.460178	-0.156250	1.871556	-4.015071	
4974	43.460178	-0.156250	1.871556	-4.015071	
4974	43.450430	-0.078125	1.854556	-4.012941	
4975	43.450430	-0.078125	1.854556	-4.012941	
4975	43.440690	0.000000	1.837674	-4.010854	
4976	10.223796	-40.000000	2.159172	1.922528	
4976	10.234375	-39.992024	2.158171	1.925082	
4977	10.234375	-39.992024	2.158171	1.925082	
4977	10.312500	-39.935637	2.151449	1.942158	
4978	10.312500	-39.935637	2.151449	1.942158	
4978	10.332521	-39.921875	2.149911	1.946044	
4979	10.390625	-39.882522	2.145611	1.956858	
4979	10.450899	-39.843750	2.141714	1.966598	
4980	10.332521	-39.921875	2.149911	1.946044	
4980	10.390625	-39.882522	2.145611	1.956858	
4981	10.468750	-39.832406	2.140601	1.969369	
4981	10.546875	-39.784878	2.136319	1.979971	
4982	10.546875	-39.784878	2.136319	1.979971	
4982	10.580080	-39.765625	2.134766	1.983791	
4983	10.580080	-39.765625	2.134766	1.983791	
4983	10.625000	-39.739776	2.132732	1.988776	
4984	10.450899	-39.843750	2.141714	1.966598	
4984	10.468750	-39.832406	2.140601	1.969369	
4985	10.703125	-39.696923	2.129805	1.995905	
4985	10.721082	-39.687500	2.129255	1.997236	
4986	10.625000	-39.739776	2.132732	1.988776	
4986	10.703125	-39.696923	2.129805	1.995905	
4987	11.015625	-39.544531	2.123901	2.010048	
4987	11.046219	-39.531250	2.123836	2.010201	
4988	10.937500	-39.579991	2.124549	2.008519	
4988	11.015625	-39.544531	2.123901	2.010048	
4989	11.093750	-39.510618	2.123757	2.010384	
4989	11.171875	-39.478194	2.124109	2.009569	
4990	11.171875	-39.478194	2.124109	2.009569	
4990	11.235078	-39.453125	2.124780	2.008023	
4991	11.235078	-39.453125	2.124780	2.008023	
4991	11.250000	-39.447199	2.124944	2.007646	
4992	11.046219	-39.531250	2.123836	2.010201	
4992	11.093750	-39.510618	2.123757	2.010384	
4993	10.721082	-39.687500	2.129255	1.997236	
4993	10.781250	-39.656061	2.127474	2.001535	
4994	10.781250	-39.656061	2.127474	2.001535	
4994	10.859375	-39.617167	2.125742	2.005683	
4995	10.859375	-39.617167	2.125742	2.005683	
4995	10.875726	-39.609375	2.125484	2.006299	
4996	10.875726	-39.609375	2.125484	2.006299	
4996	10.937500	-39.579991	2.124549	2.008519	
4997	11.406250	-39.389091	2.127974	2.000753	
4997	11.446760	-39.375000	2.129097	1.998220	
4998	11.328125	-39.417496	2.126230	2.004708	
4998	11.406250	-39.389091	2.127974	2.000753	
4999	11.250000	-39.447199	2.124944	2.007646	
4999	11.328125	-39.417496	2.126230	2.004708	
5000	11.953125	-39.220998	2.151766	1.948497	
5000	11.961858	-39.218750	2.152315	1.947317	
5001	11.875000	-39.242051	2.147195	1.958360	
5001	11.953125	-39.220998	2.151766	1.948497	
5002	12.031250	-39.200817	2.156704	1.937918	
5002	12.109375	-39.181470	2.161999	1.926647	
5003	12.109375	-39.181470	2.161999	1.926647	
5003	12.187500	-39.162918	2.167644	1.914713	
5004	11.961858	-39.218750	2.152315	1.947317	
5004	12.031250	-39.200817	2.156704	1.937918	
5005	12.421875	-39.111689	2.186593	1.875173	
5005	12.500000	-39.095978	2.193555	1.860826	
5006	12.343750	-39.128057	2.179947	1.888955	
5006	12.421875	-39.111689	2.186593	1.875173	
5007	12.187500	-39.162918	2.167644	1.914713	
5007	12.265625	-39.145120	2.173628	1.902144	
5008	12.265625	-39.145120	2.173628	1.902144	
5008	12.286269	-39.140625	2.175291	1.898664	
5009	12.286269	-39.140625	2.175291	1.898664	
5009	12.343750	-39.128057	2.179947	1.888955	
5010	11.446760	-39.375000	2.129097	1.998220	
5010	11.484375	-39.361882	2.130151	1.995851	
5011	11.484375	-39.361882	2.130151	1.995851	
5011	11.562500	-39.335814	2.132750	1.990041	
5012	11.562500	-39.335814	2.132750	1.990041	
5012	11.640625	-39.310856	2.135768	1.983345	
5013	11.640625	-39.310856	2.135768	1.983345	
5013	11.686356	-39.296875	2.137763	1.978943	
5014	11.686356	-39.296875	2.137763	1.978943	
5014	11.718750	-39.286938	2.139187	1.975813	
5015	11.796875	-39.264014	2.142998	1.967476	
5015	11.875000	-39.242051	2.147195	1.958360	
5016	11.718750	-39.286938	2.139187	1.975813	
5016	11.796875	-39.264014	2.142998	1.967476	
5017	13.515625	-38.938687	2.309546	1.631929	
5017	13.593750	-38.929278	2.320171	1.611711	
5018	13.437500	-38.948379	2.299135	1.651846	
5018	13.515625	-38.938687	2.309546	1.631929	
5019	13.671875	-38.920130	2.331002	1.591207	
5019	13.750000	-38.911221	2.342031	1.570432	
5020	13.593750	-38.929278	2.320171	1.611711	
5020	13.671875	-38.920130	2.331002	1.591207	
5021	13.125000	-38.990468	2.259769	1.728148	
5021	13.168033	-38.984375	2.264980	1.717950	
5022	13.203125	-38.979389	2.269250	1.709617	
5022	13.281250	-38.968706	2.278979	1.690706	
5023	13.168033	-38.984375	2.264980	1.717950	
5023	13.203125	-38.979389	2.269250	1.709617	
5024	13.359375	-38.958377	2.288943	1.671443	
5024	13.437500	-38.948379	2.299135	1.651846	
5025	13.281250	-38.968706	2.278979	1.690706	
5025	13.359375	-38.958377	2.288943	1.671443	
5026	12.656250	-39.066396	2.208396	1.830527	
5026	12.678192	-39.062500	2.210598	1.826062	
5027	12.578125	-39.080891	2.200825	1.845937	
5027	12.656250	-39.066396	2.208396	1.830527	
5028	12.500000	-39.095978	2.193555	1.860826	
5028	12.578125	-39.080891	2.200825	1.845937	
5029	12.812500	-39.039120	2.224425	1.798196	
5029	12.890625	-39.026262	2.232862	1.781327	
5030	12.890625	-39.026262	2.232862	1.781327	
5030	12.968750	-39.013886	2.241570	1.764017	
5031	12.968750	-39.013886	2.241570	1.764017	
5031	13.046875	-39.001963	2.250541	1.746284	
5032	13.046875	-39.001963	2.250541	1.746284	
5032	13.125000	-38.990468	2.259769	1.728148	
5033	12.678192	-39.062500	2.210598	1.826062	
5033	12.734375	-39.052485	2.216266	1.814605	
5034	12.734375	-39.052485	2.216266	1.814605	
5034	12.812500	-39.039120	2.224425	1.798196	
5035	14.921875	-38.792248	2.526503	1.236069	
5035	15.000000	-38.784334	2.539719	1.212922	
5036	14.843750	-38.800064	2.513363	1.259176	
5036	14.921875	-38.792248	2.526503	1.236069	
5037	14.765625	-38.807804	2.500309	1.282230	
5037	14.843750	-38.800064	2.513363	1.259176	
5038	14.687500	-38.815488	2.487348	1.305216	
5038	14.765625	-38.807804	2.500309	1.282230	
5039	14.531250	-38.830785	2.461742	1.350923	
5039	14.558466	-38.828125	2.466170	1.342990	
5040	14.609375	-38.823138	2.474488	1.328121	
5040	14.687500	-38.815488	2.487348	1.305216	
5041	14.558466	-38.828125	2.466170	1.342990	
5041	14.609375	-38.823138	2.474488	1.328121	
5042	14.375000	-38.846159	2.436621	1.396159	
5042	14.453125	-38.838459	2.449119	1.373603	
5043	14.453125	-38.838459	2.449119	1.373603	
5043	14.531250	-38.830785	2.461742	1.350923	
5044	14.218750	-38.861719	2.412029	1.440845	
5044	14.296875	-38.853905	2.424255	1.418578	
5045	14.296875	-38.853905	2.424255	1.418578	
5045	14.375000	-38.846159	2.436621	1.396159	
5046	14.062500	-38.877634	2.388026	1.484866	
5046	14.140625	-38.869622	2.399950	1.462946	
5047	14.140625	-38.869622	2.399950	1.462946	
5047	14.218750	-38.861719	2.412029	1.440845	
5048	13.750000	-38.911221	2.342031	1.570432	
5048	13.794797	-38.906250	2.348456	1.558379	
5049	13.906250	-38.894072	2.364672	1.528105	
5049	13.984375	-38.885777	2.376264	1.506590	
5050	13.984375	-38.885777	2.376264	1.506590	
5050	14.062500	-38.877634	2.388026	1.484866	
5051	13.794797	-38.906250	2.348456	1.558379	
5051	13.828125	-38.902541	2.353256	1.549394	
5052	13.828125	-38.902541	2.353256	1.549394	
5052	13.906250	-38.894072	2.364672	1.528105	
5053	15.312500	-38.751293	2.593187	1.120226	
5053	15.324157	-38.750000	2.595193	1.116776	
5054	15.234375	-38.759804	2.579747	1.143388	
5054	15.312500	-38.751293	2.593187	1.120226	
5055	15.156250	-38.768133	2.566350	1.166568	
5055	15.234375	-38.759804	2.579747	1.143388	
5056	15.078125	-38.776303	2.553004	1.189751	
5056	15.156250	-38.768133	2.566350	1.166568	
5057	15.000000	-38.784334	2.539719	1.212922	
5057	15.078125	-38.776303	2.553004	1.189751	
5058	16.328125	-38.616290	2.768455	0.825974	
5058	16.406250	-38.603370	2.781694	0.804302	
5059	16.250000	-38.628776	2.755149	0.847831	
5059	16.328125	-38.616290	2.768455	0.825974	
5060	16.406250	-38.603370	2.781694	0.804302	
5060	16.462542	-38.593750	2.791176	0.788828	
5061	16.462542	-38.593750	2.791176	0.788828	
5061	16.484375	-38.590034	2.794873	0.782804	
5062	16.484375	-38.590034	2.794873	0.782804	
5062	16.562500	-38.576323	2.808006	0.761454	
5063	16.718750	-38.547515	2.834029	0.719363	
5063	16.796875	-38.532403	2.846913	0.698631	
5064	16.796875	-38.532403	2.846913	0.698631	
5064	16.875000	-38.516814	2.859706	0.678112	
5065	16.562500	-38.576323	2.808006	0.761454	
5065	16.640625	-38.562153	2.821059	0.740305	
5066	16.640625	-38.562153	2.821059	0.740305	
5066	16.718750	-38.547515	2.834029	0.719363	
5067	17.109375	-38.467612	2.897709	0.617566	
5067	17.187500	-38.450283	2.910203	0.597793	
5068	17.031250	-38.484477	2.885128	0.637543	
5068	17.109375	-38.467612	2.897709	0.617566	
5069	16.875000	-38.516814	2.859706	0.678112	
5069	16.880793	-38.515625	2.860646	0.676607	
5070	16.953125	-38.500876	2.872459	0.657726	
5070	17.031250	-38.484477	2.885128	0.637543	
5071	16.880793	-38.515625	2.860646	0.676607	
5071	16.953125	-38.500876	2.872459	0.657726	
5072	17.187500	-38.450283	2.910203	0.597793	
5072	17.243681	-38.437500	2.919120	0.583722	
5073	17.243681	-38.437500	2.919120	0.583722	
5073	17.265625	-38.432546	2.922630	0.578191	
5074	17.265625	-38.432546	2.922630	0.578191	
5074	17.343750	-38.414485	2.935024	0.558707	
5075	17.343750	-38.414485	2.935024	0.558707	
5075	17.421875	-38.396001	2.947344	0.539402	
5076	17.421875	-38.396001	2.947344	0.539402	
5076	17.500000	-38.377109	2.959596	0.520266	
5077	15.324157	-38.750000	2.595193	1.116776	
5077	15.390625	-38.742622	2.606677	1.097068	
5078	15.390625	-38.742622	2.606677	1.097068	
5078	15.468750	-38.733740	2.620196	1.073949	
5079	15.468750	-38.733740	2.620196	1.073949	
5079	15.546875	-38.724617	2.633735	1.050886	
5080	15.546875	-38.724617	2.633735	1.050886	
5080	15.625000	-38.715235	2.647284	1.027893	
5081	15.625000	-38.715235	2.647284	1.027893	
5081	15.703125	-38.705573	2.660834	1.004984	
5082	15.703125	-38.705573	2.660834	1.004984	
5082	15.781250	-38.695610	2.674378	0.982171	
5083	15.781250	-38.695610	2.674378	0.982171	
5083	15.859375	-38.685327	2.687906	0.959468	
5084	15.859375	-38.685327	2.687906	0.959468	
5084	15.937500	-38.674705	2.701410	0.936888	
5085	15.937500	-38.674705	2.701410	0.936888	
5085	15.957710	-38.671875	2.704889	0.931084	
5086	16.015625	-38.663780	2.714903	0.914407	
5086	16.093750	-38.652505	2.728366	0.892058	
5087	15.957710	-38.671875	2.704889	0.931084	
5087	16.015625	-38.663780	2.714903	0.914407	
5088	16.171875	-38.640842	2.741784	0.869862	
5088	16.250000	-38.628776	2.755149	0.847831	
5089	16.093750	-38.652505	2.728366	0.892058	
5089	16.171875	-38.640842	2.741784	0.869862	
5090	19.609375	-37.832728	3.312716	-0.005519	
5090	19.687500	-37.815333	3.328320	-0.027736	
5091	19.531250	-37.850556	3.297394	0.016367	
5091	19.609375	-37.832728	3.312716	-0.005519	
5092	19.453125	-37.868790	3.282344	0.037936	
5092	19.531250	-37.850556	3.297394	0.016367	
5093	19.375000	-37.887402	3.267553	0.059204	
5093	19.453125	-37.868790	3.282344	0.037936	
5094	19.687500	-37.815333	3.328320	-0.027736	
5094	19.700529	-37.812500	3.330961	-0.031489	
5095	19.700529	-37.812500	3.330961	-0.031489	
5095	19.765625	-37.798362	3.344204	-0.050280	
5096	19.765625	-37.798362	3.344204	-0.050280	
5096	19.843750	-37.781848	3.360384	-0.073167	
5097	19.843750	-37.781848	3.360384	-0.073167	
5097	19.921875	-37.765819	3.376870	-0.096415	
5098	19.921875	-37.765819	3.376870	-0.096415	
5098	20.000000	-37.750294	3.393673	-0.120031	
5099	18.750000	-38.047144	3.157300	0.220073	
5099	18.751005	-38.046875	3.157467	0.219826	
5100	18.828125	-38.026396	3.170416	0.200707	
5100	18.906250	-38.005799	3.183692	0.181172	
5101	18.751005	-38.046875	3.157467	0.219826	
5101	18.828125	-38.026396	3.170416	0.200707	
5102	18.984375	-37.985388	3.197141	0.161446	
5102	19.048710	-37.968750	3.208361	0.145040	
5103	18.906250	-38.005799	3.183692	0.181172	
5103	18.984375	-37.985388	3.197141	0.161446	
5104	19.048710	-37.968750	3.208361	0.145040	
5104	19.062500	-37.965207	3.210784	0.141503	
5105	19.218750	-37.925692	3.238715	0.100874	
5105	19.296875	-37.906378	3.253014	0.080179	
5106	19.296875	-37.906378	3.253014	0.080179	
5106	19.361682	-37.890625	3.265063	0.062792	
5107	19.361682	-37.890625	3.265063	0.062792	
5107	19.375000	-37.887402	3.267553	0.059204	
5108	19.062500	-37.965207	3.210784	0.141503	
5108	19.140625	-37.945313	3.224643	0.121309	
5109	19.140625	-37.945313	3.224643	0.121309	
5109	19.218750	-37.925692	3.238715	0.100874	
5110	17.812500	-38.298416	3.008293	0.444832	
5110	17.878161	-38.281250	3.018463	0.429204	
5111	17.968750	-38.257511	3.032578	0.407583	
5111	18.046875	-38.236774	3.044747	0.389012	
5112	18.046875	-38.236774	3.044747	0.389012	
5112	18.125000	-38.215844	3.056931	0.370478	
5113	17.878161	-38.281250	3.018463	0.429204	
5113	17.890625	-38.278023	3.020413	0.426212	
5114	17.890625	-38.278023	3.020413	0.426212	
5114	17.968750	-38.257511	3.032578	0.407583	
5115	17.500000	-38.377109	2.959596	0.520266	
5115	17.571858	-38.359375	2.970806	0.502813	
5116	17.578125	-38.357842	2.971792	0.501279	
5116	17.656250	-38.338365	2.983998	0.482341	
5117	17.571858	-38.359375	2.970806	0.502813	
5117	17.578125	-38.357842	2.971792	0.501279	
5118	17.734375	-38.318548	2.996162	0.463530	
5118	17.812500	-38.298416	3.008293	0.444832	
5119	17.656250	-38.338365	2.983998	0.482341	
5119	17.734375	-38.318548	2.996162	0.463530	
5120	18.437500	-38.131379	3.106308	0.295987	
5120	18.460920	-38.125000	3.110049	0.290382	
5121	18.359375	-38.152590	3.093860	0.314672	
5121	18.437500	-38.131379	3.106308	0.295987	
5122	18.281250	-38.173748	3.081486	0.333310	
5122	18.359375	-38.152590	3.093860	0.314672	
5123	18.125000	-38.215844	3.056931	0.370478	
5123	18.172069	-38.203125	3.064273	0.359338	
5124	18.203125	-38.194814	3.069169	0.351923	
5124	18.281250	-38.173748	3.081486	0.333310	
5125	18.172069	-38.203125	3.064273	0.359338	
5125	18.203125	-38.194814	3.069169	0.351923	
5126	18.460920	-38.125000	3.110049	0.290382	
5126	18.515625	-38.110236	3.118878	0.277179	
5127	18.515625	-38.110236	3.118878	0.277179	
5127	18.593750	-38.089142	3.131563	0.258262	
5128	18.593750	-38.089142	3.131563	0.258262	
5128	18.671875	-38.068099	3.144366	0.239234	
5129	18.671875	-38.068099	3.144366	0.239234	
5129	18.750000	-38.047144	3.157300	0.220073	
5130	22.421875	-37.536256	4.080592	-1.039281	
5130	22.500000	-37.533511	4.106100	-1.072213	
5131	22.343750	-37.538230	4.054826	-1.005956	
5131	22.421875	-37.536256	4.080592	-1.039281	
5132	22.265625	-37.539732	4.028936	-0.972406	
5132	22.343750	-37.538230	4.054826	-1.005956	
5133	22.187500	-37.540994	4.003030	-0.938767	
5133	22.265625	-37.539732	4.028936	-0.972406	
5134	22.109375	-37.542198	3.977188	-0.905143	
5134	22.187500	-37.540994	4.003030	-0.938767	
5135	22.031250	-37.543489	3.951477	-0.871618	
5135	22.109375	-37.542198	3.977188	-0.905143	
5136	21.953125	-37.544980	3.925949	-0.838257	
5136	22.031250	-37.543489	3.951477	-0.871618	
5137	21.875000	-37.546762	3.900643	-0.805113	
5137	21.953125	-37.544980	3.925949	-0.838257	
5138	21.796875	-37.548907	3.875594	-0.772229	
5138	21.875000	-37.546762	3.900643	-0.805113	
5139	21.718750	-37.551473	3.850827	-0.739639	
5139	21.796875	-37.548907	3.875594	-0.772229	
5140	21.640625	-37.554506	3.826364	-0.707370	
5140	21.718750	-37.551473	3.850827	-0.739639	
5141	21.562500	-37.558042	3.802221	-0.675445	
5141	21.640625	-37.554506	3.826364	-0.707370	
5142	21.484375	-37.562111	3.778412	-0.643881	
5142	21.562500	-37.558042	3.802221	-0.675445	
5143	21.406250	-37.566736	3.754947	-0.612693	
5143	21.484375	-37.562111	3.778412	-0.643881	
5144	21.328125	-37.571935	3.731834	-0.581893	
5144	21.406250	-37.566736	3.754947	-0.612693	
5145	21.250000	-37.577721	3.709079	-0.551489	
5145	21.328125	-37.571935	3.731834	-0.581893	
5146	21.093750	-37.590962	3.664604	-0.491821	
5146	21.171875	-37.584042	3.686660	-0.521452	
5147	21.171875	-37.584042	3.686660	-0.521452	
5147	21.245105	-37.578125	3.707674	-0.549609	
5148	21.245105	-37.578125	3.707674	-0.549609	
5148	21.250000	-37.577721	3.709079	-0.551489	
5149	20.937500	-37.606633	3.621598	-0.433801	
5149	21.015625	-37.598491	3.642917	-0.462603	
5150	21.015625	-37.598491	3.642917	-0.462603	
5150	21.093750	-37.590962	3.664604	-0.491821	
5151	20.781250	-37.624756	3.580069	-0.377451	
5151	20.859375	-37.615388	3.600649	-0.405416	
5152	20.859375	-37.615388	3.600649	-0.405416	
5152	20.937500	-37.606633	3.621598	-0.433801	
5153	20.625000	-37.645316	3.540008	-0.322773	
5153	20.703125	-37.634734	3.559856	-0.349903	
5154	20.703125	-37.634734	3.559856	-0.349903	
5154	20.781250	-37.624756	3.580069	-0.377451	
5155	20.390625	-37.680473	3.482554	-0.243766	
5155	20.468750	-37.668189	3.501359	-0.269705	
5156	20.312500	-37.693338	3.464101	-0.218235	
5156	20.390625	-37.680473	3.482554	-0.243766	
5157	20.546875	-37.656496	3.520521	-0.296056	
5157	20.548611	-37.656250	3.520954	-0.296650	
5158	20.468750	-37.668189	3.501359	-0.269705	
5158	20.546875	-37.656496	3.520521	-0.296056	
5159	20.548611	-37.656250	3.520954	-0.296650	
5159	20.625000	-37.645316	3.540008	-0.322773	
5160	20.000000	-37.750294	3.393673	-0.120031	
5160	20.078125	-37.735292	3.410800	-0.144028	
5161	20.078125	-37.735292	3.410800	-0.144028	
5161	20.083070	-37.734375	3.411901	-0.145569	
5162	20.083070	-37.734375	3.411901	-0.145569	
5162	20.156250	-37.720763	3.428232	-0.168374	
5163	20.234375	-37.706772	3.445996	-0.193107	
5163	20.312500	-37.693338	3.464101	-0.218235	
5164	20.156250	-37.720763	3.428232	-0.168374	
5164	20.234375	-37.706772	3.445996	-0.193107	
5165	23.750000	-39.718442	5.529471	-2.856495	
5165	23.728124	-39.687500	5.507151	-2.830501	
5166	23.728124	-39.687500	5.507151	-2.830501	
5166	23.685243	-39.609375	5.455600	-2.769981	
5167	23.671875	-39.577852	5.436318	-2.747176	
5167	23.685243	-39.609375	5.455600	-2.769981	
5168	23.671875	-39.577852	5.436318	-2.747176	
5168	23.648432	-39.531250	5.406430	-2.711657	
5169	23.648432	-39.531250	5.406430	-2.711657	
5169	23.617920	-39.453125	5.359698	-2.655719	
5170	23.617920	-39.453125	5.359698	-2.655719	
5170	23.593767	-39.375000	5.315399	-2.602266	
5171	23.593750	-39.374922	5.315357	-2.602215	
5171	23.573702	-39.296875	5.272660	-2.550325	
5172	23.573702	-39.296875	5.272660	-2.550325	
5172	23.559478	-39.218750	5.232116	-2.500733	
5173	23.593750	-39.374922	5.315357	-2.602215	
5173	23.593767	-39.375000	5.315399	-2.602266	
5174	23.559478	-39.218750	5.232116	-2.500733	
5174	23.550840	-39.140625	5.193650	-2.453413	
5175	23.550840	-39.140625	5.193650	-2.453413	
5175	23.547936	-39.062500	5.157297	-2.408459	
5176	23.547936	-39.062500	5.157297	-2.408459	
5176	23.551318	-38.984375	5.123240	-2.366149	
5177	23.551318	-38.984375	5.123240	-2.366149	
5177	23.562020	-38.906250	5.091833	-2.326968	
5178	23.593750	-38.794681	5.052894	-2.278172	
5178	23.614676	-38.750000	5.040239	-2.262258	
5179	23.562020	-38.906250	5.091833	-2.326968	
5179	23.581745	-38.828125	5.063673	-2.291705	
5180	23.581745	-38.828125	5.063673	-2.291705	
5180	23.593750	-38.794681	5.052894	-2.278172	
5181	23.906250	-39.917720	5.679579	-3.027588	
5181	23.838677	-39.843750	5.620049	-2.960556	
5182	23.984375	-39.990695	5.742923	-3.097576	
5182	23.909572	-39.921875	5.682737	-3.031111	
5183	23.984375	-39.990695	5.742923	-3.097576	
5183	23.993543	-40.000000	5.750681	-3.106046	
5184	23.906250	-39.917720	5.679579	-3.027588	
5184	23.909572	-39.921875	5.682737	-3.031111	
5185	23.828125	-39.828269	5.609010	-2.948001	
5185	23.778515	-39.765625	5.561661	-2.893745	
5186	23.828125	-39.828269	5.609010	-2.948001	
5186	23.838677	-39.843750	5.620049	-2.960556	
5187	23.750000	-39.718442	5.529471	-2.856495	
5187	23.778515	-39.765625	5.561661	-2.893745	
5188	24.973824	-40.000000	5.993949	-3.581502	
5188	24.982750	-39.921875	5.977699	-3.548356	
5189	24.982750	-39.921875	5.977699	-3.548356	
5189	24.988210	-39.843750	5.955921	-3.509064	
5190	24.988210	-39.843750	5.955921	-3.509064	
5190	24.988363	-39.765625	5.930033	-3.465728	
5191	24.988363	-39.765625	5.930033	-3.465728	
5191	24.982316	-39.687500	5.900606	-3.418890	
5192	24.982316	-39.687500	5.900606	-3.418890	
5192	24.969765	-39.609375	5.867916	-3.368760	
5193	24.969765	-39.609375	5.867916	-3.368760	
5193	24.950754	-39.531250	5.832156	-3.315504	
5194	24.950754	-39.531250	5.832156	-3.315504	
5194	24.925541	-39.453125	5.793506	-3.259304	
5195	24.921875	-39.442165	5.787963	-3.251339	
5195	24.925541	-39.453125	5.793506	-3.259304	
5196	24.894394	-39.375000	5.752121	-3.200322	
5196	24.921875	-39.442165	5.787963	-3.251339	
5197	24.813577	-39.218750	5.661145	-3.073835	
5197	24.843750	-39.268209	5.691706	-3.115915	
5198	24.894394	-39.375000	5.752121	-3.200322	
5198	24.857542	-39.296875	5.708131	-3.138691	
5199	24.843750	-39.268209	5.691706	-3.115915	
5199	24.857542	-39.296875	5.708131	-3.138691	
5200	24.764238	-39.140625	5.611730	-3.006511	
5200	24.765625	-39.142321	5.612912	-3.008111	
5201	24.765625	-39.142321	5.612912	-3.008111	
5201	24.813577	-39.218750	5.661145	-3.073835	
5202	24.764238	-39.140625	5.611730	-3.006511	
5202	24.705811	-39.062500	5.558716	-2.935113	
5203	24.687500	-39.036823	5.541448	-2.912019	
5203	24.705811	-39.062500	5.558716	-2.935113	
5204	24.639411	-38.984375	5.502450	-2.860120	
5204	24.687500	-39.036823	5.541448	-2.912019	
5205	24.609375	-38.948503	5.476574	-2.825865	
5205	24.639411	-38.984375	5.502450	-2.860120	
5206	24.563668	-38.906250	5.442479	-2.780929	
5206	24.609375	-38.948503	5.476574	-2.825865	
5207	24.531250	-38.872421	5.416472	-2.746793	
5207	24.563668	-38.906250	5.442479	-2.780929	
5208	24.476404	-38.828125	5.378053	-2.696566	
5208	24.531250	-38.872421	5.416472	-2.746793	
5209	24.453125	-38.806442	5.360404	-2.673568	
5209	24.476404	-38.828125	5.378053	-2.696566	
5210	24.375079	-38.750000	5.308283	-2.605896	
5210	24.453125	-38.806442	5.360404	-2.673568	
5211	23.750000	-38.608115	5.024551	-2.242492	
5211	23.788320	-38.593750	5.031709	-2.251563	
5212	24.049512	-38.593750	5.124230	-2.369333	
5212	24.062500	-38.596186	5.129907	-2.376583	
5213	23.906250	-38.571933	5.063740	-2.292247	
5213	23.984375	-38.578285	5.094259	-2.331102	
5214	23.984375	-38.578285	5.094259	-2.331102	
5214	24.049512	-38.593750	5.124230	-2.369333	
5215	23.788320	-38.593750	5.031709	-2.251563	
5215	23.828125	-38.580248	5.039768	-2.261789	
5216	23.828125	-38.580248	5.039768	-2.261789	
5216	23.906250	-38.571933	5.063740	-2.292247	
5217	24.140625	-38.621548	5.168822	-2.426354	
5217	24.218750	-38.656659	5.212006	-2.481740	
5218	24.062500	-38.596186	5.129907	-2.376583	
5218	24.140625	-38.621548	5.168822	-2.426354	
5219	24.243772	-38.671875	5.227591	-2.501771	
5219	24.296875	-38.698551	5.258085	-2.541038	
5220	24.296875	-38.698551	5.258085	-2.541038	
5220	24.375000	-38.749933	5.308226	-2.605822	
5221	24.218750	-38.656659	5.212006	-2.481740	
5221	24.243772	-38.671875	5.227591	-2.501771	
5222	24.375000	-38.749933	5.308226	-2.605822	
5222	24.375079	-38.750000	5.308283	-2.605896	
5223	23.614676	-38.750000	5.040239	-2.262258	
5223	23.668416	-38.671875	5.024218	-2.242064	
5224	23.671875	-38.667789	5.023610	-2.241296	
5224	23.750000	-38.608115	5.024551	-2.242492	
5225	23.668416	-38.671875	5.024218	-2.242064	
5225	23.671875	-38.667789	5.023610	-2.241296	
5226	22.812500	-37.505200	4.201223	-1.194500	
5226	22.840278	-37.500000	4.208542	-1.203875	
5227	22.734375	-37.516203	4.179076	-1.166100	
5227	22.812500	-37.505200	4.201223	-1.194500	
5228	22.656250	-37.524057	4.155601	-1.135949	
5228	22.734375	-37.516203	4.179076	-1.166100	
5229	22.578125	-37.529610	4.131178	-1.104530	
5229	22.656250	-37.524057	4.155601	-1.135949	
5230	22.500000	-37.533511	4.106100	-1.072213	
5230	22.578125	-37.529610	4.131178	-1.104530	
5231	22.840278	-37.500000	4.208542	-1.203875	
5231	22.890625	-37.490129	4.221629	-1.220626	
5232	22.890625	-37.490129	4.221629	-1.220626	
5232	22.968750	-37.469762	4.239739	-1.243780	
5233	22.968750	-37.469762	4.239739	-1.243780	
5233	23.046875	-37.442364	4.254778	-1.262978	
5234	23.046875	-37.442364	4.254778	-1.262978	
5234	23.092063	-37.421875	4.261434	-1.271466	
5235	23.092063	-37.421875	4.261434	-1.271466	
5235	23.125000	-37.406542	4.266118	-1.277434	
5236	23.203125	-37.361051	4.273200	-1.286448	
5236	23.227390	-37.343750	4.273996	-1.287459	
5237	23.125000	-37.406542	4.266118	-1.277434	
5237	23.203125	-37.361051	4.273200	-1.286448	
5238	23.281250	-37.305256	4.275737	-1.289672	
5238	23.327769	-37.265625	4.274414	-1.287993	
5239	23.359375	-37.239045	4.273680	-1.287062	
5239	23.412640	-37.187500	4.269450	-1.281708	
5240	23.327769	-37.265625	4.274414	-1.287993	
5240	23.359375	-37.239045	4.273680	-1.287062	
5241	23.227390	-37.343750	4.273996	-1.287459	
5241	23.281250	-37.305256	4.275737	-1.289672	
5242	23.437500	-37.164061	4.267762	-1.279572	
5242	23.489260	-37.109375	4.261638	-1.271837	
5243	23.515625	-37.082516	4.258975	-1.268476	
5243	23.561476	-37.031250	4.252327	-1.260098	
5244	23.489260	-37.109375	4.261638	-1.271837	
5244	23.515625	-37.082516	4.258975	-1.268476	
5245	23.593750	-36.996717	4.248355	-1.255099	
5245	23.631500	-36.953125	4.242296	-1.247482	
5246	23.671875	-36.908726	4.236828	-1.240620	
5246	23.700691	-36.875000	4.232028	-1.234603	
5247	23.631500	-36.953125	4.242296	-1.247482	
5247	23.671875	-36.908726	4.236828	-1.240620	
5248	23.561476	-37.031250	4.252327	-1.260098	
5248	23.593750	-36.996717	4.248355	-1.255099	
5249	23.412640	-37.187500	4.269450	-1.281708	
5249	23.437500	-37.164061	4.267762	-1.279572	
5250	23.700691	-36.875000	4.232028	-1.234603	
5250	23.750000	-36.820189	4.225136	-1.225977	
5251	23.750000	-36.820189	4.225136	-1.225977	
5251	23.769938	-36.796875	4.221844	-1.221862	
5252	23.828125	-36.732307	4.213821	-1.211850	
5252	23.839855	-36.718750	4.211967	-1.209540	
5253	23.769938	-36.796875	4.221844	-1.221862	
5253	23.828125	-36.732307	4.213821	-1.211850	
5254	23.906250	-36.645888	4.203247	-1.198694	
5254	23.910894	-36.640625	4.202565	-1.197847	
5255	23.910894	-36.640625	4.202565	-1.197847	
5255	23.983374	-36.562500	4.193761	-1.186930	
5256	23.839855	-36.718750	4.211967	-1.209540	
5256	23.906250	-36.645888	4.203247	-1.198694	
5257	24.062500	-36.479376	4.185211	-1.176365	
5257	24.133801	-36.406250	4.178389	-1.167965	
5258	24.218750	-36.322000	4.171659	-1.159707	
5258	24.293380	-36.250000	4.166750	-1.153707	
5259	24.133801	-36.406250	4.178389	-1.167965	
5259	24.140625	-36.399537	4.177868	-1.167325	
5260	24.140625	-36.399537	4.177868	-1.167325	
5260	24.212352	-36.328125	4.172063	-1.160202	
5261	24.212352	-36.328125	4.172063	-1.160202	
5261	24.218750	-36.322000	4.171659	-1.159707	
5262	23.983374	-36.562500	4.193761	-1.186930	
5262	23.984375	-36.561469	4.193661	-1.186807	
5263	23.984375	-36.561469	4.193661	-1.186807	
5263	24.057542	-36.484375	4.185650	-1.176907	
5264	24.057542	-36.484375	4.185650	-1.176907	
5264	24.062500	-36.479376	4.185211	-1.176365	
5265	24.293380	-36.250000	4.166750	-1.153707	
5265	24.296875	-36.246749	4.166577	-1.153496	
5266	24.296875	-36.246749	4.166577	-1.153496	
5266	24.375000	-36.173766	4.162618	-1.148675	
5267	24.375000	-36.173766	4.162618	-1.148675	
5267	24.377021	-36.171875	4.162515	-1.148551	
5268	24.453125	-36.103025	4.159772	-1.145222	
5268	24.463398	-36.093750	4.159418	-1.144794	
5269	24.377021	-36.171875	4.162515	-1.148551	
5269	24.453125	-36.103025	4.159772	-1.145222	
5270	24.531250	-36.034350	4.157962	-1.143035	
5270	24.552739	-36.015625	4.157558	-1.142548	
5271	24.609375	-35.967641	4.157146	-1.142052	
5271	24.645196	-35.937500	4.157010	-1.141888	
5272	24.552739	-36.015625	4.157558	-1.142548	
5272	24.609375	-35.967641	4.157146	-1.142052	
5273	24.463398	-36.093750	4.159418	-1.144794	
5273	24.531250	-36.034350	4.157962	-1.143035	
5274	24.687500	-35.902802	4.157283	-1.142215	
5274	24.740911	-35.859375	4.157846	-1.142888	
5275	24.765625	-35.839741	4.158331	-1.143468	
5275	24.840011	-35.781250	4.160134	-1.145613	
5276	24.740911	-35.859375	4.157846	-1.142888	
5276	24.765625	-35.839741	4.158331	-1.143468	
5277	24.843750	-35.778371	4.160255	-1.145757	
5277	24.921875	-35.718734	4.163073	-1.149098	
5278	24.921875	-35.718734	4.163073	-1.149098	
5278	24.942582	-35.703125	4.163929	-1.150110	
5279	24.942582	-35.703125	4.163929	-1.150110	
5279	25.000000	-35.660624	4.166695	-1.153377	
5280	24.840011	-35.781250	4.160134	-1.145613	
5280	24.843750	-35.778371	4.160255	-1.145757	
5281	24.645196	-35.937500	4.157010	-1.141888	
5281	24.687500	-35.902802	4.157283	-1.142215	
5282	25.000000	-35.660624	4.166695	-1.153377	
5282	25.048809	-35.625000	4.169324	-1.156473	
5283	26.015625	-35.015721	4.274452	-1.277011	
5283	26.044154	-35.000000	4.278855	-1.281962	
5284	25.937500	-35.059451	4.262786	-1.263862	
5284	26.015625	-35.015721	4.274452	-1.277011	
5285	25.625000	-35.242858	4.221168	-1.216550	
5285	25.638959	-35.234375	4.222855	-1.218480	
5286	25.703125	-35.195654	4.230781	-1.227537	
5286	25.769573	-35.156250	4.239388	-1.237344	
5287	25.638959	-35.234375	4.222855	-1.218480	
5287	25.703125	-35.195654	4.230781	-1.227537	
5288	25.781250	-35.149368	4.240928	-1.239096	
5288	25.859375	-35.103988	4.251607	-1.251216	
5289	25.859375	-35.103988	4.251607	-1.251216	
5289	25.904654	-35.078125	4.258049	-1.258508	
5290	25.904654	-35.078125	4.258049	-1.258508	
5290	25.937500	-35.059451	4.262786	-1.263862	
5291	25.769573	-35.156250	4.239388	-1.237344	
5291	25.781250	-35.149368	4.240928	-1.239096	
5292	25.048809	-35.625000	4.169324	-1.156473	
5292	25.078125	-35.603949	4.171080	-1.158538	
5293	25.078125	-35.603949	4.171080	-1.158538	
5293	25.156250	-35.548652	4.176204	-1.164545	
5294	25.156250	-35.548652	4.176204	-1.164545	
5294	25.158791	-35.546875	4.176383	-1.164755	
5295	25.234375	-35.494759	4.182080	-1.171409	
5295	25.272717	-35.468750	4.185205	-1.175050	
5296	25.158791	-35.546875	4.176383	-1.164755	
5296	25.234375	-35.494759	4.182080	-1.171409	
5297	25.272717	-35.468750	4.185205	-1.175050	
5297	25.312500	-35.442091	4.188626	-1.179028	
5298	25.468750	-35.340303	4.203677	-1.196449	
5298	25.512694	-35.312500	4.208368	-1.201855	
5299	25.312500	-35.442091	4.188626	-1.179028	
5299	25.390582	-35.390625	4.195816	-1.187367	
5300	25.390625	-35.390597	4.195820	-1.187372	
5300	25.468750	-35.340303	4.203677	-1.196449	
5301	25.390582	-35.390625	4.195816	-1.187367	
5301	25.390625	-35.390597	4.195820	-1.187372	
5302	25.512694	-35.312500	4.208368	-1.201855	
5302	25.546875	-35.291065	4.212130	-1.206181	
5303	25.546875	-35.291065	4.212130	-1.206181	
5303	25.625000	-35.242858	4.221168	-1.216550	
5304	26.044154	-35.000000	4.278855	-1.281962	
5304	26.093750	-34.972763	4.286587	-1.290643	
5305	26.093750	-34.972763	4.286587	-1.290643	
5305	26.171875	-34.930532	4.299173	-1.304732	
5306	26.171875	-34.930532	4.299173	-1.304732	
5306	26.188130	-34.921875	4.301865	-1.307741	
5307	26.188130	-34.921875	4.301865	-1.307741	
5307	26.250000	-34.889000	4.312194	-1.319261	
5308	26.328125	-34.848127	4.325635	-1.334207	
5308	26.336612	-34.843750	4.327131	-1.335867	
5309	26.250000	-34.889000	4.312194	-1.319261	
5309	26.328125	-34.848127	4.325635	-1.334207	
5310	26.406250	-34.807883	4.339480	-1.349552	
5310	26.484375	-34.768236	4.353715	-1.365277	
5311	26.484375	-34.768236	4.353715	-1.365277	
5311	26.489591	-34.765625	4.354686	-1.366348	
5312	26.489591	-34.765625	4.354686	-1.366348	
5312	26.562500	-34.729153	4.368325	-1.381365	
5313	26.336612	-34.843750	4.327131	-1.335867	
5313	26.406250	-34.807883	4.339480	-1.349552	
5314	26.640625	-34.690611	4.383299	-1.397799	
5314	26.647015	-34.687500	4.384548	-1.399168	
5315	26.562500	-34.729153	4.368325	-1.381365	
5315	26.640625	-34.690611	4.383299	-1.397799	
5316	26.647015	-34.687500	4.384548	-1.399168	
5316	26.718750	-34.652575	4.398622	-1.414562	
5317	26.718750	-34.652575	4.398622	-1.414562	
5317	26.796875	-34.615024	4.414282	-1.431640	
5318	26.796875	-34.615024	4.414282	-1.431640	
5318	26.808778	-34.609375	4.416712	-1.434285	
5319	26.808778	-34.609375	4.416712	-1.434285	
5319	26.875000	-34.577927	4.430267	-1.449017	
5320	27.265625	-34.398465	4.514670	-1.539918	
5320	27.318265	-34.375000	4.526591	-1.552649	
5321	27.187500	-34.433631	4.497228	-1.521246	
5321	27.265625	-34.398465	4.514670	-1.539918	
5322	26.953125	-34.541264	4.446565	-1.466680	
5322	26.974722	-34.531250	4.451146	-1.471635	
5323	26.875000	-34.577927	4.430267	-1.449017	
5323	26.953125	-34.541264	4.446565	-1.466680	
5324	27.031250	-34.505009	4.463165	-1.484614	
5324	27.109375	-34.469138	4.480056	-1.502807	
5325	27.109375	-34.469138	4.480056	-1.502807	
5325	27.144636	-34.453125	4.487798	-1.511128	
5326	27.144636	-34.453125	4.487798	-1.511128	
5326	27.187500	-34.433631	4.497228	-1.521246	
5327	26.974722	-34.531250	4.451146	-1.471635	
5327	27.031250	-34.505009	4.463165	-1.484614	
5328	27.318265	-34.375000	4.526591	-1.552649	
5328	27.343750	-34.363620	4.532372	-1.558814	
5329	27.343750	-34.363620	4.532372	-1.558814	
5329	27.421875	-34.329078	4.550327	-1.577920	
5330	27.421875	-34.329078	4.550327	-1.577920	
5330	27.495313	-34.296875	4.567429	-1.596069	
5331	27.495313	-34.296875	4.567429	-1.596069	
5331	27.500000	-34.294816	4.568522	-1.597227	
5332	28.593750	-33.836193	4.844406	-1.883758	
5332	28.613626	-33.828125	4.849736	-1.889190	
5333	28.671875	-33.804450	4.865378	-1.905111	
5333	28.750000	-33.772784	4.886489	-1.926551	
5334	28.613626	-33.828125	4.849736	-1.889190	
5334	28.671875	-33.804450	4.865378	-1.905111	
5335	28.437500	-33.899977	4.802913	-1.841344	
5335	28.515625	-33.868045	4.823589	-1.862507	
5336	28.515625	-33.868045	4.823589	-1.862507	
5336	28.593750	-33.836193	4.844406	-1.883758	
5337	28.125000	-34.028929	4.721829	-1.757801	
5337	28.203125	-33.996493	4.741849	-1.778512	
5338	28.203125	-33.996493	4.741849	-1.778512	
5338	28.232476	-33.984375	4.749430	-1.786340	
5339	28.232476	-33.984375	4.749430	-1.786340	
5339	28.281250	-33.964201	4.762043	-1.799346	
5340	28.359375	-33.932036	4.782400	-1.820293	
5340	28.422234	-33.906250	4.798900	-1.837231	
5341	28.281250	-33.964201	4.762043	-1.799346	
5341	28.359375	-33.932036	4.782400	-1.820293	
5342	28.422234	-33.906250	4.798900	-1.837231	
5342	28.437500	-33.899977	4.802913	-1.841344	
5343	27.578125	-34.260823	4.586952	-1.616726	
5343	27.656250	-34.227074	4.605605	-1.636404	
5344	27.500000	-34.294816	4.568522	-1.597227	
5344	27.578125	-34.260823	4.586952	-1.616726	
5345	27.656250	-34.227074	4.605605	-1.636404	
5345	27.675684	-34.218750	4.610296	-1.641344	
5346	27.675684	-34.218750	4.610296	-1.641344	
5346	27.734375	-34.193560	4.624478	-1.656257	
5347	27.734375	-34.193560	4.624478	-1.656257	
5347	27.812500	-34.160259	4.643558	-1.676271	
5348	27.968750	-34.094248	4.682317	-1.716757	
5348	28.044494	-34.062500	4.701379	-1.736585	
5349	27.812500	-34.160259	4.643558	-1.676271	
5349	27.858879	-34.140625	4.654999	-1.688245	
5350	27.890625	-34.127158	4.662839	-1.696439	
5350	27.968750	-34.094248	4.682317	-1.716757	
5351	27.858879	-34.140625	4.654999	-1.688245	
5351	27.890625	-34.127158	4.662839	-1.696439	
5352	28.044494	-34.062500	4.701379	-1.736585	
5352	28.046875	-34.061500	4.701979	-1.737209	
5353	28.046875	-34.061500	4.701979	-1.737209	
5353	28.125000	-34.028929	4.721829	-1.757801	
5354	28.750000	-33.772784	4.886489	-1.926551	
5354	28.806354	-33.750000	4.901808	-1.942074	
5355	28.806354	-33.750000	4.901808	-1.942074	
5355	28.828125	-33.741189	4.907736	-1.948073	
5356	28.828125	-33.741189	4.907736	-1.948073	
5356	28.906250	-33.709686	4.929128	-1.969687	
5357	28.906250	-33.709686	4.929128	-1.969687	
5357	28.984375	-33.678226	4.950641	-1.991369	
5358	28.984375	-33.678226	4.950641	-1.991369	
5358	29.000199	-33.671875	4.955021	-1.995777	
5359	29.000199	-33.671875	4.955021	-1.995777	
5359	29.062500	-33.646856	4.972298	-2.013141	
5360	29.140625	-33.615532	4.994078	-2.034981	
5360	29.195038	-33.593750	5.009323	-2.050236	
5361	29.062500	-33.646856	4.972298	-2.013141	
5361	29.140625	-33.615532	4.994078	-2.034981	
5362	29.218750	-33.584256	5.015980	-2.056890	
5362	29.296875	-33.553056	5.038018	-2.078880	
5363	29.296875	-33.553056	5.038018	-2.078880	
5363	29.375000	-33.521876	5.060165	-2.100925	
5364	29.195038	-33.593750	5.009323	-2.050236	
5364	29.218750	-33.584256	5.015980	-2.056890	
5365	29.531250	-33.459709	5.104847	-2.145238	
5365	29.587152	-33.437500	5.120944	-2.161150	
5366	29.375000	-33.521876	5.060165	-2.100925	
5366	29.390700	-33.515625	5.064635	-2.105367	
5367	29.453125	-33.490777	5.082449	-2.123052	
5367	29.531250	-33.459709	5.104847	-2.145238	
5368	29.390700	-33.515625	5.064635	-2.105367	
5368	29.453125	-33.490777	5.082449	-2.123052	
5369	29.687500	-33.397717	5.150005	-2.189808	
5369	29.765625	-33.366765	5.172752	-2.212178	
5370	29.765625	-33.366765	5.172752	-2.212178	
5370	29.784307	-33.359375	5.178212	-2.217539	
5371	29.784307	-33.359375	5.178212	-2.217539	
5371	29.843750	-33.335890	5.195633	-2.234626	
5372	29.921875	-33.305042	5.218624	-2.257128	
5372	29.982154	-33.281250	5.236434	-2.274524	
5373	29.843750	-33.335890	5.195633	-2.234626	
5373	29.921875	-33.305042	5.218624	-2.257128	
5374	29.982154	-33.281250	5.236434	-2.274524	
5374	30.000000	-33.274218	5.241723	-2.279684	
5375	29.587152	-33.437500	5.120944	-2.161150	
5375	29.609375	-33.428677	5.127360	-2.167484	
5376	29.609375	-33.428677	5.127360	-2.167484	
5376	29.687500	-33.397717	5.150005	-2.189808	
5377	39.765625	-30.210946	9.179866	-5.657691	
5377	39.843750	-30.189261	9.217151	-5.687615	
5378	39.687500	-30.231047	9.141887	-5.627170	
5378	39.765625	-30.210946	9.179866	-5.657691	
5379	39.921875	-30.165946	9.253722	-5.716923	
5379	39.952054	-30.156250	9.267532	-5.727980	
5380	39.843750	-30.189261	9.217151	-5.687615	
5380	39.921875	-30.165946	9.253722	-5.716923	
5381	39.952054	-30.156250	9.267532	-5.727980	
5381	40.000000	-30.141292	9.289721	-5.745731	
5382	39.375000	-30.297675	8.984034	-5.499921	
5382	39.453125	-30.283165	9.024428	-5.532540	
5383	39.453125	-30.283165	9.024428	-5.532540	
5383	39.531250	-30.267262	9.064220	-5.564636	
5384	39.531250	-30.267262	9.064220	-5.564636	
5384	39.609375	-30.249891	9.103374	-5.596180	
5385	39.609375	-30.249891	9.103374	-5.596180	
5385	39.673410	-30.234375	9.134900	-5.621550	
5386	39.673410	-30.234375	9.134900	-5.621550	
5386	39.687500	-30.231047	9.141887	-5.627170	
5387	38.984375	-30.352618	8.774632	-5.330317	
5387	39.062500	-30.343755	8.817395	-5.365017	
5388	38.906250	-30.360594	8.731514	-5.295300	
5388	38.984375	-30.352618	8.774632	-5.330317	
5389	38.828125	-30.367787	8.688092	-5.260007	
5389	38.906250	-30.360594	8.731514	-5.295300	
5390	38.750000	-30.374302	8.644415	-5.224479	
5390	38.828125	-30.367787	8.688092	-5.260007	
5391	39.218750	-30.322967	8.901658	-5.433299	
5391	39.286165	-30.312500	8.937378	-5.462205	
5392	39.140625	-30.333905	8.859753	-5.399357	
5392	39.218750	-30.322967	8.901658	-5.433299	
5393	39.062500	-30.343755	8.817395	-5.365017	
5393	39.140625	-30.333905	8.859753	-5.399357	
5394	39.286165	-30.312500	8.937378	-5.462205	
5394	39.296875	-30.310869	8.943075	-5.466812	
5395	39.296875	-30.310869	8.943075	-5.466812	
5395	39.375000	-30.297675	8.984034	-5.499921	
5396	38.281250	-30.405131	8.379918	-5.008799	
5396	38.359375	-30.400451	8.424040	-5.044836	
5397	38.359375	-30.400451	8.424040	-5.044836	
5397	38.437500	-30.395725	8.468211	-5.080891	
5398	38.125000	-30.414763	8.292022	-4.936944	
5398	38.203125	-30.409867	8.335896	-4.972822	
5399	38.203125	-30.409867	8.335896	-4.972822	
5399	38.281250	-30.405131	8.379918	-5.008799	
5400	38.671875	-30.380245	8.600537	-5.188761	
5400	38.750000	-30.374302	8.644415	-5.224479	
5401	38.593750	-30.385723	8.556508	-5.152894	
5401	38.671875	-30.380245	8.600537	-5.188761	
5402	38.437500	-30.395725	8.468211	-5.080891	
5402	38.515625	-30.390844	8.512381	-5.116922	
5403	38.515625	-30.390844	8.512381	-5.116922	
5403	38.518943	-30.390625	8.514253	-5.118448	
5404	38.518943	-30.390625	8.514253	-5.118448	
5404	38.593750	-30.385723	8.556508	-5.152894	
5405	37.500000	-30.470751	7.951536	-4.657822	
5405	37.516723	-30.468750	7.960352	-4.665065	
5406	37.656250	-30.452788	8.034367	-4.725837	
5406	37.734375	-30.444983	8.076440	-4.760357	
5407	37.734375	-30.444983	8.076440	-4.760357	
5407	37.812500	-30.437874	8.118912	-4.795185	
5408	37.516723	-30.468750	7.960352	-4.665065	
5408	37.578125	-30.461360	7.992724	-4.691653	
5409	37.578125	-30.461360	7.992724	-4.691653	
5409	37.656250	-30.452788	8.034367	-4.725837	
5410	37.968750	-30.425427	8.204902	-4.865641	
5410	38.046875	-30.419918	8.248343	-4.901204	
5411	38.046875	-30.419918	8.248343	-4.901204	
5411	38.125000	-30.414763	8.292022	-4.936944	
5412	37.812500	-30.437874	8.118912	-4.795185	
5412	37.890625	-30.431383	8.161745	-4.830290	
5413	37.890625	-30.431383	8.161745	-4.830290	
5413	37.968750	-30.425427	8.204902	-4.865641	
5414	36.640625	-30.638222	7.532930	-4.312756	
5414	36.691687	-30.625000	7.556056	-4.331891	
5415	36.562500	-30.659512	7.498097	-4.283915	
5415	36.640625	-30.638222	7.532930	-4.312756	
5416	36.406250	-30.705074	7.430014	-4.227468	
5416	36.412879	-30.703125	7.432891	-4.229855	
5417	36.484375	-30.681811	7.463799	-4.255491	
5417	36.562500	-30.659512	7.498097	-4.283915	
5418	36.412879	-30.703125	7.432891	-4.229855	
5418	36.484375	-30.681811	7.463799	-4.255491	
5419	36.250000	-30.754059	7.363780	-4.172450	
5419	36.328125	-30.729109	7.396652	-4.199769	
5420	36.328125	-30.729109	7.396652	-4.199769	
5420	36.406250	-30.705074	7.430014	-4.227468	
5421	36.875000	-30.580206	7.640541	-4.401713	
5421	36.953125	-30.562963	7.677520	-4.432236	
5422	36.953125	-30.562963	7.677520	-4.432236	
5422	37.030846	-30.546875	7.714869	-4.463043	
5423	37.030846	-30.546875	7.714869	-4.463043	
5423	37.031250	-30.546790	7.715063	-4.463203	
5424	37.109375	-30.531556	7.753109	-4.494564	
5424	37.187500	-30.517383	7.791717	-4.526368	
5425	37.031250	-30.546790	7.715063	-4.463203	
5425	37.109375	-30.531556	7.753109	-4.494564	
5426	37.265625	-30.504249	7.830879	-4.558608	
5426	37.343750	-30.492125	7.870581	-4.591273	
5427	37.187500	-30.517383	7.791717	-4.526368	
5427	37.265625	-30.504249	7.830879	-4.558608	
5428	37.421875	-30.480974	7.910806	-4.624350	
5428	37.500000	-30.470751	7.951536	-4.657822	
5429	37.343750	-30.492125	7.870581	-4.591273	
5429	37.421875	-30.480974	7.910806	-4.624350	
5430	36.691687	-30.625000	7.556056	-4.331891	
5430	36.718750	-30.617901	7.568278	-4.342000	
5431	36.718750	-30.617901	7.568278	-4.342000	
5431	36.796875	-30.598520	7.604129	-4.371635	
5432	36.796875	-30.598520	7.604129	-4.371635	
5432	36.875000	-30.580206	7.640541	-4.401713	
5433	35.000000	-31.235477	6.885265	-3.770634	
5433	35.078125	-31.202440	6.913265	-3.794412	
5434	35.078125	-31.202440	6.913265	-3.794412	
5434	35.151055	-31.171875	6.939600	-3.816741	
5435	35.151055	-31.171875	6.939600	-3.816741	
5435	35.156250	-31.169673	6.941467	-3.818322	
5436	35.234375	-31.137090	6.969828	-3.842329	
5436	35.312500	-31.104854	6.998425	-3.866497	
5437	35.156250	-31.169673	6.941467	-3.818322	
5437	35.234375	-31.137090	6.969828	-3.842329	
5438	35.312500	-31.104854	6.998425	-3.866497	
5438	35.339873	-31.093750	7.008551	-3.875046	
5439	35.468750	-31.041323	7.056272	-3.915274	
5439	35.533355	-31.015625	7.080540	-3.935694	
5440	35.546875	-31.010177	7.085591	-3.939942	
5440	35.625000	-30.979390	7.115147	-3.964773	
5441	35.533355	-31.015625	7.080540	-3.935694	
5441	35.546875	-31.010177	7.085591	-3.939942	
5442	35.339873	-31.093750	7.008551	-3.875046	
5442	35.390625	-31.072905	7.027227	-3.890802	
5443	35.390625	-31.072905	7.027227	-3.890802	
5443	35.468750	-31.041323	7.056272	-3.915274	
5444	35.703125	-30.949149	7.145026	-3.989841	
5444	35.733952	-30.937500	7.156968	-3.999851	
5445	35.625000	-30.979390	7.115147	-3.964773	
5445	35.703125	-30.949149	7.145026	-3.989841	
5446	35.937500	-30.861632	7.236563	-4.066439	
5446	35.943877	-30.859375	7.239120	-4.068575	
5447	36.015625	-30.833627	7.267751	-4.092473	
5447	36.093750	-30.806362	7.299350	-4.118819	
5448	35.943877	-30.859375	7.239120	-4.068575	
5448	36.015625	-30.833627	7.267751	-4.092473	
5449	36.093750	-30.806362	7.299350	-4.118819	
5449	36.167903	-30.781250	7.329761	-4.144147	
5450	36.167903	-30.781250	7.329761	-4.144147	
5450	36.171875	-30.779886	7.331383	-4.145497	
5451	36.171875	-30.779886	7.331383	-4.145497	
5451	36.250000	-30.754059	7.363780	-4.172450	
5452	35.733952	-30.937500	7.156968	-3.999851	
5452	35.781250	-30.919383	7.175194	-4.015118	
5453	35.781250	-30.919383	7.175194	-4.015118	
5453	35.859375	-30.890170	7.205688	-4.040635	
5454	35.859375	-30.890170	7.205688	-4.040635	
5454	35.937500	-30.861632	7.236563	-4.066439	
5455	31.953125	-32.510758	5.853710	-2.859501	
5455	31.980369	-32.500000	5.862616	-2.867704	
5456	31.875000	-32.541511	5.828188	-2.835959	
5456	31.953125	-32.510758	5.853710	-2.859501	
5457	31.562500	-32.663849	5.726735	-2.741851	
5457	31.581916	-32.656250	5.732995	-2.747683	
5458	31.718750	-32.602787	5.777322	-2.788881	
5458	31.781606	-32.578125	5.797733	-2.807797	
5459	31.796875	-32.572153	5.802709	-2.812404	
5459	31.875000	-32.541511	5.828188	-2.835959	
5460	31.781606	-32.578125	5.797733	-2.807797	
5460	31.796875	-32.572153	5.802709	-2.812404	
5461	31.581916	-32.656250	5.732995	-2.747683	
5461	31.640625	-32.633348	5.751995	-2.765361	
5462	31.640625	-32.633348	5.751995	-2.765361	
5462	31.718750	-32.602787	5.777322	-2.788881	
5463	31.250000	-32.785664	5.626558	-2.648090	
5463	31.328125	-32.755240	5.651473	-2.671489	
5464	31.328125	-32.755240	5.651473	-2.671489	
5464	31.381605	-32.734375	5.668566	-2.687510	
5465	31.381605	-32.734375	5.668566	-2.687510	
5465	31.406250	-32.724793	5.676473	-2.694914	
5466	31.484375	-32.694359	5.701574	-2.718381	
5466	31.562500	-32.663849	5.726735	-2.741851	
5467	31.406250	-32.724793	5.676473	-2.694914	
5467	31.484375	-32.694359	5.701574	-2.718381	
5468	30.312500	-33.151403	5.335313	-2.370537	
5468	30.379801	-33.125000	5.355693	-2.390209	
5469	30.156250	-33.212727	5.288286	-2.324991	
5469	30.180668	-33.203125	5.295601	-2.332089	
5470	30.234375	-33.182050	5.311745	-2.347737	
5470	30.312500	-33.151403	5.335313	-2.370537	
5471	30.180668	-33.203125	5.295601	-2.332089	
5471	30.234375	-33.182050	5.311745	-2.347737	
5472	30.000000	-33.274218	5.241723	-2.279684	
5472	30.078125	-33.243473	5.264956	-2.302317	
5473	30.078125	-33.243473	5.264956	-2.302317	
5473	30.156250	-33.212727	5.288286	-2.324991	
5474	30.703125	-32.998651	5.454824	-2.485350	
5474	30.779711	-32.968750	5.478558	-2.507996	
5475	30.625000	-33.029134	5.430699	-2.462279	
5475	30.703125	-32.998651	5.454824	-2.485350	
5476	30.781250	-32.968151	5.479037	-2.508452	
5476	30.859375	-32.937739	5.503387	-2.531632	
5477	30.859375	-32.937739	5.503387	-2.531632	
5477	30.937500	-32.907299	5.527818	-2.554838	
5478	30.779711	-32.968750	5.478558	-2.507996	
5478	30.781250	-32.968151	5.479037	-2.508452	
5479	31.171875	-32.816046	5.601717	-2.624709	
5479	31.180966	-32.812500	5.604598	-2.627423	
5480	31.093750	-32.846484	5.576999	-2.601390	
5480	31.171875	-32.816046	5.601717	-2.624709	
5481	30.937500	-32.907299	5.527818	-2.554838	
5481	30.980256	-32.890625	5.541223	-2.567547	
5482	31.015625	-32.876878	5.552355	-2.578089	
5482	31.093750	-32.846484	5.576999	-2.601390	
5483	30.980256	-32.890625	5.541223	-2.567547	
5483	31.015625	-32.876878	5.552355	-2.578089	
5484	31.180966	-32.812500	5.604598	-2.627423	
5484	31.250000	-32.785664	5.626558	-2.648090	
5485	30.379801	-33.125000	5.355693	-2.390209	
5485	30.390625	-33.120764	5.358982	-2.393381	
5486	30.390625	-33.120764	5.358982	-2.393381	
5486	30.468750	-33.090210	5.382787	-2.416303	
5487	30.468750	-33.090210	5.382787	-2.416303	
5487	30.546875	-33.059647	5.406683	-2.439260	
5488	30.546875	-33.059647	5.406683	-2.439260	
5488	30.579520	-33.046875	5.416697	-2.448864	
5489	30.579520	-33.046875	5.416697	-2.448864	
5489	30.625000	-33.029134	5.430699	-2.462279	
5490	32.734375	-32.198417	6.111881	-3.094741	
5490	32.761148	-32.187500	6.120795	-3.102772	
5491	32.656250	-32.230164	6.085880	-3.071285	
5491	32.734375	-32.198417	6.111881	-3.094741	
5492	32.500000	-32.293259	6.033972	-3.024301	
5492	32.568502	-32.265625	6.056695	-3.044895	
5493	32.578125	-32.261747	6.059895	-3.047792	
5493	32.656250	-32.230164	6.085880	-3.071285	
5494	32.568502	-32.265625	6.056695	-3.044895	
5494	32.578125	-32.261747	6.059895	-3.047792	
5495	32.812500	-32.166567	6.137927	-3.118188	
5495	32.890625	-32.134580	6.164004	-3.141609	
5496	32.890625	-32.134580	6.164004	-3.141609	
5496	32.951907	-32.109375	6.184470	-3.159955	
5497	32.951907	-32.109375	6.184470	-3.159955	
5497	32.968750	-32.102445	6.190104	-3.165000	
5498	33.046875	-32.070207	6.216249	-3.188380	
5498	33.125000	-32.037802	6.242408	-3.211722	
5499	32.968750	-32.102445	6.190104	-3.165000	
5499	33.046875	-32.070207	6.216249	-3.188380	
5500	32.761148	-32.187500	6.120795	-3.102772	
5500	32.812500	-32.166567	6.137927	-3.118188	
5501	33.437500	-31.906940	6.347385	-3.304888	
5501	33.513008	-31.875000	6.372819	-3.327340	
5502	33.125000	-32.037802	6.242408	-3.211722	
5502	33.140765	-32.031250	6.247692	-3.216431	
5503	33.281250	-31.972635	6.294837	-3.258353	
5503	33.327779	-31.953125	6.310472	-3.272219	
5504	33.359375	-31.939847	6.321093	-3.281629	
5504	33.437500	-31.906940	6.347385	-3.304888	
5505	33.327779	-31.953125	6.310472	-3.272219	
5505	33.359375	-31.939847	6.321093	-3.281629	
5506	33.140765	-32.031250	6.247692	-3.216431	
5506	33.203125	-32.005293	6.268612	-3.235053	
5507	33.203125	-32.005293	6.268612	-3.235053	
5507	33.281250	-31.972635	6.294837	-3.258353	
5508	33.513008	-31.875000	6.372819	-3.327340	
5508	33.515625	-31.873889	6.373701	-3.328118	
5509	33.515625	-31.873889	6.373701	-3.328118	
5509	33.593750	-31.840745	6.400063	-3.351339	
5510	33.593750	-31.840745	6.400063	-3.351339	
5510	33.671875	-31.807469	6.426453	-3.374537	
5511	33.671875	-31.807469	6.426453	-3.374537	
5511	33.696745	-31.796875	6.434873	-3.381928	
5512	33.696745	-31.796875	6.434873	-3.381928	
5512	33.750000	-31.774095	6.452887	-3.397724	
5513	34.921875	-31.268690	6.857423	-3.746950	
5513	34.966046	-31.250000	6.873197	-3.760373	
5514	34.843750	-31.302068	6.829735	-3.723356	
5514	34.921875	-31.268690	6.857423	-3.746950	
5515	34.687500	-31.369217	6.774776	-3.676401	
5515	34.765625	-31.335602	6.802197	-3.699850	
5516	34.765625	-31.335602	6.802197	-3.699850	
5516	34.783180	-31.328125	6.808406	-3.705153	
5517	34.783180	-31.328125	6.808406	-3.705153	
5517	34.843750	-31.302068	6.829735	-3.723356	
5518	34.375000	-31.504403	6.666239	-3.583161	
5518	34.421379	-31.484375	6.682281	-3.596986	
5519	34.453125	-31.470555	6.693227	-3.606410	
5519	34.531250	-31.436722	6.720304	-3.629693	
5520	34.421379	-31.484375	6.682281	-3.596986	
5520	34.453125	-31.470555	6.693227	-3.606410	
5521	34.531250	-31.436722	6.720304	-3.629693	
5521	34.601810	-31.406250	6.744869	-3.650778	
5522	34.601810	-31.406250	6.744869	-3.650778	
5522	34.609375	-31.402954	6.747493	-3.653028	
5523	34.609375	-31.402954	6.747493	-3.653028	
5523	34.687500	-31.369217	6.774776	-3.676401	
5524	33.828125	-31.740618	6.479362	-3.420899	
5524	33.879111	-31.718750	6.496678	-3.436031	
5525	33.750000	-31.774095	6.452887	-3.397724	
5525	33.828125	-31.740618	6.479362	-3.420899	
5526	33.906250	-31.707051	6.505882	-3.444066	
5526	33.984375	-31.673405	6.532454	-3.467230	
5527	33.984375	-31.673405	6.532454	-3.467230	
5527	34.060348	-31.640625	6.558348	-3.489759	
5528	34.060348	-31.640625	6.558348	-3.489759	
5528	34.062500	-31.639691	6.559080	-3.490395	
5529	33.879111	-31.718750	6.496678	-3.436031	
5529	33.906250	-31.707051	6.505882	-3.444066	
5530	34.218750	-31.572105	6.612517	-3.536746	
5530	34.241034	-31.562500	6.620182	-3.543379	
5531	34.140625	-31.605917	6.585765	-3.513564	
5531	34.218750	-31.572105	6.612517	-3.536746	
5532	34.062500	-31.639691	6.559080	-3.490395	
5532	34.140625	-31.605917	6.585765	-3.513564	
5533	34.241034	-31.562500	6.620182	-3.543379	
5533	34.296875	-31.538258	6.639338	-3.559941	
5534	34.296875	-31.538258	6.639338	-3.559941	
5534	34.375000	-31.504403	6.666239	-3.583161	
5535	34.966046	-31.250000	6.873197	-3.760373	
5535	35.000000	-31.235477	6.885265	-3.770634	
5536	31.980369	-32.500000	5.862616	-2.867704	
5536	32.031250	-32.479964	5.879307	-2.883060	
5537	32.031250	-32.479964	5.879307	-2.883060	
5537	32.109375	-32.449085	5.904960	-2.906617	
5538	32.109375	-32.449085	5.904960	-2.906617	
5538	32.177942	-32.421875	5.927501	-2.927273	
5539	32.177942	-32.421875	5.927501	-2.927273	
5539	32.187500	-32.418091	5.930653	-2.930159	
5540	32.265625	-32.387058	5.956423	-2.953719	
5540	32.343750	-32.355883	5.982221	-2.977251	
5541	32.187500	-32.418091	5.930653	-2.930159	
5541	32.265625	-32.387058	5.956423	-2.953719	
5542	32.343750	-32.355883	5.982221	-2.977251	
5542	32.374045	-32.343750	5.992230	-2.986367	
5543	32.374045	-32.343750	5.992230	-2.986367	
5543	32.421875	-32.324627	6.008076	-3.000783	
5544	32.421875	-32.324627	6.008076	-3.000783	
5544	32.500000	-32.293259	6.033972	-3.024301	
5545	39.296875	13.891745	-0.941651	-4.943947	
5545	39.375000	13.842624	-0.894833	-4.933208	
5546	39.278077	13.906250	-0.952496	-4.946426	
5546	39.296875	13.891745	-0.941651	-4.943947	
5547	39.218750	13.952706	-0.986648	-4.954214	
5547	39.278077	13.906250	-0.952496	-4.946426	
5548	39.184269	13.984375	-1.005773	-4.958566	
5548	39.218750	13.952706	-0.986648	-4.954214	
5549	39.140625	14.024719	-1.029960	-4.964063	
5549	39.184269	13.984375	-1.005773	-4.958566	
5550	39.104538	14.062500	-1.049271	-4.968449	
5550	39.140625	14.024719	-1.029960	-4.964063	
5551	39.062500	14.106497	-1.071785	-4.973562	
5551	39.104538	14.062500	-1.049271	-4.968449	
5552	39.032982	14.140625	-1.087086	-4.977038	
5552	39.062500	14.106497	-1.071785	-4.973562	
5553	38.984375	14.196505	-1.112342	-4.982780	
5553	39.032982	14.140625	-1.087086	-4.977038	
5554	38.966530	14.218750	-1.121339	-4.984827	
5554	38.984375	14.196505	-1.112342	-4.982780	
5555	38.906250	14.293166	-1.151848	-4.991783	
5555	38.966530	14.218750	-1.121339	-4.984827	
5556	38.903439	14.296875	-1.153232	-4.992099	
5556	38.906250	14.293166	-1.151848	-4.991783	
5557	38.903439	14.296875	-1.153232	-4.992099	
5557	38.843609	14.375000	-1.182815	-4.998868	
5558	39.404923	13.828125	-0.876223	-4.928920	
5558	39.453125	13.805526	-0.846135	-4.921960	
5559	39.453125	13.805526	-0.846135	-4.921960	
5559	39.531250	13.779949	-0.795592	-4.910189	
5560	39.375000	13.842624	-0.894833	-4.933208	
5560	39.404923	13.828125	-0.876223	-4.928920	
5561	39.531250	13.779949	-0.795592	-4.910189	
5561	39.609375	13.764807	-0.743322	-4.897905	
5562	39.609375	13.764807	-0.743322	-4.897905	
5562	39.687500	13.758707	-0.689495	-4.885135	
5563	39.687500	13.758707	-0.689495	-4.885135	
5563	39.765625	13.760128	-0.634306	-4.871917	
5564	39.765625	13.760128	-0.634306	-4.871917	
5564	39.843750	13.767568	-0.577957	-4.858295	
5565	39.843750	13.767568	-0.577957	-4.858295	
5565	39.921875	13.779636	-0.520644	-4.844318	
5566	39.921875	13.779636	-0.520644	-4.844318	
5566	40.000000	13.795112	-0.462545	-4.830032	
5567	38.785438	14.453125	-1.211199	-5.005390	
5567	38.828125	14.394991	-1.190504	-5.000632	
5568	38.828125	14.394991	-1.190504	-5.000632	
5568	38.843609	14.375000	-1.182815	-4.998868	
5569	38.750000	14.500732	-1.228470	-5.009375	
5569	38.785438	14.453125	-1.211199	-5.005390	
5570	38.728276	14.531250	-1.238830	-5.011771	
5570	38.750000	14.500732	-1.228470	-5.009375	
5571	38.671828	14.609375	-1.265905	-5.018058	
5571	38.671875	14.609308	-1.265883	-5.018053	
5572	38.671875	14.609308	-1.265883	-5.018053	
5572	38.728276	14.531250	-1.238830	-5.011771	
5573	38.671828	14.609375	-1.265905	-5.018058	
5573	38.616873	14.687500	-1.291863	-5.024121	
5574	38.562099	14.765625	-1.317623	-5.030176	
5574	38.593750	14.719891	-1.302845	-5.026698	
5575	38.515625	14.831772	-1.339441	-5.035336	
5575	38.562099	14.765625	-1.317623	-5.030176	
5576	38.507427	14.843750	-1.343231	-5.036235	
5576	38.515625	14.831772	-1.339441	-5.035336	
5577	38.593750	14.719891	-1.302845	-5.026698	
5577	38.616873	14.687500	-1.291863	-5.024121	
5578	38.507427	14.843750	-1.343231	-5.036235	
5578	38.453334	14.921875	-1.368345	-5.042219	
5579	38.437500	14.944458	-1.375727	-5.043986	
5579	38.453334	14.921875	-1.368345	-5.042219	
5580	38.399401	15.000000	-1.393252	-5.048197	
5580	38.437500	14.944458	-1.375727	-5.043986	
5581	37.461163	16.328125	-1.812602	-5.156521	
5581	37.500000	16.275038	-1.795731	-5.151852	
5582	37.421875	16.381440	-1.829665	-5.161270	
5582	37.461163	16.328125	-1.812602	-5.156521	
5583	37.403606	16.406250	-1.837568	-5.163480	
5583	37.421875	16.381440	-1.829665	-5.161270	
5584	37.403606	16.406250	-1.837568	-5.163480	
5584	37.345696	16.484375	-1.862606	-5.170522	
5585	37.343750	16.486989	-1.863447	-5.170759	
5585	37.345696	16.484375	-1.862606	-5.170522	
5586	37.287569	16.562500	-1.887619	-5.177619	
5586	37.343750	16.486989	-1.863447	-5.170759	
5587	37.229053	16.640625	-1.912721	-5.184804	
5587	37.265625	16.591805	-1.897052	-5.180312	
5588	37.265625	16.591805	-1.897052	-5.180312	
5588	37.287569	16.562500	-1.887619	-5.177619	
5589	37.187500	16.695759	-1.930505	-5.189934	
5589	37.229053	16.640625	-1.912721	-5.184804	
5590	37.170155	16.718750	-1.937905	-5.192078	
5590	37.187500	16.695759	-1.930505	-5.189934	
5591	37.170155	16.718750	-1.937905	-5.192078	
5591	37.110889	16.796875	-1.963158	-5.199436	
5592	37.109375	16.798864	-1.963802	-5.199624	
5592	37.110889	16.796875	-1.963158	-5.199436	
5593	37.051356	16.875000	-1.988406	-5.206858	
5593	37.109375	16.798864	-1.963802	-5.199624	
5594	36.991427	16.953125	-2.013734	-5.214370	
5594	37.031250	16.901243	-1.996919	-5.209375	
5595	36.953125	17.002774	-2.029879	-5.219194	
5595	36.991427	16.953125	-2.013734	-5.214370	
5596	36.931107	17.031250	-2.039137	-5.221972	
5596	36.953125	17.002774	-2.029879	-5.219194	
5597	37.031250	16.901243	-1.996919	-5.209375	
5597	37.051356	16.875000	-1.988406	-5.206858	
5598	36.875000	17.103465	-2.062683	-5.229078	
5598	36.931107	17.031250	-2.039137	-5.221972	
5599	36.870396	17.109375	-2.064610	-5.229663	
5599	36.875000	17.103465	-2.062683	-5.229078	
5600	36.870396	17.109375	-2.064610	-5.229663	
5600	36.809358	17.187500	-2.090107	-5.237429	
5601	36.686116	17.343750	-2.141280	-5.253227	
5601	36.718750	17.302577	-2.127768	-5.249028	
5602	36.747940	17.265625	-2.115659	-5.245282	
5602	36.796875	17.203417	-2.095309	-5.239022	
5603	36.796875	17.203417	-2.095309	-5.239022	
5603	36.809358	17.187500	-2.090107	-5.237429	
5604	36.718750	17.302577	-2.127768	-5.249028	
5604	36.747940	17.265625	-2.115659	-5.245282	
5605	36.623887	17.421875	-2.166968	-5.261263	
5605	36.640625	17.400918	-2.160068	-5.259097	
5606	36.640625	17.400918	-2.160068	-5.259097	
5606	36.686116	17.343750	-2.141280	-5.253227	
5607	36.562500	17.498449	-2.192207	-5.269229	
5607	36.623887	17.421875	-2.166968	-5.261263	
5608	36.561251	17.500000	-2.192719	-5.269391	
5608	36.562500	17.498449	-2.192207	-5.269229	
5609	38.074785	15.468750	-1.541144	-5.084656	
5609	38.125000	15.396316	-1.518532	-5.078968	
5610	38.020238	15.546875	-1.565680	-5.090877	
5610	38.046875	15.508546	-1.553747	-5.087845	
5611	38.046875	15.508546	-1.553747	-5.087845	
5611	38.074785	15.468750	-1.541144	-5.084656	
5612	37.968750	15.620146	-1.588803	-5.096788	
5612	38.020238	15.546875	-1.565680	-5.090877	
5613	37.965364	15.625000	-1.590313	-5.097176	
5613	37.968750	15.620146	-1.588803	-5.096788	
5614	38.345307	15.078125	-1.418174	-5.054222	
5614	38.359375	15.057528	-1.411750	-5.052665	
5615	38.359375	15.057528	-1.411750	-5.052665	
5615	38.399401	15.000000	-1.393252	-5.048197	
5616	38.345307	15.078125	-1.418174	-5.054222	
5616	38.291317	15.156250	-1.442917	-5.060250	
5617	38.281250	15.170670	-1.447545	-5.061382	
5617	38.291317	15.156250	-1.442917	-5.060250	
5618	38.237458	15.234375	-1.467458	-5.066275	
5618	38.281250	15.170670	-1.447545	-5.061382	
5619	38.203125	15.283679	-1.483130	-5.070147	
5619	38.237458	15.234375	-1.467458	-5.066275	
5620	38.183316	15.312500	-1.492084	-5.072368	
5620	38.203125	15.283679	-1.483130	-5.070147	
5621	38.183316	15.312500	-1.492084	-5.072368	
5621	38.128989	15.390625	-1.516720	-5.078514	
5622	38.125000	15.396316	-1.518532	-5.078968	
5622	38.128989	15.390625	-1.516720	-5.078514	
5623	37.799813	15.859375	-1.664022	-5.116345	
5623	37.812500	15.841456	-1.658412	-5.114869	
5624	37.799813	15.859375	-1.664022	-5.116345	
5624	37.744078	15.937500	-1.688685	-5.122870	
5625	37.965364	15.625000	-1.590313	-5.097176	
5625	37.910507	15.703125	-1.614796	-5.103489	
5626	37.890625	15.731169	-1.623685	-5.105794	
5626	37.910507	15.703125	-1.614796	-5.103489	
5627	37.855339	15.781250	-1.639357	-5.109876	
5627	37.890625	15.731169	-1.623685	-5.105794	
5628	37.812500	15.841456	-1.658412	-5.114869	
5628	37.855339	15.781250	-1.639357	-5.109876	
5629	37.631841	16.093750	-1.738086	-5.136109	
5629	37.656250	16.059825	-1.727386	-5.133222	
5630	37.688147	16.015625	-1.713333	-5.129446	
5630	37.734375	15.951009	-1.692981	-5.124012	
5631	37.734375	15.951009	-1.692981	-5.124012	
5631	37.744078	15.937500	-1.688685	-5.122870	
5632	37.656250	16.059825	-1.727386	-5.133222	
5632	37.688147	16.015625	-1.713333	-5.129446	
5633	37.575171	16.171875	-1.762934	-5.142856	
5633	37.578125	16.167795	-1.761644	-5.142504	
5634	37.578125	16.167795	-1.761644	-5.142504	
5634	37.631841	16.093750	-1.738086	-5.136109	
5635	37.575171	16.171875	-1.762934	-5.142856	
5635	37.518343	16.250000	-1.787728	-5.149647	
5636	37.500000	16.275038	-1.795731	-5.151852	
5636	37.518343	16.250000	-1.787728	-5.149647	
5637	36.242063	17.890625	-2.322230	-5.311381	
5637	36.250000	17.881083	-2.319040	-5.310324	
5638	36.242063	17.890625	-2.322230	-5.311381	
5638	36.176955	17.968750	-2.348304	-5.320061	
5639	36.111426	18.046875	-2.374424	-5.328835	
5639	36.171875	17.974837	-2.350330	-5.320739	
5640	36.171875	17.974837	-2.350330	-5.320739	
5640	36.176955	17.968750	-2.348304	-5.320061	
5641	36.093750	18.067894	-2.381441	-5.331206	
5641	36.111426	18.046875	-2.374424	-5.328835	
5642	36.045452	18.125000	-2.400602	-5.337707	
5642	36.093750	18.067894	-2.381441	-5.331206	
5643	35.912151	18.281250	-2.453128	-5.355747	
5643	35.937500	18.251750	-2.443166	-5.352301	
5644	35.844816	18.359375	-2.479472	-5.364917	
5644	35.859375	18.342568	-2.473778	-5.362928	
5645	35.859375	18.342568	-2.473778	-5.362928	
5645	35.912151	18.281250	-2.453128	-5.355747	
5646	35.781250	18.432657	-2.504222	-5.373606	
5646	35.844816	18.359375	-2.479472	-5.364917	
5647	35.777021	18.437500	-2.505868	-5.374186	
5647	35.781250	18.432657	-2.504222	-5.373606	
5648	35.979028	18.203125	-2.426837	-5.346678	
5648	36.015625	18.160195	-2.412387	-5.341727	
5649	36.015625	18.160195	-2.412387	-5.341727	
5649	36.045452	18.125000	-2.400602	-5.337707	
5650	35.937500	18.251750	-2.443166	-5.352301	
5650	35.979028	18.203125	-2.426837	-5.346678	
5651	35.777021	18.437500	-2.505868	-5.374186	
5651	35.708768	18.515625	-2.532309	-5.383555	
5652	35.703125	18.522082	-2.534485	-5.384329	
5652	35.708768	18.515625	-2.532309	-5.383555	
5653	35.640051	18.593750	-2.558796	-5.393023	
5653	35.703125	18.522082	-2.534485	-5.384329	
5654	35.625000	18.610838	-2.564568	-5.395097	
5654	35.640051	18.593750	-2.558796	-5.393023	
5655	35.570858	18.671875	-2.585329	-5.402593	
5655	35.625000	18.610838	-2.564568	-5.395097	
5656	35.546875	18.698897	-2.594478	-5.405913	
5656	35.570858	18.671875	-2.585329	-5.402593	
5657	35.501188	18.750000	-2.611907	-5.412265	
5657	35.546875	18.698897	-2.594478	-5.405913	
5658	36.561251	17.500000	-2.192719	-5.269391	
5658	36.498257	17.578125	-2.218497	-5.277601	
5659	36.484375	17.595285	-2.224160	-5.279414	
5659	36.498257	17.578125	-2.218497	-5.277601	
5660	36.434846	17.656250	-2.244338	-5.285903	
5660	36.484375	17.595285	-2.224160	-5.279414	
5661	36.406250	17.691336	-2.255950	-5.289659	
5661	36.434846	17.656250	-2.244338	-5.285903	
5662	36.371012	17.734375	-2.270241	-5.294301	
5662	36.406250	17.691336	-2.255950	-5.289659	
5663	36.328125	17.786599	-2.287577	-5.299962	
5663	36.371012	17.734375	-2.270241	-5.294301	
5664	36.306752	17.812500	-2.296206	-5.302793	
5664	36.328125	17.786599	-2.287577	-5.299962	
5665	36.250000	17.881083	-2.319040	-5.310324	
5665	36.306752	17.812500	-2.296206	-5.302793	
5666	35.289291	18.984375	-2.691869	-5.441888	
5666	35.312500	18.959012	-2.683158	-5.438622	
5667	35.234375	19.044408	-2.712359	-5.449608	
5667	35.289291	18.984375	-2.691869	-5.441888	
5668	35.217693	19.062500	-2.718584	-5.451964	
5668	35.234375	19.044408	-2.712359	-5.449608	
5669	35.431038	18.828125	-2.638526	-5.422038	
5669	35.468750	18.786271	-2.624215	-5.416773	
5670	35.390625	18.872971	-2.653776	-5.427677	
5670	35.431038	18.828125	-2.638526	-5.422038	
5671	35.360406	18.906250	-2.665181	-5.431913	
5671	35.390625	18.872971	-2.653776	-5.427677	
5672	35.468750	18.786271	-2.624215	-5.416773	
5672	35.501188	18.750000	-2.611907	-5.412265	
5673	35.312500	18.959012	-2.683158	-5.438622	
5673	35.360406	18.906250	-2.665181	-5.431913	
5674	35.145614	19.140625	-2.745321	-5.462139	
5674	35.156250	19.129176	-2.741375	-5.460631	
5675	35.078125	19.213332	-2.770202	-5.471690	
5675	35.145614	19.140625	-2.745321	-5.462139	
5676	35.073054	19.218750	-2.772072	-5.472411	
5676	35.078125	19.213332	-2.770202	-5.471690	
5677	35.156250	19.129176	-2.741375	-5.460631	
5677	35.217693	19.062500	-2.718584	-5.451964	
5678	35.073054	19.218750	-2.772072	-5.472411	
5678	35.000019	19.296875	-2.798830	-5.482779	
5679	35.000000	19.296896	-2.798837	-5.482781	
5679	35.000019	19.296875	-2.798830	-5.482779	
5680	34.926523	19.375000	-2.825579	-5.493237	
5680	35.000000	19.296896	-2.798837	-5.482781	
5681	34.628077	19.687500	-2.932285	-5.535917	
5681	34.687500	19.625921	-2.911276	-5.527390	
5682	34.778164	19.531250	-2.879019	-5.514418	
5682	34.843750	19.462454	-2.855477	-5.505039	
5683	34.852567	19.453125	-2.852313	-5.503785	
5683	34.921875	19.379950	-2.827258	-5.493897	
5684	34.921875	19.379950	-2.827258	-5.493897	
5684	34.926523	19.375000	-2.825579	-5.493237	
5685	34.843750	19.462454	-2.855477	-5.505039	
5685	34.852567	19.453125	-2.852313	-5.503785	
5686	34.703328	19.609375	-2.905682	-5.525130	
5686	34.765625	19.544435	-2.883485	-5.516205	
5687	34.765625	19.544435	-2.883485	-5.516205	
5687	34.778164	19.531250	-2.879019	-5.514418	
5688	34.687500	19.625921	-2.911276	-5.527390	
5688	34.703328	19.609375	-2.905682	-5.525130	
5689	34.476434	19.843750	-2.985224	-5.557679	
5689	34.531250	19.787539	-2.966169	-5.549800	
5690	34.552437	19.765625	-2.958806	-5.546769	
5690	34.609375	19.706943	-2.938841	-5.538590	
5691	34.609375	19.706943	-2.938841	-5.538590	
5691	34.628077	19.687500	-2.932285	-5.535917	
5692	34.531250	19.787539	-2.966169	-5.549800	
5692	34.552437	19.765625	-2.958806	-5.546769	
5693	34.400103	19.921875	-3.011512	-5.568637	
5693	34.453125	19.867748	-2.993251	-5.561015	
5694	34.453125	19.867748	-2.993251	-5.561015	
5694	34.476434	19.843750	-2.985224	-5.557679	
5695	34.375000	19.947616	-3.020073	-5.572227	
5695	34.400103	19.921875	-3.011512	-5.568637	
5696	34.323486	20.000000	-3.037639	-5.579628	
5696	34.375000	19.947616	-3.020073	-5.572227	
5697	27.421875	27.471397	-3.665284	-6.682797	
5697	27.500000	27.443012	-3.643208	-6.665423	
5698	27.345108	27.500000	-3.686604	-6.699684	
5698	27.421875	27.471397	-3.665284	-6.682797	
5699	29.453125	26.969053	-2.986857	-6.185265	
5699	29.531250	26.961926	-2.957028	-6.164365	
5700	29.375000	26.978283	-3.016208	-6.205829	
5700	29.453125	26.969053	-2.986857	-6.185265	
5701	29.609375	26.957569	-2.926562	-6.142994	
5701	29.687500	26.956956	-2.895213	-6.120957	
5702	29.531250	26.961926	-2.957028	-6.164365	
5702	29.609375	26.957569	-2.926562	-6.142994	
5703	29.765625	26.961507	-2.862614	-6.097959	
5703	29.843750	26.973328	-2.828201	-6.073560	
5704	29.687500	26.956956	-2.895213	-6.120957	
5704	29.765625	26.961507	-2.862614	-6.097959	
5705	29.921875	26.995575	-2.791111	-6.047085	
5705	29.996565	27.031250	-2.751843	-6.018825	
5706	29.843750	26.973328	-2.828201	-6.073560	
5706	29.921875	26.995575	-2.791111	-6.047085	
5707	29.996565	27.031250	-2.751843	-6.018825	
5707	30.000000	27.032555	-2.750137	-6.017591	
5708	29.049793	27.031250	-3.135001	-6.289365	
5708	29.062500	27.028790	-3.130460	-6.286156	
5709	28.906250	27.058201	-3.186557	-6.325921	
5709	28.984375	27.043142	-3.158611	-6.306077	
5710	28.984375	27.043142	-3.158611	-6.306077	
5710	29.049793	27.031250	-3.135001	-6.289365	
5711	28.750000	27.090611	-3.241720	-6.365322	
5711	28.828125	27.074040	-3.214261	-6.345667	
5712	28.828125	27.074040	-3.214261	-6.345667	
5712	28.906250	27.058201	-3.186557	-6.325921	
5713	29.140625	27.014597	-3.102279	-6.266277	
5713	29.218750	27.001331	-3.073864	-6.246283	
5714	29.062500	27.028790	-3.130460	-6.286156	
5714	29.140625	27.014597	-3.102279	-6.266277	
5715	29.296875	26.989151	-3.045188	-6.226148	
5715	29.375000	26.978283	-3.016208	-6.205829	
5716	29.218750	27.001331	-3.073864	-6.246283	
5716	29.296875	26.989151	-3.045188	-6.226148	
5717	28.359375	27.182132	-3.375623	-6.462514	
5717	28.437500	27.162523	-3.349376	-6.443269	
5718	28.338581	27.187500	-3.382549	-6.467610	
5718	28.359375	27.182132	-3.375623	-6.462514	
5719	28.665353	27.109375	-3.271187	-6.386509	
5719	28.671875	27.107882	-3.268933	-6.384884	
5720	28.671875	27.107882	-3.268933	-6.384884	
5720	28.750000	27.090611	-3.241720	-6.365322	
5721	28.593750	27.125405	-3.296019	-6.404447	
5721	28.665353	27.109375	-3.271187	-6.386509	
5722	28.515625	27.143611	-3.322839	-6.423912	
5722	28.593750	27.125405	-3.296019	-6.404447	
5723	28.437500	27.162523	-3.349376	-6.443269	
5723	28.515625	27.143611	-3.322839	-6.423912	
5724	28.125000	27.244560	-3.452709	-6.519652	
5724	28.203125	27.223056	-3.427326	-6.500732	
5725	28.203125	27.223056	-3.427326	-6.500732	
5725	28.281250	27.202266	-3.401622	-6.481680	
5726	28.281250	27.202266	-3.401622	-6.481680	
5726	28.338581	27.187500	-3.382549	-6.467610	
5727	27.890625	27.313299	-3.526877	-6.575577	
5727	27.968750	27.289673	-3.502493	-6.557081	
5728	27.812500	27.337648	-3.550911	-6.593915	
5728	27.890625	27.313299	-3.526877	-6.575577	
5729	28.050879	27.265625	-3.476486	-6.537474	
5729	28.125000	27.244560	-3.452709	-6.519652	
5730	28.046875	27.266773	-3.477764	-6.538435	
5730	28.050879	27.265625	-3.476486	-6.537474	
5731	27.968750	27.289673	-3.502493	-6.557081	
5731	28.046875	27.266773	-3.477764	-6.538435	
5732	27.793323	27.343750	-3.556751	-6.598389	
5732	27.812500	27.337648	-3.550911	-6.593915	
5733	27.656250	27.388755	-3.597831	-6.630046	
5733	27.734375	27.362821	-3.574557	-6.612069	
5734	27.734375	27.362821	-3.574557	-6.612069	
5734	27.793323	27.343750	-3.556751	-6.598389	
5735	27.559548	27.421875	-3.626126	-6.652053	
5735	27.578125	27.415418	-3.620737	-6.647849	
5736	27.578125	27.415418	-3.620737	-6.647849	
5736	27.656250	27.388755	-3.597831	-6.630046	
5737	27.500000	27.443012	-3.643208	-6.665423	
5737	27.559548	27.421875	-3.626126	-6.652053	
5738	26.182265	28.046875	-3.953956	-6.922201	
5738	26.250000	28.008903	-3.941404	-6.911209	
5739	26.171875	28.052850	-3.955821	-6.923840	
5739	26.182265	28.046875	-3.953956	-6.922201	
5740	26.093750	28.098156	-3.969619	-6.936013	
5740	26.171875	28.052850	-3.955821	-6.923840	
5741	26.048014	28.125000	-3.977508	-6.943012	
5741	26.093750	28.098156	-3.969619	-6.936013	
5742	25.919325	28.203125	-3.998531	-6.961812	
5742	25.937500	28.191977	-3.995629	-6.959204	
5743	25.859375	28.240792	-4.007742	-6.970121	
5743	25.919325	28.203125	-3.998531	-6.961812	
5744	25.795708	28.281250	-4.017258	-6.978753	
5744	25.859375	28.240792	-4.007742	-6.970121	
5745	25.781250	28.290656	-4.019331	-6.980640	
5745	25.795708	28.281250	-4.017258	-6.978753	
5746	25.676746	28.359375	-4.033888	-6.993967	
5746	25.703125	28.341906	-4.030285	-6.990657	
5747	25.703125	28.341906	-4.030285	-6.990657	
5747	25.781250	28.290656	-4.019331	-6.980640	
5748	25.625000	28.394434	-4.040639	-7.000192	
5748	25.676746	28.359375	-4.033888	-6.993967	
5749	25.937500	28.191977	-3.995629	-6.959204	
5749	26.015625	28.144487	-3.982903	-6.947816	
5750	26.015625	28.144487	-3.982903	-6.947816	
5750	26.048014	28.125000	-3.977508	-6.943012	
5751	25.562085	28.437500	-4.048592	-7.007566	
5751	25.625000	28.394434	-4.040639	-7.000192	
5752	25.451417	28.515625	-4.061519	-7.019649	
5752	25.468750	28.503285	-4.059554	-7.017803	
5753	25.390625	28.559849	-4.068035	-7.025789	
5753	25.451417	28.515625	-4.061519	-7.019649	
5754	25.344475	28.593750	-4.072798	-7.030301	
5754	25.390625	28.559849	-4.068035	-7.025789	
5755	25.468750	28.503285	-4.059554	-7.017803	
5755	25.546875	28.448146	-4.050421	-7.009268	
5756	25.546875	28.448146	-4.050421	-7.009268	
5756	25.562085	28.437500	-4.048592	-7.007566	
5757	25.312500	28.617737	-4.075899	-7.033248	
5757	25.344475	28.593750	-4.072798	-7.030301	
5758	25.241019	28.671875	-4.082547	-7.039600	
5758	25.312500	28.617737	-4.075899	-7.033248	
5759	25.234375	28.677011	-4.083123	-7.040152	
5759	25.241019	28.671875	-4.082547	-7.039600	
5760	25.156250	28.737890	-4.089636	-7.046424	
5760	25.234375	28.677011	-4.083123	-7.040152	
5761	25.140851	28.750000	-4.090862	-7.047610	
5761	25.156250	28.737890	-4.089636	-7.046424	
5762	26.788282	27.734375	-3.828129	-6.814716	
5762	26.796875	27.730422	-3.826116	-6.813040	
5763	26.796875	27.730422	-3.826116	-6.813040	
5763	26.875000	27.694883	-3.807592	-6.797678	
5764	26.718750	27.767215	-3.844070	-6.828030	
5764	26.788282	27.734375	-3.828129	-6.814716	
5765	26.640625	27.804775	-3.861606	-6.842769	
5765	26.718750	27.767215	-3.844070	-6.828030	
5766	26.624736	27.812500	-3.865123	-6.845737	
5766	26.640625	27.804775	-3.861606	-6.842769	
5767	26.562500	27.843567	-3.878573	-6.857128	
5767	26.624736	27.812500	-3.865123	-6.845737	
5768	26.328125	27.965801	-3.926532	-6.898271	
5768	26.406250	27.924084	-3.911036	-6.884884	
5769	26.322651	27.968750	-3.927603	-6.899200	
5769	26.328125	27.965801	-3.926532	-6.898271	
5770	26.469864	27.890625	-3.898122	-6.873797	
5770	26.484375	27.883189	-3.895097	-6.871208	
5771	26.484375	27.883189	-3.895097	-6.871208	
5771	26.562500	27.843567	-3.878573	-6.857128	
5772	26.406250	27.924084	-3.911036	-6.884884	
5772	26.469864	27.890625	-3.898122	-6.873797	
5773	26.250000	28.008903	-3.941404	-6.911209	
5773	26.322651	27.968750	-3.927603	-6.899200	
5774	26.961752	27.656250	-3.786559	-6.780359	
5774	27.031250	27.626420	-3.769205	-6.766163	
5775	27.146712	27.578125	-3.739684	-6.742203	
5775	27.187500	27.561677	-3.728977	-6.733569	
5776	27.109375	27.593568	-3.749325	-6.750002	
5776	27.146712	27.578125	-3.739684	-6.742203	
5777	27.031250	27.626420	-3.769205	-6.766163	
5777	27.109375	27.593568	-3.749325	-6.750002	
5778	26.875000	27.694883	-3.807592	-6.797678	
5778	26.953125	27.660052	-3.788673	-6.782093	
5779	26.953125	27.660052	-3.788673	-6.782093	
5779	26.961752	27.656250	-3.786559	-6.780359	
5780	27.187500	27.561677	-3.728977	-6.733569	
5780	27.265625	27.530736	-3.708170	-6.716874	
5781	27.265625	27.530736	-3.708170	-6.716874	
5781	27.343750	27.500518	-3.686976	-6.699979	
5782	27.343750	27.500518	-3.686976	-6.699979	
5782	27.345108	27.500000	-3.686604	-6.699684	
5783	25.043783	28.828125	-4.097836	-7.054393	
5783	25.078125	28.800312	-4.095458	-7.052073	
5784	25.078125	28.800312	-4.095458	-7.052073	
5784	25.140851	28.750000	-4.090862	-7.047610	
5785	25.000000	28.864271	-4.100590	-7.057091	
5785	25.043783	28.828125	-4.097836	-7.054393	
5786	24.949641	28.906250	-4.103553	-7.060006	
5786	25.000000	28.864271	-4.100590	-7.057091	
5787	24.858275	28.984375	-4.108086	-7.064498	
5787	24.921875	28.929831	-4.105011	-7.061446	
5788	24.921875	28.929831	-4.105011	-7.061446	
5788	24.949641	28.906250	-4.103553	-7.060006	
5789	24.843750	28.997058	-4.108697	-7.065107	
5789	24.858275	28.984375	-4.108086	-7.064498	
5790	24.769545	29.062500	-4.111505	-7.067916	
5790	24.843750	28.997058	-4.108697	-7.065107	
5791	24.687500	29.136813	-4.113769	-7.070200	
5791	24.765625	29.066018	-4.111628	-7.068040	
5792	24.765625	29.066018	-4.111628	-7.068040	
5792	24.769545	29.062500	-4.111505	-7.067916	
5793	24.683336	29.140625	-4.113866	-7.070297	
5793	24.687500	29.136813	-4.113769	-7.070200	
5794	24.609375	29.209482	-4.115108	-7.071560	
5794	24.683336	29.140625	-4.113866	-7.070297	
5795	24.599526	29.218750	-4.115228	-7.071683	
5795	24.609375	29.209482	-4.115108	-7.071560	
5796	24.531250	29.284055	-4.115632	-7.072097	
5796	24.599526	29.218750	-4.115228	-7.071683	
5797	24.517993	29.296875	-4.115648	-7.072113	
5797	24.531250	29.284055	-4.115632	-7.072097	
5798	24.453125	29.360599	-4.115320	-7.071774	
5798	24.517993	29.296875	-4.115648	-7.072113	
5799	24.438629	29.375000	-4.115176	-7.071624	
5799	24.453125	29.360599	-4.115320	-7.071774	
5800	24.375000	29.439176	-4.114149	-7.070553	
5800	24.438629	29.375000	-4.115176	-7.071624	
5801	24.361330	29.453125	-4.113859	-7.070249	
5801	24.375000	29.439176	-4.114149	-7.070553	
5802	24.296875	29.519850	-4.112099	-7.068397	
5802	24.361330	29.453125	-4.113859	-7.070249	
5803	24.285994	29.531250	-4.111745	-7.068023	
5803	24.296875	29.519850	-4.112099	-7.068397	
5804	24.218750	29.602675	-4.109150	-7.065270	
5804	24.285994	29.531250	-4.111745	-7.068023	
5805	24.212520	29.609375	-4.108875	-7.064978	
5805	24.218750	29.602675	-4.109150	-7.065270	
5806	24.212520	29.609375	-4.108875	-7.064978	
5806	24.140811	29.687500	-4.105293	-7.061146	
5807	24.070813	29.765625	-4.101026	-7.056544	
5807	24.140625	29.687705	-4.105283	-7.061135	
5808	24.140625	29.687705	-4.105283	-7.061135	
5808	24.140811	29.687500	-4.105293	-7.061146	
5809	24.062500	29.775010	-4.100473	-7.055946	
5809	24.070813	29.765625	-4.101026	-7.056544	
5810	24.002400	29.843750	-4.096121	-7.051215	
5810	24.062500	29.775010	-4.100473	-7.055946	
5811	23.935474	29.921875	-4.090618	-7.045188	
5811	23.984375	29.864585	-4.094721	-7.049686	
5812	23.984375	29.864585	-4.094721	-7.049686	
5812	24.002400	29.843750	-4.096121	-7.051215	
5813	23.906250	29.956446	-4.088019	-7.042325	
5813	23.935474	29.921875	-4.090618	-7.045188	
5814	23.869938	30.000000	-4.084554	-7.038495	
5814	23.906250	29.956446	-4.088019	-7.042325	
5815	33.708294	20.625000	-3.235601	-5.666466	
5815	33.750000	20.582344	-3.222969	-5.660722	
5816	33.410931	20.937500	-3.320337	-5.705828	
5816	33.437500	20.908977	-3.313153	-5.702431	
5817	33.557716	20.781250	-3.279729	-5.686777	
5817	33.593750	20.743709	-3.269337	-5.681958	
5818	33.632629	20.703125	-3.258054	-5.676752	
5818	33.671875	20.662664	-3.246437	-5.671417	
5819	33.671875	20.662664	-3.246437	-5.671417	
5819	33.708294	20.625000	-3.235601	-5.666466	
5820	33.593750	20.743709	-3.269337	-5.681958	
5820	33.632629	20.703125	-3.258054	-5.676752	
5821	33.483746	20.859375	-3.300526	-5.696488	
5821	33.515625	20.825717	-3.291603	-5.692310	
5822	33.515625	20.825717	-3.291603	-5.692310	
5822	33.557716	20.781250	-3.279729	-5.686777	
5823	33.437500	20.908977	-3.313153	-5.702431	
5823	33.483746	20.859375	-3.300526	-5.696488	
5824	33.269700	21.093750	-3.356537	-5.723135	
5824	33.281250	21.080776	-3.353678	-5.721756	
5825	33.339500	21.015625	-3.339048	-5.714733	
5825	33.359375	20.993847	-3.333886	-5.712268	
5826	33.359375	20.993847	-3.333886	-5.712268	
5826	33.410931	20.937500	-3.320337	-5.705828	
5827	33.281250	21.080776	-3.353678	-5.721756	
5827	33.339500	21.015625	-3.339048	-5.714733	
5828	33.201798	21.171875	-3.372680	-5.730962	
5828	33.203125	21.170338	-3.372370	-5.730811	
5829	33.203125	21.170338	-3.372370	-5.730811	
5829	33.269700	21.093750	-3.356537	-5.723135	
5830	33.201798	21.171875	-3.372680	-5.730962	
5830	33.136418	21.250000	-3.387165	-5.738049	
5831	34.015274	20.312500	-3.139775	-5.623612	
5831	34.062500	20.264824	-3.124431	-5.616898	
5832	34.169597	20.156250	-3.089268	-5.601655	
5832	34.218750	20.106542	-3.072875	-5.594617	
5833	34.246631	20.078125	-3.063570	-5.590640	
5833	34.296875	20.027194	-3.046620	-5.583431	
5834	34.296875	20.027194	-3.046620	-5.583431	
5834	34.323486	20.000000	-3.037639	-5.579628	
5835	34.218750	20.106542	-3.072875	-5.594617	
5835	34.246631	20.078125	-3.063570	-5.590640	
5836	34.092452	20.234375	-3.114686	-5.612653	
5836	34.140625	20.185727	-3.098820	-5.605776	
5837	34.140625	20.185727	-3.098820	-5.605776	
5837	34.169597	20.156250	-3.089268	-5.601655	
5838	34.062500	20.264824	-3.124431	-5.616898	
5838	34.092452	20.234375	-3.114686	-5.612653	
5839	33.861203	20.468750	-3.188732	-5.645301	
5839	33.906250	20.423127	-3.174549	-5.638975	
5840	33.938156	20.390625	-3.164478	-5.634505	
5840	33.984375	20.343923	-3.149684	-5.627969	
5841	33.984375	20.343923	-3.149684	-5.627969	
5841	34.015274	20.312500	-3.139775	-5.623612	
5842	33.906250	20.423127	-3.174549	-5.638975	
5842	33.938156	20.390625	-3.164478	-5.634505	
5843	33.784537	20.546875	-3.212465	-5.655968	
5843	33.828125	20.502554	-3.198991	-5.649900	
5844	33.828125	20.502554	-3.198991	-5.649900	
5844	33.861203	20.468750	-3.188732	-5.645301	
5845	33.750000	20.582344	-3.222969	-5.660722	
5845	33.784537	20.546875	-3.212465	-5.655968	
5846	33.073702	21.328125	-3.399945	-5.744358	
5846	33.125000	21.264129	-3.389537	-5.739216	
5847	33.046875	21.363003	-3.404945	-5.746841	
5847	33.073702	21.328125	-3.399945	-5.744358	
5848	33.013957	21.406250	-3.410892	-5.749807	
5848	33.046875	21.363003	-3.404945	-5.746841	
5849	32.968750	21.468696	-3.418133	-5.753438	
5849	33.013957	21.406250	-3.410892	-5.749807	
5850	32.957545	21.484375	-3.419852	-5.754303	
5850	32.968750	21.468696	-3.418133	-5.753438	
5851	32.957545	21.484375	-3.419852	-5.754303	
5851	32.905401	21.562500	-3.426383	-5.757605	
5852	32.858078	21.640625	-3.430249	-5.759573	
5852	32.890625	21.586625	-3.427677	-5.758263	
5853	32.890625	21.586625	-3.427677	-5.758263	
5853	32.905401	21.562500	-3.426383	-5.757605	
5854	32.858078	21.640625	-3.430249	-5.759573	
5854	32.815776	21.718750	-3.431402	-5.760163	
5855	32.812500	21.725854	-3.431211	-5.760065	
5855	32.815776	21.718750	-3.431402	-5.760163	
5856	32.780430	21.796875	-3.428918	-5.758882	
5856	32.812500	21.725854	-3.431211	-5.760065	
5857	32.780430	21.796875	-3.428918	-5.758882	
5857	32.752023	21.875000	-3.422868	-5.755751	
5858	33.125000	21.264129	-3.389537	-5.739216	
5858	33.136418	21.250000	-3.387165	-5.738049	
5859	32.731937	21.953125	-3.412615	-5.750430	
5859	32.734375	21.943393	-3.413925	-5.751110	
5860	32.734375	21.943393	-3.413925	-5.751110	
5860	32.752023	21.875000	-3.422868	-5.755751	
5861	32.731937	21.953125	-3.412615	-5.750430	
5861	32.721609	22.031250	-3.397493	-5.742570	
5862	32.721609	22.031250	-3.397493	-5.742570	
5862	32.721264	22.109375	-3.377424	-5.732143	
5863	32.721264	22.109375	-3.377424	-5.732143	
5863	32.731089	22.187500	-3.352331	-5.719127	
5864	32.812500	22.416103	-3.252701	-5.667861	
5864	32.815116	22.421875	-3.249901	-5.666431	
5865	32.815116	22.421875	-3.249901	-5.666431	
5865	32.857357	22.500000	-3.208528	-5.645370	
5866	32.731089	22.187500	-3.352331	-5.719127	
5866	32.734375	22.200390	-3.347364	-5.716555	
5867	32.734375	22.200390	-3.347364	-5.716555	
5867	32.751062	22.265625	-3.322211	-5.703553	
5868	32.751062	22.265625	-3.322211	-5.703553	
5868	32.779712	22.343750	-3.287763	-5.685819	
5869	32.779712	22.343750	-3.287763	-5.685819	
5869	32.812500	22.416103	-3.252701	-5.667861	
5870	32.857357	22.500000	-3.208528	-5.645370	
5870	32.890625	22.556112	-3.177261	-5.629541	
5871	32.890625	22.556112	-3.177261	-5.629541	
5871	32.903787	22.578125	-3.164920	-5.623314	
5872	32.903787	22.578125	-3.164920	-5.623314	
5872	32.954825	22.656250	-3.118808	-5.600145	
5873	32.968750	22.676197	-3.106545	-5.594010	
5873	33.010167	22.734375	-3.070281	-5.575928	
5874	33.046875	22.783248	-3.038717	-5.560265	
5874	33.069283	22.812500	-3.019544	-5.550783	
5875	33.010167	22.734375	-3.070281	-5.575928	
5875	33.046875	22.783248	-3.038717	-5.560265	
5876	32.954825	22.656250	-3.118808	-5.600145	
5876	32.968750	22.676197	-3.106545	-5.594010	
5877	33.069283	22.812500	-3.019544	-5.550783	
5877	33.125000	22.881356	-2.972681	-5.527704	
5878	33.125000	22.881356	-2.972681	-5.527704	
5878	33.132605	22.890625	-2.966297	-5.524571	
5879	33.132605	22.890625	-2.966297	-5.524571	
5879	33.200414	22.968750	-2.910308	-5.497188	
5880	33.281250	23.056303	-2.844451	-5.465185	
5880	33.346480	23.125000	-2.791363	-5.439521	
5881	33.200414	22.968750	-2.910308	-5.497188	
5881	33.203125	22.971708	-2.908104	-5.496113	
5882	33.203125	22.971708	-2.908104	-5.496113	
5882	33.272168	23.046875	-2.851774	-5.468734	
5883	33.272168	23.046875	-2.851774	-5.468734	
5883	33.281250	23.056303	-2.844451	-5.465185	
5884	33.346480	23.125000	-2.791363	-5.439521	
5884	33.359375	23.138028	-2.780964	-5.434506	
5885	33.359375	23.138028	-2.780964	-5.434506	
5885	33.421805	23.203125	-2.729860	-5.409908	
5886	33.421805	23.203125	-2.729860	-5.409908	
5886	33.437500	23.218969	-2.717089	-5.403771	
5887	33.437500	23.218969	-2.717089	-5.403771	
5887	33.496400	23.281250	-2.668203	-5.380311	
5888	33.593750	23.386578	-2.586004	-5.340930	
5888	33.637690	23.437500	-2.547679	-5.322577	
5889	33.496400	23.281250	-2.668203	-5.380311	
5889	33.515625	23.301154	-2.652285	-5.372680	
5890	33.515625	23.301154	-2.652285	-5.372680	
5890	33.568729	23.359375	-2.607258	-5.351109	
5891	33.568729	23.359375	-2.607258	-5.351109	
5891	33.593750	23.386578	-2.586004	-5.340930	
5892	33.637690	23.437500	-2.547679	-5.322577	
5892	33.671875	23.477328	-2.517664	-5.308199	
5893	33.671875	23.477328	-2.517664	-5.308199	
5893	33.702640	23.515625	-2.489881	-5.294883	
5894	33.702640	23.515625	-2.489881	-5.294883	
5894	33.750000	23.575747	-2.446590	-5.274112	
5895	33.750000	23.575747	-2.446590	-5.274112	
5895	33.763286	23.593750	-2.434089	-5.268108	
5896	33.763286	23.593750	-2.434089	-5.268108	
5896	33.819520	23.671875	-2.380420	-5.242289	
5897	33.828125	23.684181	-2.372077	-5.238268	
5897	33.871455	23.750000	-2.328860	-5.217405	
5898	33.819520	23.671875	-2.380420	-5.242289	
5898	33.828125	23.684181	-2.372077	-5.238268	
5899	33.871455	23.750000	-2.328860	-5.217405	
5899	33.906250	23.805994	-2.293104	-5.200092	
5900	33.906250	23.805994	-2.293104	-5.200092	
5900	33.919276	23.828125	-2.279348	-5.193418	
5901	33.919276	23.828125	-2.279348	-5.193418	
5901	33.963189	23.906250	-2.231802	-5.170282	
5902	33.963189	23.906250	-2.231802	-5.170282	
5902	33.984375	23.946560	-2.208017	-5.158666	
5903	33.984375	23.946560	-2.208017	-5.158666	
5903	34.003388	23.984375	-2.186142	-5.147956	
5904	34.003388	23.984375	-2.186142	-5.147956	
5904	34.040098	24.062500	-2.142266	-5.126388	
5905	34.062500	24.114421	-2.114141	-5.112499	
5905	34.073439	24.140625	-2.100124	-5.105556	
5906	34.073439	24.140625	-2.100124	-5.105556	
5906	34.103793	24.218750	-2.059514	-5.085361	
5907	34.103793	24.218750	-2.059514	-5.085361	
5907	34.130973	24.296875	-2.020560	-5.065869	
5908	34.140625	24.327321	-2.005879	-5.058490	
5908	34.155482	24.375000	-1.982981	-5.046943	
5909	34.130973	24.296875	-2.020560	-5.065869	
5909	34.140625	24.327321	-2.005879	-5.058490	
5910	34.040098	24.062500	-2.142266	-5.126388	
5910	34.062500	24.114421	-2.114141	-5.112499	
5911	34.155482	24.375000	-1.982981	-5.046943	
5911	34.177365	24.453125	-1.946761	-5.028579	
5912	34.177365	24.453125	-1.946761	-5.028579	
5912	34.196533	24.531250	-1.911961	-5.010812	
5913	34.218750	24.639947	-1.865881	-4.987087	
5913	34.227533	24.687500	-1.846173	-4.976865	
5914	34.196533	24.531250	-1.911961	-5.010812	
5914	34.213118	24.609375	-1.878511	-4.993613	
5915	34.213118	24.609375	-1.878511	-4.993613	
5915	34.218750	24.639947	-1.865881	-4.987087	
5916	34.227533	24.687500	-1.846173	-4.976865	
5916	34.239769	24.765625	-1.814958	-4.960579	
5917	34.239769	24.765625	-1.814958	-4.960579	
5917	34.249749	24.843750	-1.784913	-4.944784	
5918	34.249749	24.843750	-1.784913	-4.944784	
5918	34.257575	24.921875	-1.755982	-4.929459	
5919	34.257575	24.921875	-1.755982	-4.929459	
5919	34.263338	25.000000	-1.728112	-4.914581	
5920	35.000000	27.353128	-0.525924	-4.207165	
5920	35.035526	27.421875	-0.481431	-4.180725	
5921	35.035526	27.421875	-0.481431	-4.180725	
5921	35.056487	27.500000	-0.442020	-4.157158	
5922	35.056487	27.500000	-0.442020	-4.157158	
5922	35.056929	27.578125	-0.414369	-4.140480	
5923	35.056929	27.578125	-0.414369	-4.140480	
5923	35.035776	27.656250	-0.399018	-4.131122	
5924	35.000000	27.720571	-0.396746	-4.129726	
5924	35.035776	27.656250	-0.399018	-4.131122	
5925	30.775434	25.703125	-2.816421	-6.062803	
5925	30.781250	25.698478	-2.815633	-6.062277	
5926	30.703125	25.773171	-2.824140	-6.067943	
5926	30.775434	25.703125	-2.816421	-6.062803	
5927	30.693619	25.781250	-2.825427	-6.068802	
5927	30.703125	25.773171	-2.824140	-6.067943	
5928	30.781250	25.698478	-2.815633	-6.062277	
5928	30.859375	25.629932	-2.806815	-6.056368	
5929	30.859375	25.629932	-2.806815	-6.056368	
5929	30.886365	25.703125	-2.786800	-6.041655	
5930	30.886365	25.703125	-2.786800	-6.041655	
5930	30.861863	25.781250	-2.777530	-6.034218	
5931	30.859375	25.787752	-2.776833	-6.033654	
5931	30.811679	25.859375	-2.774293	-6.031582	
5932	30.859375	25.787752	-2.776833	-6.033654	
5932	30.861863	25.781250	-2.777530	-6.034218	
5933	30.781250	25.926482	-2.767906	-6.026461	
5933	30.811679	25.859375	-2.774293	-6.031582	
5934	30.625000	25.852445	-2.832169	-6.073309	
5934	30.693619	25.781250	-2.825427	-6.068802	
5935	30.781250	25.926482	-2.767906	-6.026461	
5935	30.772252	25.937500	-2.767969	-6.026509	
5936	30.772252	25.937500	-2.767969	-6.026509	
5936	30.717625	26.015625	-2.765911	-6.024859	
5937	30.703125	26.039903	-2.764545	-6.023784	
5937	30.717625	26.015625	-2.765911	-6.024859	
5938	30.703125	26.039903	-2.764545	-6.023784	
5938	30.651591	26.093750	-2.767587	-6.026128	
5939	30.625000	26.126669	-2.768017	-6.026450	
5939	30.651591	26.093750	-2.767587	-6.026128	
5940	30.617469	25.859375	-2.833119	-6.073947	
5940	30.625000	25.852445	-2.832169	-6.073309	
5941	30.617469	25.859375	-2.833119	-6.073947	
5941	30.549489	25.937500	-2.838246	-6.077404	
5942	30.452836	26.093750	-2.834449	-6.074753	
5942	30.468750	26.065872	-2.835674	-6.075609	
5943	30.496213	26.015625	-2.838215	-6.077372	
5943	30.546875	25.941396	-2.838236	-6.077397	
5944	30.546875	25.941396	-2.838236	-6.077397	
5944	30.549489	25.937500	-2.838246	-6.077404	
5945	30.468750	26.065872	-2.835674	-6.075609	
5945	30.496213	26.015625	-2.838215	-6.077372	
5946	30.625000	26.126669	-2.768017	-6.026450	
5946	30.564792	26.171875	-2.776542	-6.032896	
5947	30.546875	26.187130	-2.778719	-6.034525	
5947	30.564792	26.171875	-2.776542	-6.032896	
5948	30.468750	26.203104	-2.801498	-6.051281	
5948	30.546875	26.187130	-2.778719	-6.034525	
5949	30.452836	26.093750	-2.834449	-6.074753	
5949	30.441835	26.171875	-2.818855	-6.063757	
5950	30.441835	26.171875	-2.818855	-6.063757	
5950	30.468750	26.203104	-2.801498	-6.051281	
5951	30.781250	27.478339	-2.325367	-5.695252	
5951	30.832051	27.500000	-2.299768	-5.675008	
5952	30.625000	27.404443	-2.405962	-5.758515	
5952	30.658893	27.421875	-2.388100	-5.744562	
5953	30.703125	27.442787	-2.365304	-5.726696	
5953	30.781250	27.478339	-2.325367	-5.695252	
5954	30.658893	27.421875	-2.388100	-5.744562	
5954	30.703125	27.442787	-2.365304	-5.726696	
5955	30.234375	27.175222	-2.619554	-5.921663	
5955	30.250152	27.187500	-2.610051	-5.914565	
5956	30.156250	27.123956	-2.663962	-5.954623	
5956	30.234375	27.175222	-2.619554	-5.921663	
5957	30.000000	27.032555	-2.750137	-6.017591	
5957	30.078125	27.073351	-2.708332	-5.987207	
5958	30.078125	27.073351	-2.708332	-5.987207	
5958	30.129212	27.109375	-2.678469	-5.965315	
5959	30.129212	27.109375	-2.678469	-5.965315	
5959	30.156250	27.123956	-2.663962	-5.954623	
5960	30.312500	27.224898	-2.575699	-5.888773	
5960	30.374134	27.265625	-2.540700	-5.862290	
5961	30.390625	27.274566	-2.531900	-5.855598	
5961	30.468750	27.320004	-2.489330	-5.823052	
5962	30.374134	27.265625	-2.540700	-5.862290	
5962	30.390625	27.274566	-2.531900	-5.855598	
5963	30.468750	27.320004	-2.489330	-5.823052	
5963	30.508324	27.343750	-2.467548	-5.806288	
5964	30.508324	27.343750	-2.467548	-5.806288	
5964	30.546875	27.363756	-2.447226	-5.790584	
5965	30.546875	27.363756	-2.447226	-5.790584	
5965	30.625000	27.404443	-2.405962	-5.758515	
5966	30.250152	27.187500	-2.610051	-5.914565	
5966	30.312500	27.224898	-2.575699	-5.888773	
5967	34.263338	25.000000	-1.728112	-4.914581	
5967	34.267129	25.078125	-1.701252	-4.900129	
5968	34.267129	25.078125	-1.701252	-4.900129	
5968	34.269029	25.156250	-1.675353	-4.886084	
5969	34.269029	25.156250	-1.675353	-4.886084	
5969	34.269119	25.234375	-1.650369	-4.872427	
5970	34.269119	25.234375	-1.650369	-4.872427	
5970	34.267479	25.312500	-1.626252	-4.859138	
5971	34.267479	25.312500	-1.626252	-4.859138	
5971	34.264190	25.390625	-1.602956	-4.846197	
5972	34.264190	25.390625	-1.602956	-4.846197	
5972	34.259341	25.468750	-1.580427	-4.833582	
5973	34.259341	25.468750	-1.580427	-4.833582	
5973	34.253031	25.546875	-1.558608	-4.821265	
5974	34.253031	25.546875	-1.558608	-4.821265	
5974	34.245383	25.625000	-1.537428	-4.809214	
5975	34.245383	25.625000	-1.537428	-4.809214	
5975	34.236550	25.703125	-1.516801	-4.797384	
5976	34.236550	25.703125	-1.516801	-4.797384	
5976	34.226731	25.781250	-1.496612	-4.785716	
5977	34.218750	25.840658	-1.481473	-4.776908	
5977	34.226731	25.781250	-1.496612	-4.785716	
5978	34.216294	25.859375	-1.476656	-4.774095	
5978	34.218750	25.840658	-1.481473	-4.776908	
5979	34.216294	25.859375	-1.476656	-4.774095	
5979	34.205807	25.937500	-1.456616	-4.762339	
5980	34.205807	25.937500	-1.456616	-4.762339	
5980	34.195398	26.015625	-1.436429	-4.750413	
5981	34.195398	26.015625	-1.436429	-4.750413	
5981	34.185701	26.093750	-1.415749	-4.738115	
5982	34.185701	26.093750	-1.415749	-4.738115	
5982	34.177592	26.171875	-1.394100	-4.725162	
5983	34.177592	26.171875	-1.394100	-4.725162	
5983	34.172278	26.250000	-1.370826	-4.711164	
5984	34.172278	26.250000	-1.370826	-4.711164	
5984	34.171403	26.328125	-1.345036	-4.695586	
5985	34.171403	26.328125	-1.345036	-4.695586	
5985	34.177155	26.406250	-1.315540	-4.677713	
5986	34.218750	26.558457	-1.241186	-4.632589	
5986	34.220233	26.562500	-1.239000	-4.631264	
5987	34.177155	26.406250	-1.315540	-4.677713	
5987	34.192327	26.484375	-1.280807	-4.656634	
5988	34.192327	26.484375	-1.280807	-4.656634	
5988	34.218750	26.558457	-1.241186	-4.632589	
5989	34.220233	26.562500	-1.239000	-4.631264	
5989	34.263921	26.640625	-1.188385	-4.600611	
5990	34.296875	26.682433	-1.155923	-4.581005	
5990	34.325033	26.718750	-1.127948	-4.564146	
5991	34.263921	26.640625	-1.188385	-4.600611	
5991	34.296875	26.682433	-1.155923	-4.581005	
5992	34.325033	26.718750	-1.127948	-4.564146	
5992	34.375000	26.768406	-1.083200	-4.537255	
5993	34.375000	26.768406	-1.083200	-4.537255	
5993	34.402491	26.796875	-1.058143	-4.522237	
5994	34.453125	26.839674	-1.015151	-4.496534	
5994	34.492410	26.875000	-0.980998	-4.476170	
5995	34.402491	26.796875	-1.058143	-4.522237	
5995	34.453125	26.839674	-1.015151	-4.496534	
5996	34.492410	26.875000	-0.980998	-4.476170	
5996	34.531250	26.904913	-0.948855	-4.457047	
5997	34.531250	26.904913	-0.948855	-4.457047	
5997	34.589212	26.953125	-0.899554	-4.427784	
5998	34.609375	26.968184	-0.882948	-4.417944	
5998	34.686923	27.031250	-0.817171	-4.379042	
5999	34.589212	26.953125	-0.899554	-4.427784	
5999	34.609375	26.968184	-0.882948	-4.417944	
6000	34.686923	27.031250	-0.817171	-4.379042	
6000	34.687500	27.031694	-0.816690	-4.378757	
6001	34.843750	27.166628	-0.680691	-4.298550	
6001	34.865278	27.187500	-0.661093	-4.286999	
6002	34.687500	27.031694	-0.816690	-4.378757	
6002	34.765625	27.096158	-0.749843	-4.339310	
6003	34.765625	27.096158	-0.749843	-4.339310	
6003	34.780460	27.109375	-0.736789	-4.331613	
6004	34.780460	27.109375	-0.736789	-4.331613	
6004	34.843750	27.166628	-0.680691	-4.298550	
6005	34.865278	27.187500	-0.661093	-4.286999	
6005	34.921875	27.247761	-0.607625	-4.255470	
6006	34.921875	27.247761	-0.607625	-4.255470	
6006	34.937771	27.265625	-0.592258	-4.246400	
6007	34.937771	27.265625	-0.592258	-4.246400	
6007	34.995104	27.343750	-0.532012	-4.210774	
6008	34.995104	27.343750	-0.532012	-4.210774	
6008	35.000000	27.353128	-0.525924	-4.207165	
6009	32.500000	27.961536	-1.512844	-5.029272	
6009	32.503359	27.968750	-1.509088	-5.025853	
6010	32.503359	27.968750	-1.509088	-5.025853	
6010	32.549783	28.046875	-1.464168	-4.985024	
6011	32.578125	28.084863	-1.439809	-4.962943	
6011	32.610747	28.125000	-1.412803	-4.938528	
6012	32.549783	28.046875	-1.464168	-4.985024	
6012	32.578125	28.084863	-1.439809	-4.962943	
6013	33.125000	28.434679	-1.084888	-4.650123	
6013	33.138674	28.437500	-1.077824	-4.644108	
6014	33.682361	28.437500	-0.827814	-4.438348	
6014	33.750000	28.422532	-0.800838	-4.417125	
6015	33.437500	28.468604	-0.931377	-4.521746	
6015	33.515625	28.463765	-0.896889	-4.493653	
6016	33.515625	28.463765	-0.896889	-4.493653	
6016	33.593750	28.454148	-0.863760	-4.466962	
6017	33.593750	28.454148	-0.863760	-4.466962	
6017	33.671875	28.439952	-0.831916	-4.441594	
6018	33.671875	28.439952	-0.831916	-4.441594	
6018	33.682361	28.437500	-0.827814	-4.438348	
6019	33.138674	28.437500	-1.077824	-4.644108	
6019	33.203125	28.451817	-1.043950	-4.615399	
6020	33.203125	28.451817	-1.043950	-4.615399	
6020	33.281250	28.462976	-1.004786	-4.582499	
6021	33.281250	28.462976	-1.004786	-4.582499	
6021	33.359375	28.468439	-0.967308	-4.551327	
6022	33.359375	28.468439	-0.967308	-4.551327	
6022	33.437500	28.468604	-0.931377	-4.521746	
6023	32.610747	28.125000	-1.412803	-4.938528	
6023	32.656250	28.173878	-1.377307	-4.906559	
6024	32.656250	28.173878	-1.377307	-4.906559	
6024	32.687867	28.203125	-1.354126	-4.885765	
6025	32.734375	28.243548	-1.320694	-4.855899	
6025	32.786788	28.281250	-1.285525	-4.824649	
6026	32.687867	28.203125	-1.354126	-4.885765	
6026	32.734375	28.243548	-1.320694	-4.855899	
6027	32.786788	28.281250	-1.285525	-4.824649	
6027	32.812500	28.299451	-1.268260	-4.809374	
6028	33.046875	28.412406	-1.127260	-4.686403	
6028	33.125000	28.434679	-1.084888	-4.650123	
6029	32.968750	28.382607	-1.171923	-4.724996	
6029	33.046875	28.412406	-1.127260	-4.686403	
6030	32.812500	28.299451	-1.268260	-4.809374	
6030	32.890625	28.345213	-1.218852	-4.765913	
6031	32.890625	28.345213	-1.218852	-4.765913	
6031	32.920882	28.359375	-1.200863	-4.750185	
6032	32.920882	28.359375	-1.200863	-4.750185	
6032	32.968750	28.382607	-1.171923	-4.724996	
6033	34.992127	27.734375	-0.396336	-4.129472	
6033	35.000000	27.720571	-0.396746	-4.129726	
6034	34.992127	27.734375	-0.396336	-4.129472	
6034	34.926382	27.812500	-0.405873	-4.135470	
6035	34.839258	27.890625	-0.426928	-4.148941	
6035	34.843750	27.886829	-0.425777	-4.148199	
6036	34.765625	27.945685	-0.448151	-4.162748	
6036	34.839258	27.890625	-0.426928	-4.148941	
6037	34.732546	27.968750	-0.458141	-4.169315	
6037	34.765625	27.945685	-0.448151	-4.162748	
6038	34.843750	27.886829	-0.425777	-4.148199	
6038	34.921875	27.816765	-0.406900	-4.136121	
6039	34.921875	27.816765	-0.406900	-4.136121	
6039	34.926382	27.812500	-0.405873	-4.135470	
6040	34.687500	27.998406	-0.472239	-4.178654	
6040	34.732546	27.968750	-0.458141	-4.169315	
6041	34.608493	28.046875	-0.497868	-4.195832	
6041	34.609375	28.046358	-0.497575	-4.195634	
6042	34.609375	28.046358	-0.497575	-4.195634	
6042	34.687500	27.998406	-0.472239	-4.178654	
6043	34.531250	28.091758	-0.523359	-4.213167	
6043	34.608493	28.046875	-0.497868	-4.195832	
6044	34.469692	28.125000	-0.544271	-4.227570	
6044	34.531250	28.091758	-0.523359	-4.213167	
6045	34.375000	28.174912	-0.576304	-4.249946	
6045	34.453125	28.134075	-0.549799	-4.231404	
6046	34.453125	28.134075	-0.549799	-4.231404	
6046	34.469692	28.125000	-0.544271	-4.227570	
6047	33.952503	28.359375	-0.724959	-4.358669	
6047	33.984375	28.348295	-0.713161	-4.349753	
6048	33.984375	28.348295	-0.713161	-4.349753	
6048	34.062500	28.318186	-0.685025	-4.328686	
6049	33.906250	28.376216	-0.741651	-4.371365	
6049	33.952503	28.359375	-0.724959	-4.358669	
6050	33.828125	28.401295	-0.770748	-4.393720	
6050	33.906250	28.376216	-0.741651	-4.371365	
6051	33.750000	28.422532	-0.800838	-4.417125	
6051	33.828125	28.401295	-0.770748	-4.393720	
6052	34.148429	28.281250	-0.654972	-4.306492	
6052	34.218750	28.250446	-0.630161	-4.288415	
6053	34.317075	28.203125	-0.596417	-4.264188	
6053	34.375000	28.174912	-0.576304	-4.249946	
6054	34.296875	28.213274	-0.603251	-4.269062	
6054	34.317075	28.203125	-0.596417	-4.264188	
6055	34.218750	28.250446	-0.630161	-4.288415	
6055	34.296875	28.213274	-0.603251	-4.269062	
6056	34.062500	28.318186	-0.685025	-4.328686	
6056	34.140625	28.284805	-0.657649	-4.308456	
6057	34.140625	28.284805	-0.657649	-4.308456	
6057	34.148429	28.281250	-0.654972	-4.306492	
6058	30.832051	27.500000	-2.299768	-5.675008	
6058	30.859375	27.511370	-2.286061	-5.664142	
6059	30.859375	27.511370	-2.286061	-5.664142	
6059	30.937500	27.542405	-2.247217	-5.633264	
6060	30.937500	27.542405	-2.247217	-5.633264	
6060	31.015625	27.570026	-2.209258	-5.602982	
6061	31.015625	27.570026	-2.209258	-5.602982	
6061	31.040409	27.578125	-2.197386	-5.593493	
6062	31.040409	27.578125	-2.197386	-5.593493	
6062	31.093750	27.596248	-2.171573	-5.572836	
6063	31.171875	27.620096	-2.134457	-5.543084	
6063	31.250000	27.640648	-2.098201	-5.513981	
6064	31.093750	27.596248	-2.171573	-5.572836	
6064	31.171875	27.620096	-2.134457	-5.543084	
6065	31.250000	27.640648	-2.098201	-5.513981	
6065	31.319742	27.656250	-2.066558	-5.488561	
6066	31.406250	27.675583	-2.027160	-5.456900	
6066	31.484375	27.689809	-1.992445	-5.429006	
6067	31.484375	27.689809	-1.992445	-5.429006	
6067	31.562500	27.701109	-1.958529	-5.401765	
6068	31.319742	27.656250	-2.066558	-5.488561	
6068	31.328125	27.658325	-2.062685	-5.485449	
6069	31.328125	27.658325	-2.062685	-5.485449	
6069	31.406250	27.675583	-2.027160	-5.456900	
6070	31.718750	27.715298	-1.893064	-5.349241	
6070	31.796875	27.718315	-1.861529	-5.323969	
6071	31.796875	27.718315	-1.861529	-5.323969	
6071	31.875000	27.718634	-1.830830	-5.299381	
6072	31.562500	27.701109	-1.958529	-5.401765	
6072	31.640625	27.709579	-1.925402	-5.375176	
6073	31.640625	27.709579	-1.925402	-5.375176	
6073	31.718750	27.715298	-1.893064	-5.349241	
6074	32.031250	27.710833	-1.772228	-5.252441	
6074	32.109375	27.702248	-1.744593	-5.230258	
6075	32.109375	27.702248	-1.744593	-5.230258	
6075	32.187500	27.689982	-1.718359	-5.209114	
6076	31.875000	27.718634	-1.830830	-5.299381	
6076	31.953125	27.716193	-1.801028	-5.275517	
6077	31.953125	27.716193	-1.801028	-5.275517	
6077	32.031250	27.710833	-1.772228	-5.252441	
6078	32.343750	27.660604	-1.668794	-5.168514	
6078	32.417777	27.734375	-1.618943	-5.125344	
6079	32.421875	27.743516	-1.614537	-5.121415	
6079	32.437591	27.812500	-1.586362	-5.096074	
6080	32.417777	27.734375	-1.618943	-5.125344	
6080	32.421875	27.743516	-1.614537	-5.121415	
6081	32.187500	27.689982	-1.718359	-5.209114	
6081	32.265625	27.673963	-1.693679	-5.189065	
6082	32.265625	27.673963	-1.693679	-5.189065	
6082	32.343750	27.660604	-1.668794	-5.168514	
6083	32.437591	27.812500	-1.586362	-5.096074	
6083	32.464566	27.890625	-1.550323	-5.063376	
6084	32.464566	27.890625	-1.550323	-5.063376	
6084	32.500000	27.961536	-1.512844	-5.029272	
6085	22.464297	31.953125	-3.827639	-6.722060	
6085	22.500000	31.900216	-3.836090	-6.733392	
6086	22.421875	32.015610	-3.817666	-6.708607	
6086	22.464297	31.953125	-3.827639	-6.722060	
6087	22.411380	32.031250	-3.815131	-6.705174	
6087	22.421875	32.015610	-3.817666	-6.708607	
6088	22.411380	32.031250	-3.815131	-6.705174	
6088	22.358652	32.109375	-3.802491	-6.687966	
6089	22.343750	32.131347	-3.798938	-6.683104	
6089	22.358652	32.109375	-3.802491	-6.687966	
6090	22.306091	32.187500	-3.789726	-6.670445	
6090	22.343750	32.131347	-3.798938	-6.683104	
6091	22.253632	32.265625	-3.776853	-6.652629	
6091	22.265625	32.247615	-3.779851	-6.656791	
6092	22.265625	32.247615	-3.779851	-6.656791	
6092	22.306091	32.187500	-3.789726	-6.670445	
6093	22.253632	32.265625	-3.776853	-6.652629	
6093	22.201453	32.343750	-3.763833	-6.634460	
6094	22.187500	32.364603	-3.760351	-6.629574	
6094	22.201453	32.343750	-3.763833	-6.634460	
6095	22.149578	32.421875	-3.750665	-6.615930	
6095	22.187500	32.364603	-3.760351	-6.629574	
6096	22.109375	32.482600	-3.740350	-6.601307	
6096	22.149578	32.421875	-3.750665	-6.615930	
6097	22.097970	32.500000	-3.737361	-6.597051	
6097	22.109375	32.482600	-3.740350	-6.601307	
6098	23.742652	30.156250	-4.070886	-7.023234	
6098	23.750000	30.147027	-4.071756	-7.024212	
6099	23.742652	30.156250	-4.070886	-7.023234	
6099	23.680782	30.234375	-4.063331	-7.014703	
6100	23.671875	30.245680	-4.062214	-7.013435	
6100	23.680782	30.234375	-4.063331	-7.014703	
6101	23.619997	30.312500	-4.055332	-7.005602	
6101	23.671875	30.245680	-4.062214	-7.013435	
6102	23.560146	30.390625	-4.046938	-6.995978	
6102	23.593750	30.346473	-4.051760	-7.001515	
6103	23.515625	30.449346	-4.040414	-6.988449	
6103	23.560146	30.390625	-4.046938	-6.995978	
6104	23.501136	30.468750	-4.038180	-6.985862	
6104	23.515625	30.449346	-4.040414	-6.988449	
6105	23.593750	30.346473	-4.051760	-7.001515	
6105	23.619997	30.312500	-4.055332	-7.005602	
6106	23.501136	30.468750	-4.038180	-6.985862	
6106	23.442929	30.546875	-4.029073	-6.975262	
6107	23.437500	30.554166	-4.028216	-6.974261	
6107	23.442929	30.546875	-4.029073	-6.975262	
6108	23.385545	30.625000	-4.019616	-6.964173	
6108	23.437500	30.554166	-4.028216	-6.974261	
6109	23.272496	30.781250	-3.999877	-6.940760	
6109	23.281250	30.768936	-4.001492	-6.942688	
6110	23.328761	30.703125	-4.009876	-6.952664	
6110	23.359375	30.660709	-4.015238	-6.959010	
6111	23.359375	30.660709	-4.015238	-6.959010	
6111	23.385545	30.625000	-4.019616	-6.964173	
6112	23.281250	30.768936	-4.001492	-6.942688	
6112	23.328761	30.703125	-4.009876	-6.952664	
6113	23.272496	30.781250	-3.999877	-6.940760	
6113	23.216822	30.859375	-3.989603	-6.928435	
6114	23.203125	30.878543	-3.987075	-6.925389	
6114	23.216822	30.859375	-3.989603	-6.928435	
6115	23.161629	30.937500	-3.979088	-6.915725	
6115	23.203125	30.878543	-3.987075	-6.925389	
6116	23.125000	30.989386	-3.972035	-6.907146	
6116	23.161629	30.937500	-3.979088	-6.915725	
6117	23.106754	31.015625	-3.968377	-6.902679	
6117	23.125000	30.989386	-3.972035	-6.907146	
6118	23.106754	31.015625	-3.968377	-6.902679	
6118	23.052195	31.093750	-3.957473	-6.889296	
6119	22.998054	31.171875	-3.946353	-6.875542	
6119	23.046875	31.101326	-3.956418	-6.887996	
6120	23.046875	31.101326	-3.956418	-6.887996	
6120	23.052195	31.093750	-3.957473	-6.889296	
6121	22.968750	31.214002	-3.940341	-6.868062	
6121	22.998054	31.171875	-3.946353	-6.875542	
6122	22.944071	31.250000	-3.935086	-6.861498	
6122	22.968750	31.214002	-3.940341	-6.868062	
6123	23.805697	30.078125	-4.077965	-7.031166	
6123	23.828125	30.050598	-4.080363	-7.033840	
6124	23.828125	30.050598	-4.080363	-7.033840	
6124	23.869938	30.000000	-4.084554	-7.038495	
6125	23.750000	30.147027	-4.071756	-7.024212	
6125	23.805697	30.078125	-4.077965	-7.031166	
6126	22.783224	31.484375	-3.900384	-6.817557	
6126	22.812500	31.441327	-3.906894	-6.825879	
6127	22.734375	31.555701	-3.889618	-6.803713	
6127	22.783224	31.484375	-3.900384	-6.817557	
6128	22.729781	31.562500	-3.888572	-6.802363	
6128	22.734375	31.555701	-3.889618	-6.803713	
6129	22.890199	31.328125	-3.923686	-6.847177	
6129	22.890625	31.327499	-3.923780	-6.847295	
6130	22.890625	31.327499	-3.923780	-6.847295	
6130	22.944071	31.250000	-3.935086	-6.861498	
6131	22.890199	31.328125	-3.923686	-6.847177	
6131	22.836687	31.406250	-3.912092	-6.832497	
6132	22.812500	31.441327	-3.906894	-6.825879	
6132	22.836687	31.406250	-3.912092	-6.832497	
6133	22.623409	31.718750	-3.864525	-6.771060	
6133	22.656250	31.670252	-3.872073	-6.780940	
6134	22.729781	31.562500	-3.888572	-6.802363	
6134	22.676575	31.640625	-3.876602	-6.786843	
6135	22.656250	31.670252	-3.872073	-6.780940	
6135	22.676575	31.640625	-3.876602	-6.786843	
6136	22.570227	31.796875	-3.852358	-6.755029	
6136	22.578125	31.785147	-3.854211	-6.757479	
6137	22.578125	31.785147	-3.854211	-6.757479	
6137	22.623409	31.718750	-3.864525	-6.771060	
6138	22.570227	31.796875	-3.852358	-6.755029	
6138	22.517223	31.875000	-3.840053	-6.738685	
6139	22.500000	31.900216	-3.836090	-6.733392	
6139	22.517223	31.875000	-3.840053	-6.738685	
6140	21.847839	32.890625	-3.668056	-6.496196	
6140	21.875000	32.846893	-3.676075	-6.508079	
6141	21.847839	32.890625	-3.668056	-6.496196	
6141	21.799952	32.968750	-3.653551	-6.474567	
6142	21.753057	33.046875	-3.638786	-6.452368	
6142	21.796875	32.973832	-3.652598	-6.473139	
6143	21.796875	32.973832	-3.652598	-6.473139	
6143	21.799952	32.968750	-3.653551	-6.474567	
6144	21.718750	33.105221	-3.627578	-6.435399	
6144	21.753057	33.046875	-3.638786	-6.452368	
6145	21.707214	33.125000	-3.623753	-6.429585	
6145	21.718750	33.105221	-3.627578	-6.435399	
6146	21.996157	32.656250	-3.710221	-6.558055	
6146	22.031250	32.601971	-3.719742	-6.571809	
6147	22.097970	32.500000	-3.737361	-6.597051	
6147	22.046820	32.578125	-3.723880	-6.577762	
6148	22.031250	32.601971	-3.719742	-6.571809	
6148	22.046820	32.578125	-3.723880	-6.577762	
6149	21.946001	32.734375	-3.696384	-6.537924	
6149	21.953125	32.723190	-3.698381	-6.540840	
6150	21.953125	32.723190	-3.698381	-6.540840	
6150	21.996157	32.656250	-3.710221	-6.558055	
6151	21.946001	32.734375	-3.696384	-6.537924	
6151	21.896559	32.812500	-3.682327	-6.517305	
6152	21.875000	32.846893	-3.676075	-6.508079	
6152	21.896559	32.812500	-3.682327	-6.517305	
6153	21.537047	33.437500	-3.560539	-6.331853	
6153	21.562500	33.388056	-3.570871	-6.348032	
6154	21.707214	33.125000	-3.623753	-6.429585	
6154	21.662573	33.203125	-3.608429	-6.406174	
6155	21.640625	33.242543	-3.600564	-6.394089	
6155	21.662573	33.203125	-3.608429	-6.406174	
6156	21.619240	33.281250	-3.592799	-6.382108	
6156	21.640625	33.242543	-3.600564	-6.394089	
6157	21.619240	33.281250	-3.592799	-6.382108	
6157	21.577370	33.359375	-3.576838	-6.357340	
6158	21.562500	33.388056	-3.570871	-6.348032	
6158	21.577370	33.359375	-3.576838	-6.357340	
6159	21.537047	33.437500	-3.560539	-6.331853	
6159	21.498482	33.515625	-3.543866	-6.305584	
6160	21.484375	33.545491	-3.537361	-6.295284	
6160	21.498482	33.515625	-3.543866	-6.305584	
6161	21.461717	33.593750	-3.526819	-6.278528	
6161	21.484375	33.545491	-3.537361	-6.295284	
6162	21.461717	33.593750	-3.526819	-6.278528	
6162	21.426982	33.671875	-3.509363	-6.250619	
6163	21.406250	33.721516	-3.498007	-6.232358	
6163	21.426982	33.671875	-3.509363	-6.250619	
6164	21.394401	33.750000	-3.491481	-6.221826	
6164	21.406250	33.721516	-3.498007	-6.232358	
6165	21.394401	33.750000	-3.491481	-6.221826	
6165	21.364007	33.828125	-3.473176	-6.192147	
6166	21.364007	33.828125	-3.473176	-6.192147	
6166	21.336220	33.906250	-3.454376	-6.161459	
6167	21.310825	33.984375	-3.435132	-6.129836	
6167	21.328125	33.931128	-3.448249	-6.151413	
6168	21.328125	33.931128	-3.448249	-6.151413	
6168	21.336220	33.906250	-3.454376	-6.161459	
6169	21.310825	33.984375	-3.435132	-6.129836	
6169	21.288146	34.062500	-3.415392	-6.097186	
6170	21.288146	34.062500	-3.415392	-6.097186	
6170	21.268466	34.140625	-3.395112	-6.063431	
6171	21.268466	34.140625	-3.395112	-6.063431	
6171	21.251892	34.218750	-3.374284	-6.028546	
6172	21.250000	34.229508	-3.371347	-6.023610	
6172	21.251892	34.218750	-3.374284	-6.028546	
6173	21.250000	34.938029	-3.157892	-5.654297	
6173	21.260994	35.000000	-3.137653	-5.618175	
6174	21.238112	34.296875	-3.352973	-5.992634	
6174	21.250000	34.229508	-3.371347	-6.023610	
6175	21.238112	34.296875	-3.352973	-5.992634	
6175	21.227576	34.375000	-3.331108	-5.955567	
6176	21.227576	34.375000	-3.331108	-5.955567	
6176	21.220398	34.453125	-3.308680	-5.917317	
6177	21.220398	34.453125	-3.308680	-5.917317	
6177	21.216603	34.531250	-3.285696	-5.877885	
6178	21.216603	34.531250	-3.285696	-5.877885	
6178	21.216184	34.609375	-3.262171	-5.837284	
6179	21.216184	34.609375	-3.262171	-5.837284	
6179	21.219097	34.687500	-3.238127	-5.795533	
6180	21.219097	34.687500	-3.238127	-5.795533	
6180	21.225258	34.765625	-3.213596	-5.752669	
6181	21.225258	34.765625	-3.213596	-5.752669	
6181	21.234540	34.843750	-3.188617	-5.708741	
6182	21.234540	34.843750	-3.188617	-5.708741	
6182	21.246764	34.921875	-3.163243	-5.663812	
6183	21.246764	34.921875	-3.163243	-5.663812	
6183	21.250000	34.938029	-3.157892	-5.654297	
6184	20.000000	36.137977	-2.981417	-5.420637	
6184	20.030926	36.171875	-2.964972	-5.394181	
6185	20.078125	36.215869	-2.942157	-5.357780	
6185	20.109473	36.250000	-2.925404	-5.331286	
6186	20.030926	36.171875	-2.964972	-5.394181	
6186	20.078125	36.215869	-2.942157	-5.357780	
6187	21.260994	35.000000	-3.137653	-5.618175	
6187	21.277184	35.078125	-3.111881	-5.571856	
6188	21.277184	35.078125	-3.111881	-5.571856	
6188	21.295147	35.156250	-3.085985	-5.524924	
6189	21.295147	35.156250	-3.085985	-5.524924	
6189	21.314453	35.234375	-3.060069	-5.477525	
6190	21.328125	35.285809	-3.042977	-5.446007	
6190	21.334292	35.312500	-3.034295	-5.429913	
6191	21.314453	35.234375	-3.060069	-5.477525	
6191	21.328125	35.285809	-3.042977	-5.446007	
6192	21.334292	35.312500	-3.034295	-5.429913	
6192	21.353705	35.390625	-3.008848	-5.382385	
6193	21.353705	35.390625	-3.008848	-5.382385	
6193	21.372820	35.468750	-2.983746	-5.334924	
6194	21.406250	35.616491	-2.937646	-5.245986	
6194	21.407870	35.625000	-2.935079	-5.240953	
6195	21.372820	35.468750	-2.983746	-5.334924	
6195	21.391073	35.546875	-2.959113	-5.287716	
6196	21.391073	35.546875	-2.959113	-5.287716	
6196	21.406250	35.616491	-2.937646	-5.245986	
6197	21.407870	35.625000	-2.935079	-5.240953	
6197	21.422680	35.703125	-2.911763	-5.194811	
6198	21.422680	35.703125	-2.911763	-5.194811	
6198	21.435247	35.781250	-2.889249	-5.149392	
6199	21.435247	35.781250	-2.889249	-5.149392	
6199	21.445133	35.859375	-2.867647	-5.104849	
6200	21.445133	35.859375	-2.867647	-5.104849	
6200	21.451950	35.937500	-2.847066	-5.061332	
6201	21.451950	35.937500	-2.847066	-5.061332	
6201	21.455366	36.015625	-2.827616	-5.018983	
6202	21.455366	36.015625	-2.827616	-5.018983	
6202	21.455088	36.093750	-2.809419	-4.977953	
6203	21.455088	36.093750	-2.809419	-4.977953	
6203	21.450784	36.171875	-2.792625	-4.938439	
6204	21.450784	36.171875	-2.792625	-4.938439	
6204	21.441842	36.250000	-2.777452	-4.900751	
6205	21.402654	36.406250	-2.753432	-4.833385	
6205	21.406250	36.386372	-2.756097	-4.841711	
6206	21.441842	36.250000	-2.777452	-4.900751	
6206	21.426570	36.328125	-2.764245	-4.865482	
6207	21.406250	36.386372	-2.756097	-4.841711	
6207	21.426570	36.328125	-2.764245	-4.865482	
6208	21.402654	36.406250	-2.753432	-4.833385	
6208	21.381742	36.484375	-2.745156	-4.804099	
6209	21.381742	36.484375	-2.745156	-4.804099	
6209	21.340025	36.562500	-2.741528	-4.782846	
6210	21.640625	36.685769	-2.655712	-4.692654	
6210	21.700251	36.718750	-2.630787	-4.663362	
6211	21.562500	36.653431	-2.684320	-4.724647	
6211	21.640625	36.685769	-2.655712	-4.692654	
6212	21.718750	36.732967	-2.621740	-4.652468	
6212	21.796875	36.796118	-2.582046	-4.603298	
6213	21.796875	36.796118	-2.582046	-4.603298	
6213	21.797816	36.796875	-2.581565	-4.602690	
6214	21.797816	36.796875	-2.581565	-4.602690	
6214	21.866650	36.875000	-2.538835	-4.547596	
6215	21.700251	36.718750	-2.630787	-4.663362	
6215	21.718750	36.732967	-2.621740	-4.652468	
6216	21.340025	36.562500	-2.741528	-4.782846	
6216	21.406250	36.609582	-2.729864	-4.769244	
6217	21.406250	36.609582	-2.729864	-4.769244	
6217	21.484375	36.630447	-2.708924	-4.750115	
6218	21.484375	36.630447	-2.708924	-4.750115	
6218	21.517647	36.640625	-2.698589	-4.739713	
6219	21.517647	36.640625	-2.698589	-4.739713	
6219	21.562500	36.653431	-2.684320	-4.724647	
6220	21.875000	36.890106	-2.531769	-4.538293	
6220	21.915434	36.953125	-2.500786	-4.496890	
6221	21.915434	36.953125	-2.500786	-4.496890	
6221	21.946239	37.031250	-2.466997	-4.450618	
6222	21.946239	37.031250	-2.466997	-4.450618	
6222	21.953125	37.062218	-2.454865	-4.433718	
6223	21.953125	37.062218	-2.454865	-4.433718	
6223	21.965871	37.109375	-2.435821	-4.406873	
6224	21.965871	37.109375	-2.435821	-4.406873	
6224	21.973846	37.187500	-2.407375	-4.366025	
6225	21.973846	37.187500	-2.407375	-4.366025	
6225	21.970090	37.265625	-2.381638	-4.328226	
6226	21.970090	37.265625	-2.381638	-4.328226	
6226	21.954453	37.343750	-2.358582	-4.293589	
6227	21.927386	37.421875	-2.338027	-4.261976	
6227	21.953125	37.347767	-2.357513	-4.291963	
6228	21.953125	37.347767	-2.357513	-4.291963	
6228	21.954453	37.343750	-2.358582	-4.293589	
6229	21.927386	37.421875	-2.338027	-4.261976	
6229	21.884764	37.500000	-2.320759	-4.234741	
6230	21.866650	36.875000	-2.538835	-4.547596	
6230	21.875000	36.890106	-2.531769	-4.538293	
6231	20.109473	36.250000	-2.925404	-5.331286	
6231	20.156250	36.292297	-2.902975	-5.296147	
6232	20.156250	36.292297	-2.902975	-5.296147	
6232	20.190450	36.328125	-2.884970	-5.268225	
6233	20.234375	36.365483	-2.864439	-5.236717	
6233	20.276385	36.406250	-2.843136	-5.204423	
6234	20.190450	36.328125	-2.884970	-5.268225	
6234	20.234375	36.365483	-2.864439	-5.236717	
6235	20.276385	36.406250	-2.843136	-5.204423	
6235	20.312500	36.434161	-2.826968	-5.180200	
6236	20.468750	36.554135	-2.756583	-5.078049	
6236	20.479126	36.562500	-2.751759	-5.071270	
6237	20.312500	36.434161	-2.826968	-5.180200	
6237	20.371132	36.484375	-2.799064	-5.139024	
6238	20.390625	36.497526	-2.790851	-5.127066	
6238	20.468750	36.554135	-2.756583	-5.078049	
6239	20.371132	36.484375	-2.799064	-5.139024	
6239	20.390625	36.497526	-2.790851	-5.127066	
6240	20.479126	36.562500	-2.751759	-5.071270	
6240	20.546875	36.603854	-2.724259	-5.033264	
6241	20.546875	36.603854	-2.724259	-5.033264	
6241	20.610300	36.640625	-2.699055	-4.999496	
6242	20.610300	36.640625	-2.699055	-4.999496	
6242	20.625000	36.647401	-2.693734	-4.992514	
6243	20.937500	36.756391	-2.594718	-4.877321	
6243	21.015625	36.777148	-2.579284	-4.864259	
6244	21.015625	36.777148	-2.579284	-4.864259	
6244	21.028444	36.796875	-2.577512	-4.860668	
6245	21.015625	36.846168	-2.576056	-4.848651	
6245	21.028444	36.796875	-2.577512	-4.860668	
6246	21.015625	36.846168	-2.576056	-4.848651	
6246	20.997862	36.875000	-2.574526	-4.840104	
6247	20.703125	36.683982	-2.665352	-4.956274	
6247	20.781250	36.712151	-2.639655	-4.925224	
6248	20.625000	36.647401	-2.693734	-4.992514	
6248	20.703125	36.683982	-2.665352	-4.956274	
6249	20.781250	36.712151	-2.639655	-4.925224	
6249	20.801842	36.718750	-2.633198	-4.917751	
6250	20.801842	36.718750	-2.633198	-4.917751	
6250	20.859375	36.736603	-2.615692	-4.898341	
6251	20.859375	36.736603	-2.615692	-4.898341	
6251	20.937500	36.756391	-2.594718	-4.877321	
6252	20.997862	36.875000	-2.574526	-4.840104	
6252	20.967274	36.953125	-2.567512	-4.811754	
6253	20.967274	36.953125	-2.567512	-4.811754	
6253	20.951011	37.031250	-2.557176	-4.777754	
6254	20.951011	37.031250	-2.557176	-4.777754	
6254	20.941850	37.109375	-2.544387	-4.740052	
6255	20.941850	37.109375	-2.544387	-4.740052	
6255	20.939661	37.187500	-2.529497	-4.699276	
6256	20.939661	37.187500	-2.529497	-4.699276	
6256	20.945679	37.265625	-2.512587	-4.655458	
6257	20.945679	37.265625	-2.512587	-4.655458	
6257	20.961493	37.343750	-2.493564	-4.608341	
6258	20.961493	37.343750	-2.493564	-4.608341	
6258	20.988834	37.421875	-2.472207	-4.557496	
6259	21.015625	37.476823	-2.455650	-4.519292	
6259	21.030010	37.500000	-2.448130	-4.502252	
6260	20.988834	37.421875	-2.472207	-4.557496	
6260	21.015625	37.476823	-2.455650	-4.519292	
6261	21.030010	37.500000	-2.448130	-4.502252	
6261	21.088950	37.578125	-2.420618	-4.441404	
6262	21.088950	37.578125	-2.420618	-4.441404	
6262	21.093750	37.583859	-2.418481	-4.436771	
6263	21.171875	37.651667	-2.389716	-4.375645	
6263	21.179936	37.656250	-2.387340	-4.370696	
6264	21.093750	37.583859	-2.418481	-4.436771	
6264	21.171875	37.651667	-2.389716	-4.375645	
6265	21.179936	37.656250	-2.387340	-4.370696	
6265	21.250000	37.697427	-2.365804	-4.326557	
6266	21.514488	37.734375	-2.313483	-4.225063	
6266	21.562500	37.727505	-2.307391	-4.213911	
6267	21.484375	37.738925	-2.317128	-4.231822	
6267	21.514488	37.734375	-2.313483	-4.225063	
6268	21.406250	37.737895	-2.330171	-4.256446	
6268	21.484375	37.738925	-2.317128	-4.231822	
6269	21.250000	37.697427	-2.365804	-4.326557	
6269	21.328125	37.724531	-2.346325	-4.287755	
6270	21.328125	37.724531	-2.346325	-4.287755	
6270	21.387373	37.734375	-2.334226	-4.264226	
6271	21.387373	37.734375	-2.334226	-4.264226	
6271	21.406250	37.737895	-2.330171	-4.256446	
6272	21.822457	37.578125	-2.307439	-4.213145	
6272	21.875000	37.514073	-2.318075	-4.230438	
6273	21.796875	37.603656	-2.304083	-4.207586	
6273	21.822457	37.578125	-2.307439	-4.213145	
6274	21.728274	37.656250	-2.300126	-4.200922	
6274	21.796875	37.603656	-2.304083	-4.207586	
6275	21.718750	37.662838	-2.299788	-4.200341	
6275	21.728274	37.656250	-2.300126	-4.200922	
6276	21.562500	37.727505	-2.307391	-4.213911	
6276	21.640625	37.703254	-2.301214	-4.202839	
6277	21.640625	37.703254	-2.301214	-4.202839	
6277	21.718750	37.662838	-2.299788	-4.200341	
6278	21.875000	37.514073	-2.318075	-4.230438	
6278	21.884764	37.500000	-2.320759	-4.234741	
6279	17.421875	35.919850	-3.455470	-6.253999	
6279	17.500000	35.870777	-3.458774	-6.261103	
6280	17.395671	35.937500	-3.454038	-6.250898	
6280	17.421875	35.919850	-3.455470	-6.253999	
6281	17.285615	36.015625	-3.446913	-6.235327	
6281	17.343750	35.972983	-3.451045	-6.244386	
6282	17.265625	36.030523	-3.445424	-6.232045	
6282	17.285615	36.015625	-3.446913	-6.235327	
6283	17.187500	36.092761	-3.438548	-6.216783	
6283	17.265625	36.030523	-3.445424	-6.232045	
6284	17.343750	35.972983	-3.451045	-6.244386	
6284	17.395671	35.937500	-3.454038	-6.250898	
6285	17.186329	36.093750	-3.438430	-6.216520	
6285	17.187500	36.092761	-3.438548	-6.216783	
6286	17.096391	36.171875	-3.428817	-6.194911	
6286	17.109375	36.159984	-3.430362	-6.198404	
6287	17.109375	36.159984	-3.430362	-6.198404	
6287	17.186329	36.093750	-3.438430	-6.216520	
6288	17.031250	36.232768	-3.420741	-6.176544	
6288	17.096391	36.171875	-3.428817	-6.194911	
6289	17.013884	36.250000	-3.418336	-6.171037	
6289	17.031250	36.232768	-3.420741	-6.176544	
6290	16.867334	36.406250	-3.395327	-6.117613	
6290	16.875000	36.397316	-3.396718	-6.120880	
6291	16.867334	36.406250	-3.395327	-6.117613	
6291	16.801917	36.484375	-3.383001	-6.088466	
6292	16.796875	36.490535	-3.382018	-6.086126	
6292	16.801917	36.484375	-3.383001	-6.088466	
6293	16.741137	36.562500	-3.370220	-6.057876	
6293	16.796875	36.490535	-3.382018	-6.086126	
6294	16.684295	36.640625	-3.357075	-6.026037	
6294	16.718750	36.592256	-3.365283	-6.045961	
6295	16.640625	36.703968	-3.346206	-5.999430	
6295	16.684295	36.640625	-3.357075	-6.026037	
6296	16.630971	36.718750	-3.343622	-5.993067	
6296	16.640625	36.703968	-3.346206	-5.999430	
6297	16.718750	36.592256	-3.365283	-6.045961	
6297	16.741137	36.562500	-3.370220	-6.057876	
6298	16.630971	36.718750	-3.343622	-5.993067	
6298	16.581209	36.796875	-3.329874	-5.958973	
6299	16.562500	36.827145	-3.324507	-5.945555	
6299	16.581209	36.796875	-3.329874	-5.958973	
6300	16.534511	36.875000	-3.315892	-5.923889	
6300	16.562500	36.827145	-3.324507	-5.945555	
6301	16.937805	36.328125	-3.407133	-6.145192	
6301	16.953125	36.311654	-3.409573	-6.150849	
6302	16.953125	36.311654	-3.409573	-6.150849	
6302	17.013884	36.250000	-3.418336	-6.171037	
6303	16.875000	36.397316	-3.396718	-6.120880	
6303	16.937805	36.328125	-3.407133	-6.145192	
6304	16.534511	36.875000	-3.315892	-5.923889	
6304	16.490503	36.953125	-3.301726	-5.887919	
6305	16.484375	36.964225	-3.299708	-5.882759	
6305	16.490503	36.953125	-3.301726	-5.887919	
6306	16.449431	37.031250	-3.287366	-5.851019	
6306	16.484375	36.964225	-3.299708	-5.882759	
6307	16.449431	37.031250	-3.287366	-5.851019	
6307	16.410494	37.109375	-3.272898	-5.813388	
6308	16.406250	37.118030	-3.271294	-5.809189	
6308	16.410494	37.109375	-3.272898	-5.813388	
6309	16.374181	37.187500	-3.258290	-5.774928	
6309	16.406250	37.118030	-3.271294	-5.809189	
6310	16.374181	37.187500	-3.258290	-5.774928	
6310	16.339707	37.265625	-3.243624	-5.735831	
6311	16.328125	37.292430	-3.238596	-5.722312	
6311	16.339707	37.265625	-3.243624	-5.735831	
6312	16.307341	37.343750	-3.228890	-5.696050	
6312	16.328125	37.292430	-3.238596	-5.722312	
6313	16.307341	37.343750	-3.228890	-5.696050	
6313	16.276748	37.421875	-3.214129	-5.655672	
6314	16.250000	37.492914	-3.200732	-5.618555	
6314	16.276748	37.421875	-3.214129	-5.655672	
6315	16.247513	37.500000	-3.199388	-5.614804	
6315	16.250000	37.492914	-3.200732	-5.618555	
6316	18.046875	35.624395	-3.453823	-6.251378	
6316	18.125000	35.601384	-3.449427	-6.242603	
6317	18.045030	35.625000	-3.453909	-6.251550	
6317	18.046875	35.624395	-3.453823	-6.251378	
6318	18.593750	35.523442	-3.403794	-6.154343	
6318	18.671875	35.520567	-3.392868	-6.133730	
6319	18.671875	35.520567	-3.392868	-6.133730	
6319	18.750000	35.520797	-3.380906	-6.111337	
6320	18.437500	35.538132	-3.422688	-6.190397	
6320	18.515625	35.529320	-3.413725	-6.173222	
6321	18.515625	35.529320	-3.413725	-6.173222	
6321	18.593750	35.523442	-3.403794	-6.154343	
6322	18.378990	35.546875	-3.428712	-6.202019	
6322	18.437500	35.538132	-3.422688	-6.190397	
6323	18.359375	35.549781	-3.430721	-6.205911	
6323	18.378990	35.546875	-3.428712	-6.202019	
6324	18.281250	35.564114	-3.437875	-6.219839	
6324	18.359375	35.549781	-3.430721	-6.205911	
6325	18.203125	35.581306	-3.444110	-6.232078	
6325	18.281250	35.564114	-3.437875	-6.219839	
6326	18.125000	35.601384	-3.449427	-6.242603	
6326	18.203125	35.581306	-3.444110	-6.232078	
6327	17.734375	35.745569	-3.462443	-6.268880	
6327	17.812500	35.710690	-3.461672	-6.267286	
6328	17.661574	35.781250	-3.462233	-6.268440	
6328	17.734375	35.745569	-3.462443	-6.268880	
6329	17.656250	35.783883	-3.462208	-6.268388	
6329	17.661574	35.781250	-3.462233	-6.268440	
6330	17.519483	35.859375	-3.459369	-6.262373	
6330	17.578125	35.825460	-3.461023	-6.265889	
6331	17.578125	35.825460	-3.461023	-6.265889	
6331	17.656250	35.783883	-3.462208	-6.268388	
6332	17.500000	35.870777	-3.458774	-6.261103	
6332	17.519483	35.859375	-3.459369	-6.262373	
6333	17.830970	35.703125	-3.461293	-6.266508	
6333	17.890625	35.678835	-3.459994	-6.263848	
6334	17.890625	35.678835	-3.459994	-6.263848	
6334	17.968750	35.650081	-3.457378	-6.258535	
6335	17.812500	35.710690	-3.461672	-6.267286	
6335	17.830970	35.703125	-3.461293	-6.266508	
6336	17.968750	35.650081	-3.457378	-6.258535	
6336	18.045030	35.625000	-3.453909	-6.251550	
6337	19.218750	35.597240	-3.283971	-5.934839	
6337	19.295381	35.625000	-3.263020	-5.897605	
6338	19.140625	35.574310	-3.303548	-5.969889	
6338	19.218750	35.597240	-3.283971	-5.934839	
6339	19.062500	35.556058	-3.321563	-6.002382	
6339	19.140625	35.574310	-3.303548	-5.969889	
6340	18.906250	35.531189	-3.353663	-6.060916	
6340	18.984375	35.541796	-3.338231	-6.032668	
6341	18.984375	35.541796	-3.338231	-6.032668	
6341	19.011554	35.546875	-3.332418	-6.022081	
6342	19.011554	35.546875	-3.332418	-6.022081	
6342	19.062500	35.556058	-3.321563	-6.002382	
6343	18.750000	35.520797	-3.380906	-6.111337	
6343	18.828125	35.524274	-3.367860	-6.087096	
6344	18.828125	35.524274	-3.367860	-6.087096	
6344	18.906250	35.531189	-3.353663	-6.060916	
6345	19.375000	35.658091	-3.239778	-5.856614	
6345	19.453125	35.697397	-3.214711	-5.812749	
6346	19.453125	35.697397	-3.214711	-5.812749	
6346	19.462713	35.703125	-3.211348	-5.806889	
6347	19.462713	35.703125	-3.211348	-5.806889	
6347	19.531250	35.741879	-3.187856	-5.766133	
6348	19.531250	35.741879	-3.187856	-5.766133	
6348	19.589615	35.781250	-3.165779	-5.728097	
6349	19.589615	35.781250	-3.165779	-5.728097	
6349	19.609375	35.793734	-3.158526	-5.715656	
6350	19.609375	35.793734	-3.158526	-5.715656	
6350	19.687500	35.852055	-3.126962	-5.661832	
6351	19.687500	35.852055	-3.126962	-5.661832	
6351	19.695796	35.859375	-3.123251	-5.655538	
6352	19.765625	35.916112	-3.093356	-5.605096	
6352	19.787880	35.937500	-3.082764	-5.587339	
6353	19.695796	35.859375	-3.123251	-5.655538	
6353	19.765625	35.916112	-3.093356	-5.605096	
6354	19.787880	35.937500	-3.082764	-5.587339	
6354	19.843750	35.986130	-3.057605	-5.545402	
6355	19.843750	35.986130	-3.057605	-5.545402	
6355	19.872476	36.015625	-3.043222	-5.521587	
6356	19.921875	36.060699	-3.020111	-5.483568	
6356	19.952657	36.093750	-3.004107	-5.457426	
6357	19.872476	36.015625	-3.043222	-5.521587	
6357	19.921875	36.060699	-3.020111	-5.483568	
6358	19.952657	36.093750	-3.004107	-5.457426	
6358	20.000000	36.137977	-2.981417	-5.420637	
6359	19.295381	35.625000	-3.263020	-5.897605	
6359	19.296875	35.625518	-3.262616	-5.896891	
6360	19.296875	35.625518	-3.262616	-5.896891	
6360	19.375000	35.658091	-3.239778	-5.856614	
6361	16.247513	37.500000	-3.199388	-5.614804	
6361	16.220197	37.578125	-3.184635	-5.573339	
6362	16.220197	37.578125	-3.184635	-5.573339	
6362	16.193906	37.656250	-3.169957	-5.531484	
6363	16.168514	37.734375	-3.155375	-5.489281	
6363	16.171875	37.723264	-3.157456	-5.495344	
6364	16.171875	37.723264	-3.157456	-5.495344	
6364	16.193906	37.656250	-3.169957	-5.531484	
6365	16.168514	37.734375	-3.155375	-5.489281	
6365	16.144558	37.812500	-3.140867	-5.446634	
6366	16.144558	37.812500	-3.140867	-5.446634	
6366	16.121079	37.890625	-3.126520	-5.403763	
6367	16.121079	37.890625	-3.126520	-5.403763	
6367	16.097756	37.968750	-3.112369	-5.360748	
6368	16.093750	37.981506	-3.110092	-5.353754	
6368	16.097756	37.968750	-3.112369	-5.360748	
6369	16.075329	38.046875	-3.098387	-5.317462	
6369	16.093750	37.981506	-3.110092	-5.353754	
6370	16.075329	38.046875	-3.098387	-5.317462	
6370	16.052918	38.125000	-3.084651	-5.274105	
6371	16.052918	38.125000	-3.084651	-5.274105	
6371	16.029909	38.203125	-3.071218	-5.230816	
6372	16.015625	38.248380	-3.063622	-5.205905	
6372	16.029909	38.203125	-3.071218	-5.230816	
6373	16.006561	38.281250	-3.058095	-5.187570	
6373	16.015625	38.248380	-3.063622	-5.205905	
6374	16.006561	38.281250	-3.058095	-5.187570	
6374	15.983200	38.359375	-3.045293	-5.144342	
6375	15.983200	38.359375	-3.045293	-5.144342	
6375	15.958243	38.437500	-3.032923	-5.101452	
6376	15.937500	38.495903	-3.024023	-5.069802	
6376	15.958243	38.437500	-3.032923	-5.101452	
6377	15.931596	38.515625	-3.021018	-5.058946	
6377	15.937500	38.495903	-3.024023	-5.069802	
6378	15.931596	38.515625	-3.021018	-5.058946	
6378	15.904889	38.593750	-3.009539	-5.016603	
6379	15.904889	38.593750	-3.009539	-5.016603	
6379	15.874894	38.671875	-2.998670	-4.975006	
6380	15.859375	38.705912	-2.994187	-4.957334	
6380	15.874894	38.671875	-2.998670	-4.975006	
6381	15.843194	38.750000	-2.988392	-4.933968	
6381	15.859375	38.705912	-2.994187	-4.957334	
6382	15.578098	39.218750	-2.945296	-4.713716	
6382	15.625000	39.148169	-2.949038	-4.742501	
6383	15.514755	39.296875	-2.943095	-4.686381	
6383	15.546875	39.252148	-2.944113	-4.701542	
6384	15.546875	39.252148	-2.944113	-4.701542	
6384	15.578098	39.218750	-2.945296	-4.713716	
6385	15.468750	39.346481	-2.943046	-4.672793	
6385	15.514755	39.296875	-2.943095	-4.686381	
6386	15.442904	39.375000	-2.943541	-4.667152	
6386	15.468750	39.346481	-2.943046	-4.672793	
6387	15.770718	38.906250	-2.970000	-4.854539	
6387	15.781250	38.880692	-2.972852	-4.867528	
6388	15.843194	38.750000	-2.988392	-4.933968	
6388	15.809304	38.828125	-2.978785	-4.893663	
6389	15.781250	38.880692	-2.972852	-4.867528	
6389	15.809304	38.828125	-2.978785	-4.893663	
6390	15.770718	38.906250	-2.970000	-4.854539	
6390	15.730667	38.984375	-2.962040	-4.816365	
6391	15.703125	39.025494	-2.958349	-4.797354	
6391	15.730667	38.984375	-2.962040	-4.816365	
6392	15.684754	39.062500	-2.955146	-4.779907	
6392	15.703125	39.025494	-2.958349	-4.797354	
6393	15.684754	39.062500	-2.955146	-4.779907	
6393	15.631616	39.140625	-2.949498	-4.745606	
6394	15.625000	39.148169	-2.949038	-4.742501	
6394	15.631616	39.140625	-2.949498	-4.745606	
6395	15.703125	39.500601	-2.894684	-4.590906	
6395	15.760964	39.531250	-2.879441	-4.564277	
6396	15.625000	39.468458	-2.912441	-4.620322	
6396	15.703125	39.500601	-2.894684	-4.590906	
6397	15.781250	39.544699	-2.873352	-4.553362	
6397	15.859375	39.599663	-2.848767	-4.507957	
6398	15.859375	39.599663	-2.848767	-4.507957	
6398	15.872710	39.609375	-2.844447	-4.499785	
6399	15.872710	39.609375	-2.844447	-4.499785	
6399	15.937500	39.672326	-2.819222	-4.451063	
6400	15.760964	39.531250	-2.879441	-4.564277	
6400	15.781250	39.544699	-2.873352	-4.553362	
6401	15.937500	39.672326	-2.819222	-4.451063	
6401	15.953383	39.687500	-2.813077	-4.438953	
6402	15.953383	39.687500	-2.813077	-4.438953	
6402	16.012648	39.765625	-2.784350	-4.381210	
6403	16.015625	39.771219	-2.782456	-4.377340	
6403	16.059608	39.843750	-2.757171	-4.324957	
6404	16.012648	39.765625	-2.784350	-4.381210	
6404	16.015625	39.771219	-2.782456	-4.377340	
6405	16.093750	39.930471	-2.729320	-4.265748	
6405	16.115693	40.000000	-2.707715	-4.218730	
6406	16.059608	39.843750	-2.757171	-4.324957	
6406	16.091433	39.921875	-2.731944	-4.271394	
6407	16.091433	39.921875	-2.731944	-4.271394	
6407	16.093750	39.930471	-2.729320	-4.265748	
6408	15.442904	39.375000	-2.943541	-4.667152	
6408	15.468750	39.408157	-2.940801	-4.661110	
6409	15.468750	39.408157	-2.940801	-4.661110	
6409	15.546875	39.442976	-2.927577	-4.643352	
6410	15.546875	39.442976	-2.927577	-4.643352	
6410	15.572507	39.453125	-2.922452	-4.635828	
6411	15.572507	39.453125	-2.922452	-4.635828	
6411	15.625000	39.468458	-2.912441	-4.620322	
6412	13.750000	39.029646	-2.940669	-5.249779	
6412	13.825428	39.062500	-2.926652	-5.212550	
6413	14.140625	39.214863	-2.862302	-5.049092	
6413	14.147335	39.218750	-2.860740	-5.045279	
6414	14.062500	39.175048	-2.879086	-5.090522	
6414	14.140625	39.214863	-2.862302	-5.049092	
6415	14.218750	39.254514	-2.845320	-5.008088	
6415	14.296875	39.294194	-2.828096	-4.967509	
6416	14.296875	39.294194	-2.828096	-4.967509	
6416	14.301528	39.296875	-2.826988	-4.964935	
6417	14.301528	39.296875	-2.826988	-4.964935	
6417	14.375000	39.332770	-2.810913	-4.928113	
6418	14.147335	39.218750	-2.860740	-5.045279	
6418	14.218750	39.254514	-2.845320	-5.008088	
6419	13.825428	39.062500	-2.926652	-5.212550	
6419	13.828125	39.063574	-2.926170	-5.211281	
6420	13.828125	39.063574	-2.926170	-5.211281	
6420	13.906250	39.098905	-2.911128	-5.171993	
6421	13.906250	39.098905	-2.911128	-5.171993	
6421	13.984375	39.136581	-2.895316	-5.131407	
6422	13.984375	39.136581	-2.895316	-5.131407	
6422	13.991725	39.140625	-2.893700	-5.127301	
6423	13.991725	39.140625	-2.893700	-5.127301	
6423	14.062500	39.175048	-2.879086	-5.090522	
6424	14.453125	39.369612	-2.793939	-4.890379	
6424	14.463451	39.375000	-2.791561	-4.885193	
6425	14.375000	39.332770	-2.810913	-4.928113	
6425	14.453125	39.369612	-2.793939	-4.890379	
6426	14.463451	39.375000	-2.791561	-4.885193	
6426	14.531250	39.404993	-2.777148	-4.854352	
6427	14.531250	39.404993	-2.777148	-4.854352	
6427	14.609375	39.436695	-2.761111	-4.821346	
6428	14.609375	39.436695	-2.761111	-4.821346	
6428	14.651761	39.453125	-2.752579	-4.804433	
6429	14.651761	39.453125	-2.752579	-4.804433	
6429	14.687500	39.466013	-2.745620	-4.791024	
6430	14.765625	39.493019	-2.730851	-4.763918	
6430	14.843750	39.513606	-2.717949	-4.742231	
6431	14.687500	39.466013	-2.745620	-4.791024	
6431	14.765625	39.493019	-2.730851	-4.763918	
6432	14.921875	39.527069	-2.707432	-4.726771	
6432	14.965358	39.531250	-2.702919	-4.721291	
6433	14.843750	39.513606	-2.717949	-4.742231	
6433	14.921875	39.527069	-2.707432	-4.726771	
6434	14.965358	39.531250	-2.702919	-4.721291	
6434	14.938339	39.609375	-2.701479	-4.709385	
6435	14.921875	39.629480	-2.701618	-4.704139	
6435	14.938339	39.609375	-2.701479	-4.709385	
6436	14.921875	39.629480	-2.701618	-4.704139	
6436	14.863688	39.687500	-2.701141	-4.685457	
6437	14.843750	39.716529	-2.700402	-4.674459	
6437	14.798084	39.765625	-2.698657	-4.654733	
6438	14.765625	39.817249	-2.696098	-4.631675	
6438	14.798084	39.765625	-2.698657	-4.654733	
6439	14.765625	39.817249	-2.696098	-4.631675	
6439	14.743231	39.843750	-2.694620	-4.619670	
6440	14.843750	39.716529	-2.700402	-4.674459	
6440	14.863688	39.687500	-2.701141	-4.685457	
6441	14.743231	39.843750	-2.694620	-4.619670	
6441	14.696214	39.921875	-2.689403	-4.581469	
6442	14.687500	39.941989	-2.687870	-4.571024	
6442	14.696214	39.921875	-2.689403	-4.581469	
6443	14.687500	39.941989	-2.687870	-4.571024	
6443	14.653381	40.000000	-2.683271	-4.541013	
6444	12.500000	38.794534	-3.081395	-5.663094	
6444	12.578125	38.796502	-3.076321	-5.646371	
6445	12.578125	38.796502	-3.076321	-5.646371	
6445	12.656250	38.799542	-3.070918	-5.628796	
6446	12.656250	38.799542	-3.070918	-5.628796	
6446	12.734375	38.803784	-3.065153	-5.610289	
6447	12.734375	38.803784	-3.065153	-5.610289	
6447	12.812500	38.809368	-3.058992	-5.590764	
6448	12.812500	38.809368	-3.058992	-5.590764	
6448	12.890625	38.816439	-3.052397	-5.570133	
6449	12.890625	38.816439	-3.052397	-5.570133	
6449	12.968750	38.825154	-3.045328	-5.548305	
6450	12.968750	38.825154	-3.045328	-5.548305	
6450	12.990475	38.828125	-3.043224	-5.541860	
6451	13.046875	38.835615	-3.037755	-5.525222	
6451	13.125000	38.847960	-3.029641	-5.500806	
6452	12.990475	38.828125	-3.043224	-5.541860	
6452	13.046875	38.835615	-3.037755	-5.525222	
6453	13.203125	38.862360	-3.020938	-5.474958	
6453	13.281250	38.878984	-3.011601	-5.447586	
6454	13.125000	38.847960	-3.029641	-5.500806	
6454	13.203125	38.862360	-3.020938	-5.474958	
6455	13.359375	38.898015	-3.001578	-5.418590	
6455	13.388532	38.906250	-2.997546	-5.407032	
6456	13.281250	38.878984	-3.011601	-5.447586	
6456	13.359375	38.898015	-3.001578	-5.418590	
6457	13.388532	38.906250	-2.997546	-5.407032	
6457	13.437500	38.919361	-2.990878	-5.388045	
6458	13.593750	38.969553	-2.967274	-5.322053	
6458	13.632349	38.984375	-2.960783	-5.304219	
6459	13.671875	38.998471	-2.954329	-5.286617	
6459	13.750000	39.029646	-2.940669	-5.249779	
6460	13.632349	38.984375	-2.960783	-5.304219	
6460	13.671875	38.998471	-2.954329	-5.286617	
6461	13.437500	38.919361	-2.990878	-5.388045	
6461	13.515625	38.943101	-2.979471	-5.355924	
6462	13.515625	38.943101	-2.979471	-5.355924	
6462	13.593750	38.969553	-2.967274	-5.322053	
6463	11.252021	38.828125	-3.136654	-5.865386	
6463	11.328125	38.825325	-3.134059	-5.854750	
6464	11.328125	38.825325	-3.134059	-5.854750	
6464	11.406250	38.822331	-3.131339	-5.843751	
6465	11.250000	38.828201	-3.136721	-5.865665	
6465	11.252021	38.828125	-3.136654	-5.865386	
6466	11.406250	38.822331	-3.131339	-5.843751	
6466	11.484375	38.819246	-3.128553	-5.832648	
6467	11.484375	38.819246	-3.128553	-5.832648	
6467	11.562500	38.816107	-3.125696	-5.821417	
6468	11.562500	38.816107	-3.125696	-5.821417	
6468	11.640625	38.812952	-3.122758	-5.810030	
6469	11.640625	38.812952	-3.122758	-5.810030	
6469	11.718750	38.809827	-3.119731	-5.798457	
6470	11.718750	38.809827	-3.119731	-5.798457	
6470	11.796875	38.806783	-3.116603	-5.786665	
6471	11.796875	38.806783	-3.116603	-5.786665	
6471	11.875000	38.803876	-3.113363	-5.774614	
6472	11.875000	38.803876	-3.113363	-5.774614	
6472	11.953125	38.801171	-3.109996	-5.762264	
6473	11.953125	38.801171	-3.109996	-5.762264	
6473	12.031250	38.798736	-3.106488	-5.749569	
6474	12.031250	38.798736	-3.106488	-5.749569	
6474	12.109375	38.796647	-3.102821	-5.736479	
6475	12.109375	38.796647	-3.102821	-5.736479	
6475	12.187500	38.794987	-3.098977	-5.722940	
6476	12.187500	38.794987	-3.098977	-5.722940	
6476	12.265625	38.793846	-3.094936	-5.708896	
6477	12.265625	38.793846	-3.094936	-5.708896	
6477	12.343750	38.793320	-3.090675	-5.694285	
6478	12.343750	38.793320	-3.090675	-5.694285	
6478	12.421875	38.793512	-3.086170	-5.679040	
6479	12.421875	38.793512	-3.086170	-5.679040	
6479	12.500000	38.794534	-3.081395	-5.663094	
6480	10.078125	38.849073	-3.171418	-6.025164	
6480	10.156250	38.848962	-3.169390	-6.014768	
6481	10.000000	38.849074	-3.173399	-6.035479	
6481	10.078125	38.849073	-3.171418	-6.025164	
6482	10.234375	38.848718	-3.167316	-6.004306	
6482	10.312500	38.848323	-3.165199	-5.993790	
6483	10.156250	38.848962	-3.169390	-6.014768	
6483	10.234375	38.848718	-3.167316	-6.004306	
6484	10.390625	38.847760	-3.163041	-5.983232	
6484	10.468750	38.847013	-3.160843	-5.972642	
6485	10.312500	38.848323	-3.165199	-5.993790	
6485	10.390625	38.847760	-3.163041	-5.983232	
6486	10.546875	38.846070	-3.158606	-5.962027	
6486	10.625000	38.844922	-3.156331	-5.951393	
6487	10.468750	38.847013	-3.160843	-5.972642	
6487	10.546875	38.846070	-3.158606	-5.962027	
6488	10.703125	38.843563	-3.154018	-5.940744	
6488	10.781250	38.841987	-3.151668	-5.930082	
6489	10.625000	38.844922	-3.156331	-5.951393	
6489	10.703125	38.843563	-3.154018	-5.940744	
6490	10.859375	38.840195	-3.149280	-5.919407	
6490	10.937500	38.838190	-3.146854	-5.908716	
6491	10.781250	38.841987	-3.151668	-5.930082	
6491	10.859375	38.840195	-3.149280	-5.919407	
6492	11.015625	38.835976	-3.144387	-5.898005	
6492	11.093750	38.833564	-3.141878	-5.887267	
6493	10.937500	38.838190	-3.146854	-5.908716	
6493	11.015625	38.835976	-3.144387	-5.898005	
6494	11.171875	38.830966	-3.139324	-5.876491	
6494	11.250000	38.828201	-3.136721	-5.865665	
6495	11.093750	38.833564	-3.141878	-5.887267	
6495	11.171875	38.830966	-3.139324	-5.876491	
6496	8.828125	38.856123	-3.195664	-6.166624	
6496	8.906250	38.854016	-3.194702	-6.160104	
6497	8.750000	38.858668	-3.196540	-6.172686	
6497	8.828125	38.856123	-3.195664	-6.166624	
6498	8.984375	38.852307	-3.193655	-6.153151	
6498	9.062500	38.850958	-3.192527	-6.145794	
6499	8.906250	38.854016	-3.194702	-6.160104	
6499	8.984375	38.852307	-3.193655	-6.153151	
6500	9.140625	38.849930	-3.191318	-6.138059	
6500	9.218750	38.849182	-3.190031	-6.129975	
6501	9.062500	38.850958	-3.192527	-6.145794	
6501	9.140625	38.849930	-3.191318	-6.138059	
6502	9.296875	38.848677	-3.188668	-6.121567	
6502	9.375000	38.848376	-3.187231	-6.112863	
6503	9.218750	38.849182	-3.190031	-6.129975	
6503	9.296875	38.848677	-3.188668	-6.121567	
6504	9.453125	38.848243	-3.185723	-6.103887	
6504	9.531250	38.848240	-3.184146	-6.094666	
6505	9.375000	38.848376	-3.187231	-6.112863	
6505	9.453125	38.848243	-3.185723	-6.103887	
6506	9.609375	38.848332	-3.182503	-6.085224	
6506	9.687500	38.848485	-3.180798	-6.075584	
6507	9.531250	38.848240	-3.184146	-6.094666	
6507	9.609375	38.848332	-3.182503	-6.085224	
6508	9.765625	38.848666	-3.179032	-6.065768	
6508	9.843750	38.848844	-3.177208	-6.055799	
6509	9.687500	38.848485	-3.180798	-6.075584	
6509	9.765625	38.848666	-3.179032	-6.065768	
6510	9.921875	38.848989	-3.175330	-6.045696	
6510	10.000000	38.849074	-3.173399	-6.035479	
6511	9.843750	38.848844	-3.177208	-6.055799	
6511	9.921875	38.848989	-3.175330	-6.045696	
6512	7.656250	38.960785	-3.199708	-6.194859	
6512	7.734375	38.948383	-3.200018	-6.197861	
6513	7.734375	38.948383	-3.200018	-6.197861	
6513	7.812500	38.936871	-3.200254	-6.200083	
6514	7.521928	38.984375	-3.199003	-6.187739	
6514	7.578125	38.974098	-3.199327	-6.191060	
6515	7.578125	38.974098	-3.199327	-6.191060	
6515	7.656250	38.960785	-3.199708	-6.194859	
6516	7.500000	38.988375	-3.198877	-6.186427	
6516	7.521928	38.984375	-3.199003	-6.187739	
6517	8.058207	38.906250	-3.200479	-6.202141	
6517	8.125000	38.899291	-3.200401	-6.201478	
6518	7.968750	38.916422	-3.200493	-6.202253	
6518	8.046875	38.907435	-3.200491	-6.202239	
6519	8.046875	38.907435	-3.200491	-6.202239	
6519	8.058207	38.906250	-3.200479	-6.202141	
6520	7.812500	38.936871	-3.200254	-6.200083	
6520	7.890625	38.926226	-3.200413	-6.201541	
6521	7.890625	38.926226	-3.200413	-6.201541	
6521	7.968750	38.916422	-3.200493	-6.202253	
6522	8.203125	38.891912	-3.200225	-6.200028	
6522	8.281250	38.885258	-3.199962	-6.197916	
6523	8.125000	38.899291	-3.200401	-6.201478	
6523	8.203125	38.891912	-3.200225	-6.200028	
6524	8.359375	38.879296	-3.199612	-6.195166	
6524	8.437500	38.873993	-3.199174	-6.191800	
6525	8.281250	38.885258	-3.199962	-6.197916	
6525	8.359375	38.879296	-3.199612	-6.195166	
6526	8.515625	38.869315	-3.198648	-6.187844	
6526	8.593750	38.865226	-3.198033	-6.183322	
6527	8.437500	38.873993	-3.199174	-6.191800	
6527	8.515625	38.869315	-3.198648	-6.187844	
6528	8.671875	38.861690	-3.197331	-6.178261	
6528	8.750000	38.858668	-3.196540	-6.172686	
6529	8.593750	38.865226	-3.198033	-6.183322	
6529	8.671875	38.861690	-3.197331	-6.178261	
6530	6.640625	39.214037	-3.190644	-6.076755	
6530	6.718750	39.188107	-3.191540	-6.091334	
6531	6.627267	39.218750	-3.190483	-6.074052	
6531	6.640625	39.214037	-3.190644	-6.076755	
6532	6.871156	39.140625	-3.193255	-6.117130	
6532	6.875000	39.139440	-3.193300	-6.117763	
6533	6.796875	39.163242	-3.192428	-6.105003	
6533	6.871156	39.140625	-3.193255	-6.117130	
6534	6.718750	39.188107	-3.191540	-6.091334	
6534	6.796875	39.163242	-3.192428	-6.105003	
6535	6.562500	39.241232	-3.189737	-6.061129	
6535	6.627267	39.218750	-3.190483	-6.074052	
6536	6.411694	39.296875	-3.188006	-6.028303	
6536	6.484375	39.269519	-3.188835	-6.044576	
6537	6.484375	39.269519	-3.188835	-6.044576	
6537	6.562500	39.241232	-3.189737	-6.061129	
6538	6.406250	39.298886	-3.187947	-6.027104	
6538	6.411694	39.296875	-3.188006	-6.028303	
6539	6.328125	39.329562	-3.187071	-6.008560	
6539	6.406250	39.298886	-3.187947	-6.027104	
6540	6.250000	39.361256	-3.186227	-5.989145	
6540	6.328125	39.329562	-3.187071	-6.008560	
6541	7.159484	39.062500	-3.196197	-6.156034	
6541	7.187500	39.055514	-3.196464	-6.159271	
6542	7.421875	39.003689	-3.198358	-6.180909	
6542	7.500000	38.988375	-3.198877	-6.186427	
6543	7.343750	39.019973	-3.197780	-6.174552	
6543	7.421875	39.003689	-3.198358	-6.180909	
6544	7.265625	39.037242	-3.197147	-6.167343	
6544	7.343750	39.019973	-3.197780	-6.174552	
6545	7.187500	39.055514	-3.196464	-6.159271	
6545	7.265625	39.037242	-3.197147	-6.167343	
6546	6.875000	39.139440	-3.193300	-6.117763	
6546	6.953125	39.116882	-3.194140	-6.129489	
6547	6.953125	39.116882	-3.194140	-6.129489	
6547	7.031250	39.095375	-3.194952	-6.140316	
6548	7.031250	39.095375	-3.194952	-6.140316	
6548	7.109375	39.074903	-3.195729	-6.150254	
6549	7.109375	39.074903	-3.195729	-6.150254	
6549	7.159484	39.062500	-3.196197	-6.156034	
6550	6.217836	39.375000	-3.185879	-5.980626	
6550	6.250000	39.361256	-3.186227	-5.989145	
6551	5.871175	39.531250	-3.182810	-5.881502	
6551	5.937500	39.499534	-3.183299	-5.901948	
6552	5.781250	39.575084	-3.182250	-5.853049	
6552	5.859375	39.536717	-3.182733	-5.877972	
6553	5.859375	39.536717	-3.182733	-5.877972	
6553	5.871175	39.531250	-3.182810	-5.881502	
6554	5.713099	39.609375	-3.181908	-5.830640	
6554	5.781250	39.575084	-3.182250	-5.853049	
6555	5.703125	39.614216	-3.181866	-5.827471	
6555	5.713099	39.609375	-3.181908	-5.830640	
6556	5.625000	39.654464	-3.181589	-5.801017	
6556	5.703125	39.614216	-3.181866	-5.827471	
6557	6.038666	39.453125	-3.184140	-5.931583	
6557	6.093750	39.428183	-3.184652	-5.947384	
6558	6.015625	39.463273	-3.183944	-5.925144	
6558	6.038666	39.453125	-3.184140	-5.931583	
6559	5.937500	39.499534	-3.183299	-5.901948	
6559	6.015625	39.463273	-3.183944	-5.925144	
6560	6.093750	39.428183	-3.184652	-5.947384	
6560	6.171875	39.394168	-3.185416	-5.968725	
6561	6.171875	39.394168	-3.185416	-5.968725	
6561	6.217836	39.375000	-3.185879	-5.980626	
6562	5.562338	39.687500	-3.181452	-5.779212	
6562	5.625000	39.654464	-3.181589	-5.801017	
6563	5.416894	39.765625	-3.181463	-5.727405	
6563	5.468750	39.737123	-3.181404	-5.746338	
6564	5.390625	39.779412	-3.181515	-5.718232	
6564	5.416894	39.765625	-3.181463	-5.727405	
6565	5.312500	39.822293	-3.181777	-5.689679	
6565	5.390625	39.779412	-3.181515	-5.718232	
6566	5.468750	39.737123	-3.181404	-5.746338	
6566	5.546875	39.695327	-3.181432	-5.774037	
6567	5.546875	39.695327	-3.181432	-5.774037	
6567	5.562338	39.687500	-3.181452	-5.779212	
6568	5.274817	39.843750	-3.181965	-5.675390	
6568	5.312500	39.822293	-3.181777	-5.689679	
6569	5.156250	39.908965	-3.182782	-5.631914	
6569	5.234375	39.865611	-3.182198	-5.660809	
6570	5.234375	39.865611	-3.182198	-5.660809	
6570	5.274817	39.843750	-3.181965	-5.675390	
6571	5.134183	39.921875	-3.182987	-5.623333	
6571	5.156250	39.908965	-3.182782	-5.631914	
6572	5.078125	39.952828	-3.183545	-5.602730	
6572	5.134183	39.921875	-3.182987	-5.623333	
6573	5.000000	39.995881	-3.184471	-5.574136	
6573	5.078125	39.952828	-3.183545	-5.602730	
6574	4.993069	40.000000	-3.184569	-5.571418	
6574	5.000000	39.995881	-3.184471	-5.574136	
6575	2.187500	39.994675	-2.782435	-5.592793	
6575	2.202285	40.000000	-2.782358	-5.589114	
6576	2.109375	39.969233	-2.782749	-5.610414	
6576	2.187500	39.994675	-2.782435	-5.592793	
6577	2.031250	39.944566	-2.782964	-5.627414	
6577	2.109375	39.969233	-2.782749	-5.610414	
6578	1.875000	39.899629	-2.783128	-5.658089	
6578	1.953125	39.920881	-2.783088	-5.643638	
6579	1.953125	39.920881	-2.783088	-5.643638	
6579	1.956363	39.921875	-2.783084	-5.642960	
6580	1.956363	39.921875	-2.783084	-5.642960	
6580	2.031250	39.944566	-2.782964	-5.627414	
6581	1.640625	39.843197	-2.782903	-5.695512	
6581	1.643083	39.843750	-2.782908	-5.695154	
6582	1.562500	39.827850	-2.782757	-5.705268	
6582	1.640625	39.843197	-2.782903	-5.695512	
6583	1.718750	39.860702	-2.783026	-5.684096	
6583	1.796875	39.879544	-2.783104	-5.671596	
6584	1.796875	39.879544	-2.783104	-5.671596	
6584	1.875000	39.899629	-2.783128	-5.658089	
6585	1.643083	39.843750	-2.782908	-5.695154	
6585	1.718750	39.860702	-2.783026	-5.684096	
6586	1.328125	39.789838	-2.782243	-5.727862	
6586	1.406250	39.801167	-2.782417	-5.721453	
6587	1.250000	39.779841	-2.782079	-5.733150	
6587	1.328125	39.789838	-2.782243	-5.727862	
6588	1.484375	39.813837	-2.782591	-5.713920	
6588	1.562500	39.827850	-2.782757	-5.705268	
6589	1.406250	39.801167	-2.782417	-5.721453	
6589	1.484375	39.813837	-2.782591	-5.713920	
6590	0.937500	39.753092	-2.781700	-5.743039	
6590	1.015625	39.757887	-2.781738	-5.742198	
6591	1.015625	39.757887	-2.781738	-5.742198	
6591	1.093750	39.763817	-2.781816	-5.740356	
6592	1.093750	39.763817	-2.781816	-5.740356	
6592	1.113133	39.765625	-2.781845	-5.739631	
6593	1.171875	39.771152	-2.781933	-5.737327	
6593	1.250000	39.779841	-2.782079	-5.733150	
6594	1.113133	39.765625	-2.781845	-5.739631	
6594	1.171875	39.771152	-2.781933	-5.737327	
6595	0.625000	39.744224	-2.782045	-5.737104	
6595	0.703125	39.745006	-2.781876	-5.739906	
6596	0.703125	39.745006	-2.781876	-5.739906	
6596	0.781250	39.746706	-2.781765	-5.741856	
6597	0.781250	39.746706	-2.781765	-5.741856	
6597	0.859375	39.749383	-2.781707	-5.742913	
6598	0.859375	39.749383	-2.781707	-5.742913	
6598	0.937500	39.753092	-2.781700	-5.743039	
6599	0.312500	39.749104	-2.783352	-5.718210	
6599	0.390625	39.746801	-2.782927	-5.724003	
6600	0.390625	39.746801	-2.782927	-5.724003	
6600	0.468750	39.745181	-2.782569	-5.729110	
6601	0.468750	39.745181	-2.782569	-5.729110	
6601	0.546875	39.744302	-2.782275	-5.733492	
6602	0.546875	39.744302	-2.782275	-5.733492	
6602	0.625000	39.744224	-2.782045	-5.737104	
6603	0.000000	39.764055	-2.785729	-5.688999	
6603	0.078125	39.759562	-2.785032	-5.697131	
6604	0.078125	39.759562	-2.785032	-5.697131	
6604	0.156250	39.755539	-2.784404	-5.704735	
6605	0.156250	39.755539	-2.784404	-5.704735	
6605	0.234375	39.752035	-2.783844	-5.711774	
6606	0.234375	39.752035	-2.783844	-5.711774	
6606	0.312500	39.749104	-2.783352	-5.718210	
6607	43.430976	0.078125	1.820928	-4.008811	
6607	43.437500	0.025670	1.832161	-4.010178	
6608	43.430976	0.078125	1.820928	-4.008811	
6608	43.421280	0.156250	1.804311	-4.006812	
6609	43.421280	0.156250	1.804311	-4.006812	
6609	43.411598	0.234375	1.787818	-4.004854	
6610	43.411598	0.234375	1.787818	-4.004854	
6610	43.401932	0.312500	1.771451	-4.002939	
6611	43.437500	0.025670	1.832161	-4.010178	
6611	43.440690	0.000000	1.837674	-4.010854	
6612	43.401932	0.312500	1.771451	-4.002939	
6612	43.392285	0.390625	1.755215	-4.001065	
6613	43.392285	0.390625	1.755215	-4.001065	
6613	43.382660	0.468750	1.739110	-3.999234	
6614	43.382660	0.468750	1.739110	-3.999234	
6614	43.373061	0.546875	1.723141	-3.997443	
6615	43.373061	0.546875	1.723141	-3.997443	
6615	43.363492	0.625000	1.707311	-3.995695	
6616	43.353968	0.703125	1.691632	-3.993988	
6616	43.359375	0.658808	1.700516	-3.994952	
6617	43.359375	0.658808	1.700516	-3.994952	
6617	43.363492	0.625000	1.707311	-3.995695	
6618	43.353968	0.703125	1.691632	-3.993988	
6618	43.344488	0.781250	1.676104	-3.992323	
6619	43.344488	0.781250	1.676104	-3.992323	
6619	43.335049	0.859375	1.660725	-3.990700	
6620	43.335049	0.859375	1.660725	-3.990700	
6620	43.325656	0.937500	1.645498	-3.989117	
6621	43.325656	0.937500	1.645498	-3.989117	
6621	43.316314	1.015625	1.630427	-3.987575	
6622	43.316314	1.015625	1.630427	-3.987575	
6622	43.307027	1.093750	1.615518	-3.986073	
6623	43.307027	1.093750	1.615518	-3.986073	
6623	43.297803	1.171875	1.600774	-3.984612	
6624	43.297803	1.171875	1.600774	-3.984612	
6624	43.288646	1.250000	1.586201	-3.983192	
6625	43.279565	1.328125	1.571807	-3.981812	
6625	43.281250	1.313665	1.574466	-3.982065	
6626	43.279565	1.328125	1.571807	-3.981812	
6626	43.270574	1.406250	1.557602	-3.980473	
6627	43.281250	1.313665	1.574466	-3.982065	
6627	43.288646	1.250000	1.586201	-3.983192	
6628	43.270574	1.406250	1.557602	-3.980473	
6628	43.261669	1.484375	1.543582	-3.979174	
6629	43.261669	1.484375	1.543582	-3.979174	
6629	43.252857	1.562500	1.529756	-3.977915	
6630	43.252857	1.562500	1.529756	-3.977915	
6630	43.244146	1.640625	1.516128	-3.976695	
6631	43.244146	1.640625	1.516128	-3.976695	
6631	43.235544	1.718750	1.502706	-3.975516	
6632	43.235544	1.718750	1.502706	-3.975516	
6632	43.227061	1.796875	1.489497	-3.974376	
6633	43.227061	1.796875	1.489497	-3.974376	
6633	43.218706	1.875000	1.476509	-3.973276	
6634	43.218706	1.875000	1.476509	-3.973276	
6634	43.210488	1.953125	1.463750	-3.972215	
6635	43.203125	2.024424	1.452321	-3.971282	
6635	43.210488	1.953125	1.463750	-3.972215	
6636	43.202417	2.031250	1.451229	-3.971193	
6636	43.203125	2.024424	1.452321	-3.971282	
6637	43.202417	2.031250	1.451229	-3.971193	
6637	43.194507	2.109375	1.438956	-3.970212	
6638	43.194507	2.109375	1.438956	-3.970212	
6638	43.186764	2.187500	1.426938	-3.969269	
6639	43.186764	2.187500	1.426938	-3.969269	
6639	43.179202	2.265625	1.415184	-3.968365	
6640	43.179202	2.265625	1.415184	-3.968365	
6640	43.171832	2.343750	1.403705	-3.967500	
6641	43.171832	2.343750	1.403705	-3.967500	
6641	43.164669	2.421875	1.392513	-3.966674	
6642	43.164669	2.421875	1.392513	-3.966674	
6642	43.157727	2.500000	1.381619	-3.965887	
6643	43.121633	2.968750	1.323284	-3.961973	
6643	43.125000	2.918933	1.328900	-3.962326	
6644	43.121633	2.968750	1.323284	-3.961973	
6644	43.116713	3.046875	1.314873	-3.961454	
6645	43.116713	3.046875	1.314873	-3.961454	
6645	43.112164	3.125000	1.306885	-3.960973	
6646	43.157727	2.500000	1.381619	-3.965887	
6646	43.151021	2.578125	1.371036	-3.965139	
6647	43.151021	2.578125	1.371036	-3.965139	
6647	43.144568	2.656250	1.360778	-3.964429	
6648	43.144568	2.656250	1.360778	-3.964429	
6648	43.138384	2.734375	1.350859	-3.963757	
6649	43.138384	2.734375	1.350859	-3.963757	
6649	43.132488	2.812500	1.341293	-3.963124	
6650	43.132488	2.812500	1.341293	-3.963124	
6650	43.126899	2.890625	1.332097	-3.962530	
6651	43.125000	2.918933	1.328900	-3.962326	
6651	43.126899	2.890625	1.332097	-3.962530	
6652	43.112164	3.125000	1.306885	-3.960973	
6652	43.108011	3.203125	1.299340	-3.960530	
6653	43.108011	3.203125	1.299340	-3.960530	
6653	43.104281	3.281250	1.292260	-3.960124	
6654	43.104281	3.281250	1.292260	-3.960124	
6654	43.101001	3.359375	1.285669	-3.959756	
6655	43.101001	3.359375	1.285669	-3.959756	
6655	43.098201	3.437500	1.279592	-3.959426	
6656	43.098201	3.437500	1.279592	-3.959426	
6656	43.095914	3.515625	1.274055	-3.959133	
6657	43.095914	3.515625	1.274055	-3.959133	
6657	43.094173	3.593750	1.269086	-3.958877	
6658	43.094173	3.593750	1.269086	-3.958877	
6658	43.093016	3.671875	1.264716	-3.958658	
6659	43.093016	3.671875	1.264716	-3.958658	
6659	43.092479	3.750000	1.260977	-3.958476	
6660	43.092479	3.750000	1.260977	-3.958476	
6660	43.092606	3.828125	1.257903	-3.958330	
6661	43.092606	3.828125	1.257903	-3.958330	
6661	43.093439	3.906250	1.255532	-3.958221	
6662	43.093439	3.906250	1.255532	-3.958221	
6662	43.095026	3.984375	1.253902	-3.958149	
6663	43.095026	3.984375	1.253902	-3.958149	
6663	43.097417	4.062500	1.253056	-3.958112	
6664	43.097417	4.062500	1.253056	-3.958112	
6664	43.100665	4.140625	1.253038	-3.958111	
6665	43.100665	4.140625	1.253038	-3.958111	
6665	43.104827	4.218750	1.253897	-3.958146	
6666	43.104827	4.218750	1.253897	-3.958146	
6666	43.109965	4.296875	1.255683	-3.958216	
6667	43.109965	4.296875	1.255683	-3.958216	
6667	43.116142	4.375000	1.258451	-3.958321	
6668	43.125000	4.467732	1.263163	-3.958492	
6668	43.131835	4.531250	1.267120	-3.958631	
6669	43.131835	4.531250	1.267120	-3.958631	
6669	43.141467	4.609375	1.273119	-3.958835	
6670	43.141467	4.609375	1.273119	-3.958835	
6670	43.152414	4.687500	1.280335	-3.959072	
6671	43.152414	4.687500	1.280335	-3.959072	
6671	43.164758	4.765625	1.288837	-3.959339	
6672	43.164758	4.765625	1.288837	-3.959339	
6672	43.178586	4.843750	1.298700	-3.959637	
6673	43.178586	4.843750	1.298700	-3.959637	
6673	43.193988	4.921875	1.310002	-3.959965	
6674	43.203125	4.963849	1.316851	-3.960157	
6674	43.210956	5.000000	1.322737	-3.960319	
6675	43.193988	4.921875	1.310002	-3.959965	
6675	43.203125	4.963849	1.316851	-3.960157	
6676	43.116142	4.375000	1.258451	-3.958321	
6676	43.123428	4.453125	1.262260	-3.958460	
6677	43.123428	4.453125	1.262260	-3.958460	
6677	43.125000	4.467732	1.263163	-3.958492	
6678	45.000000	8.492663	2.924426	-3.944880	
6678	45.010038	8.515625	2.934595	-3.944359	
6679	45.010038	8.515625	2.934595	-3.944359	
6679	45.043670	8.593750	2.968849	-3.942552	
6680	45.043670	8.593750	2.968849	-3.942552	
6680	45.076437	8.671875	3.002516	-3.940695	
6681	45.078125	8.675962	3.004259	-3.940597	
6681	45.108408	8.750000	3.035656	-3.938788	
6682	45.076437	8.671875	3.002516	-3.940695	
6682	45.078125	8.675962	3.004259	-3.940597	
6683	45.108408	8.750000	3.035656	-3.938788	
6683	45.139535	8.828125	3.068223	-3.936834	
6684	45.139535	8.828125	3.068223	-3.936834	
6684	45.156250	8.871043	3.085847	-3.935743	
6685	45.156250	8.871043	3.085847	-3.935743	
6685	45.169859	8.906250	3.100254	-3.934834	
6686	45.169859	8.906250	3.100254	-3.934834	
6686	45.199410	8.984375	3.131775	-3.932790	
6687	45.199410	8.984375	3.131775	-3.932790	
6687	45.228135	9.062500	3.162735	-3.930706	
6688	45.312500	9.304924	3.255670	-3.923985	
6688	45.335647	9.375000	3.281742	-3.921971	
6689	45.228135	9.062500	3.162735	-3.930706	
6689	45.234375	9.079850	3.169510	-3.930240	
6690	45.234375	9.079850	3.169510	-3.930240	
6690	45.256145	9.140625	3.193235	-3.928578	
6691	45.256145	9.140625	3.193235	-3.928578	
6691	45.283388	9.218750	3.223226	-3.926412	
6692	45.283388	9.218750	3.223226	-3.926412	
6692	45.309840	9.296875	3.252684	-3.924212	
6693	45.309840	9.296875	3.252684	-3.924212	
6693	45.312500	9.304924	3.255670	-3.923985	
6694	45.335647	9.375000	3.281742	-3.921971	
6694	45.360710	9.453125	3.310306	-3.919698	
6695	45.360710	9.453125	3.310306	-3.919698	
6695	45.385018	9.531250	3.338366	-3.917396	
6696	45.385018	9.531250	3.338366	-3.917396	
6696	45.390625	9.549786	3.344904	-3.916849	
6697	45.390625	9.549786	3.344904	-3.916849	
6697	45.408705	9.609375	3.366042	-3.915057	
6698	45.408705	9.609375	3.366042	-3.915057	
6698	45.431701	9.687500	3.393270	-3.912691	
6699	45.431701	9.687500	3.393270	-3.912691	
6699	45.453974	9.765625	3.420017	-3.910301	
6700	45.453974	9.765625	3.420017	-3.910301	
6700	45.468750	9.819172	3.438005	-3.908657	
6701	45.468750	9.819172	3.438005	-3.908657	
6701	45.475578	9.843750	3.446332	-3.907886	
6702	45.475578	9.843750	3.446332	-3.907886	
6702	45.496583	9.921875	3.472276	-3.905442	
6703	45.496583	9.921875	3.472276	-3.905442	
6703	45.516876	10.000000	3.497745	-3.902982	
6704	43.210956	5.000000	1.322737	-3.960319	
6704	43.229528	5.078125	1.336939	-3.960696	
6705	43.229528	5.078125	1.336939	-3.960696	
6705	43.249908	5.156250	1.352785	-3.961097	
6706	43.281250	5.263652	1.377578	-3.961689	
6706	43.296226	5.312500	1.389533	-3.961961	
6707	43.249908	5.156250	1.352785	-3.961097	
6707	43.272191	5.234375	1.370359	-3.961521	
6708	43.272191	5.234375	1.370359	-3.961521	
6708	43.281250	5.263652	1.377578	-3.961689	
6709	43.296226	5.312500	1.389533	-3.961961	
6709	43.322137	5.390625	1.410418	-3.962414	
6710	43.322137	5.390625	1.410418	-3.962414	
6710	43.350148	5.468750	1.433211	-3.962881	
6711	43.350148	5.468750	1.433211	-3.962881	
6711	43.359375	5.492715	1.440770	-3.963029	
6712	43.359375	5.492715	1.440770	-3.963029	
6712	43.379949	5.546875	1.457649	-3.963351	
6713	43.379949	5.546875	1.457649	-3.963351	
6713	43.411744	5.625000	1.483912	-3.963825	
6714	43.411744	5.625000	1.483912	-3.963825	
6714	43.437500	5.684218	1.505324	-3.964188	
6715	43.437500	5.684218	1.505324	-3.964188	
6715	43.445589	5.703125	1.512057	-3.964297	
6716	43.445589	5.703125	1.512057	-3.964297	
6716	43.481101	5.781250	1.541757	-3.964758	
6717	43.481101	5.781250	1.541757	-3.964758	
6717	43.515625	5.852805	1.570795	-3.965173	
6718	43.515625	5.852805	1.570795	-3.965173	
6718	43.518733	5.859375	1.573413	-3.965209	
6719	43.518733	5.859375	1.573413	-3.965209	
6719	43.557763	5.937500	1.606405	-3.965636	
6720	43.557763	5.937500	1.606405	-3.965636	
6720	43.593750	6.005871	1.636975	-3.965993	
6721	43.593750	6.005871	1.636975	-3.965993	
6721	43.598770	6.015625	1.641245	-3.966040	
6722	43.598770	6.015625	1.641245	-3.966040	
6722	43.640982	6.093750	1.677269	-3.966409	
6723	43.640982	6.093750	1.677269	-3.966409	
6723	43.671875	6.148393	1.703741	-3.966649	
6724	43.671875	6.148393	1.703741	-3.966649	
6724	43.684822	6.171875	1.714852	-3.966742	
6725	43.684822	6.171875	1.714852	-3.966742	
6725	43.729759	6.250000	1.753542	-3.967029	
6726	43.750000	6.283821	1.771027	-3.967141	
6726	43.775798	6.328125	1.793349	-3.967266	
6727	43.775798	6.328125	1.793349	-3.967266	
6727	43.822907	6.406250	1.834253	-3.967448	
6728	43.906250	6.541682	1.907033	-3.967616	
6728	43.918868	6.562500	1.918097	-3.967624	
6729	43.822907	6.406250	1.834253	-3.967448	
6729	43.828125	6.414600	1.838795	-3.967465	
6730	43.828125	6.414600	1.838795	-3.967465	
6730	43.870471	6.484375	1.875724	-3.967568	
6731	43.870471	6.484375	1.875724	-3.967568	
6731	43.906250	6.541682	1.907033	-3.967616	
6732	44.062500	6.791557	2.044899	-3.967374	
6732	44.065759	6.796875	2.047795	-3.967361	
6733	44.065759	6.796875	2.047795	-3.967361	
6733	44.114724	6.875000	2.091403	-3.967121	
6734	43.918868	6.562500	1.918097	-3.967624	
6734	43.967562	6.640625	1.960909	-3.967610	
6735	43.984375	6.666929	1.975731	-3.967589	
6735	44.016498	6.718750	2.004115	-3.967523	
6736	43.967562	6.640625	1.960909	-3.967610	
6736	43.984375	6.666929	1.975731	-3.967589	
6737	44.016498	6.718750	2.004115	-3.967523	
6737	44.062500	6.791557	2.044899	-3.967374	
6738	44.375000	7.296709	2.326612	-3.964430	
6738	44.402844	7.343750	2.352153	-3.963987	
6739	44.402844	7.343750	2.352153	-3.963987	
6739	44.449067	7.421875	2.394718	-3.963180	
6740	44.453125	7.428692	2.398463	-3.963105	
6740	44.494426	7.500000	2.436713	-3.962297	
6741	44.449067	7.421875	2.394718	-3.963180	
6741	44.453125	7.428692	2.398463	-3.963105	
6742	44.114724	6.875000	2.091403	-3.967121	
6742	44.140625	6.915724	2.114545	-3.966963	
6743	44.140625	6.915724	2.114545	-3.966963	
6743	44.163695	6.953125	2.135210	-3.966802	
6744	44.163695	6.953125	2.135210	-3.966802	
6744	44.212486	7.031250	2.179053	-3.966401	
6745	44.218750	7.041128	2.184694	-3.966344	
6745	44.260733	7.109375	2.222611	-3.965921	
6746	44.296875	7.167794	2.255371	-3.965504	
6746	44.308713	7.187500	2.266133	-3.965357	
6747	44.260733	7.109375	2.222611	-3.965921	
6747	44.296875	7.167794	2.255371	-3.965504	
6748	44.212486	7.031250	2.179053	-3.966401	
6748	44.218750	7.041128	2.184694	-3.966344	
6749	44.308713	7.187500	2.266133	-3.965357	
6749	44.356068	7.265625	2.309300	-3.964712	
6750	44.356068	7.265625	2.309300	-3.964712	
6750	44.375000	7.296709	2.326612	-3.964430	
6751	43.729759	6.250000	1.753542	-3.967029	
6751	43.750000	6.283821	1.771027	-3.967141	
6752	44.494426	7.500000	2.436713	-3.962297	
6752	44.531250	7.563980	2.470970	-3.961511	
6753	44.531250	7.563980	2.470970	-3.961511	
6753	44.539184	7.578125	2.478376	-3.961333	
6754	44.539184	7.578125	2.478376	-3.961333	
6754	44.583056	7.656250	2.519450	-3.960295	
6755	44.583056	7.656250	2.519450	-3.960295	
6755	44.609375	7.703476	2.544197	-3.959626	
6756	44.609375	7.703476	2.544197	-3.959626	
6756	44.626185	7.734375	2.560062	-3.959181	
6757	44.626185	7.734375	2.560062	-3.959181	
6757	44.668460	7.812500	2.600111	-3.957994	
6758	44.687500	7.847975	2.618223	-3.957428	
6758	44.709889	7.890625	2.639604	-3.956737	
6759	44.709889	7.890625	2.639604	-3.956737	
6759	44.750469	7.968750	2.678536	-3.955410	
6760	44.750469	7.968750	2.678536	-3.955410	
6760	44.765625	7.998210	2.693137	-3.954889	
6761	44.765625	7.998210	2.693137	-3.954889	
6761	44.790163	8.046875	2.716872	-3.954016	
6762	44.790163	8.046875	2.716872	-3.954016	
6762	44.828998	8.125000	2.754637	-3.952557	
6763	44.668460	7.812500	2.600111	-3.957994	
6763	44.687500	7.847975	2.618223	-3.957428	
6764	44.828998	8.125000	2.754637	-3.952557	
6764	44.843750	8.155040	2.769048	-3.951977	
6765	44.843750	8.155040	2.769048	-3.951977	
6765	44.866945	8.203125	2.791801	-3.951035	
6766	44.866945	8.203125	2.791801	-3.951035	
6766	44.904023	8.281250	2.828381	-3.949453	
6767	44.904023	8.281250	2.828381	-3.949453	
6767	44.921875	8.319469	2.846090	-3.948655	
6768	44.921875	8.319469	2.846090	-3.948655	
6768	44.940227	8.359375	2.864371	-3.947811	
6769	44.940227	8.359375	2.864371	-3.947811	
6769	44.975564	8.437500	2.899774	-3.946112	
6770	44.975564	8.437500	2.899774	-3.946112	
6770	45.000000	8.492663	2.924426	-3.944880	
6771	54.375000	17.251878	12.441628	-1.942827	
6771	54.402767	17.265625	12.468210	-1.941167	
6772	54.453125	17.306712	12.519174	-1.936782	
6772	54.489278	17.343750	12.557846	-1.932363	
6773	54.402767	17.265625	12.468210	-1.941167	
6773	54.453125	17.306712	12.519174	-1.936782	
6774	54.489278	17.343750	12.557846	-1.932363	
6774	54.520132	17.421875	12.598466	-1.926484	
6775	54.520132	17.421875	12.598466	-1.926484	
6775	54.519167	17.500000	12.611137	-1.924213	
6776	53.906250	17.149533	12.115024	-1.985023	
6776	53.947668	17.187500	12.151903	-1.966692	
6777	53.828125	17.120973	12.050866	-2.012077	
6777	53.906250	17.149533	12.115024	-1.985023	
6778	53.750000	17.111455	11.986150	-2.035548	
6778	53.828125	17.120973	12.050866	-2.012077	
6779	54.140625	17.245319	12.248812	-1.937008	
6779	54.108868	17.265625	12.228931	-1.932438	
6780	54.140625	17.245319	12.248812	-1.937008	
6780	54.218750	17.225266	12.305754	-1.943323	
6781	54.062500	17.279929	12.211521	-1.926016	
6781	54.108868	17.265625	12.228931	-1.932438	
6782	54.218750	17.225266	12.305754	-1.943323	
6782	54.296875	17.228220	12.370704	-1.944980	
6783	54.296875	17.228220	12.370704	-1.944980	
6783	54.375000	17.251878	12.441628	-1.942827	
6784	53.947668	17.187500	12.151903	-1.966692	
6784	53.984375	17.207785	12.176567	-1.952489	
6785	53.984375	17.207785	12.176567	-1.952489	
6785	54.040136	17.265625	12.207063	-1.929109	
6786	54.040136	17.265625	12.207063	-1.929109	
6786	54.062500	17.279929	12.211521	-1.926016	
6787	53.671875	17.120390	11.922291	-2.055932	
6787	53.750000	17.111455	11.986150	-2.035548	
6788	53.593750	17.157984	11.862156	-2.072865	
6788	53.671875	17.120390	11.922291	-2.055932	
6789	53.593750	17.157984	11.862156	-2.072865	
6789	53.558043	17.187500	11.836312	-2.079405	
6790	53.558043	17.187500	11.836312	-2.079405	
6790	53.517017	17.265625	11.814526	-2.084412	
6791	53.515625	17.294086	11.818688	-2.083586	
6791	53.517017	17.265625	11.814526	-2.084412	
6792	53.515625	17.294086	11.818688	-2.083586	
6792	53.512690	17.343750	11.824798	-2.082482	
6793	53.593750	17.482583	11.921510	-2.068722	
6793	53.611108	17.500000	11.939623	-2.066768	
6794	53.512690	17.343750	11.824798	-2.082482	
6794	53.515625	17.351096	11.828832	-2.081768	
6795	53.515625	17.351096	11.828832	-2.081768	
6795	53.538424	17.421875	11.861462	-2.076530	
6796	53.538424	17.421875	11.861462	-2.076530	
6796	53.593750	17.482583	11.921510	-2.068722	
6797	53.611108	17.500000	11.939623	-2.066768	
6797	53.671875	17.533689	11.998834	-2.061652	
6798	53.671875	17.533689	11.998834	-2.061652	
6798	53.750000	17.557141	12.070105	-2.058317	
6799	53.750000	17.557141	12.070105	-2.058317	
6799	53.828125	17.561476	12.135901	-2.058748	
6800	53.828125	17.561476	12.135901	-2.058748	
6800	53.906250	17.550828	12.194066	-2.063560	
6801	53.906250	17.550828	12.194066	-2.063560	
6801	53.984375	17.503757	12.238584	-2.075155	
6802	53.984375	17.503757	12.238584	-2.075155	
6802	54.062500	17.562436	12.265251	-2.056923	
6803	54.062500	17.562436	12.265251	-2.056923	
6803	54.088737	17.578125	12.280882	-2.046628	
6804	54.140625	17.627324	12.324742	-2.022606	
6804	54.218750	17.654327	12.386843	-1.994900	
6805	54.088737	17.578125	12.280882	-2.046628	
6805	54.140625	17.627324	12.324742	-2.022606	
6806	54.352720	17.656250	12.495496	-1.955686	
6806	54.375000	17.651906	12.513592	-1.950039	
6807	54.218750	17.654327	12.386843	-1.994900	
6807	54.240520	17.656250	12.403856	-1.988090	
6808	54.519167	17.500000	12.611137	-1.924213	
6808	54.482937	17.578125	12.593100	-1.928218	
6809	54.453125	17.606485	12.572078	-1.933459	
6809	54.482937	17.578125	12.593100	-1.928218	
6810	54.375000	17.651906	12.513592	-1.950039	
6810	54.453125	17.606485	12.572078	-1.933459	
6811	43.735658	13.671875	2.423453	-4.121785	
6811	43.750000	13.664927	2.434362	-4.119462	
6812	43.671875	13.702636	2.375026	-4.132155	
6812	43.735658	13.671875	2.423453	-4.121785	
6813	43.593750	13.738444	2.315609	-4.144997	
6813	43.671875	13.702636	2.375026	-4.132155	
6814	43.567291	13.750000	2.295441	-4.149385	
6814	43.593750	13.738444	2.315609	-4.144997	
6815	44.965453	12.812500	3.348982	-3.942319	
6815	45.000000	12.778730	3.374557	-3.937908	
6816	44.793622	12.968750	3.220962	-3.964868	
6816	44.843750	12.924452	3.258341	-3.958204	
6817	44.881645	12.890625	3.286637	-3.953204	
6817	44.921875	12.853264	3.316537	-3.947960	
6818	44.921875	12.853264	3.316537	-3.947960	
6818	44.965453	12.812500	3.348982	-3.942319	
6819	44.843750	12.924452	3.258341	-3.958204	
6819	44.881645	12.890625	3.286637	-3.953204	
6820	44.701179	13.046875	3.151822	-3.977365	
6820	44.765625	12.992626	3.200008	-3.968632	
6821	44.765625	12.992626	3.200008	-3.968632	
6821	44.793622	12.968750	3.220962	-3.964868	
6822	44.687500	13.058028	3.141565	-3.979238	
6822	44.701179	13.046875	3.151822	-3.977365	
6823	44.609375	13.120785	3.083020	-3.990020	
6823	44.687500	13.058028	3.141565	-3.979238	
6824	44.604045	13.125000	3.079027	-3.990761	
6824	44.609375	13.120785	3.083020	-3.990020	
6825	44.501811	13.203125	3.002272	-4.005147	
6825	44.531250	13.180972	3.024375	-4.000977	
6826	44.453125	13.238858	2.965664	-4.012101	
6826	44.501811	13.203125	3.002272	-4.005147	
6827	44.393928	13.281250	2.921139	-4.020640	
6827	44.453125	13.238858	2.965664	-4.012101	
6828	44.531250	13.180972	3.024375	-4.000977	
6828	44.604045	13.125000	3.079027	-3.990761	
6829	44.375000	13.294510	2.906890	-4.023391	
6829	44.393928	13.281250	2.921139	-4.020640	
6830	44.279693	13.359375	2.835089	-4.037388	
6830	44.296875	13.347933	2.848043	-4.034846	
6831	44.296875	13.347933	2.848043	-4.034846	
6831	44.375000	13.294510	2.906890	-4.023391	
6832	44.218750	13.399217	2.789132	-4.046464	
6832	44.279693	13.359375	2.835089	-4.037388	
6833	44.158199	13.437500	2.743423	-4.055580	
6833	44.218750	13.399217	2.789132	-4.046464	
6834	44.062500	13.495628	2.671126	-4.070177	
6834	44.140625	13.448439	2.730160	-4.058241	
6835	44.140625	13.448439	2.730160	-4.058241	
6835	44.158199	13.437500	2.743423	-4.055580	
6836	43.888130	13.593750	2.539121	-4.097381	
6836	43.906250	13.584088	2.552868	-4.094516	
6837	44.028180	13.515625	2.645154	-4.075474	
6837	44.062500	13.495628	2.671126	-4.070177	
6838	43.984375	13.540843	2.612030	-4.082269	
6838	44.028180	13.515625	2.645154	-4.075474	
6839	43.906250	13.584088	2.552868	-4.094516	
6839	43.984375	13.540843	2.612030	-4.082269	
6840	43.750000	13.664927	2.434362	-4.119462	
6840	43.828125	13.625480	2.493653	-4.106912	
6841	43.828125	13.625480	2.493653	-4.106912	
6841	43.888130	13.593750	2.539121	-4.097381	
6842	42.734375	14.021202	1.657930	-4.295082	
6842	42.812500	14.003503	1.718025	-4.280821	
6843	42.656250	14.037285	1.597758	-4.309459	
6843	42.734375	14.021202	1.657930	-4.295082	
6844	42.578125	14.051782	1.537513	-4.323947	
6844	42.656250	14.037285	1.597758	-4.309459	
6845	42.513399	14.062500	1.487526	-4.336037	
6845	42.578125	14.051782	1.537513	-4.323947	
6846	42.968750	13.963548	1.838052	-4.252641	
6846	43.046875	13.941228	1.897976	-4.238730	
6847	43.046875	13.941228	1.897976	-4.238730	
6847	43.125000	13.917179	1.957815	-4.224948	
6848	42.889764	13.984375	1.777379	-4.266834	
6848	42.890625	13.984165	1.778042	-4.266679	
6849	42.890625	13.984165	1.778042	-4.266679	
6849	42.968750	13.963548	1.838052	-4.252641	
6850	42.812500	14.003503	1.718025	-4.280821	
6850	42.889764	13.984375	1.777379	-4.266834	
6851	42.500000	14.064773	1.477208	-4.338541	
6851	42.513399	14.062500	1.487526	-4.336037	
6852	43.203125	13.891611	2.017610	-4.211289	
6852	43.281250	13.864429	2.077349	-4.197758	
6853	43.158222	13.906250	1.983202	-4.219135	
6853	43.203125	13.891611	2.017610	-4.211289	
6854	43.378002	13.828125	2.151182	-4.181198	
6854	43.437500	13.804885	2.196607	-4.171101	
6855	43.359375	13.835426	2.136995	-4.184365	
6855	43.378002	13.828125	2.151182	-4.181198	
6856	43.281250	13.864429	2.077349	-4.197758	
6856	43.359375	13.835426	2.136995	-4.184365	
6857	43.125000	13.917179	1.957815	-4.224948	
6857	43.158222	13.906250	1.983202	-4.219135	
6858	43.437500	13.804885	2.196607	-4.171101	
6858	43.515625	13.772554	2.256143	-4.157978	
6859	43.515625	13.772554	2.256143	-4.157978	
6859	43.567291	13.750000	2.295441	-4.149385	
6860	41.562500	14.108358	0.749513	-4.520432	
6860	41.640625	14.112529	0.810421	-4.504886	
6861	41.640625	14.112529	0.810421	-4.504886	
6861	41.718750	14.115313	0.871288	-4.489395	
6862	41.718750	14.115313	0.871288	-4.489395	
6862	41.796875	14.116704	0.932113	-4.473963	
6863	41.796875	14.116704	0.932113	-4.473963	
6863	41.875000	14.116696	0.992892	-4.458596	
6864	41.250000	14.077864	0.505514	-4.583054	
6864	41.328125	14.087553	0.566564	-4.567344	
6865	41.328125	14.087553	0.566564	-4.567344	
6865	41.406250	14.095867	0.627582	-4.551666	
6866	41.406250	14.095867	0.627582	-4.551666	
6866	41.484375	14.102803	0.688566	-4.536027	
6867	41.484375	14.102803	0.688566	-4.536027	
6867	41.562500	14.108358	0.749513	-4.520432	
6868	42.187500	14.102467	1.235513	-4.397869	
6868	42.265625	14.095290	1.296031	-4.382895	
6869	42.265625	14.095290	1.296031	-4.382895	
6869	42.343750	14.086629	1.356488	-4.368013	
6870	42.343750	14.086629	1.356488	-4.368013	
6870	42.421875	14.076464	1.416881	-4.353227	
6871	42.421875	14.076464	1.416881	-4.353227	
6871	42.500000	14.064773	1.477208	-4.338541	
6872	41.875000	14.116696	0.992892	-4.458596	
6872	41.953125	14.115281	1.053624	-4.443299	
6873	41.953125	14.115281	1.053624	-4.443299	
6873	42.031250	14.112447	1.114307	-4.428076	
6874	42.031250	14.112447	1.114307	-4.428076	
6874	42.109375	14.108180	1.174938	-4.412931	
6875	42.109375	14.108180	1.174938	-4.412931	
6875	42.187500	14.102467	1.235513	-4.397869	
6876	40.000000	13.795112	-0.462545	-4.830032	
6876	40.078125	13.812960	-0.403815	-4.815482	
6877	40.078125	13.812960	-0.403815	-4.815482	
6877	40.138575	13.828125	-0.357975	-4.804055	
6878	40.138575	13.828125	-0.357975	-4.804055	
6878	40.156250	13.832427	-0.344570	-4.800703	
6879	40.234375	13.853151	-0.284861	-4.785717	
6879	40.312500	13.874256	-0.224838	-4.770570	
6880	40.156250	13.832427	-0.344570	-4.800703	
6880	40.234375	13.853151	-0.284861	-4.785717	
6881	40.390625	13.895306	-0.164576	-4.755290	
6881	40.431116	13.906250	-0.133238	-4.747318	
6882	40.312500	13.874256	-0.224838	-4.770570	
6882	40.390625	13.895306	-0.164576	-4.755290	
6883	40.468750	13.916240	-0.104084	-4.739888	
6883	40.546875	13.936857	-0.043398	-4.724384	
6884	40.546875	13.936857	-0.043398	-4.724384	
6884	40.625000	13.956663	0.017389	-4.708809	
6885	40.431116	13.906250	-0.133238	-4.747318	
6885	40.468750	13.916240	-0.104084	-4.739888	
6886	40.859375	14.010693	0.200237	-4.661770	
6886	40.937500	14.026613	0.261285	-4.646028	
6887	40.781250	13.993550	0.139203	-4.677494	
6887	40.859375	14.010693	0.200237	-4.661770	
6888	40.625000	13.956663	0.017389	-4.708809	
6888	40.703125	13.975507	0.078247	-4.693178	
6889	40.703125	13.975507	0.078247	-4.693178	
6889	40.741379	13.984375	0.108070	-4.685508	
6890	40.741379	13.984375	0.108070	-4.685508	
6890	40.781250	13.993550	0.139203	-4.677494	
6891	41.093750	14.054629	0.383379	-4.614533	
6891	41.144307	14.062500	0.422861	-4.604352	
6892	41.015625	14.041268	0.322335	-4.630280	
6892	41.093750	14.054629	0.383379	-4.614533	
6893	40.937500	14.026613	0.261285	-4.646028	
6893	41.015625	14.041268	0.322335	-4.630280	
6894	41.144307	14.062500	0.422861	-4.604352	
6894	41.171875	14.066806	0.444435	-4.598790	
6895	41.171875	14.066806	0.444435	-4.598790	
6895	41.250000	14.077864	0.505514	-4.583054	
6896	45.516876	10.000000	3.497745	-3.902982	
6896	45.536453	10.078125	3.522733	-3.900510	
6897	45.546875	10.121388	3.536261	-3.899147	
6897	45.555377	10.156250	3.547294	-3.898022	
6898	45.536453	10.078125	3.522733	-3.900510	
6898	45.546875	10.121388	3.536261	-3.899147	
6899	45.555377	10.156250	3.547294	-3.898022	
6899	45.573656	10.234375	3.571435	-3.895520	
6900	45.573656	10.234375	3.571435	-3.895520	
6900	45.591182	10.312500	3.595055	-3.893017	
6901	45.591182	10.312500	3.595055	-3.893017	
6901	45.607927	10.390625	3.618124	-3.890520	
6902	45.607927	10.390625	3.618124	-3.890520	
6902	45.623853	10.468750	3.640606	-3.888036	
6903	45.623853	10.468750	3.640606	-3.888036	
6903	45.625000	10.474753	3.642270	-3.887850	
6904	45.625000	10.474753	3.642270	-3.887850	
6904	45.639062	10.546875	3.662591	-3.885557	
6905	45.639062	10.546875	3.662591	-3.885557	
6905	45.653367	10.625000	3.683906	-3.883108	
6906	45.653367	10.625000	3.683906	-3.883108	
6906	45.666684	10.703125	3.704471	-3.880700	
6907	45.666684	10.703125	3.704471	-3.880700	
6907	45.678927	10.781250	3.724203	-3.878348	
6908	45.678927	10.781250	3.724203	-3.878348	
6908	45.689988	10.859375	3.743002	-3.876067	
6909	45.689988	10.859375	3.743002	-3.876067	
6909	45.699743	10.937500	3.760749	-3.873878	
6910	45.699743	10.937500	3.760749	-3.873878	
6910	45.703125	10.969668	3.767517	-3.873034	
6911	45.703125	10.969668	3.767517	-3.873034	
6911	45.708117	11.015625	3.777374	-3.871795	
6912	45.708117	11.015625	3.777374	-3.871795	
6912	45.714903	11.093750	3.792684	-3.869846	
6913	45.714903	11.093750	3.792684	-3.869846	
6913	45.719849	11.171875	3.806444	-3.868067	
6914	45.719849	11.171875	3.806444	-3.868067	
6914	45.722719	11.250000	3.818437	-3.866495	
6915	45.722719	11.250000	3.818437	-3.866495	
6915	45.723242	11.328125	3.828414	-3.865169	
6916	45.723242	11.328125	3.828414	-3.865169	
6916	45.721118	11.406250	3.836096	-3.864133	
6917	45.721118	11.406250	3.836096	-3.864133	
6917	45.716012	11.484375	3.841178	-3.863440	
6918	45.716012	11.484375	3.841178	-3.863440	
6918	45.707558	11.562500	3.843325	-3.863143	
6919	45.695560	11.640625	3.842359	-3.863279	
6919	45.703125	11.591398	3.842958	-3.863194	
6920	45.703125	11.591398	3.842958	-3.863194	
6920	45.707558	11.562500	3.843325	-3.863143	
6921	45.695560	11.640625	3.842359	-3.863279	
6921	45.679662	11.718750	3.837959	-3.863903	
6922	45.679662	11.718750	3.837959	-3.863903	
6922	45.659370	11.796875	3.829680	-3.865091	
6923	45.659370	11.796875	3.829680	-3.865091	
6923	45.634298	11.875000	3.817177	-3.866907	
6924	45.625000	11.899455	3.811972	-3.867669	
6924	45.634298	11.875000	3.817177	-3.866907	
6925	45.604673	11.953125	3.800670	-3.869333	
6925	45.625000	11.899455	3.811972	-3.867669	
6926	45.604673	11.953125	3.800670	-3.869333	
6926	45.570036	12.031250	3.779754	-3.872446	
6927	45.530337	12.109375	3.754401	-3.876266	
6927	45.546875	12.076719	3.764927	-3.874674	
6928	45.546875	12.076719	3.764927	-3.874674	
6928	45.570036	12.031250	3.779754	-3.872446	
6929	45.530337	12.109375	3.754401	-3.876266	
6929	45.485721	12.187500	3.724764	-3.880789	
6930	45.436292	12.265625	3.690958	-3.886017	
6930	45.468750	12.214206	3.713118	-3.882582	
6931	45.390625	12.331157	3.658960	-3.891026	
6931	45.436292	12.265625	3.690958	-3.886017	
6932	45.381900	12.343750	3.652875	-3.891986	
6932	45.390625	12.331157	3.658960	-3.891026	
6933	45.468750	12.214206	3.713118	-3.882582	
6933	45.485721	12.187500	3.724764	-3.880789	
6934	45.381900	12.343750	3.652875	-3.891986	
6934	45.323098	12.421875	3.611043	-3.898635	
6935	45.312500	12.434936	3.603381	-3.899863	
6935	45.323098	12.421875	3.611043	-3.898635	
6936	45.259956	12.500000	3.565552	-3.905971	
6936	45.312500	12.434936	3.603381	-3.899863	
6937	49.765625	12.342026	7.536393	-3.322021	
6937	49.768678	12.343750	7.539337	-3.321822	
6938	49.687500	12.306932	7.462400	-3.326428	
6938	49.765625	12.342026	7.536393	-3.322021	
6939	49.843750	12.401784	7.613635	-3.316181	
6939	49.864933	12.421875	7.635193	-3.314309	
6940	49.864933	12.421875	7.635193	-3.314309	
6940	49.916724	12.500000	7.691268	-3.308861	
6941	49.768678	12.343750	7.539337	-3.321822	
6941	49.843750	12.401784	7.613635	-3.316181	
6942	49.453125	12.292791	7.254356	-3.332200	
6942	49.531250	12.284783	7.321429	-3.331543	
6943	49.375000	12.314592	7.190102	-3.331355	
6943	49.453125	12.292791	7.254356	-3.332200	
6944	49.609375	12.288865	7.390817	-3.329593	
6944	49.687500	12.306932	7.462400	-3.326428	
6945	49.531250	12.284783	7.321429	-3.331543	
6945	49.609375	12.288865	7.390817	-3.329593	
6946	48.828125	12.147811	6.774450	-3.406675	
6946	48.892350	12.187500	6.834398	-3.391704	
6947	48.750000	12.117562	6.703296	-3.423225	
6947	48.828125	12.147811	6.774450	-3.406675	
6948	49.062500	12.326541	6.987407	-3.346202	
6948	49.074634	12.343750	6.998388	-3.342170	
6949	49.375000	12.314592	7.190102	-3.331355	
6949	49.328060	12.343750	7.152957	-3.329934	
6950	49.218750	12.414854	7.076597	-3.322878	
6950	49.296875	12.353641	7.129751	-3.328566	
6951	49.296875	12.353641	7.129751	-3.328566	
6951	49.328060	12.343750	7.152957	-3.329934	
6952	49.074634	12.343750	6.998388	-3.342170	
6952	49.127827	12.421875	7.039806	-3.324282	
6953	49.218750	12.414854	7.076597	-3.322878	
6953	49.204882	12.421875	7.069218	-3.321629	
6954	49.140625	12.453352	7.048086	-3.319253	
6954	49.204882	12.421875	7.069218	-3.321629	
6955	49.127827	12.421875	7.039806	-3.324282	
6955	49.140625	12.453352	7.048086	-3.319253	
6956	48.892350	12.187500	6.834398	-3.391704	
6956	48.906250	12.193220	6.846554	-3.388529	
6957	48.906250	12.193220	6.846554	-3.388529	
6957	48.984375	12.248638	6.917554	-3.368758	
6958	48.984375	12.248638	6.917554	-3.368758	
6958	48.998844	12.265625	6.931631	-3.364523	
6959	48.998844	12.265625	6.931631	-3.364523	
6959	49.062500	12.326541	6.987407	-3.346202	
6960	48.281250	12.096141	6.282640	-3.504799	
6960	48.359375	12.079312	6.351129	-3.492908	
6961	48.359375	12.079312	6.351129	-3.492908	
6961	48.437500	12.071151	6.420425	-3.480413	
6962	48.281250	12.096141	6.282640	-3.504799	
6962	48.238681	12.109375	6.245729	-3.511031	
6963	48.203125	12.123655	6.215276	-3.516083	
6963	48.238681	12.109375	6.245729	-3.511031	
6964	48.125000	12.165450	6.149544	-3.526716	
6964	48.203125	12.123655	6.215276	-3.516083	
6965	48.593750	12.078220	6.560856	-3.453443	
6965	48.671875	12.093801	6.631890	-3.438796	
6966	48.671875	12.093801	6.631890	-3.438796	
6966	48.716723	12.109375	6.673400	-3.429859	
6967	48.716723	12.109375	6.673400	-3.429859	
6967	48.750000	12.117562	6.703296	-3.423225	
6968	48.437500	12.071151	6.420425	-3.480413	
6968	48.515625	12.070880	6.490371	-3.467279	
6969	48.515625	12.070880	6.490371	-3.467279	
6969	48.593750	12.078220	6.560856	-3.453443	
6970	48.125000	12.165450	6.149544	-3.526716	
6970	48.091369	12.187500	6.121684	-3.531109	
6971	48.046875	12.231978	6.086857	-3.536498	
6971	48.016199	12.265625	6.063133	-3.540096	
6972	48.046875	12.231978	6.086857	-3.536498	
6972	48.091369	12.187500	6.121684	-3.531109	
6973	48.016199	12.265625	6.063133	-3.540096	
6973	47.977826	12.343750	6.038218	-3.543788	
6974	47.968750	12.400068	6.037328	-3.543922	
6974	47.977826	12.343750	6.038218	-3.543788	
6975	47.968750	12.453915	6.044411	-3.542930	
6975	47.973231	12.500000	6.054536	-3.541532	
6976	47.973231	12.500000	6.054536	-3.541532	
6976	48.000933	12.578125	6.090185	-3.536725	
6977	48.046875	12.646026	6.141243	-3.530086	
6977	48.053115	12.656250	6.148269	-3.529192	
6978	48.000933	12.578125	6.090185	-3.536725	
6978	48.046875	12.646026	6.141243	-3.530086	
6979	48.053115	12.656250	6.148269	-3.529192	
6979	48.125000	12.728486	6.223516	-3.519904	
6980	48.125000	12.728486	6.223516	-3.519904	
6980	48.130753	12.734375	6.229524	-3.519185	
6981	48.203125	12.784769	6.302214	-3.510745	
6981	48.247992	12.812500	6.346655	-3.505830	
6982	48.130753	12.734375	6.229524	-3.519185	
6982	48.203125	12.784769	6.302214	-3.510745	
6983	48.437500	12.881094	6.527507	-3.487971	
6983	48.489037	12.890625	6.575254	-3.483908	
6984	48.515625	12.894825	6.599706	-3.481949	
6984	48.593750	12.901002	6.670567	-3.476786	
6985	48.489037	12.890625	6.575254	-3.483908	
6985	48.515625	12.894825	6.599706	-3.481949	
6986	48.728295	12.890625	6.789051	-3.470198	
6986	48.750000	12.888487	6.807777	-3.469444	
6987	48.671875	12.899083	6.739978	-3.472575	
6987	48.728295	12.890625	6.789051	-3.470198	
6988	48.593750	12.901002	6.670567	-3.476786	
6988	48.671875	12.899083	6.739978	-3.472575	
6989	48.247992	12.812500	6.346655	-3.505830	
6989	48.281250	12.827805	6.378947	-3.502382	
6990	48.281250	12.827805	6.378947	-3.502382	
6990	48.359375	12.858929	6.453937	-3.494794	
6991	48.359375	12.858929	6.453937	-3.494794	
6991	48.437500	12.881094	6.527507	-3.487971	
6992	48.984375	12.803102	6.996908	-3.469088	
6992	49.062500	12.741952	7.049786	-3.473985	
6993	48.956634	12.812500	6.976426	-3.468178	
6993	48.984375	12.803102	6.996908	-3.469088	
6994	49.075845	12.734375	7.057046	-3.475122	
6994	49.140625	12.693161	7.078204	-3.478661	
6995	49.140625	12.693161	7.078204	-3.478661	
6995	49.155779	12.734375	7.088135	-3.472293	
6996	49.155779	12.734375	7.088135	-3.472293	
6996	49.212347	12.812500	7.131856	-3.453010	
6997	49.062500	12.741952	7.049786	-3.473985	
6997	49.075845	12.734375	7.057046	-3.475122	
6998	49.212347	12.812500	7.131856	-3.453010	
6998	49.218750	12.821347	7.137654	-3.450793	
6999	49.218750	12.821347	7.137654	-3.450793	
6999	49.293893	12.890625	7.203626	-3.428091	
7000	49.296875	12.893926	7.206525	-3.427169	
7000	49.375000	12.946025	7.277200	-3.406008	
7001	49.293893	12.890625	7.203626	-3.428091	
7001	49.296875	12.893926	7.206525	-3.427169	
7002	48.750000	12.888487	6.807777	-3.469444	
7002	48.828125	12.872299	6.873751	-3.467582	
7003	48.828125	12.872299	6.873751	-3.467582	
7003	48.906250	12.845655	6.937162	-3.467289	
7004	48.906250	12.845655	6.937162	-3.467289	
7004	48.956634	12.812500	6.976426	-3.468178	
7005	49.916724	12.500000	7.691268	-3.308861	
7005	49.921875	12.515177	7.697675	-3.308177	
7006	49.921875	12.515177	7.697675	-3.308177	
7006	49.945121	12.578125	7.726482	-3.304902	
7007	49.945121	12.578125	7.726482	-3.304902	
7007	49.953103	12.656250	7.743403	-3.302758	
7008	49.953103	12.656250	7.743403	-3.302758	
7008	49.941751	12.734375	7.743046	-3.302811	
7009	49.921875	12.782411	7.731227	-3.304616	
7009	49.941751	12.734375	7.743046	-3.302811	
7010	49.909485	12.812500	7.724118	-3.305754	
7010	49.921875	12.782411	7.731227	-3.304616	
7011	49.765625	12.949117	7.614015	-3.325816	
7011	49.843750	12.894347	7.676079	-3.314034	
7012	49.719076	12.968750	7.575537	-3.333615	
7012	49.765625	12.949117	7.614015	-3.325816	
7013	49.909485	12.812500	7.724118	-3.305754	
7013	49.848014	12.890625	7.679395	-3.313436	
7014	49.843750	12.894347	7.676079	-3.314034	
7014	49.848014	12.890625	7.679395	-3.313436	
7015	49.687500	12.979784	7.549333	-3.339124	
7015	49.719076	12.968750	7.575537	-3.333615	
7016	49.375000	12.946025	7.277200	-3.406008	
7016	49.442312	12.968750	7.336099	-3.389860	
7017	49.531250	12.991670	7.415245	-3.369748	
7017	49.609375	12.993325	7.482974	-3.353768	
7018	49.609375	12.993325	7.482974	-3.353768	
7018	49.687500	12.979784	7.549333	-3.339124	
7019	49.442312	12.968750	7.336099	-3.389860	
7019	49.453125	12.974194	7.346140	-3.387215	
7020	49.453125	12.974194	7.346140	-3.387215	
7020	49.531250	12.991670	7.415245	-3.369748	
7021	45.120859	12.656250	3.463912	-3.922743	
7021	45.156250	12.617637	3.489828	-3.918418	
7022	45.192486	12.578125	3.516446	-3.914010	
7022	45.234375	12.529569	3.546892	-3.909012	
7023	45.234375	12.529569	3.546892	-3.909012	
7023	45.259956	12.500000	3.565552	-3.905971	
7024	45.156250	12.617637	3.489828	-3.918418	
7024	45.192486	12.578125	3.516446	-3.914010	
7025	45.045174	12.734375	3.408071	-3.932174	
7025	45.078125	12.700397	3.432346	-3.928056	
7026	45.078125	12.700397	3.432346	-3.928056	
7026	45.120859	12.656250	3.463912	-3.922743	
7027	45.000000	12.778730	3.374557	-3.937908	
7027	45.045174	12.734375	3.408071	-3.932174	
7028	63.750000	19.126628	21.819258	-0.249644	
7028	63.777559	19.140625	21.844127	-0.251106	
7029	63.828125	19.197733	21.894062	-0.251120	
7029	63.843312	19.218750	21.910671	-0.250132	
7030	63.777559	19.140625	21.844127	-0.251106	
7030	63.828125	19.197733	21.894062	-0.251120	
7031	63.843312	19.218750	21.910671	-0.250132	
7031	63.847019	19.296875	21.923315	-0.248765	
7032	63.828125	19.328856	21.909709	-0.251086	
7032	63.847019	19.296875	21.923315	-0.248765	
7033	63.798803	19.375000	21.890603	-0.255306	
7033	63.828125	19.328856	21.909709	-0.251086	
7034	63.750000	19.406708	21.853050	-0.265579	
7034	63.798803	19.375000	21.890603	-0.255306	
7035	63.437500	19.090861	21.638706	-0.251661	
7035	63.507779	19.140625	21.683210	-0.218274	
7036	63.593750	19.130781	21.703789	-0.224178	
7036	63.548731	19.140625	21.689048	-0.215130	
7037	63.515625	19.145714	21.685339	-0.215233	
7037	63.548731	19.140625	21.689048	-0.215130	
7038	63.507779	19.140625	21.683210	-0.218274	
7038	63.515625	19.145714	21.685339	-0.215233	
7039	63.593750	19.130781	21.703789	-0.224178	
7039	63.671875	19.109998	21.755586	-0.240867	
7040	63.671875	19.109998	21.755586	-0.240867	
7040	63.750000	19.126628	21.819258	-0.249644	
7041	63.281250	19.107325	21.519951	-0.298799	
7041	63.233667	19.140625	21.483006	-0.308336	
7042	63.203125	19.198718	21.464173	-0.312233	
7042	63.233667	19.140625	21.483006	-0.308336	
7043	63.203125	19.198718	21.464173	-0.312233	
7043	63.192596	19.218750	21.456733	-0.313421	
7044	63.281250	19.107325	21.519951	-0.298799	
7044	63.359375	19.084219	21.580924	-0.278239	
7045	63.359375	19.084219	21.580924	-0.278239	
7045	63.437500	19.090861	21.638706	-0.251661	
7046	63.192596	19.218750	21.456733	-0.313421	
7046	63.202107	19.296875	21.475092	-0.311568	
7047	63.203125	19.298180	21.476213	-0.311488	
7047	63.276690	19.375000	21.549548	-0.310782	
7048	63.202107	19.296875	21.475092	-0.311568	
7048	63.203125	19.298180	21.476213	-0.311488	
7049	63.276690	19.375000	21.549548	-0.310782	
7049	63.281250	19.377257	21.553692	-0.310986	
7050	63.281250	19.377257	21.553692	-0.310986	
7050	63.359375	19.399083	21.619396	-0.318116	
7051	63.359375	19.399083	21.619396	-0.318116	
7051	63.437500	19.385459	21.674174	-0.332847	
7052	63.437500	19.385459	21.674174	-0.332847	
7052	63.462659	19.375000	21.687506	-0.339382	
7053	63.540899	19.375000	21.704658	-0.340675	
7053	63.593750	19.413696	21.736745	-0.315242	
7054	63.593750	19.413696	21.736745	-0.315242	
7054	63.671875	19.426169	21.793043	-0.287128	
7055	63.671875	19.426169	21.793043	-0.287128	
7055	63.750000	19.406708	21.853050	-0.265579	
7056	2.202285	40.000000	-2.782358	-5.589114	
7056	2.265625	40.022415	-2.781990	-5.573585	
7057	2.265625	40.022415	-2.781990	-5.573585	
7057	2.343750	40.050868	-2.781420	-5.553863	
7058	2.343750	40.050868	-2.781420	-5.553863	
7058	2.418040	40.078125	-2.780764	-5.534953	
7059	2.421875	40.079522	-2.780728	-5.533983	
7059	2.500000	40.110895	-2.779841	-5.512411	
7060	2.418040	40.078125	-2.780764	-5.534953	
7060	2.421875	40.079522	-2.780728	-5.533983	
7061	2.500000	40.906370	-2.802181	-5.025044	
7061	2.461352	40.937500	-2.805063	-5.001916	
7062	2.343750	41.050974	-2.815473	-4.917665	
7062	2.302513	41.093750	-2.819417	-4.885523	
7063	2.421875	40.974243	-2.808425	-4.974815	
7063	2.376631	41.015625	-2.812246	-4.943883	
7064	2.421875	40.974243	-2.808425	-4.974815	
7064	2.461352	40.937500	-2.805063	-5.001916	
7065	2.343750	41.050974	-2.815473	-4.917665	
7065	2.376631	41.015625	-2.812246	-4.943883	
7066	2.265625	41.139339	-2.823578	-4.851524	
7066	2.238011	41.171875	-2.826577	-4.826962	
7067	2.265625	41.139339	-2.823578	-4.851524	
7067	2.302513	41.093750	-2.819417	-4.885523	
7068	2.187500	41.243677	-2.833135	-4.773119	
7068	2.238011	41.171875	-2.826577	-4.826962	
7069	2.187500	41.243677	-2.833135	-4.773119	
7069	2.182797	41.250000	-2.833718	-4.768325	
7070	2.182797	41.250000	-2.833718	-4.768325	
7070	2.133399	41.328125	-2.840865	-4.709433	
7071	2.109375	41.375169	-2.845137	-4.674136	
7071	2.133399	41.328125	-2.840865	-4.709433	
7072	2.109375	41.375169	-2.845137	-4.674136	
7072	2.092298	41.406250	-2.847981	-4.650589	
7073	2.092298	41.406250	-2.847981	-4.650589	
7073	2.057264	41.484375	-2.855077	-4.591673	
7074	2.031250	41.558309	-2.861748	-4.536038	
7074	2.057264	41.484375	-2.855077	-4.591673	
7075	2.031250	41.558309	-2.861748	-4.536038	
7075	2.029650	41.562500	-2.862128	-4.532859	
7076	2.029650	41.562500	-2.862128	-4.532859	
7076	2.006137	41.640625	-2.869156	-4.473906	
7077	2.006137	41.640625	-2.869156	-4.473906	
7077	1.988988	41.718750	-2.876128	-4.415045	
7078	1.988988	41.718750	-2.876128	-4.415045	
7078	1.977523	41.796875	-2.883040	-4.356246	
7079	1.977523	41.796875	-2.883040	-4.356246	
7079	1.971335	41.875000	-2.889884	-4.297497	
7080	1.971335	41.875000	-2.889884	-4.297497	
7080	1.970220	41.953125	-2.896651	-4.238797	
7081	1.970220	41.953125	-2.896651	-4.238797	
7081	1.974124	42.031250	-2.903333	-4.180153	
7082	1.974124	42.031250	-2.903333	-4.180153	
7082	1.983116	42.109375	-2.909916	-4.121577	
7083	1.983116	42.109375	-2.909916	-4.121577	
7083	1.997360	42.187500	-2.916389	-4.063087	
7084	1.997360	42.187500	-2.916389	-4.063087	
7084	2.017102	42.265625	-2.922739	-4.004701	
7085	2.017102	42.265625	-2.922739	-4.004701	
7085	2.031250	42.309527	-2.926243	-3.971987	
7086	2.031250	42.309527	-2.926243	-3.971987	
7086	2.042045	42.343750	-2.928956	-3.946386	
7087	2.042045	42.343750	-2.928956	-3.946386	
7087	2.072278	42.421875	-2.935029	-3.888141	
7088	2.072278	42.421875	-2.935029	-3.888141	
7088	2.109093	42.500000	-2.940934	-3.830051	
7089	2.578125	40.141459	-2.778836	-5.491414	
7089	2.614293	40.156250	-2.778302	-5.481343	
7090	2.500000	40.110895	-2.779841	-5.512411	
7090	2.578125	40.141459	-2.778836	-5.491414	
7091	2.656250	40.173352	-2.777643	-5.469740	
7091	2.734375	40.205666	-2.776278	-5.448036	
7092	2.734375	40.205666	-2.776278	-5.448036	
7092	2.808572	40.234375	-2.774914	-5.428822	
7093	2.808572	40.234375	-2.774914	-5.428822	
7093	2.812500	40.235970	-2.774834	-5.427771	
7094	2.614293	40.156250	-2.778302	-5.481343	
7094	2.656250	40.173352	-2.777643	-5.469740	
7095	2.968750	40.300276	-2.771311	-5.386616	
7095	3.000857	40.312500	-2.770556	-5.379010	
7096	2.890625	40.270321	-2.773056	-5.405714	
7096	2.968750	40.300276	-2.771311	-5.386616	
7097	2.812500	40.235970	-2.774834	-5.427771	
7097	2.890625	40.270321	-2.773056	-5.405714	
7098	3.000857	40.312500	-2.770556	-5.379010	
7098	3.046875	40.332968	-2.769288	-5.366994	
7099	3.046875	40.332968	-2.769288	-5.366994	
7099	3.125000	40.364240	-2.767215	-5.349326	
7100	3.046875	40.578571	-2.771630	-5.255185	
7100	3.125000	40.550453	-2.768871	-5.272936	
7101	2.968750	40.616245	-2.775135	-5.231360	
7101	3.046875	40.578571	-2.771630	-5.255185	
7102	2.968750	40.616245	-2.775135	-5.231360	
7102	2.951222	40.625000	-2.775954	-5.225634	
7103	3.125000	40.364240	-2.767215	-5.349326	
7103	3.203125	40.387440	-2.765484	-5.336426	
7104	3.203125	40.387440	-2.765484	-5.336426	
7104	3.214006	40.390625	-2.765246	-5.334756	
7105	3.214006	40.390625	-2.765246	-5.334756	
7105	3.281250	40.436411	-2.762966	-5.318043	
7106	3.359375	40.465887	-2.762147	-5.311434	
7106	3.380177	40.468750	-2.762093	-5.311512	
7107	3.281250	40.436411	-2.762966	-5.318043	
7107	3.359375	40.465887	-2.762147	-5.311434	
7108	3.281250	40.484136	-2.763437	-5.305043	
7108	3.359375	40.470153	-2.762249	-5.310739	
7109	3.359375	40.470153	-2.762249	-5.310739	
7109	3.380177	40.468750	-2.762093	-5.311512	
7110	3.203125	40.511271	-2.765612	-5.292868	
7110	3.134933	40.546875	-2.768527	-5.275080	
7111	3.203125	40.511271	-2.765612	-5.292868	
7111	3.281250	40.484136	-2.763437	-5.305043	
7112	3.125000	40.550453	-2.768871	-5.272936	
7112	3.134933	40.546875	-2.768527	-5.275080	
7113	2.812500	40.696266	-2.782679	-5.176863	
7113	2.800066	40.703125	-2.783324	-5.172047	
7114	2.734375	40.740780	-2.786858	-5.145328	
7114	2.800066	40.703125	-2.783324	-5.172047	
7115	2.734375	40.740780	-2.786858	-5.145328	
7115	2.670602	40.781250	-2.790620	-5.116358	
7116	2.656250	40.791362	-2.791549	-5.109134	
7116	2.670602	40.781250	-2.790620	-5.116358	
7117	2.578125	40.845832	-2.796595	-5.069506	
7117	2.558965	40.859375	-2.797856	-5.059519	
7118	2.578125	40.845832	-2.796595	-5.069506	
7118	2.656250	40.791362	-2.791549	-5.109134	
7119	2.500000	40.906370	-2.802181	-5.025044	
7119	2.558965	40.859375	-2.797856	-5.059519	
7120	2.812500	40.696266	-2.782679	-5.176863	
7120	2.890625	40.653363	-2.778668	-5.206306	
7121	2.890625	40.653363	-2.778668	-5.206306	
7121	2.951222	40.625000	-2.775954	-5.225634	
7122	4.196810	40.390625	-3.202917	-5.332394	
7122	4.218750	40.383821	-3.202417	-5.335694	
7123	4.140625	40.437004	-3.204962	-5.317408	
7123	4.196810	40.390625	-3.202917	-5.332394	
7124	4.070463	40.468750	-3.205463	-5.311693	
7124	4.140625	40.437004	-3.204962	-5.317408	
7125	4.218750	40.383821	-3.202417	-5.335694	
7125	4.296875	40.356432	-3.200466	-5.349697	
7126	4.296875	40.356432	-3.200466	-5.349697	
7126	4.375000	40.317594	-3.198008	-5.370249	
7127	4.218750	40.505632	-3.201844	-5.295042	
7127	4.296376	40.546875	-3.197966	-5.274405	
7128	4.296875	40.547073	-3.197945	-5.274287	
7128	4.375000	40.577017	-3.194591	-5.255409	
7129	4.296376	40.546875	-3.197966	-5.274405	
7129	4.296875	40.547073	-3.197945	-5.274287	
7130	4.070463	40.468750	-3.205463	-5.311693	
7130	4.140625	40.480269	-3.204256	-5.306608	
7131	4.140625	40.480269	-3.204256	-5.306608	
7131	4.218750	40.505632	-3.201844	-5.295042	
7132	4.552691	40.234375	-3.193230	-5.419893	
7132	4.609375	40.206678	-3.191852	-5.437222	
7133	4.609375	40.206678	-3.191852	-5.437222	
7133	4.687500	40.165644	-3.190010	-5.463191	
7134	4.531250	40.245058	-3.193786	-5.413324	
7134	4.552691	40.234375	-3.193230	-5.419893	
7135	4.453125	40.283935	-3.195936	-5.389994	
7135	4.531250	40.245058	-3.193786	-5.413324	
7136	4.385187	40.312500	-3.197695	-5.373086	
7136	4.453125	40.283935	-3.195936	-5.389994	
7137	4.765625	40.124861	-3.188380	-5.489496	
7137	4.843750	40.081902	-3.186880	-5.517437	
7138	4.705875	40.156250	-3.189616	-5.469228	
7138	4.765625	40.124861	-3.188380	-5.489496	
7139	4.851025	40.078125	-3.186757	-5.519921	
7139	4.921875	40.039740	-3.185602	-5.545171	
7140	4.921875	40.039740	-3.185602	-5.545171	
7140	4.993069	40.000000	-3.184569	-5.571418	
7141	4.843750	40.081902	-3.186880	-5.517437	
7141	4.851025	40.078125	-3.186757	-5.519921	
7142	4.687500	40.165644	-3.190010	-5.463191	
7142	4.705875	40.156250	-3.189616	-5.469228	
7143	4.375000	40.317594	-3.198008	-5.370249	
7143	4.385187	40.312500	-3.197695	-5.373086	
7144	4.453125	40.617873	-3.190270	-5.229708	
7144	4.466270	40.625000	-3.189512	-5.225073	
7145	4.375000	40.577017	-3.194591	-5.255409	
7145	4.453125	40.617873	-3.190270	-5.229708	
7146	4.466270	40.625000	-3.189512	-5.225073	
7146	4.531250	40.659251	-3.185815	-5.202007	
7147	4.531250	40.659251	-3.185815	-5.202007	
7147	4.601995	40.703125	-3.181195	-5.172229	
7148	4.609375	40.708165	-3.180671	-5.168796	
7148	4.687500	40.760233	-3.175211	-5.132401	
7149	4.601995	40.703125	-3.181195	-5.172229	
7149	4.609375	40.708165	-3.180671	-5.168796	
7150	4.687500	40.760233	-3.175211	-5.132401	
7150	4.717384	40.781250	-3.173018	-5.117503	
7151	4.843750	40.886708	-3.162249	-5.042452	
7151	4.898628	40.937500	-3.157110	-5.005701	
7152	4.717384	40.781250	-3.173018	-5.117503	
7152	4.765625	40.819609	-3.169083	-5.090423	
7153	4.765625	40.819609	-3.169083	-5.090423	
7153	4.814795	40.859375	-3.165001	-5.061902	
7154	4.814795	40.859375	-3.165001	-5.061902	
7154	4.843750	40.886708	-3.162249	-5.042452	
7155	4.898628	40.937500	-3.157110	-5.005701	
7155	4.921875	40.963089	-3.154570	-4.987344	
7156	4.921875	40.963089	-3.154570	-4.987344	
7156	4.971653	41.015625	-3.149325	-4.949053	
7157	4.971653	41.015625	-3.149325	-4.949053	
7157	5.000000	41.051651	-3.145795	-4.923006	
7158	2.656250	43.093938	-2.978500	-3.392514	
7158	2.707255	43.125000	-2.979965	-3.369968	
7159	2.500000	42.980862	-2.972630	-3.475040	
7159	2.578125	43.040857	-2.975843	-3.431190	
7160	2.578125	43.040857	-2.975843	-3.431190	
7160	2.586608	43.046875	-2.976153	-3.426804	
7161	2.586608	43.046875	-2.976153	-3.426804	
7161	2.656250	43.093938	-2.978500	-3.392514	
7162	3.281250	43.339783	-2.987676	-3.216454	
7162	3.359375	43.352672	-2.987930	-3.207706	
7163	3.359375	43.352672	-2.987930	-3.207706	
7163	3.414560	43.359375	-2.988041	-3.203332	
7164	3.414560	43.359375	-2.988041	-3.203332	
7164	3.437500	43.362207	-2.988085	-3.201434	
7165	3.125000	43.303122	-2.986761	-3.242030	
7165	3.203125	43.323322	-2.987296	-3.227852	
7166	3.203125	43.323322	-2.987296	-3.227852	
7166	3.281250	43.339783	-2.987676	-3.216454	
7167	3.671875	43.371097	-2.988175	-3.197157	
7167	3.750000	43.367388	-2.988151	-3.200661	
7168	3.593750	43.371473	-2.988187	-3.196115	
7168	3.671875	43.371097	-2.988175	-3.197157	
7169	3.515625	43.368519	-2.988164	-3.197533	
7169	3.593750	43.371473	-2.988187	-3.196115	
7170	3.437500	43.362207	-2.988085	-3.201434	
7170	3.515625	43.368519	-2.988164	-3.197533	
7171	2.707255	43.125000	-2.979965	-3.369968	
7171	2.734375	43.140907	-2.980690	-3.358410	
7172	2.734375	43.140907	-2.980690	-3.358410	
7172	2.812500	43.182493	-2.982488	-3.328323	
7173	2.812500	43.182493	-2.982488	-3.328323	
7173	2.856068	43.203125	-2.983324	-3.313481	
7174	2.890625	43.219127	-2.983948	-3.301931	
7174	2.968750	43.251310	-2.985123	-3.278849	
7175	2.856068	43.203125	-2.983324	-3.313481	
7175	2.890625	43.219127	-2.983948	-3.301931	
7176	3.046875	43.279041	-2.986042	-3.259096	
7176	3.054017	43.281250	-2.986110	-3.257543	
7177	2.968750	43.251310	-2.985123	-3.278849	
7177	3.046875	43.279041	-2.986042	-3.259096	
7178	3.054017	43.281250	-2.986110	-3.257543	
7178	3.125000	43.303122	-2.986761	-3.242030	
7179	4.993719	42.734375	-3.010097	-3.679060	
7179	5.000000	42.726263	-3.010545	-3.685107	
7180	4.993719	42.734375	-3.010097	-3.679060	
7180	4.927490	42.812500	-3.005952	-3.620842	
7181	4.765625	42.967659	-2.998647	-3.504963	
7181	4.843750	42.898166	-3.001756	-3.556913	
7182	4.764301	42.968750	-2.998600	-3.504148	
7182	4.765625	42.967659	-2.998647	-3.504963	
7183	4.851636	42.890625	-3.002110	-3.562545	
7183	4.921875	42.818622	-3.005639	-3.616279	
7184	4.921875	42.818622	-3.005639	-3.616279	
7184	4.927490	42.812500	-3.005952	-3.620842	
7185	4.843750	42.898166	-3.001756	-3.556913	
7185	4.851636	42.890625	-3.002110	-3.562545	
7186	4.687500	43.028953	-2.996146	-3.459057	
7186	4.764301	42.968750	-2.998600	-3.504148	
7187	4.662349	43.046875	-2.995461	-3.445631	
7187	4.687500	43.028953	-2.996146	-3.459057	
7188	4.609375	43.083222	-2.994138	-3.418328	
7188	4.662349	43.046875	-2.995461	-3.445631	
7189	4.541577	43.125000	-2.992740	-3.386923	
7189	4.609375	43.083222	-2.994138	-3.418328	
7190	4.392433	43.203125	-2.990507	-3.327952	
7190	4.453125	43.173905	-2.991278	-3.350028	
7191	4.453125	43.173905	-2.991278	-3.350028	
7191	4.531250	43.131190	-2.992543	-3.382252	
7192	4.375000	43.211407	-2.990303	-3.321661	
7192	4.392433	43.203125	-2.990507	-3.327952	
7193	4.531250	43.131190	-2.992543	-3.382252	
7193	4.541577	43.125000	-2.992740	-3.386923	
7194	3.906250	43.350071	-2.988154	-3.214951	
7194	3.984375	43.336408	-2.988224	-3.225772	
7195	3.984375	43.336408	-2.988224	-3.225772	
7195	4.062500	43.319140	-2.988373	-3.239254	
7196	3.835095	43.359375	-2.988137	-3.207421	
7196	3.906250	43.350071	-2.988154	-3.214951	
7197	3.828125	43.360307	-2.988137	-3.206653	
7197	3.835095	43.359375	-2.988137	-3.207421	
7198	3.750000	43.367388	-2.988151	-3.200661	
7198	3.828125	43.360307	-2.988137	-3.206653	
7199	4.193467	43.281250	-2.988879	-3.268492	
7199	4.218750	43.273229	-2.989013	-3.274610	
7200	4.296875	43.244600	-2.989556	-3.296444	
7200	4.375000	43.211407	-2.990303	-3.321661	
7201	4.218750	43.273229	-2.989013	-3.274610	
7201	4.296875	43.244600	-2.989556	-3.296444	
7202	4.062500	43.319140	-2.988373	-3.239254	
7202	4.140625	43.298081	-2.988627	-3.255538	
7203	4.140625	43.298081	-2.988627	-3.255538	
7203	4.193467	43.281250	-2.988879	-3.268492	
7204	2.109093	42.500000	-2.940934	-3.830051	
7204	2.109375	42.500525	-2.940973	-3.829662	
7205	2.109375	42.500525	-2.940973	-3.829662	
7205	2.151382	42.578125	-2.946667	-3.772004	
7206	2.151382	42.578125	-2.946667	-3.772004	
7206	2.187500	42.635312	-2.950735	-3.729655	
7207	2.187500	42.635312	-2.950735	-3.729655	
7207	2.201012	42.656250	-2.952202	-3.714115	
7208	2.201012	42.656250	-2.952202	-3.714115	
7208	2.258027	42.734375	-2.957523	-3.656342	
7209	2.265625	42.743785	-2.958147	-3.649405	
7209	2.323369	42.812500	-2.962607	-3.598699	
7210	2.258027	42.734375	-2.957523	-3.656342	
7210	2.265625	42.743785	-2.958147	-3.649405	
7211	2.323369	42.812500	-2.962607	-3.598699	
7211	2.343750	42.834511	-2.963992	-3.582504	
7212	2.343750	42.834511	-2.963992	-3.582504	
7212	2.398546	42.890625	-2.967429	-3.541216	
7213	2.421875	42.912655	-2.968736	-3.525045	
7213	2.485347	42.968750	-2.971957	-3.483907	
7214	2.398546	42.890625	-2.967429	-3.541216	
7214	2.421875	42.912655	-2.968736	-3.525045	
7215	2.485347	42.968750	-2.971957	-3.483907	
7215	2.500000	42.980862	-2.972630	-3.475040	
7216	5.000000	41.051651	-3.145795	-4.923006	
7216	5.035023	41.093750	-3.141645	-4.892120	
7217	5.035023	41.093750	-3.141645	-4.892120	
7217	5.078125	41.156755	-3.135545	-4.846213	
7218	5.078125	41.156755	-3.135545	-4.846213	
7218	5.089153	41.171875	-3.134073	-4.835050	
7219	5.089153	41.171875	-3.134073	-4.835050	
7219	5.136975	41.250000	-3.126586	-4.777714	
7220	5.136975	41.250000	-3.126586	-4.777714	
7220	5.156250	41.288752	-3.122931	-4.749393	
7221	5.156250	41.288752	-3.122931	-4.749393	
7221	5.177511	41.328125	-3.119204	-4.720297	
7222	5.177511	41.328125	-3.119204	-4.720297	
7222	5.211790	41.406250	-3.111925	-4.662783	
7223	5.211790	41.406250	-3.111925	-4.662783	
7223	5.234375	41.471143	-3.105974	-4.615077	
7224	5.234375	41.471143	-3.105974	-4.615077	
7224	5.239413	41.484375	-3.104760	-4.605264	
7225	5.239413	41.484375	-3.104760	-4.605264	
7225	5.262912	41.562500	-3.097691	-4.547561	
7226	5.262912	41.562500	-3.097691	-4.547561	
7226	5.280401	41.640625	-3.090747	-4.489874	
7227	5.280401	41.640625	-3.090747	-4.489874	
7227	5.292549	41.718750	-3.083927	-4.432168	
7228	5.292549	41.718750	-3.083927	-4.432168	
7228	5.299762	41.796875	-3.077237	-4.374426	
7229	5.299762	41.796875	-3.077237	-4.374426	
7229	5.302254	41.875000	-3.070681	-4.316644	
7230	5.302254	41.875000	-3.070681	-4.316644	
7230	5.300097	41.953125	-3.064268	-4.258824	
7231	5.300097	41.953125	-3.064268	-4.258824	
7231	5.293250	42.031250	-3.058005	-4.200971	
7232	5.293250	42.031250	-3.058005	-4.200971	
7232	5.281589	42.109375	-3.051903	-4.143095	
7233	5.281589	42.109375	-3.051903	-4.143095	
7233	5.264917	42.187500	-3.045970	-4.085206	
7234	5.264917	42.187500	-3.045970	-4.085206	
7234	5.242983	42.265625	-3.040218	-4.027310	
7235	5.234375	42.290775	-3.038409	-4.008700	
7235	5.242983	42.265625	-3.040218	-4.027310	
7236	5.216360	42.343750	-3.034651	-3.969351	
7236	5.234375	42.290775	-3.038409	-4.008700	
7237	5.216360	42.343750	-3.034651	-3.969351	
7237	5.184277	42.421875	-3.029285	-3.911367	
7238	5.156250	42.479651	-3.025457	-3.868508	
7238	5.184277	42.421875	-3.029285	-3.911367	
7239	5.146235	42.500000	-3.024134	-3.853366	
7239	5.156250	42.479651	-3.025457	-3.868508	
7240	5.146235	42.500000	-3.024134	-3.853366	
7240	5.102398	42.578125	-3.019206	-3.795305	
7241	5.078125	42.616228	-3.016893	-3.767004	
7241	5.102398	42.578125	-3.019206	-3.795305	
7242	5.051773	42.656250	-3.014522	-3.737207	
7242	5.078125	42.616228	-3.016893	-3.767004	
7243	5.000000	42.726263	-3.010545	-3.685107	
7243	5.051773	42.656250	-3.014522	-3.737207	
7244	14.653381	40.000000	-2.683271	-4.541013	
7244	14.620732	40.078125	-2.676276	-4.498099	
7245	14.609375	40.115607	-2.672622	-4.476598	
7245	14.620732	40.078125	-2.676276	-4.498099	
7246	14.609375	40.115607	-2.672622	-4.476598	
7246	14.593253	40.156250	-2.668580	-4.453377	
7247	14.593253	40.156250	-2.668580	-4.453377	
7247	14.572314	40.234375	-2.660218	-4.406849	
7248	14.572314	40.234375	-2.660218	-4.406849	
7248	14.559179	40.312500	-2.651196	-4.358442	
7249	14.559179	40.312500	-2.651196	-4.358442	
7249	14.553259	40.390625	-2.641540	-4.308263	
7250	14.553259	40.390625	-2.641540	-4.308263	
7250	14.554836	40.468750	-2.631243	-4.256296	
7251	14.554836	40.468750	-2.631243	-4.256296	
7251	14.564744	40.546875	-2.620268	-4.202431	
7252	14.564744	40.546875	-2.620268	-4.202431	
7252	14.584226	40.625000	-2.608548	-4.146468	
7253	14.584226	40.625000	-2.608548	-4.146468	
7253	14.609375	40.690536	-2.598061	-4.097656	
7254	14.609375	40.690536	-2.598061	-4.097656	
7254	14.614830	40.703125	-2.595984	-4.088125	
7255	14.614830	40.703125	-2.595984	-4.088125	
7255	14.658919	40.781250	-2.582413	-4.026947	
7256	14.658919	40.781250	-2.582413	-4.026947	
7256	14.687500	40.820751	-2.575088	-3.994706	
7257	14.687500	40.820751	-2.575088	-3.994706	
7257	14.721453	40.859375	-2.567523	-3.961981	
7258	14.765625	40.902398	-2.558611	-3.924181	
7258	14.811988	40.937500	-2.550698	-3.891322	
7259	14.721453	40.859375	-2.567523	-3.961981	
7259	14.765625	40.902398	-2.558611	-3.924181	
7260	14.811988	40.937500	-2.550698	-3.891322	
7260	14.843750	40.959592	-2.545486	-3.870046	
7261	14.843750	40.959592	-2.545486	-3.870046	
7261	14.921875	41.000626	-2.534642	-3.826755	
7262	14.921875	41.000626	-2.534642	-3.826755	
7262	14.962230	41.015625	-2.529990	-3.808608	
7263	14.962230	41.015625	-2.529990	-3.808608	
7263	15.000000	41.029520	-2.525566	-3.791605	
7264	16.115693	40.000000	-2.707715	-4.218730	
7264	16.130047	40.078125	-2.684783	-4.167758	
7265	16.130047	40.078125	-2.684783	-4.167758	
7265	16.135718	40.156250	-2.662985	-4.118248	
7266	16.135718	40.156250	-2.662985	-4.118248	
7266	16.133388	40.234375	-2.642227	-4.070079	
7267	16.133388	40.234375	-2.642227	-4.070079	
7267	16.123154	40.312500	-2.622481	-4.023258	
7268	16.078590	40.468750	-2.585974	-3.933793	
7268	16.093750	40.423830	-2.596170	-3.959194	
7269	16.123154	40.312500	-2.622481	-4.023258	
7269	16.104745	40.390625	-2.603753	-3.977869	
7270	16.093750	40.423830	-2.596170	-3.959194	
7270	16.104745	40.390625	-2.603753	-3.977869	
7271	16.078590	40.468750	-2.585974	-3.933793	
7271	16.043687	40.546875	-2.569221	-3.891266	
7272	16.015625	40.597015	-2.559097	-3.865038	
7272	16.043687	40.546875	-2.569221	-3.891266	
7273	15.998785	40.625000	-2.553581	-3.850560	
7273	16.015625	40.597015	-2.559097	-3.865038	
7274	15.872975	40.781250	-2.525992	-3.775764	
7274	15.937500	40.709694	-2.537951	-3.808728	
7275	15.785051	40.859375	-2.514504	-3.743078	
7275	15.859375	40.794925	-2.523826	-3.769684	
7276	15.859375	40.794925	-2.523826	-3.769684	
7276	15.872975	40.781250	-2.525992	-3.775764	
7277	15.781250	40.862484	-2.514073	-3.741826	
7277	15.785051	40.859375	-2.514504	-3.743078	
7278	15.703125	40.917535	-2.507304	-3.721895	
7278	15.781250	40.862484	-2.514073	-3.741826	
7279	15.668094	40.937500	-2.505361	-3.716051	
7279	15.703125	40.917535	-2.507304	-3.721895	
7280	15.998785	40.625000	-2.553581	-3.850560	
7280	15.942776	40.703125	-2.539111	-3.811877	
7281	15.937500	40.709694	-2.537951	-3.808728	
7281	15.942776	40.703125	-2.539111	-3.811877	
7282	15.625000	40.961867	-2.502995	-3.708834	
7282	15.668094	40.937500	-2.505361	-3.716051	
7283	15.390625	41.043958	-2.500950	-3.702559	
7283	15.468750	41.023978	-2.500133	-3.699870	
7284	15.312500	41.056337	-2.503227	-3.710248	
7284	15.390625	41.043958	-2.500950	-3.702559	
7285	15.492467	41.015625	-2.500358	-3.700594	
7285	15.546875	40.997070	-2.500693	-3.701659	
7286	15.546875	40.997070	-2.500693	-3.701659	
7286	15.625000	40.961867	-2.502995	-3.708834	
7287	15.468750	41.023978	-2.500133	-3.699870	
7287	15.492467	41.015625	-2.500358	-3.700594	
7288	15.078125	41.048728	-2.517944	-3.762925	
7288	15.156250	41.059016	-2.511737	-3.740215	
7289	15.000000	41.029520	-2.525566	-3.791605	
7289	15.078125	41.048728	-2.517944	-3.762925	
7290	15.234375	41.061385	-2.506840	-3.722775	
7290	15.312500	41.056337	-2.503227	-3.710248	
7291	15.156250	41.059016	-2.511737	-3.740215	
7291	15.234375	41.061385	-2.506840	-3.722775	
7292	14.921875	54.980759	-0.392456	7.658345	
7292	15.000000	54.978129	-0.390410	7.669098	
7293	14.843750	54.994025	-0.392985	7.655774	
7293	14.921875	54.980759	-0.392456	7.658345	
7294	14.843750	54.994025	-0.392985	7.655774	
7294	14.824391	55.000000	-0.392654	7.657285	
7295	15.078125	54.985496	-0.387208	7.687586	
7295	15.142757	55.000000	-0.383762	7.709516	
7296	15.000000	54.978129	-0.390410	7.669098	
7296	15.078125	54.985496	-0.387208	7.687586	
7297	15.142757	55.000000	-0.383762	7.709516	
7297	15.156250	55.002707	-0.383139	7.713711	
7298	15.156250	55.002707	-0.383139	7.713711	
7298	15.234375	55.028240	-0.378668	7.746087	
7299	15.234375	55.028240	-0.378668	7.746087	
7299	15.312500	55.065639	-0.373692	7.787756	
7300	15.312500	55.065639	-0.373692	7.787756	
7300	15.332161	55.078125	-0.372303	7.800757	
7301	15.390625	55.113641	-0.368781	7.837376	
7301	15.443609	55.156250	-0.365456	7.878932	
7302	15.332161	55.078125	-0.372303	7.800757	
7302	15.390625	55.113641	-0.368781	7.837376	
7303	15.468750	55.176267	-0.364156	7.898129	
7303	15.526079	55.234375	-0.361295	7.951900	
7304	15.546875	55.256273	-0.360532	7.971724	
7304	15.590562	55.312500	-0.359317	8.021399	
7305	15.526079	55.234375	-0.361295	7.951900	
7305	15.546875	55.256273	-0.360532	7.971724	
7306	15.443609	55.156250	-0.365456	7.878932	
7306	15.468750	55.176267	-0.364156	7.898129	
7307	15.590562	55.312500	-0.359317	8.021399	
7307	15.625000	55.361783	-0.359090	8.063792	
7308	15.625000	55.361783	-0.359090	8.063792	
7308	15.642252	55.390625	-0.359309	8.088130	
7309	15.642252	55.390625	-0.359309	8.088130	
7309	15.683445	55.468750	-0.361175	8.152395	
7310	15.683445	55.468750	-0.361175	8.152395	
7310	15.703125	55.514380	-0.363118	8.188849	
7311	15.703125	55.514380	-0.363118	8.188849	
7311	15.715923	55.546875	-0.364884	8.214294	
7312	15.715923	55.546875	-0.364884	8.214294	
7312	15.741105	55.625000	-0.370442	8.273754	
7313	15.741105	55.625000	-0.370442	8.273754	
7313	15.758723	55.703125	-0.377894	8.330686	
7314	15.758723	55.703125	-0.377894	8.330686	
7314	15.769426	55.781250	-0.387308	8.384813	
7315	15.769426	55.781250	-0.387308	8.384813	
7315	15.773884	55.859375	-0.398752	8.435645	
7316	15.773884	55.859375	-0.398752	8.435645	
7316	15.772737	55.937500	-0.412261	8.482413	
7317	15.772737	55.937500	-0.412261	8.482413	
7317	15.766569	56.015625	-0.427767	8.523977	
7318	15.766569	56.015625	-0.427767	8.523977	
7318	15.756102	56.093750	-0.444934	8.558668	
7319	15.756102	56.093750	-0.444934	8.558668	
7319	15.743728	56.171875	-0.462575	8.583900	
7320	15.743728	56.171875	-0.462575	8.583900	
7320	15.739878	56.250000	-0.476122	8.595940	
7321	15.739878	56.250000	-0.476122	8.595940	
7321	15.768466	56.328125	-0.473268	8.596602	
7322	15.768466	56.328125	-0.473268	8.596602	
7322	15.781250	56.343270	-0.469125	8.596910	
7323	15.781250	56.343270	-0.469125	8.596910	
7323	15.834546	56.406250	-0.446949	8.603500	
7324	15.834546	56.406250	-0.446949	8.603500	
7324	15.859375	56.433642	-0.434886	8.609391	
7325	15.859375	56.433642	-0.434886	8.609391	
7325	15.905127	56.484375	-0.410644	8.624714	
7326	15.905127	56.484375	-0.410644	8.624714	
7326	15.937500	56.526620	-0.390887	8.640049	
7327	15.937500	56.526620	-0.390887	8.640049	
7327	15.966683	56.562500	-0.372986	8.655842	
7328	15.966683	56.562500	-0.372986	8.655842	
7328	16.015625	56.640257	-0.337136	8.692349	
7329	16.015625	56.640257	-0.337136	8.692349	
7329	16.015882	56.640625	-0.336957	8.692547	
7330	16.015882	56.640625	-0.336957	8.692547	
7330	16.059104	56.718750	-0.301677	8.734358	
7331	16.093750	56.814414	-0.262591	8.787200	
7331	16.112611	56.875000	-0.238523	8.823179	
7332	16.059104	56.718750	-0.301677	8.734358	
7332	16.089229	56.796875	-0.269350	8.777573	
7333	16.089229	56.796875	-0.269350	8.777573	
7333	16.093750	56.814414	-0.262591	8.787200	
7334	16.112611	56.875000	-0.238523	8.823179	
7334	16.126662	56.953125	-0.209826	8.869672	
7335	16.126662	56.953125	-0.209826	8.869672	
7335	16.131493	57.031250	-0.183165	8.916641	
7336	16.131493	57.031250	-0.183165	8.916641	
7336	16.127121	57.109375	-0.158441	8.963825	
7337	16.127121	57.109375	-0.158441	8.963825	
7337	16.112818	57.187500	-0.135663	9.010862	
7338	16.087575	57.265625	-0.114843	9.057443	
7338	16.093750	57.247539	-0.119583	9.046496	
7339	16.087575	57.265625	-0.114843	9.057443	
7339	16.049900	57.343750	-0.096017	9.103271	
7340	16.093750	57.247539	-0.119583	9.046496	
7340	16.112818	57.187500	-0.135663	9.010862	
7341	15.995527	57.421875	-0.079461	9.147473	
7341	16.015625	57.395963	-0.084696	9.133015	
7342	16.015625	57.395963	-0.084696	9.133015	
7342	16.049900	57.343750	-0.096017	9.103271	
7343	15.937500	57.483474	-0.068134	9.180734	
7343	15.995527	57.421875	-0.079461	9.147473	
7344	15.917748	57.500000	-0.065483	9.189010	
7344	15.937500	57.483474	-0.068134	9.180734	
7345	15.078125	57.498656	-0.069489	9.053959	
7345	15.080150	57.500000	-0.069446	9.055227	
7346	15.000000	57.431756	-0.070537	8.993133	
7346	15.078125	57.498656	-0.069489	9.053959	
7347	15.080150	57.500000	-0.069446	9.055227	
7347	15.156250	57.550724	-0.067051	9.104310	
7348	15.156250	57.550724	-0.067051	9.104310	
7348	15.213317	57.578125	-0.064981	9.132899	
7349	15.234375	57.588670	-0.064021	9.144111	
7349	15.312500	57.617063	-0.060665	9.177113	
7350	15.213317	57.578125	-0.064981	9.132899	
7350	15.234375	57.588670	-0.064021	9.144111	
7351	15.390625	57.634974	-0.057490	9.202277	
7351	15.468750	57.643754	-0.054726	9.220750	
7352	15.312500	57.617063	-0.060665	9.177113	
7352	15.390625	57.634974	-0.057490	9.202277	
7353	15.546875	57.643925	-0.052606	9.233016	
7353	15.625000	57.635253	-0.051437	9.238955	
7354	15.468750	57.643754	-0.054726	9.220750	
7354	15.546875	57.643925	-0.052606	9.233016	
7355	15.703125	57.616739	-0.051675	9.237865	
7355	15.781250	57.586553	-0.053998	9.228478	
7356	15.625000	57.635253	-0.051437	9.238955	
7356	15.703125	57.616739	-0.051675	9.237865	
7357	15.797226	57.578125	-0.054946	9.224883	
7357	15.859375	57.544063	-0.058886	9.210764	
7358	15.859375	57.544063	-0.058886	9.210764	
7358	15.917748	57.500000	-0.065483	9.189010	
7359	15.781250	57.586553	-0.053998	9.228478	
7359	15.797226	57.578125	-0.054946	9.224883	
7360	14.687500	55.055314	-0.387942	7.676723	
7360	14.653557	55.078125	-0.384880	7.688484	
7361	14.609375	55.109803	-0.380422	7.704863	
7361	14.653557	55.078125	-0.384880	7.688484	
7362	14.609375	55.109803	-0.380422	7.704863	
7362	14.560864	55.156250	-0.372750	7.731561	
7363	14.531250	55.188744	-0.366997	7.750628	
7363	14.560864	55.156250	-0.372750	7.731561	
7364	14.531250	55.188744	-0.366997	7.750628	
7364	14.497714	55.234375	-0.358181	7.778591	
7365	14.453125	55.311623	-0.341881	7.827107	
7365	14.497714	55.234375	-0.358181	7.778591	
7366	14.453125	55.311623	-0.341881	7.827107	
7366	14.452690	55.312500	-0.341687	7.827663	
7367	14.687500	55.055314	-0.387942	7.676723	
7367	14.765625	55.017813	-0.391779	7.661093	
7368	14.765625	55.017813	-0.391779	7.661093	
7368	14.824391	55.000000	-0.392654	7.657285	
7369	14.452690	55.312500	-0.341687	7.827663	
7369	14.420833	55.390625	-0.323498	7.877891	
7370	14.420833	55.390625	-0.323498	7.877891	
7370	14.399674	55.468750	-0.303710	7.928792	
7371	14.399674	55.468750	-0.303710	7.928792	
7371	14.387765	55.546875	-0.282357	7.980026	
7372	14.387765	55.546875	-0.282357	7.980026	
7372	14.383970	55.625000	-0.259471	8.031236	
7373	14.383970	55.625000	-0.259471	8.031236	
7373	14.387514	55.703125	-0.235066	8.082076	
7374	14.387514	55.703125	-0.235066	8.082076	
7374	14.398075	55.781250	-0.209114	8.132248	
7375	14.398075	55.781250	-0.209114	8.132248	
7375	14.415940	55.859375	-0.181498	8.181544	
7376	14.415940	55.859375	-0.181498	8.181544	
7376	14.442244	55.937500	-0.151933	8.229888	
7377	14.442244	55.937500	-0.151933	8.229888	
7377	14.453125	55.960840	-0.142423	8.244492	
7378	14.453125	55.960840	-0.142423	8.244492	
7378	14.474543	56.015625	-0.120878	8.275898	
7379	14.474543	56.015625	-0.120878	8.275898	
7379	14.516018	56.093750	-0.087724	8.319661	
7380	14.531250	56.116093	-0.077456	8.332078	
7380	14.564648	56.171875	-0.053152	8.359258	
7381	14.609375	56.229249	-0.025977	8.385750	
7381	14.624113	56.250000	-0.016779	8.393717	
7382	14.564648	56.171875	-0.053152	8.359258	
7382	14.609375	56.229249	-0.025977	8.385750	
7383	14.516018	56.093750	-0.087724	8.319661	
7383	14.531250	56.116093	-0.077456	8.332078	
7384	14.624113	56.250000	-0.016779	8.393717	
7384	14.687500	56.322667	0.017071	8.418019	
7385	14.687500	56.322667	0.017071	8.418019	
7385	14.692129	56.328125	0.019420	8.419373	
7386	14.692129	56.328125	0.019420	8.419373	
7386	14.759901	56.406250	0.049455	8.431510	
7387	14.759901	56.406250	0.049455	8.431510	
7387	14.765625	56.415846	0.051674	8.431904	
7388	14.765625	56.415846	0.051674	8.431904	
7388	14.801332	56.484375	0.060574	8.432208	
7389	14.801332	56.484375	0.060574	8.432208	
7389	14.804672	56.562500	0.050981	8.439001	
7390	14.804672	56.562500	0.050981	8.439001	
7390	14.792073	56.640625	0.033381	8.459822	
7391	14.792073	56.640625	0.033381	8.459822	
7391	14.779726	56.718750	0.014986	8.491417	
7392	14.779726	56.718750	0.014986	8.491417	
7392	14.771808	56.796875	-0.002222	8.530712	
7393	14.771808	56.796875	-0.002222	8.530712	
7393	14.769420	56.875000	-0.017665	8.575753	
7394	14.769420	56.875000	-0.017665	8.575753	
7394	14.773382	56.953125	-0.031160	8.625206	
7395	14.773382	56.953125	-0.031160	8.625206	
7395	14.784669	57.031250	-0.042667	8.678161	
7396	14.784669	57.031250	-0.042667	8.678161	
7396	14.804395	57.109375	-0.052205	8.734044	
7397	14.804395	57.109375	-0.052205	8.734044	
7397	14.833749	57.187500	-0.059799	8.792557	
7398	14.833749	57.187500	-0.059799	8.792557	
7398	14.843750	57.209094	-0.061556	8.809181	
7399	14.843750	57.209094	-0.061556	8.809181	
7399	14.872589	57.265625	-0.065452	8.853736	
7400	14.921875	57.341140	-0.068992	8.915390	
7400	14.923879	57.343750	-0.069079	8.917566	
7401	14.872589	57.265625	-0.065452	8.853736	
7401	14.921875	57.341140	-0.068992	8.915390	
7402	14.923879	57.343750	-0.069079	8.917566	
7402	14.990712	57.421875	-0.070524	8.984427	
7403	14.990712	57.421875	-0.070524	8.984427	
7403	15.000000	57.431756	-0.070537	8.993133	
7404	30.703125	44.971822	3.030102	3.044437	
7404	30.735372	45.000000	3.042859	3.072646	
7405	30.625000	44.938594	3.006183	2.997072	
7405	30.703125	44.971822	3.030102	3.044437	
7406	30.546875	44.930184	2.987152	2.963542	
7406	30.625000	44.938594	3.006183	2.997072	
7407	30.468750	44.944795	2.973958	2.942463	
7407	30.546875	44.930184	2.987152	2.963542	
7408	30.390625	44.994614	2.972271	2.939878	
7408	30.468750	44.944795	2.973958	2.942463	
7409	30.390625	44.994614	2.972271	2.939878	
7409	30.385353	45.000000	2.972892	2.940724	
7410	30.385353	45.000000	2.972892	2.940724	
7410	30.332888	45.078125	2.988445	2.960575	
7411	30.332888	45.078125	2.988445	2.960575	
7411	30.314289	45.156250	3.014338	2.990686	
7412	30.314289	45.156250	3.014338	2.990686	
7412	30.316866	45.234375	3.047381	3.025642	
7413	30.316866	45.234375	3.047381	3.025642	
7413	30.337475	45.312500	3.086752	3.063109	
7414	30.337475	45.312500	3.086752	3.063109	
7414	30.387083	45.390625	3.137097	3.104634	
7415	30.390625	45.393965	3.139835	3.106677	
7415	30.468750	45.467930	3.197611	3.143555	
7416	30.387083	45.390625	3.137097	3.104634	
7416	30.390625	45.393965	3.139835	3.106677	
7417	30.468750	45.467930	3.197611	3.143555	
7417	30.469611	45.468750	3.198199	3.143858	
7418	30.469611	45.468750	3.198199	3.143858	
7418	30.546875	45.520984	3.239422	3.159397	
7419	30.546875	45.520984	3.239422	3.159397	
7419	30.593385	45.546875	3.253216	3.159683	
7420	30.593385	45.546875	3.253216	3.159683	
7420	30.617947	45.625000	3.248568	3.177003	
7421	30.735372	45.000000	3.042859	3.072646	
7421	30.781250	45.037569	3.057933	3.109761	
7422	30.781250	45.037569	3.057933	3.109761	
7422	30.809740	45.078125	3.069587	3.142832	
7423	30.809740	45.078125	3.069587	3.142832	
7423	30.850805	45.156250	3.084703	3.199067	
7424	30.850805	45.156250	3.084703	3.199067	
7424	30.859375	45.183740	3.087763	3.216210	
7425	30.859375	45.183740	3.087763	3.216210	
7425	30.875486	45.234375	3.090423	3.244356	
7426	30.875486	45.234375	3.090423	3.244356	
7426	30.891673	45.312500	3.087134	3.273887	
7427	30.937500	45.368561	3.094075	3.278139	
7427	30.969505	45.390625	3.107833	3.280811	
7428	31.015625	45.417300	3.132678	3.290115	
7428	31.079618	45.468750	3.176244	3.314474	
7429	30.969505	45.390625	3.107833	3.280811	
7429	31.015625	45.417300	3.132678	3.290115	
7430	31.093750	45.490561	3.189794	3.323548	
7430	31.138017	45.546875	3.229981	3.353852	
7431	31.138017	45.546875	3.229981	3.353852	
7431	31.164276	45.625000	3.271681	3.390312	
7432	31.079618	45.468750	3.176244	3.314474	
7432	31.093750	45.490561	3.189794	3.323548	
7433	30.891673	45.312500	3.087134	3.273887	
7433	30.937500	45.368561	3.094075	3.278139	
7434	30.625000	45.654180	3.247712	3.189959	
7434	30.633646	45.703125	3.249263	3.216319	
7435	30.633646	45.703125	3.249263	3.216319	
7435	30.666326	45.781250	3.259369	3.268031	
7436	30.859375	45.934045	3.319941	3.422379	
7436	30.903212	45.937500	3.329340	3.439998	
7437	30.781250	45.904222	3.298426	3.377552	
7437	30.859375	45.934045	3.319941	3.422379	
7438	30.666326	45.781250	3.259369	3.268031	
7438	30.703125	45.836370	3.272443	3.311426	
7439	30.703125	45.836370	3.272443	3.311426	
7439	30.729776	45.859375	3.280239	3.333196	
7440	30.729776	45.859375	3.280239	3.333196	
7440	30.781250	45.904222	3.298426	3.377552	
7441	31.164276	45.625000	3.271681	3.390312	
7441	31.169844	45.703125	3.305913	3.424177	
7442	31.169844	45.703125	3.305913	3.424177	
7442	31.154394	45.781250	3.332837	3.453871	
7443	31.154394	45.781250	3.332837	3.453871	
7443	31.106819	45.859375	3.349570	3.474418	
7444	31.093750	45.873281	3.351263	3.476668	
7444	31.106819	45.859375	3.349570	3.474418	
7445	31.015625	45.924589	3.350027	3.474713	
7445	31.093750	45.873281	3.351263	3.476668	
7446	30.955049	45.937500	3.340328	3.459173	
7446	31.015625	45.924589	3.350027	3.474713	
7447	30.937500	45.941334	3.337870	3.455013	
7447	30.955049	45.937500	3.340328	3.459173	
7448	30.903212	45.937500	3.329340	3.439998	
7448	30.937500	45.941334	3.337870	3.455013	
7449	30.617947	45.625000	3.248568	3.177003	
7449	30.625000	45.654180	3.247712	3.189959	
7450	-61.093750	1.300743	-19.050370	4.972893	
7450	-61.123993	1.328125	-19.075345	4.982775	
7451	-61.171875	1.355795	-19.101558	4.996607	
7451	-61.123993	1.328125	-19.075345	4.982775	
7452	-61.250000	1.331876	-19.129762	4.989283	
7452	-61.171875	1.355795	-19.101558	4.996607	
7453	-61.093750	1.300743	-19.050370	4.972893	
7453	-61.015625	1.276258	-18.986872	4.953818	
7454	-61.015625	1.276258	-18.986872	4.953818	
7454	-60.937500	1.275854	-18.920585	4.938675	
7455	-60.937500	1.275854	-18.920585	4.938675	
7455	-60.859375	1.297339	-18.853222	4.926573	
7456	-60.859375	1.297339	-18.853222	4.926573	
7456	-60.804979	1.328125	-18.806238	4.919816	
7457	-60.804979	1.328125	-18.806238	4.919816	
7457	-60.781250	1.353165	-18.786485	4.917396	
7458	-60.781250	1.353165	-18.786485	4.917396	
7458	-60.738004	1.406250	-18.749830	4.913703	
7459	-60.738004	1.406250	-18.749830	4.913703	
7459	-60.720755	1.484375	-18.738288	4.912905	
7460	-60.720755	1.484375	-18.738288	4.912905	
7460	-60.740831	1.562500	-18.760403	4.913658	
7461	-60.829433	1.640625	-18.843828	4.912635	
7461	-60.781250	1.605534	-18.799311	4.913776	
7462	-60.859375	1.652797	-18.870859	4.911340	
7462	-60.829433	1.640625	-18.843828	4.912635	
7463	-60.937500	1.666271	-18.939263	4.905926	
7463	-60.859375	1.652797	-18.870859	4.911340	
7464	-60.781250	1.605534	-18.799311	4.913776	
7464	-60.740831	1.562500	-18.760403	4.913658	
7465	-61.250000	1.620789	-19.140906	4.886603	
7465	-61.178510	1.562500	-19.105264	4.866323	
7466	-61.166576	1.562500	-19.103788	4.867096	
7466	-61.093750	1.627243	-19.062957	4.884704	
7467	-61.093750	1.627243	-19.062957	4.884704	
7467	-61.039758	1.640625	-19.024574	4.893604	
7468	-61.015625	1.655752	-19.004353	4.897268	
7468	-60.937500	1.666271	-18.939263	4.905926	
7469	-61.039758	1.640625	-19.024574	4.893604	
7469	-61.015625	1.655752	-19.004353	4.897268	
7470	-61.562500	1.315577	-19.387944	4.953333	
7470	-61.580267	1.328125	-19.404672	4.952954	
7471	-61.580267	1.328125	-19.404672	4.952954	
7471	-61.630153	1.406250	-19.453716	4.953147	
7472	-61.630153	1.406250	-19.453716	4.953147	
7472	-61.633607	1.484375	-19.460714	4.953423	
7473	-61.633607	1.484375	-19.460714	4.953423	
7473	-61.600773	1.562500	-19.434892	4.951210	
7474	-61.562500	1.315577	-19.387944	4.953333	
7474	-61.484375	1.279671	-19.316857	4.957031	
7475	-61.484375	1.279671	-19.316857	4.957031	
7475	-61.406250	1.272397	-19.249128	4.963844	
7476	-61.406250	1.272397	-19.249128	4.963844	
7476	-61.328125	1.285643	-19.185950	4.974026	
7477	-61.328125	1.285643	-19.185950	4.974026	
7477	-61.267069	1.328125	-19.139275	4.985968	
7478	-61.267069	1.328125	-19.139275	4.985968	
7478	-61.250000	1.331876	-19.129762	4.989283	
7479	-61.562500	1.598297	-19.401767	4.947379	
7479	-61.491626	1.640625	-19.340572	4.938247	
7480	-61.484375	1.643556	-19.334328	4.937176	
7480	-61.406250	1.659358	-19.267075	4.923917	
7481	-61.491626	1.640625	-19.340572	4.938247	
7481	-61.484375	1.643556	-19.334328	4.937176	
7482	-61.317407	1.640625	-19.190710	4.904101	
7482	-61.250000	1.620789	-19.140906	4.886603	
7483	-61.328125	1.648055	-19.200528	4.907024	
7483	-61.317407	1.640625	-19.190710	4.904101	
7484	-61.406250	1.659358	-19.267075	4.923917	
7484	-61.328125	1.648055	-19.200528	4.907024	
7485	-61.600773	1.562500	-19.434892	4.951210	
7485	-61.562500	1.598297	-19.401767	4.947379	
7486	-52.890625	7.185208	-12.500413	4.938348	
7486	-52.812500	7.184978	-12.434951	4.925374	
7487	-52.968750	7.187495	-12.566306	4.951623	
7487	-52.890625	7.185208	-12.500413	4.938348	
7488	-52.968750	7.187495	-12.566306	4.951623	
7488	-52.968838	7.187500	-12.566380	4.951639	
7489	-52.734375	7.186878	-12.369941	4.912699	
7489	-52.722612	7.187500	-12.360217	4.910821	
7490	-52.812500	7.184978	-12.434951	4.925374	
7490	-52.734375	7.186878	-12.369941	4.912699	
7491	-52.722612	7.187500	-12.360217	4.910821	
7491	-52.656250	7.190795	-12.305374	4.900317	
7492	-52.656250	7.190795	-12.305374	4.900317	
7492	-52.578125	7.196836	-12.241279	4.888229	
7493	-52.578125	7.196836	-12.241279	4.888229	
7493	-52.500000	7.205137	-12.177688	4.876437	
7494	-53.125000	7.197568	-12.699234	4.979067	
7494	-53.046875	7.191591	-12.632578	4.965194	
7495	-53.046875	7.191591	-12.632578	4.965194	
7495	-52.968838	7.187500	-12.566380	4.951639	
7496	-53.437500	7.239718	-12.969397	5.037651	
7496	-53.359375	7.226489	-12.901352	5.022533	
7497	-53.359375	7.226489	-12.901352	5.022533	
7497	-53.281250	7.215043	-12.833634	5.007733	
7498	-53.281250	7.215043	-12.833634	5.007733	
7498	-53.203125	7.205395	-12.766257	4.993245	
7499	-53.203125	7.205395	-12.766257	4.993245	
7499	-53.125000	7.197568	-12.699234	4.979067	
7500	-53.671875	7.289131	-13.175209	5.084933	
7500	-53.593750	7.271275	-13.106383	5.068856	
7501	-53.750000	7.308707	-13.244303	5.101350	
7501	-53.671875	7.289131	-13.175209	5.084933	
7502	-53.515625	7.254719	-13.037759	5.053093	
7502	-53.566470	7.265625	-13.082451	5.063328	
7503	-53.515625	7.254719	-13.037759	5.053093	
7503	-53.437500	7.239718	-12.969397	5.037651	
7504	-53.593750	7.271275	-13.106383	5.068856	
7504	-53.566470	7.265625	-13.082451	5.063328	
7505	-53.828125	7.330028	-13.313657	5.118116	
7505	-53.750000	7.308707	-13.244303	5.101350	
7506	-53.828125	7.330028	-13.313657	5.118116	
7506	-53.874503	7.343750	-13.354994	5.128250	
7507	-53.906250	7.352777	-13.383191	5.135223	
7507	-53.874503	7.343750	-13.354994	5.128250	
7508	-54.062500	7.402483	-13.522707	5.170489	
7508	-53.984375	7.376731	-13.452840	5.152668	
7509	-53.984375	7.376731	-13.452840	5.152668	
7509	-53.906250	7.352777	-13.383191	5.135223	
7510	-54.062500	7.402483	-13.522707	5.170489	
7510	-54.117231	7.421875	-13.571832	5.183220	
7511	-54.140625	7.429789	-13.592719	5.188684	
7511	-54.117231	7.421875	-13.571832	5.183220	
7512	-54.218750	7.458138	-13.662741	5.207232	
7512	-54.140625	7.429789	-13.592719	5.188684	
7513	-54.296875	7.488500	-13.732953	5.226200	
7513	-54.218750	7.458138	-13.662741	5.207232	
7514	-54.296875	7.488500	-13.732953	5.226200	
7514	-54.324365	7.500000	-13.757773	5.232998	
7515	-50.000000	6.503008	-10.160496	4.397511	
7515	-50.051693	6.562500	-10.213071	4.413888	
7516	-50.156250	6.685872	-10.319442	4.447489	
7516	-50.182047	6.718750	-10.346097	4.456011	
7517	-50.078125	6.592259	-10.239718	4.422246	
7517	-50.118202	6.640625	-10.280767	4.435198	
7518	-50.078125	6.592259	-10.239718	4.422246	
7518	-50.051693	6.562500	-10.213071	4.413888	
7519	-50.156250	6.685872	-10.319442	4.447489	
7519	-50.118202	6.640625	-10.280767	4.435198	
7520	-50.234375	6.785107	-10.399861	4.473330	
7520	-50.243051	6.796875	-10.408923	4.476267	
7521	-50.234375	6.785107	-10.399861	4.473330	
7521	-50.182047	6.718750	-10.346097	4.456011	
7522	-50.243051	6.796875	-10.408923	4.476267	
7522	-50.301176	6.875000	-10.469210	4.495937	
7523	-50.312500	6.890092	-10.480867	4.499769	
7523	-50.356539	6.953125	-10.527030	4.515031	
7524	-50.390625	7.002964	-10.562771	4.526950	
7524	-50.356539	6.953125	-10.527030	4.515031	
7525	-50.390625	7.002964	-10.562771	4.526950	
7525	-50.408778	7.031250	-10.582120	4.533443	
7526	-50.408778	7.031250	-10.582120	4.533443	
7526	-50.457878	7.109375	-10.634464	4.551151	
7527	-50.468750	7.126777	-10.645997	4.555083	
7527	-50.457878	7.109375	-10.634464	4.551151	
7528	-50.468750	7.126777	-10.645997	4.555083	
7528	-50.504476	7.187500	-10.684488	4.568285	
7529	-50.312500	6.890092	-10.480867	4.499769	
7529	-50.301176	6.875000	-10.469210	4.495937	
7530	-50.546875	7.265489	-10.731005	4.584420	
7530	-50.546946	7.265625	-10.731083	4.584448	
7531	-50.546875	7.265489	-10.731005	4.584420	
7531	-50.504476	7.187500	-10.684488	4.568285	
7532	-50.546946	7.265625	-10.731083	4.584448	
7532	-50.588063	7.343750	-10.776084	4.600262	
7533	-50.588063	7.343750	-10.776084	4.600262	
7533	-50.624147	7.421875	-10.817068	4.614860	
7534	-50.625000	7.423713	-10.818026	4.615204	
7534	-50.624147	7.421875	-10.817068	4.614860	
7535	-50.625000	7.423713	-10.818026	4.615204	
7535	-50.659775	7.500000	-10.856933	4.629263	
7536	-51.640625	7.481323	-11.521269	4.767349	
7536	-51.610600	7.500000	-11.500361	4.764317	
7537	-51.718750	7.439524	-11.576853	4.775571	
7537	-51.640625	7.481323	-11.521269	4.767349	
7538	-51.875000	7.367384	-11.690949	4.793123	
7538	-51.796875	7.401661	-11.633445	4.784169	
7539	-51.796875	7.401661	-11.633445	4.784169	
7539	-51.757145	7.421875	-11.604715	4.779777	
7540	-51.757145	7.421875	-11.604715	4.779777	
7540	-51.718750	7.439524	-11.576853	4.775571	
7541	-52.187500	7.264326	-11.929112	4.832303	
7541	-52.182985	7.265625	-11.925611	4.831704	
7542	-52.109375	7.285093	-11.868420	4.822016	
7542	-52.031250	7.309186	-11.808479	4.812055	
7543	-52.182985	7.265625	-11.925611	4.831704	
7543	-52.109375	7.285093	-11.868420	4.822016	
7544	-51.953125	7.337338	-11.749406	4.802437	
7544	-51.937652	7.343750	-11.737856	4.800581	
7545	-52.031250	7.309186	-11.808479	4.812055	
7545	-51.953125	7.337338	-11.749406	4.802437	
7546	-51.937652	7.343750	-11.737856	4.800581	
7546	-51.875000	7.367384	-11.690949	4.793123	
7547	-52.500000	7.205137	-12.177688	4.876437	
7547	-52.421875	7.215830	-12.114632	4.864944	
7548	-52.421875	7.215830	-12.114632	4.864944	
7548	-52.343750	7.229089	-12.052151	4.853753	
7549	-52.343750	7.229089	-12.052151	4.853753	
7549	-52.265625	7.245149	-11.990292	4.842871	
7550	-52.265625	7.245149	-11.990292	4.842871	
7550	-52.187500	7.264326	-11.929112	4.832303	
7551	-51.610600	7.500000	-11.500361	4.764317	
7551	-51.562500	7.526947	-11.466751	4.759518	
7552	-51.562500	7.526947	-11.466751	4.759518	
7552	-51.486120	7.578125	-11.414868	4.752305	
7553	-51.484375	7.579168	-11.413678	4.752143	
7553	-51.406250	7.633290	-11.361687	4.745185	
7554	-51.486120	7.578125	-11.414868	4.752305	
7554	-51.484375	7.579168	-11.413678	4.752143	
7555	-51.406250	7.633290	-11.361687	4.745185	
7555	-51.378437	7.656250	-11.343778	4.742858	
7556	-51.378437	7.656250	-11.343778	4.742858	
7556	-51.328125	7.693839	-11.311400	4.738749	
7557	-51.328125	7.693839	-11.311400	4.738749	
7557	-51.282908	7.734375	-11.283368	4.735306	
7558	-51.282908	7.734375	-11.283368	4.735306	
7558	-51.250000	7.761104	-11.263058	4.732885	
7559	-51.250000	7.761104	-11.263058	4.732885	
7559	-51.197354	7.812500	-11.231907	4.729310	
7560	-50.659775	7.500000	-10.856933	4.629263	
7560	-50.690283	7.578125	-10.892730	4.642394	
7561	-50.703125	7.614050	-10.908163	4.648121	
7561	-50.690283	7.578125	-10.892730	4.642394	
7562	-50.703125	7.614050	-10.908163	4.648121	
7562	-50.719068	7.656250	-10.926500	4.654982	
7563	-50.719068	7.656250	-10.926500	4.654982	
7563	-50.745710	7.734375	-10.957866	4.666885	
7564	-50.745710	7.734375	-10.957866	4.666885	
7564	-50.767196	7.812500	-10.985128	4.677434	
7565	-50.781250	7.876512	-11.004631	4.685124	
7565	-50.785444	7.890625	-11.009317	4.686992	
7566	-50.785444	7.890625	-11.009317	4.686992	
7566	-50.807469	7.968750	-11.033341	4.696700	
7567	-50.781250	7.876512	-11.004631	4.685124	
7567	-50.767196	7.812500	-10.985128	4.677434	
7568	-50.807469	7.968750	-11.033341	4.696700	
7568	-50.825437	8.046875	-11.052939	4.704810	
7569	-50.825437	8.046875	-11.052939	4.704810	
7569	-50.840163	8.125000	-11.067955	4.711119	
7570	-50.937500	8.113326	-11.101743	4.717085	
7570	-50.921811	8.125000	-11.095876	4.716659	
7571	-51.197354	7.812500	-11.231907	4.729310	
7571	-51.171875	7.835261	-11.217009	4.727665	
7572	-51.171875	7.835261	-11.217009	4.727665	
7572	-51.119903	7.890625	-11.188048	4.724611	
7573	-51.119903	7.890625	-11.188048	4.724611	
7573	-51.093750	7.916869	-11.173852	4.723190	
7574	-51.093750	7.916869	-11.173852	4.723190	
7574	-51.048825	7.968750	-11.150791	4.721014	
7575	-51.048825	7.968750	-11.150791	4.721014	
7575	-51.015625	8.007651	-11.134688	4.719604	
7576	-51.015625	8.007651	-11.134688	4.719604	
7576	-50.982579	8.046875	-11.119673	4.718383	
7577	-50.982579	8.046875	-11.119673	4.718383	
7577	-50.937500	8.113326	-11.101743	4.717085	
7578	-50.703371	8.984375	-11.246585	4.162108	
7578	-50.703125	8.975687	-11.245673	4.161758	
7579	-50.703125	8.975687	-11.245673	4.161758	
7579	-50.699753	8.984375	-11.245639	4.161756	
7580	-50.699753	8.984375	-11.245639	4.161756	
7580	-50.625000	9.009636	-11.223574	4.157828	
7581	-50.703371	8.984375	-11.246585	4.162108	
7581	-50.708367	9.062500	-11.257189	4.166247	
7582	-50.708367	9.062500	-11.257189	4.166247	
7582	-50.716504	9.140625	-11.271340	4.171714	
7583	-50.716504	9.140625	-11.271340	4.171714	
7583	-50.727738	9.218750	-11.288728	4.178263	
7584	-50.727738	9.218750	-11.288728	4.178263	
7584	-50.742073	9.296875	-11.309181	4.185756	
7585	-50.742073	9.296875	-11.309181	4.185756	
7585	-50.759537	9.375000	-11.332606	4.194110	
7586	-50.625000	9.009636	-11.223574	4.157828	
7586	-50.595554	9.062500	-11.213669	4.157073	
7587	-50.595554	9.062500	-11.213669	4.157073	
7587	-50.546875	9.123903	-11.193507	4.155368	
7588	-50.546875	9.123903	-11.193507	4.155368	
7588	-50.534146	9.140625	-11.187815	4.154865	
7589	-50.534146	9.140625	-11.187815	4.154865	
7589	-50.473666	9.218750	-11.158864	4.152140	
7590	-50.468750	9.224991	-11.156394	4.151896	
7590	-50.410541	9.296875	-11.126059	4.148768	
7591	-50.390625	9.321143	-11.115310	4.147609	
7591	-50.340930	9.375000	-11.087384	4.144489	
7592	-50.410541	9.296875	-11.126059	4.148768	
7592	-50.390625	9.321143	-11.115310	4.147609	
7593	-50.473666	9.218750	-11.158864	4.152140	
7593	-50.468750	9.224991	-11.156394	4.151896	
7594	-50.340930	9.375000	-11.087384	4.144489	
7594	-50.312500	9.407211	-11.071161	4.142614	
7595	-50.312500	9.407211	-11.071161	4.142614	
7595	-50.265505	9.453125	-11.043298	4.139298	
7596	-50.234375	9.485810	-11.024745	4.137030	
7596	-50.183717	9.531250	-10.993482	4.133109	
7597	-50.265505	9.453125	-11.043298	4.139298	
7597	-50.234375	9.485810	-11.024745	4.137030	
7598	-50.156250	9.558068	-10.976540	4.130938	
7598	-50.094748	9.609375	-10.937391	4.125802	
7599	-50.078125	9.624548	-10.926848	4.124393	
7599	-50.000000	9.685928	-10.875911	4.117441	
7600	-50.094748	9.609375	-10.937391	4.125802	
7600	-50.078125	9.624548	-10.926848	4.124393	
7601	-50.183717	9.531250	-10.993482	4.133109	
7601	-50.156250	9.558068	-10.976540	4.130938	
7602	-50.797761	9.531250	-11.384523	4.211974	
7602	-50.781250	9.457171	-11.360360	4.203758	
7603	-50.759537	9.375000	-11.332606	4.194110	
7603	-50.780179	9.453125	-11.358964	4.203278	
7604	-50.781250	9.457171	-11.360360	4.203758	
7604	-50.780179	9.453125	-11.358964	4.203278	
7605	-50.797761	9.531250	-11.384523	4.211974	
7605	-50.818323	9.609375	-11.412554	4.221320	
7606	-50.818323	9.609375	-11.412554	4.221320	
7606	-50.842272	9.687500	-11.443334	4.231384	
7607	-50.867962	9.765625	-11.475832	4.241817	
7607	-50.859375	9.738698	-11.464739	4.238277	
7608	-50.859375	9.738698	-11.464739	4.238277	
7608	-50.842272	9.687500	-11.443334	4.231384	
7609	-50.867962	9.765625	-11.475832	4.241817	
7609	-50.894004	9.843750	-11.509081	4.252310	
7610	-50.894004	9.843750	-11.509081	4.252310	
7610	-50.923550	9.921875	-11.545122	4.263498	
7611	-50.937500	9.956970	-11.561916	4.268652	
7611	-50.923550	9.921875	-11.545122	4.263498	
7612	-50.954535	10.000000	-11.582573	4.274942	
7612	-50.937500	9.956970	-11.561916	4.268652	
7613	-54.765625	7.704012	-14.153962	5.349059	
7613	-54.818850	7.734375	-14.201926	5.364254	
7614	-54.765625	7.704012	-14.153962	5.349059	
7614	-54.687500	7.663743	-14.084019	5.327404	
7615	-54.843750	7.747418	-14.223961	5.371336	
7615	-54.818850	7.734375	-14.201926	5.364254	
7616	-54.921875	7.793167	-14.293701	5.394202	
7616	-54.843750	7.747418	-14.223961	5.371336	
7617	-54.921875	7.793167	-14.293701	5.394202	
7617	-54.950986	7.812500	-14.320009	5.403020	
7618	-54.609375	7.624742	-14.013782	5.306210	
7618	-54.531250	7.588375	-13.943651	5.285555	
7619	-54.609375	7.624742	-14.013782	5.306210	
7619	-54.671566	7.656250	-14.069848	5.323085	
7620	-54.453125	7.553232	-13.873363	5.265324	
7620	-54.507413	7.578125	-13.922358	5.279378	
7621	-54.453125	7.553232	-13.873363	5.265324	
7621	-54.375000	7.520036	-13.803137	5.245551	
7622	-54.531250	7.588375	-13.943651	5.285555	
7622	-54.507413	7.578125	-13.922358	5.279378	
7623	-54.687500	7.663743	-14.084019	5.327404	
7623	-54.671566	7.656250	-14.069848	5.323085	
7624	-55.000000	7.842144	-14.363237	5.417758	
7624	-54.950986	7.812500	-14.320009	5.403020	
7625	-54.375000	7.520036	-13.803137	5.245551	
7625	-54.324365	7.500000	-13.757773	5.232998	
7626	-55.156250	7.954677	-14.501955	5.467517	
7626	-55.171962	7.968750	-14.516224	5.472888	
7627	-55.000000	7.842144	-14.363237	5.417758	
7627	-55.069139	7.890625	-14.425046	5.439425	
7628	-55.078125	7.896309	-14.432842	5.442212	
7628	-55.069139	7.890625	-14.425046	5.439425	
7629	-55.156250	7.954677	-14.501955	5.467517	
7629	-55.078125	7.896309	-14.432842	5.442212	
7630	-55.234375	8.020097	-14.570824	5.493976	
7630	-55.260651	8.046875	-14.594628	5.503468	
7631	-55.234375	8.020097	-14.570824	5.493976	
7631	-55.171962	7.968750	-14.516224	5.472888	
7632	-55.312500	8.096450	-14.639651	5.522008	
7632	-55.260651	8.046875	-14.594628	5.503468	
7633	-55.312500	8.096450	-14.639651	5.522008	
7633	-55.336074	8.125000	-14.661072	5.531142	
7634	-55.390625	8.191184	-14.708787	5.552380	
7634	-55.398514	8.203125	-14.716010	5.555723	
7635	-55.390625	8.191184	-14.708787	5.552380	
7635	-55.336074	8.125000	-14.661072	5.531142	
7636	-55.398514	8.203125	-14.716010	5.555723	
7636	-55.447714	8.281250	-14.759703	5.576877	
7637	-55.468750	8.321550	-14.778389	5.586552	
7637	-55.447714	8.281250	-14.759703	5.576877	
7638	-55.468750	8.321550	-14.778389	5.586552	
7638	-55.487056	8.359375	-14.794050	5.595066	
7639	-55.487056	8.359375	-14.794050	5.595066	
7639	-55.516987	8.437500	-14.818968	5.609754	
7640	-55.625000	8.513296	-14.858603	5.623796	
7640	-55.619584	8.515625	-14.856569	5.623625	
7641	-55.516987	8.437500	-14.818968	5.609754	
7641	-55.535031	8.515625	-14.833418	5.619556	
7642	-55.546875	8.569016	-14.837792	5.622781	
7642	-55.535031	8.515625	-14.833418	5.619556	
7643	-55.619584	8.515625	-14.856569	5.623625	
7643	-55.546875	8.569016	-14.837792	5.622781	
7644	-55.859375	8.480643	-14.984742	5.640933	
7644	-55.931283	8.515625	-15.034690	5.649688	
7645	-55.859375	8.480643	-14.984742	5.640933	
7645	-55.781250	8.466789	-14.935826	5.633278	
7646	-55.937500	8.519234	-15.039169	5.650518	
7646	-55.931283	8.515625	-15.034690	5.649688	
7647	-55.781250	8.466789	-14.935826	5.633278	
7647	-55.703125	8.474646	-14.892979	5.627473	
7648	-55.703125	8.474646	-14.892979	5.627473	
7648	-55.625000	8.513296	-14.858603	5.623796	
7649	-56.015625	8.588390	-15.099501	5.662445	
7649	-55.937500	8.519234	-15.039169	5.650518	
7650	-56.015625	8.588390	-15.099501	5.662445	
7650	-56.020511	8.593750	-15.103471	5.663282	
7651	-56.020511	8.593750	-15.103471	5.663282	
7651	-56.072848	8.671875	-15.149374	5.673505	
7652	-56.093750	8.724869	-15.171320	5.678809	
7652	-56.072848	8.671875	-15.149374	5.673505	
7653	-56.093750	8.724869	-15.171320	5.678809	
7653	-56.104419	8.750000	-15.182294	5.681585	
7654	-56.104419	8.750000	-15.182294	5.681585	
7654	-56.125053	8.828125	-15.208645	5.688668	
7655	-56.125053	8.828125	-15.208645	5.688668	
7655	-56.135499	8.906250	-15.229086	5.694688	
7656	-56.135499	8.906250	-15.229086	5.694688	
7656	-56.139401	8.984375	-15.246109	5.700176	
7657	-56.139401	8.984375	-15.246109	5.700176	
7657	-56.139646	9.062500	-15.261572	5.705627	
7658	-56.139646	9.062500	-15.261572	5.705627	
7658	-56.138795	9.140625	-15.276921	5.711535	
7659	-56.138795	9.140625	-15.276921	5.711535	
7659	-56.139026	9.218750	-15.293132	5.718328	
7660	-56.139026	9.218750	-15.293132	5.718328	
7660	-56.141799	9.296875	-15.310578	5.726260	
7661	-56.141799	9.296875	-15.310578	5.726260	
7661	-56.147625	9.375000	-15.328999	5.735333	
7662	-56.147625	9.375000	-15.328999	5.735333	
7662	-56.156124	9.453125	-15.347667	5.745300	
7663	-56.156124	9.453125	-15.347667	5.745300	
7663	-56.166303	9.531250	-15.365618	5.755744	
7664	-56.171875	9.569428	-15.373928	5.760934	
7664	-56.180550	9.609375	-15.382734	5.766751	
7665	-56.171875	9.569428	-15.373928	5.760934	
7665	-56.166303	9.531250	-15.365618	5.755744	
7666	-56.180550	9.609375	-15.382734	5.766751	
7666	-56.200045	9.687500	-15.397780	5.777801	
7667	-56.200045	9.687500	-15.397780	5.777801	
7667	-56.221307	9.765625	-15.408223	5.787274	
7668	-56.221307	9.765625	-15.408223	5.787274	
7668	-56.246980	9.843750	-15.412098	5.793441	
7669	-56.250000	9.850066	-15.412043	5.793679	
7669	-56.246980	9.843750	-15.412098	5.793441	
7670	-57.109375	9.171734	-15.896011	5.781703	
7670	-57.031250	9.200759	-15.836191	5.780248	
7671	-57.187500	9.149345	-15.957419	5.783477	
7671	-57.109375	9.171734	-15.896011	5.781703	
7672	-57.031250	9.200759	-15.836191	5.780248	
7672	-56.992873	9.218750	-15.807449	5.779649	
7673	-56.992873	9.218750	-15.807449	5.779649	
7673	-56.953125	9.235494	-15.778092	5.779107	
7674	-56.953125	9.235494	-15.778092	5.779107	
7674	-56.875000	9.276938	-15.721929	5.778287	
7675	-57.500000	9.104913	-16.216428	5.793968	
7675	-57.421875	9.109100	-16.149814	5.790809	
7676	-57.421875	9.109100	-16.149814	5.790809	
7676	-57.343750	9.117793	-16.084399	5.788017	
7677	-57.343750	9.117793	-16.084399	5.788017	
7677	-57.265625	9.131368	-16.020249	5.785578	
7678	-57.265625	9.131368	-16.020249	5.785578	
7678	-57.227559	9.140625	-15.989493	5.784513	
7679	-57.227559	9.140625	-15.989493	5.784513	
7679	-57.187500	9.149345	-15.957419	5.783477	
7680	-56.875000	9.276938	-15.721929	5.778287	
7680	-56.844740	9.296875	-15.700763	5.778059	
7681	-56.796875	9.325442	-15.667967	5.777810	
7681	-56.731501	9.375000	-15.624752	5.777712	
7682	-56.844740	9.296875	-15.700763	5.778059	
7682	-56.796875	9.325442	-15.667967	5.777810	
7683	-56.731501	9.375000	-15.624752	5.777712	
7683	-56.718750	9.383705	-15.616552	5.777729	
7684	-56.718750	9.383705	-15.616552	5.777729	
7684	-56.640625	9.450188	-15.568112	5.778139	
7685	-56.640625	9.450188	-15.568112	5.778139	
7685	-56.637673	9.453125	-15.566344	5.778166	
7686	-56.637673	9.453125	-15.566344	5.778166	
7686	-56.562500	9.523685	-15.523279	5.779196	
7687	-56.562500	9.523685	-15.523279	5.779196	
7687	-56.555493	9.531250	-15.519451	5.779331	
7688	-56.555493	9.531250	-15.519451	5.779331	
7688	-56.484375	9.605662	-15.482933	5.781135	
7689	-56.484375	9.605662	-15.482933	5.781135	
7689	-56.481035	9.609375	-15.481326	5.781242	
7690	-56.481035	9.609375	-15.481326	5.781242	
7690	-56.410797	9.687500	-15.450401	5.784027	
7691	-56.410797	9.687500	-15.450401	5.784027	
7691	-56.406250	9.692356	-15.448621	5.784243	
7692	-56.406250	9.692356	-15.448621	5.784243	
7692	-56.339676	9.765625	-15.426275	5.787970	
7693	-56.328125	9.779941	-15.423163	5.788741	
7693	-56.253976	9.843750	-15.412249	5.793330	
7694	-56.339676	9.765625	-15.426275	5.787970	
7694	-56.328125	9.779941	-15.423163	5.788741	
7695	-56.253976	9.843750	-15.412249	5.793330	
7695	-56.250000	9.850066	-15.412043	5.793679	
7696	-58.203125	9.262864	-16.866285	5.841760	
7696	-58.267290	9.296875	-16.930338	5.848185	
7697	-58.203125	9.262864	-16.866285	5.841760	
7697	-58.125000	9.226855	-16.789513	5.834477	
7698	-58.281250	9.304634	-16.944379	5.849637	
7698	-58.267290	9.296875	-16.930338	5.848185	
7699	-58.359375	9.352252	-17.023857	5.858146	
7699	-58.281250	9.304634	-16.944379	5.849637	
7700	-58.359375	9.352252	-17.023857	5.858146	
7700	-58.393279	9.375000	-17.058822	5.862050	
7701	-57.812500	9.131050	-16.494140	5.810591	
7701	-57.734375	9.118050	-16.423060	5.805803	
7702	-57.734375	9.118050	-16.423060	5.805803	
7702	-57.656250	9.109409	-16.353076	5.801449	
7703	-57.656250	9.109409	-16.353076	5.801449	
7703	-57.578125	9.105038	-16.284192	5.797509	
7704	-57.578125	9.105038	-16.284192	5.797509	
7704	-57.500000	9.104913	-16.216428	5.793968	
7705	-58.046875	9.195708	-16.713941	5.827745	
7705	-57.968750	9.169495	-16.639546	5.821538	
7706	-58.046875	9.195708	-16.713941	5.827745	
7706	-58.105101	9.218750	-16.770176	5.832713	
7707	-57.812500	9.131050	-16.494140	5.810591	
7707	-57.856136	9.140625	-16.534346	5.813462	
7708	-57.890625	9.148184	-16.566301	5.815829	
7708	-57.856136	9.140625	-16.534346	5.813462	
7709	-57.968750	9.169495	-16.639546	5.821538	
7709	-57.890625	9.148184	-16.566301	5.815829	
7710	-58.125000	9.226855	-16.789513	5.834477	
7710	-58.105101	9.218750	-16.770176	5.832713	
7711	-58.437500	9.406599	-17.104877	5.867343	
7711	-58.497374	9.453125	-17.168102	5.874897	
7712	-58.515625	9.468404	-17.187607	5.877295	
7712	-58.497374	9.453125	-17.168102	5.874897	
7713	-58.515625	9.468404	-17.187607	5.877295	
7713	-58.585995	9.531250	-17.263773	5.886973	
7714	-58.593750	9.538795	-17.272293	5.888087	
7714	-58.585995	9.531250	-17.263773	5.886973	
7715	-58.593750	9.538795	-17.272293	5.888087	
7715	-58.662868	9.609375	-17.349105	5.898423	
7716	-58.671875	9.619501	-17.359300	5.899835	
7716	-58.662868	9.609375	-17.349105	5.898423	
7717	-58.671875	9.619501	-17.359300	5.899835	
7717	-58.730296	9.687500	-17.426119	5.909332	
7718	-58.437500	9.406599	-17.104877	5.867343	
7718	-58.393279	9.375000	-17.058822	5.862050	
7719	-58.750000	9.713011	-17.449172	5.912707	
7719	-58.730296	9.687500	-17.426119	5.909332	
7720	-58.750000	9.713011	-17.449172	5.912707	
7720	-58.789712	9.765625	-17.496062	5.919734	
7721	-58.828125	9.822813	-17.542707	5.926945	
7721	-58.789712	9.765625	-17.496062	5.919734	
7722	-58.828125	9.822813	-17.542707	5.926945	
7722	-58.842005	9.843750	-17.559692	5.929627	
7723	-58.842005	9.843750	-17.559692	5.929627	
7723	-58.888349	9.921875	-17.618084	5.939085	
7724	-58.906250	9.956161	-17.641484	5.942982	
7724	-58.888349	9.921875	-17.618084	5.939085	
7725	-58.906250	9.956161	-17.641484	5.942982	
7725	-58.929172	10.000000	-17.671595	5.948090	
7726	-47.428352	0.000000	-7.073228	3.640539	
7726	-47.421875	0.009381	-7.068442	3.640075	
7727	-47.421875	0.009381	-7.068442	3.640075	
7727	-47.375843	0.078125	-7.034669	3.636769	
7728	-47.375843	0.078125	-7.034669	3.636769	
7728	-47.343750	0.131238	-7.011649	3.634479	
7729	-47.343750	0.131238	-7.011649	3.634479	
7729	-47.329047	0.156250	-7.001187	3.633427	
7730	-47.329047	0.156250	-7.001187	3.633427	
7730	-47.287060	0.234375	-6.971994	3.630455	
7731	-47.265625	0.278520	-6.957530	3.628960	
7731	-47.249484	0.312500	-6.946737	3.627834	
7732	-47.287060	0.234375	-6.971994	3.630455	
7732	-47.265625	0.278520	-6.957530	3.628960	
7733	-47.187500	0.464086	-6.907513	3.623655	
7733	-47.185737	0.468750	-6.906438	3.623538	
7734	-47.185737	0.468750	-6.906438	3.623538	
7734	-47.158737	0.546875	-6.890674	3.621811	
7735	-47.158737	0.546875	-6.890674	3.621811	
7735	-47.134826	0.625000	-6.877690	3.620363	
7736	-47.249484	0.312500	-6.946737	3.627834	
7736	-47.215763	0.390625	-6.924933	3.625529	
7737	-47.215763	0.390625	-6.924933	3.625529	
7737	-47.187500	0.464086	-6.907513	3.623655	
7738	-47.134826	0.625000	-6.877690	3.620363	
7738	-47.113742	0.703125	-6.867259	3.619179	
7739	-47.109375	0.721266	-6.865308	3.618955	
7739	-47.095100	0.781250	-6.859050	3.618232	
7740	-47.113742	0.703125	-6.867259	3.619179	
7740	-47.109375	0.721266	-6.865308	3.618955	
7741	-47.095100	0.781250	-6.859050	3.618232	
7741	-47.078862	0.859375	-6.853027	3.617524	
7742	-47.078862	0.859375	-6.853027	3.617524	
7742	-47.064916	0.937500	-6.849092	3.617055	
7743	-47.064916	0.937500	-6.849092	3.617055	
7743	-47.053121	1.015625	-6.847126	3.616816	
7744	-47.053121	1.015625	-6.847126	3.616816	
7744	-47.043359	1.093750	-6.847024	3.616804	
7745	-47.031250	1.227395	-6.851067	3.617316	
7745	-47.029519	1.250000	-6.852059	3.617443	
7746	-47.043359	1.093750	-6.847024	3.616804	
7746	-47.035526	1.171875	-6.848698	3.617014	
7747	-47.035526	1.171875	-6.848698	3.617014	
7747	-47.031250	1.227395	-6.851067	3.617316	
7748	-47.029519	1.250000	-6.852059	3.617443	
7748	-47.025256	1.328125	-6.857037	3.618088	
7749	-47.025256	1.328125	-6.857037	3.618088	
7749	-47.022709	1.406250	-6.863607	3.618953	
7750	-47.022709	1.406250	-6.863607	3.618953	
7750	-47.021820	1.484375	-6.871718	3.620039	
7751	-47.021820	1.484375	-6.871718	3.620039	
7751	-47.022536	1.562500	-6.881327	3.621345	
7752	-47.022536	1.562500	-6.881327	3.621345	
7752	-47.024815	1.640625	-6.892395	3.622873	
7753	-47.024815	1.640625	-6.892395	3.622873	
7753	-47.028617	1.718750	-6.904890	3.624625	
7754	-47.031250	1.757444	-6.911764	3.625600	
7754	-47.028617	1.718750	-6.904890	3.624625	
7755	-47.031250	1.757444	-6.911764	3.625600	
7755	-47.033892	1.796875	-6.918769	3.626601	
7756	-47.033892	1.796875	-6.918769	3.626601	
7756	-47.040605	1.875000	-6.934001	3.628803	
7757	-47.040605	1.875000	-6.934001	3.628803	
7757	-47.048752	1.953125	-6.950581	3.631237	
7758	-47.048752	1.953125	-6.950581	3.631237	
7758	-47.058313	2.031250	-6.968494	3.633907	
7759	-47.058313	2.031250	-6.968494	3.633907	
7759	-47.069272	2.109375	-6.987724	3.636816	
7760	-47.069272	2.109375	-6.987724	3.636816	
7760	-47.081616	2.187500	-7.008261	3.639969	
7761	-47.081616	2.187500	-7.008261	3.639969	
7761	-47.095335	2.265625	-7.030095	3.643371	
7762	-47.109375	2.338309	-7.051609	3.646770	
7762	-47.095335	2.265625	-7.030095	3.643371	
7763	-47.109375	2.338309	-7.051609	3.646770	
7763	-47.110416	2.343750	-7.053215	3.647026	
7764	-47.110416	2.343750	-7.053215	3.647026	
7764	-47.126786	2.421875	-7.077559	3.650931	
7765	-47.126786	2.421875	-7.077559	3.650931	
7765	-47.144515	2.500000	-7.103184	3.655101	
7766	-47.187500	2.668568	-7.162921	3.665045	
7766	-47.205793	2.734375	-7.187686	3.669254	
7767	-47.205793	2.734375	-7.187686	3.669254	
7767	-47.228890	2.812500	-7.218371	3.674536	
7768	-47.144515	2.500000	-7.103184	3.655101	
7768	-47.163604	2.578125	-7.130090	3.659542	
7769	-47.163604	2.578125	-7.130090	3.659542	
7769	-47.184053	2.656250	-7.158278	3.664261	
7770	-47.187500	2.668568	-7.162921	3.665045	
7770	-47.184053	2.656250	-7.158278	3.664261	
7771	-47.228890	2.812500	-7.218371	3.674536	
7771	-47.253368	2.890625	-7.250352	3.680118	
7772	-47.265625	2.927609	-7.266100	3.682894	
7772	-47.253368	2.890625	-7.250352	3.680118	
7773	-47.265625	2.927609	-7.266100	3.682894	
7773	-47.279188	2.968750	-7.283593	3.685999	
7774	-47.279188	2.968750	-7.283593	3.685999	
7774	-47.306366	3.046875	-7.318107	3.692189	
7775	-47.306366	3.046875	-7.318107	3.692189	
7775	-47.334966	3.125000	-7.353947	3.698704	
7776	-47.343750	3.147834	-7.364803	3.700694	
7776	-47.364930	3.203125	-7.391062	3.705540	
7777	-47.364930	3.203125	-7.391062	3.705540	
7777	-47.396322	3.281250	-7.429503	3.712715	
7778	-47.343750	3.147834	-7.364803	3.700694	
7778	-47.334966	3.125000	-7.353947	3.698704	
7779	-47.421875	3.341968	-7.460437	3.718557	
7779	-47.429174	3.359375	-7.469297	3.720241	
7780	-47.421875	3.341968	-7.460437	3.718557	
7780	-47.396322	3.281250	-7.429503	3.712715	
7781	-47.429174	3.359375	-7.469297	3.720241	
7781	-47.463438	3.437500	-7.510400	3.728115	
7782	-47.463438	3.437500	-7.510400	3.728115	
7782	-47.499246	3.515625	-7.552920	3.736366	
7783	-47.500000	3.517203	-7.553806	3.736540	
7783	-47.499246	3.515625	-7.552920	3.736366	
7784	-47.500000	3.517203	-7.553806	3.736540	
7784	-47.536486	3.593750	-7.596763	3.744984	
7785	-47.536486	3.593750	-7.596763	3.744984	
7785	-47.575332	3.671875	-7.642070	3.754002	
7786	-47.578125	3.677268	-7.645294	3.754649	
7786	-47.575332	3.671875	-7.642070	3.754002	
7787	-47.578125	3.677268	-7.645294	3.754649	
7787	-47.615672	3.750000	-7.688744	3.763411	
7788	-47.656250	3.825450	-7.735284	3.772908	
7788	-47.657684	3.828125	-7.736932	3.773246	
7789	-47.657684	3.828125	-7.736932	3.773246	
7789	-47.701241	3.906250	-7.786524	3.783494	
7790	-47.656250	3.825450	-7.735284	3.772908	
7790	-47.615672	3.750000	-7.688744	3.763411	
7791	-47.734375	3.963362	-7.823926	3.791306	
7791	-47.746524	3.984375	-7.837668	3.794194	
7792	-47.734375	3.963362	-7.823926	3.791306	
7792	-47.701241	3.906250	-7.786524	3.783494	
7793	-47.746524	3.984375	-7.837668	3.794194	
7793	-47.793472	4.062500	-7.890308	3.805342	
7794	-47.812500	4.092965	-7.911463	3.809860	
7794	-47.793472	4.062500	-7.890308	3.805342	
7795	-47.812500	4.092965	-7.911463	3.809860	
7795	-47.842154	4.140625	-7.944497	3.816958	
7796	-47.890625	4.215577	-7.998051	3.828575	
7796	-47.842154	4.140625	-7.944497	3.816958	
7797	-47.890625	4.215577	-7.998051	3.828575	
7797	-47.892668	4.218750	-8.000313	3.829069	
7798	-47.892668	4.218750	-8.000313	3.829069	
7798	-47.944893	4.296875	-8.057650	3.841659	
7799	-47.968750	4.331226	-8.083632	3.847414	
7799	-47.944893	4.296875	-8.057650	3.841659	
7800	-47.968750	4.331226	-8.083632	3.847414	
7800	-47.999000	4.375000	-8.116644	3.854769	
7801	-48.046875	4.441696	-8.168473	3.866416	
7801	-48.055033	4.453125	-8.177324	3.868416	
7802	-48.046875	4.441696	-8.168473	3.866416	
7802	-47.999000	4.375000	-8.116644	3.854769	
7803	-48.055033	4.453125	-8.177324	3.868416	
7803	-48.112918	4.531250	-8.239624	3.882594	
7804	-48.125000	4.546951	-8.252525	3.885551	
7804	-48.112918	4.531250	-8.239624	3.882594	
7805	-48.125000	4.546951	-8.252525	3.885551	
7805	-48.172709	4.609375	-8.303581	3.897323	
7806	-48.203125	4.647687	-8.335875	3.904825	
7806	-48.172709	4.609375	-8.303581	3.897323	
7807	-48.203125	4.647687	-8.335875	3.904825	
7807	-48.234485	4.687500	-8.369252	3.912626	
7808	-48.281250	4.744655	-8.418632	3.924250	
7808	-48.298255	4.765625	-8.436633	3.928513	
7809	-48.359375	4.838189	-8.500829	3.943823	
7809	-48.298255	4.765625	-8.436633	3.928513	
7810	-48.359375	4.838189	-8.500829	3.943823	
7810	-48.364012	4.843750	-8.505712	3.944994	
7811	-48.281250	4.744655	-8.418632	3.924250	
7811	-48.234485	4.687500	-8.369252	3.912626	
7812	-48.364012	4.843750	-8.505712	3.944994	
7812	-48.431665	4.921875	-8.576404	3.962060	
7813	-48.437500	4.928356	-8.582452	3.963529	
7813	-48.431665	4.921875	-8.576404	3.962060	
7814	-48.437500	4.928356	-8.582452	3.963529	
7814	-48.501207	5.000000	-8.648689	3.979717	
7815	-48.750000	5.263723	-8.904372	4.043830	
7815	-48.797454	5.312500	-8.952847	4.056274	
7816	-48.906250	5.420458	-9.063159	4.084935	
7816	-48.954812	5.468750	-9.112405	4.097884	
7817	-48.828125	5.342789	-8.983918	4.064298	
7817	-48.875494	5.390625	-9.032122	4.076823	
7818	-48.828125	5.342789	-8.983918	4.064298	
7818	-48.797454	5.312500	-8.952847	4.056274	
7819	-48.906250	5.420458	-9.063159	4.084935	
7819	-48.875494	5.390625	-9.032122	4.076823	
7820	-48.984375	5.496980	-9.142129	4.105746	
7820	-49.035204	5.546875	-9.193510	4.119419	
7821	-48.984375	5.496980	-9.142129	4.105746	
7821	-48.954812	5.468750	-9.112405	4.097884	
7822	-49.062500	5.572598	-9.220863	4.126741	
7822	-49.035204	5.546875	-9.193510	4.119419	
7823	-49.062500	5.572598	-9.220863	4.126741	
7823	-49.116436	5.625000	-9.275229	4.141381	
7824	-49.218750	5.722100	-9.377762	4.169316	
7824	-49.280356	5.781250	-9.439575	4.186363	
7825	-49.140625	5.647557	-9.299396	4.147927	
7825	-49.198248	5.703125	-9.357333	4.163716	
7826	-49.140625	5.647557	-9.299396	4.147927	
7826	-49.116436	5.625000	-9.275229	4.141381	
7827	-49.218750	5.722100	-9.377762	4.169316	
7827	-49.198248	5.703125	-9.357333	4.163716	
7828	-49.296875	5.796470	-9.455997	4.190918	
7828	-49.362462	5.859375	-9.521695	4.209254	
7829	-49.296875	5.796470	-9.455997	4.190918	
7829	-49.280356	5.781250	-9.439575	4.186363	
7830	-49.375000	5.870916	-9.534136	4.212746	
7830	-49.362462	5.859375	-9.521695	4.209254	
7831	-49.375000	5.870916	-9.534136	4.212746	
7831	-49.444252	5.937500	-9.603423	4.232316	
7832	-49.531250	6.021052	-9.690273	4.257136	
7832	-49.605619	6.093750	-9.764626	4.278647	
7833	-49.453125	5.945689	-9.612216	4.234814	
7833	-49.525409	6.015625	-9.684489	4.255473	
7834	-49.453125	5.945689	-9.612216	4.234814	
7834	-49.444252	5.937500	-9.603423	4.232316	
7835	-49.531250	6.021052	-9.690273	4.257136	
7835	-49.525409	6.015625	-9.684489	4.255473	
7836	-49.609375	6.097279	-9.768344	4.279729	
7836	-49.684579	6.171875	-9.843578	4.301759	
7837	-49.609375	6.097279	-9.768344	4.279729	
7837	-49.605619	6.093750	-9.764626	4.278647	
7838	-49.687500	6.174663	-9.846471	4.302611	
7838	-49.684579	6.171875	-9.843578	4.301759	
7839	-49.687500	6.174663	-9.846471	4.302611	
7839	-49.762005	6.250000	-9.921106	4.324733	
7840	-48.593750	5.100387	-8.744228	4.003373	
7840	-48.645893	5.156250	-8.797939	4.016830	
7841	-48.515625	5.015594	-8.663561	3.983376	
7841	-48.572640	5.078125	-8.722558	3.997976	
7842	-48.515625	5.015594	-8.663561	3.983376	
7842	-48.501207	5.000000	-8.648689	3.979717	
7843	-48.593750	5.100387	-8.744228	4.003373	
7843	-48.572640	5.078125	-8.722558	3.997976	
7844	-48.671875	5.183008	-8.824487	4.023523	
7844	-48.720871	5.234375	-8.874740	4.036268	
7845	-48.671875	5.183008	-8.824487	4.023523	
7845	-48.645893	5.156250	-8.797939	4.016830	
7846	-48.750000	5.263723	-8.904372	4.043830	
7846	-48.720871	5.234375	-8.874740	4.036268	
7847	-49.843750	6.334239	-10.003068	4.349331	
7847	-49.911257	6.406250	-10.071056	4.369984	
7848	-49.765625	6.253528	-9.924696	4.325804	
7848	-49.837639	6.328125	-9.996995	4.347497	
7849	-49.765625	6.253528	-9.924696	4.325804	
7849	-49.762005	6.250000	-9.921106	4.324733	
7850	-49.843750	6.334239	-10.003068	4.349331	
7850	-49.837639	6.328125	-9.996995	4.347497	
7851	-49.921875	6.417225	-10.081644	4.373221	
7851	-49.982663	6.484375	-10.143127	4.392132	
7852	-49.921875	6.417225	-10.081644	4.373221	
7852	-49.911257	6.406250	-10.071056	4.369984	
7853	-50.000000	6.503008	-10.160496	4.397511	
7853	-49.982663	6.484375	-10.143127	4.392132	
7854	-50.000000	9.685928	-10.875911	4.117441	
7854	-49.997703	9.687500	-10.874380	4.117229	
7855	-49.531250	9.986890	-10.554027	4.068906	
7855	-49.504919	10.000000	-10.535231	4.065853	
7856	-49.687500	9.898731	-10.663873	4.086284	
7856	-49.645679	9.921875	-10.634496	4.081715	
7857	-49.609375	9.944049	-10.609196	4.077733	
7857	-49.531250	9.986890	-10.554027	4.068906	
7858	-49.645679	9.921875	-10.634496	4.081715	
7858	-49.609375	9.944049	-10.609196	4.077733	
7859	-49.997703	9.687500	-10.874380	4.117229	
7859	-49.921875	9.745364	-10.824190	4.110155	
7860	-49.921875	9.745364	-10.824190	4.110155	
7860	-49.890973	9.765625	-10.803251	4.107145	
7861	-49.890973	9.765625	-10.803251	4.107145	
7861	-49.843750	9.799967	-10.771492	4.102515	
7862	-49.843750	9.799967	-10.771492	4.102515	
7862	-49.774434	9.843750	-10.723897	4.095437	
7863	-49.774434	9.843750	-10.723897	4.095437	
7863	-49.765625	9.849887	-10.717895	4.094534	
7864	-49.765625	9.849887	-10.717895	4.094534	
7864	-49.687500	9.898731	-10.663873	4.086284	
7865	-49.504919	10.000000	-10.535231	4.065853	
7865	-49.453125	10.028376	-10.498544	4.059829	
7866	-49.453125	10.028376	-10.498544	4.059829	
7866	-49.375000	10.067322	-10.442626	4.050483	
7867	-49.375000	10.067322	-10.442626	4.050483	
7867	-49.351527	10.078125	-10.425690	4.047613	
7868	-49.296875	10.105674	-10.386556	4.040913	
7868	-49.218750	10.142152	-10.330186	4.031094	
7869	-49.351527	10.078125	-10.425690	4.047613	
7869	-49.296875	10.105674	-10.386556	4.040913	
7870	-49.218750	10.142152	-10.330186	4.031094	
7870	-49.186530	10.156250	-10.306799	4.026962	
7871	-49.186530	10.156250	-10.306799	4.026962	
7871	-49.140625	10.178140	-10.273729	4.021060	
7872	-49.140625	10.178140	-10.273729	4.021060	
7872	-49.062500	10.213274	-10.217154	4.010804	
7873	-48.906250	10.282576	-10.103961	3.989681	
7873	-48.836972	10.312500	-10.053723	3.980045	
7874	-49.062500	10.213274	-10.217154	4.010804	
7874	-49.013243	10.234375	-10.181344	4.004209	
7875	-48.984375	10.247786	-10.160515	4.000336	
7875	-48.906250	10.282576	-10.103961	3.989681	
7876	-49.013243	10.234375	-10.181344	4.004209	
7876	-48.984375	10.247786	-10.160515	4.000336	
7877	-48.836972	10.312500	-10.053723	3.980045	
7877	-48.828125	10.316625	-10.047359	3.978812	
7878	-48.828125	10.316625	-10.047359	3.978812	
7878	-48.750000	10.352041	-9.991048	3.967795	
7879	-48.281250	10.583691	-9.659046	3.898520	
7879	-48.209085	10.625000	-9.609458	3.887501	
7880	-48.437500	10.500155	-9.768024	3.922100	
7880	-48.359375	10.540503	-9.713197	3.910344	
7881	-48.359375	10.540503	-9.713197	3.910344	
7881	-48.347176	10.546875	-9.704665	3.908495	
7882	-48.347176	10.546875	-9.704665	3.908495	
7882	-48.281250	10.583691	-9.659046	3.898520	
7883	-48.750000	10.352041	-9.991048	3.967795	
7883	-48.671875	10.386995	-9.934765	3.956578	
7884	-48.671875	10.386995	-9.934765	3.956578	
7884	-48.663653	10.390625	-9.928841	3.955384	
7885	-48.663653	10.390625	-9.928841	3.955384	
7885	-48.593750	10.423795	-9.878893	3.945234	
7886	-48.515625	10.460911	-9.823207	3.933720	
7886	-48.499140	10.468750	-9.811477	3.931268	
7887	-48.593750	10.423795	-9.878893	3.945234	
7887	-48.515625	10.460911	-9.823207	3.933720	
7888	-48.499140	10.468750	-9.811477	3.931268	
7888	-48.437500	10.500155	-9.768024	3.922100	
7889	-48.125000	10.677323	-9.552669	3.874651	
7889	-48.084811	10.703125	-9.525772	3.868475	
7890	-48.046875	10.729123	-9.500745	3.862676	
7890	-47.973237	10.781250	-9.452667	3.851386	
7891	-48.084811	10.703125	-9.525772	3.868475	
7891	-48.046875	10.729123	-9.500745	3.862676	
7892	-47.968750	10.784641	-9.449785	3.850703	
7892	-47.890625	10.845452	-9.400125	3.838815	
7893	-47.890625	10.845452	-9.400125	3.838815	
7893	-47.873345	10.859375	-9.389276	3.836187	
7894	-47.873345	10.859375	-9.389276	3.836187	
7894	-47.812500	10.911805	-9.351865	3.827039	
7895	-47.973237	10.781250	-9.452667	3.851386	
7895	-47.968750	10.784641	-9.449785	3.850703	
7896	-47.812500	10.911805	-9.351865	3.827039	
7896	-47.783731	10.937500	-9.334432	3.822728	
7897	-47.783731	10.937500	-9.334432	3.822728	
7897	-47.734375	10.984733	-9.305265	3.815444	
7898	-47.734375	10.984733	-9.305265	3.815444	
7898	-47.703232	11.015625	-9.287165	3.810877	
7899	-47.703232	11.015625	-9.287165	3.810877	
7899	-47.656250	11.065696	-9.260684	3.804126	
7900	-47.656250	11.065696	-9.260684	3.804126	
7900	-47.630851	11.093750	-9.246641	3.800511	
7901	-47.630851	11.093750	-9.246641	3.800511	
7901	-47.578125	11.156554	-9.218585	3.793211	
7902	-47.578125	11.156554	-9.218585	3.793211	
7902	-47.565709	11.171875	-9.212124	3.791514	
7903	-47.565709	11.171875	-9.212124	3.791514	
7903	-47.507149	11.250000	-9.183060	3.783805	
7904	-48.209085	10.625000	-9.609458	3.887501	
7904	-48.203125	10.628643	-9.605411	3.886594	
7905	-48.203125	10.628643	-9.605411	3.886594	
7905	-48.125000	10.677323	-9.552669	3.874651	
7906	-47.507149	11.250000	-9.183060	3.783805	
7906	-47.500000	11.260332	-9.179701	3.782905	
7907	-47.500000	11.260332	-9.179701	3.782905	
7907	-47.454674	11.328125	-9.159021	3.777322	
7908	-47.421875	11.381871	-9.145201	3.773544	
7908	-47.407487	11.406250	-9.139355	3.771934	
7909	-47.454674	11.328125	-9.159021	3.777322	
7909	-47.421875	11.381871	-9.145201	3.773544	
7910	-47.343750	11.528940	-9.116974	3.765688	
7910	-47.327950	11.562500	-9.112213	3.764340	
7911	-47.407487	11.406250	-9.139355	3.771934	
7911	-47.365415	11.484375	-9.123893	3.767634	
7912	-47.365415	11.484375	-9.123893	3.767634	
7912	-47.343750	11.528940	-9.116974	3.765688	
7913	-47.327950	11.562500	-9.112213	3.764340	
7913	-47.294924	11.640625	-9.104155	3.762036	
7914	-47.294924	11.640625	-9.104155	3.762036	
7914	-47.265839	11.718750	-9.099312	3.760633	
7915	-47.265839	11.718750	-9.099312	3.760633	
7915	-47.265625	11.719402	-9.099294	3.760628	
7916	-47.265625	11.719402	-9.099294	3.760628	
7916	-47.240914	11.796875	-9.097818	3.760196	
7917	-47.240914	11.796875	-9.097818	3.760196	
7917	-47.219623	11.875000	-9.099250	3.760623	
7918	-47.219623	11.875000	-9.099250	3.760623	
7918	-47.201870	11.953125	-9.103509	3.761904	
7919	-47.201870	11.953125	-9.103509	3.761904	
7919	-47.187578	12.031250	-9.110510	3.764033	
7920	-47.187578	12.031250	-9.110510	3.764033	
7920	-47.187500	12.031803	-9.110578	3.764053	
7921	-47.187500	12.031803	-9.110578	3.764053	
7921	-47.176811	12.109375	-9.120274	3.767034	
7922	-47.176811	12.109375	-9.120274	3.767034	
7922	-47.169352	12.187500	-9.132614	3.770865	
7923	-47.169352	12.187500	-9.132614	3.770865	
7923	-47.165175	12.265625	-9.147481	3.775528	
7924	-47.165175	12.265625	-9.147481	3.775528	
7924	-47.164268	12.343750	-9.164842	3.781025	
7925	-47.164268	12.343750	-9.164842	3.781025	
7925	-47.166638	12.421875	-9.184672	3.787361	
7926	-47.166638	12.421875	-9.184672	3.787361	
7926	-47.172308	12.500000	-9.206960	3.794545	
7927	-47.187500	12.616714	-9.245182	3.806995	
7927	-47.193771	12.656250	-9.258950	3.811515	
7928	-47.193771	12.656250	-9.258950	3.811515	
7928	-47.209710	12.734375	-9.288693	3.821334	
7929	-47.209710	12.734375	-9.288693	3.821334	
7929	-47.229205	12.812500	-9.320952	3.832060	
7930	-47.172308	12.500000	-9.206960	3.794545	
7930	-47.181324	12.578125	-9.231709	3.802590	
7931	-47.187500	12.616714	-9.245182	3.806995	
7931	-47.181324	12.578125	-9.231709	3.802590	
7932	-47.229205	12.812500	-9.320952	3.832060	
7932	-47.252386	12.890625	-9.355782	3.843719	
7933	-47.265625	12.928649	-9.374092	3.849877	
7933	-47.252386	12.890625	-9.355782	3.843719	
7934	-47.265625	12.928649	-9.374092	3.849877	
7934	-47.279340	12.968750	-9.393210	3.856327	
7935	-47.279340	12.968750	-9.393210	3.856327	
7935	-47.310106	13.046875	-9.433223	3.869887	
7936	-47.343750	13.122353	-9.474507	3.883954	
7936	-47.310106	13.046875	-9.433223	3.869887	
7937	-47.343750	13.122353	-9.474507	3.883954	
7937	-47.344900	13.125000	-9.475933	3.884441	
7938	-47.344900	13.125000	-9.475933	3.884441	
7938	-47.383386	13.203125	-9.521064	3.899900	
7939	-47.421875	13.273573	-9.564229	3.914755	
7939	-47.383386	13.203125	-9.521064	3.899900	
7940	-47.421875	13.273573	-9.564229	3.914755	
7940	-47.425924	13.281250	-9.568824	3.916340	
7941	-47.425924	13.281250	-9.568824	3.916340	
7941	-47.471824	13.359375	-9.618695	3.933588	
7942	-47.500000	13.403050	-9.648195	3.943827	
7942	-47.471824	13.359375	-9.618695	3.933588	
7943	-47.500000	13.403050	-9.648195	3.943827	
7943	-47.521199	13.437500	-9.670714	3.951660	
7944	-47.521199	13.437500	-9.670714	3.951660	
7944	-47.573519	13.515625	-9.724474	3.970422	
7945	-47.578125	13.521889	-9.729050	3.972023	
7945	-47.573519	13.515625	-9.724474	3.970422	
7946	-47.578125	13.521889	-9.729050	3.972023	
7946	-47.627842	13.593750	-9.779303	3.989644	
7947	-47.656250	13.631990	-9.807244	3.999475	
7947	-47.627842	13.593750	-9.779303	3.989644	
7948	-47.656250	13.631990	-9.807244	3.999475	
7948	-47.683973	13.671875	-9.835033	4.009276	
7949	-47.734375	13.740189	-9.884363	4.026736	
7949	-47.683973	13.671875	-9.835033	4.009276	
7950	-47.734375	13.740189	-9.884363	4.026736	
7950	-47.741121	13.750000	-9.891101	4.029127	
7951	-48.125000	14.316484	-10.265709	4.165344	
7951	-48.157890	14.375000	-10.298701	4.177767	
7952	-47.812500	13.846628	-9.960395	4.053815	
7952	-47.854896	13.906250	-10.001780	4.068648	
7953	-47.890625	13.954937	-10.036111	4.081009	
7953	-47.910570	13.984375	-10.055722	4.088095	
7954	-47.890625	13.954937	-10.036111	4.081009	
7954	-47.854896	13.906250	-10.001780	4.068648	
7955	-47.910570	13.984375	-10.055722	4.088095	
7955	-47.964539	14.062500	-10.108129	4.107124	
7956	-47.741121	13.750000	-9.891101	4.029127	
7956	-47.798231	13.828125	-9.946780	4.048950	
7957	-47.812500	13.846628	-9.960395	4.053815	
7957	-47.798231	13.828125	-9.946780	4.048950	
7958	-47.968750	14.068351	-10.112142	4.108587	
7958	-48.016581	14.140625	-10.158846	4.125684	
7959	-48.046875	14.186864	-10.188308	4.136538	
7959	-48.016581	14.140625	-10.158846	4.125684	
7960	-48.046875	14.186864	-10.188308	4.136538	
7960	-48.066282	14.218750	-10.207600	4.143677	
7961	-47.968750	14.068351	-10.112142	4.108587	
7961	-47.964539	14.062500	-10.108129	4.107124	
7962	-48.066282	14.218750	-10.207600	4.143677	
7962	-48.113241	14.296875	-10.254134	4.161007	
7963	-48.125000	14.316484	-10.265709	4.165344	
7963	-48.113241	14.296875	-10.254134	4.161007	
7964	-48.157890	14.375000	-10.298701	4.177767	
7964	-48.198853	14.453125	-10.340470	4.193639	
7965	-48.203125	14.461298	-10.344795	4.195292	
7965	-48.198853	14.453125	-10.340470	4.193639	
7966	-48.203125	14.461298	-10.344795	4.195292	
7966	-48.238132	14.531250	-10.380606	4.209059	
7967	-48.238132	14.531250	-10.380606	4.209059	
7967	-48.273010	14.609375	-10.417529	4.223412	
7968	-48.281250	14.628675	-10.426328	4.226858	
7968	-48.273010	14.609375	-10.417529	4.223412	
7969	-48.281250	14.628675	-10.426328	4.226858	
7969	-48.306384	14.687500	-10.452860	4.237315	
7970	-48.306384	14.687500	-10.452860	4.237315	
7970	-48.335910	14.765625	-10.485269	4.250235	
7971	-48.359375	14.839858	-10.512852	4.261374	
7971	-48.335910	14.765625	-10.485269	4.250235	
7972	-48.359375	14.839858	-10.512852	4.261374	
7972	-48.360731	14.843750	-10.514339	4.261979	
7973	-48.360731	14.843750	-10.514339	4.261979	
7973	-48.386603	14.921875	-10.542923	4.273687	
7974	-48.386603	14.921875	-10.542923	4.273687	
7974	-48.407573	15.000000	-10.567943	4.284085	
7975	-49.062500	14.921844	-10.932703	4.359243	
7975	-49.062447	14.921875	-10.932670	4.359237	
7976	-48.984375	14.960878	-10.884230	4.351992	
7976	-48.923373	15.000000	-10.848245	4.346741	
7977	-49.062447	14.921875	-10.932670	4.359237	
7977	-48.984375	14.960878	-10.884230	4.351992	
7978	-49.296875	14.830299	-11.087729	4.383645	
7978	-49.257856	14.843750	-11.061125	4.379335	
7979	-49.375000	14.809542	-11.142330	4.392642	
7979	-49.296875	14.830299	-11.087729	4.383645	
7980	-49.218750	14.855334	-11.034462	4.375064	
7980	-49.140625	14.884521	-10.982607	4.366904	
7981	-49.140625	14.884521	-10.982607	4.366904	
7981	-49.062500	14.921844	-10.932703	4.359243	
7982	-49.257856	14.843750	-11.061125	4.379335	
7982	-49.218750	14.855334	-11.034462	4.375064	
7983	-49.609375	14.777424	-11.314126	4.422200	
7983	-49.531250	14.783562	-11.255625	4.411927	
7984	-49.687500	14.775647	-11.373795	4.432894	
7984	-49.609375	14.777424	-11.314126	4.422200	
7985	-49.453125	14.794166	-11.198335	4.402073	
7985	-49.375000	14.809542	-11.142330	4.392642	
7986	-49.531250	14.783562	-11.255625	4.411927	
7986	-49.453125	14.794166	-11.198335	4.402073	
7987	-49.921875	14.797483	-11.559803	4.467619	
7987	-49.843750	14.785472	-11.496612	4.455586	
7988	-50.000000	14.814641	-11.624248	4.480143	
7988	-49.921875	14.797483	-11.559803	4.467619	
7989	-49.765625	14.778277	-11.434621	4.444018	
7989	-49.687500	14.775647	-11.373795	4.432894	
7990	-49.843750	14.785472	-11.496612	4.455586	
7990	-49.765625	14.778277	-11.434621	4.444018	
7991	-45.000000	17.478595	-9.180373	2.929680	
7991	-44.976440	17.500000	-9.169490	2.926468	
7992	-42.500000	19.565031	-7.916498	2.485152	
7992	-42.454633	19.609375	-7.896470	2.476926	
7993	-42.421875	19.642332	-7.882344	2.471097	
7993	-42.376779	19.687500	-7.862907	2.463041	
7994	-42.454633	19.609375	-7.896470	2.476926	
7994	-42.421875	19.642332	-7.882344	2.471097	
7995	-42.187500	19.886112	-7.785053	2.430331	
7995	-42.154383	19.921875	-7.771912	2.424736	
7996	-42.109375	19.971782	-7.754544	2.417308	
7996	-42.083911	20.000000	-7.744755	2.413104	
7997	-42.154383	19.921875	-7.771912	2.424736	
7997	-42.109375	19.971782	-7.754544	2.417308	
7998	-42.376779	19.687500	-7.862907	2.463041	
7998	-42.343750	19.721525	-7.849013	2.457256	
7999	-42.343750	19.721525	-7.849013	2.457256	
7999	-42.300795	19.765625	-7.830968	2.449709	
8000	-42.265625	19.802740	-7.816564	2.443657	
8000	-42.226670	19.843750	-7.800643	2.436939	
8001	-42.300795	19.765625	-7.830968	2.449709	
8001	-42.265625	19.802740	-7.816564	2.443657	
8002	-42.226670	19.843750	-7.800643	2.436939	
8002	-42.187500	19.886112	-7.785053	2.430331	
8003	-44.976440	17.500000	-9.169490	2.926468	
8003	-44.921875	17.551023	-9.144286	2.918997	
8004	-44.921875	17.551023	-9.144286	2.918997	
8004	-44.891018	17.578125	-9.129547	2.914603	
8005	-44.891018	17.578125	-9.129547	2.914603	
8005	-44.843750	17.621287	-9.107104	2.907878	
8006	-44.843750	17.621287	-9.107104	2.907878	
8006	-44.802869	17.656250	-9.087065	2.901834	
8007	-44.802869	17.656250	-9.087065	2.901834	
8007	-44.765625	17.689565	-9.068988	2.896350	
8008	-44.765625	17.689565	-9.068988	2.896350	
8008	-44.712145	17.734375	-9.042245	2.888180	
8009	-44.712145	17.734375	-9.042245	2.888180	
8009	-44.687500	17.756048	-9.030072	2.884438	
8010	-44.687500	17.756048	-9.030072	2.884438	
8010	-44.619090	17.812500	-8.995336	2.873682	
8011	-44.619090	17.812500	-8.995336	2.873682	
8011	-44.609375	17.820929	-8.990472	2.872166	
8012	-44.609375	17.820929	-8.990472	2.872166	
8012	-44.531250	17.885094	-8.950439	2.859606	
8013	-44.531250	17.885094	-8.950439	2.859606	
8013	-44.524108	17.890625	-8.946695	2.858423	
8014	-44.453125	17.948945	-8.910121	2.846800	
8014	-44.427464	17.968750	-8.896577	2.842464	
8015	-44.524108	17.890625	-8.946695	2.858423	
8015	-44.453125	17.948945	-8.910121	2.846800	
8016	-44.427464	17.968750	-8.896577	2.842464	
8016	-44.375000	18.011639	-8.869377	2.833702	
8017	-44.375000	18.011639	-8.869377	2.833702	
8017	-44.329322	18.046875	-8.845166	2.825845	
8018	-44.296875	18.073342	-8.828276	2.820331	
8018	-44.230048	18.125000	-8.792777	2.808656	
8019	-44.329322	18.046875	-8.845166	2.825845	
8019	-44.296875	18.073342	-8.828276	2.820331	
8020	-44.230048	18.125000	-8.792777	2.808656	
8020	-44.218750	18.134218	-8.786884	2.806707	
8021	-44.218750	18.134218	-8.786884	2.806707	
8021	-44.140625	18.195152	-8.745438	2.792909	
8022	-44.140625	18.195152	-8.745438	2.792909	
8022	-44.129930	18.203125	-8.739672	2.790977	
8023	-44.129930	18.203125	-8.739672	2.790977	
8023	-44.062500	18.256256	-8.703995	2.778956	
8024	-44.062500	18.256256	-8.703995	2.778956	
8024	-44.029278	18.281250	-8.686123	2.772892	
8025	-43.828125	18.437239	-8.579079	2.735982	
8025	-43.827775	18.437500	-8.578890	2.735916	
8026	-43.906250	18.377142	-8.620760	2.750473	
8026	-43.828125	18.437239	-8.579079	2.735982	
8027	-44.029278	18.281250	-8.686123	2.772892	
8027	-43.984375	18.316869	-8.662418	2.764805	
8028	-43.984375	18.316869	-8.662418	2.764805	
8028	-43.928465	18.359375	-8.632447	2.754509	
8029	-43.928465	18.359375	-8.632447	2.754509	
8029	-43.906250	18.377142	-8.620760	2.750473	
8030	-43.827775	18.437500	-8.578890	2.735916	
8030	-43.750000	18.498432	-8.537717	2.721453	
8031	-43.437500	18.744529	-8.373333	2.662256	
8031	-43.430465	18.750000	-8.369630	2.660895	
8032	-43.750000	18.498432	-8.537717	2.721453	
8032	-43.727273	18.515625	-8.525538	2.717147	
8033	-43.671875	18.559590	-8.496405	2.706794	
8033	-43.627431	18.593750	-8.472768	2.698341	
8034	-43.727273	18.515625	-8.525538	2.717147	
8034	-43.671875	18.559590	-8.496405	2.706794	
8035	-43.593750	18.620850	-8.455191	2.692024	
8035	-43.528455	18.671875	-8.420761	2.679573	
8036	-43.515625	18.682349	-8.414123	2.677161	
8036	-43.437500	18.744529	-8.373333	2.662256	
8037	-43.528455	18.671875	-8.420761	2.679573	
8037	-43.515625	18.682349	-8.414123	2.677161	
8038	-43.627431	18.593750	-8.472768	2.698341	
8038	-43.593750	18.620850	-8.455191	2.692024	
8039	-43.430465	18.750000	-8.369630	2.660895	
8039	-43.359375	18.807692	-8.332919	2.647346	
8040	-43.359375	18.807692	-8.332919	2.647346	
8040	-43.333607	18.828125	-8.319505	2.642366	
8041	-43.333607	18.828125	-8.319505	2.642366	
8041	-43.281250	18.871374	-8.292769	2.632394	
8042	-43.281250	18.871374	-8.292769	2.632394	
8042	-43.238136	18.906250	-8.270593	2.624075	
8043	-43.238136	18.906250	-8.270593	2.624075	
8043	-43.203125	18.935703	-8.252929	2.617418	
8044	-43.203125	18.935703	-8.252929	2.617418	
8044	-43.144164	18.984375	-8.222990	2.606073	
8045	-43.144164	18.984375	-8.222990	2.606073	
8045	-43.125000	19.000801	-8.213447	2.602439	
8046	-43.125000	19.000801	-8.213447	2.602439	
8046	-43.051786	19.062500	-8.176779	2.588404	
8047	-42.812500	19.272274	-8.060303	2.543007	
8047	-42.784836	19.296875	-8.047050	2.537760	
8048	-42.734375	19.343239	-8.023375	2.528347	
8048	-42.699479	19.375000	-8.006964	2.521789	
8049	-42.784836	19.296875	-8.047050	2.537760	
8049	-42.734375	19.343239	-8.023375	2.528347	
8050	-43.051786	19.062500	-8.176779	2.588404	
8050	-43.046875	19.066790	-8.174368	2.587477	
8051	-43.046875	19.066790	-8.174368	2.587477	
8051	-42.968750	19.134076	-8.135820	2.572583	
8052	-42.968750	19.134076	-8.135820	2.572583	
8052	-42.961042	19.140625	-8.132001	2.571100	
8053	-42.890625	19.202593	-8.097801	2.557759	
8053	-42.872035	19.218750	-8.088738	2.554206	
8054	-42.961042	19.140625	-8.132001	2.571100	
8054	-42.890625	19.202593	-8.097801	2.557759	
8055	-42.872035	19.218750	-8.088738	2.554206	
8055	-42.812500	19.272274	-8.060303	2.543007	
8056	-42.699479	19.375000	-8.006964	2.521789	
8056	-42.656250	19.415607	-7.987065	2.513802	
8057	-42.656250	19.415607	-7.987065	2.513802	
8057	-42.615985	19.453125	-7.968499	2.506314	
8058	-42.578125	19.489497	-7.951422	2.499396	
8058	-42.534368	19.531250	-7.931666	2.491355	
8059	-42.615985	19.453125	-7.968499	2.506314	
8059	-42.578125	19.489497	-7.951422	2.499396	
8060	-42.534368	19.531250	-7.931666	2.491355	
8060	-42.500000	19.565031	-7.916498	2.485152	
8061	-48.923373	15.000000	-10.848245	4.346741	
8061	-48.906250	15.009572	-10.838195	4.345295	
8062	-48.906250	15.009572	-10.838195	4.345295	
8062	-48.828125	15.063858	-10.794490	4.339120	
8063	-48.828125	15.063858	-10.794490	4.339120	
8063	-48.810937	15.078125	-10.785360	4.337854	
8064	-48.810937	15.078125	-10.785360	4.337854	
8064	-48.750000	15.125187	-10.753702	4.333530	
8065	-48.750000	15.125187	-10.753702	4.333530	
8065	-48.716476	15.156250	-10.737450	4.331352	
8066	-48.437500	15.175086	-10.611691	4.302655	
8066	-48.451243	15.234375	-10.625837	4.308736	
8067	-48.451243	15.234375	-10.625837	4.308736	
8067	-48.470559	15.312500	-10.642191	4.315596	
8068	-48.593750	15.280020	-10.685030	4.324465	
8068	-48.558846	15.312500	-10.672599	4.322786	
8069	-48.716476	15.156250	-10.737450	4.331352	
8069	-48.671875	15.196761	-10.716784	4.328617	
8070	-48.671875	15.196761	-10.716784	4.328617	
8070	-48.634508	15.234375	-10.700798	4.326524	
8071	-48.634508	15.234375	-10.700798	4.326524	
8071	-48.593750	15.280020	-10.685030	4.324465	
8072	-48.407573	15.000000	-10.567943	4.284085	
8072	-48.423789	15.078125	-10.589523	4.293182	
8073	-48.423789	15.078125	-10.589523	4.293182	
8073	-48.435451	15.156250	-10.607803	4.300985	
8074	-48.437500	15.175086	-10.611691	4.302655	
8074	-48.435451	15.156250	-10.607803	4.300985	
8075	-45.390625	17.113121	-9.339523	2.977534	
8075	-45.312500	17.171332	-9.309625	2.967896	
8076	-45.443974	17.187500	-9.378732	2.992138	
8076	-45.390625	17.113121	-9.339523	2.977534	
8077	-45.312500	17.171332	-9.309625	2.967896	
8077	-45.298004	17.187500	-9.304608	2.966357	
8078	-45.298004	17.187500	-9.304608	2.966357	
8078	-45.234375	17.248398	-9.279937	2.958937	
8079	-45.234375	17.248398	-9.279937	2.958937	
8079	-45.218075	17.265625	-9.273653	2.957074	
8080	-45.218075	17.265625	-9.273653	2.957074	
8080	-45.156250	17.326933	-9.248438	2.949653	
8081	-45.156250	17.326933	-9.248438	2.949653	
8081	-45.139383	17.343750	-9.241403	2.947591	
8082	-45.139383	17.343750	-9.241403	2.947591	
8082	-45.078125	17.403882	-9.215169	2.939905	
8083	-45.078125	17.403882	-9.215169	2.939905	
8083	-45.059135	17.421875	-9.206773	2.937443	
8084	-45.059135	17.421875	-9.206773	2.937443	
8084	-45.000000	17.478595	-9.180373	2.929680	
8085	-45.472923	17.265625	-9.408905	3.004598	
8085	-45.468750	17.243156	-9.402099	3.001726	
8086	-45.472923	17.265625	-9.408905	3.004598	
8086	-45.490892	17.343750	-9.435155	3.015908	
8087	-45.468750	17.243156	-9.402099	3.001726	
8087	-45.443974	17.187500	-9.378732	2.992138	
8088	-45.490892	17.343750	-9.435155	3.015908	
8088	-45.514067	17.421875	-9.465347	3.029250	
8089	-45.514067	17.421875	-9.465347	3.029250	
8089	-45.543344	17.500000	-9.499984	3.044857	
8090	-46.264870	18.359375	-10.182146	3.372206	
8090	-46.250000	18.351550	-10.170223	3.366348	
8091	-46.328125	18.394326	-10.233548	3.397488	
8091	-46.264870	18.359375	-10.182146	3.372206	
8092	-46.406250	18.430811	-10.295247	3.427890	
8092	-46.328125	18.394326	-10.233548	3.397488	
8093	-46.423041	18.437500	-10.308184	3.434272	
8093	-46.406250	18.430811	-10.295247	3.427890	
8094	-46.562500	18.491589	-10.415645	3.487374	
8094	-46.484375	18.463612	-10.356084	3.457922	
8095	-46.484375	18.463612	-10.356084	3.457922	
8095	-46.423041	18.437500	-10.308184	3.434272	
8096	-46.796875	18.552709	-10.588230	3.572978	
8096	-46.718750	18.535735	-10.531623	3.544858	
8097	-46.875000	18.566214	-10.643854	3.600650	
8097	-46.796875	18.552709	-10.588230	3.572978	
8098	-46.643548	18.515625	-10.476072	3.517303	
8098	-46.640625	18.514907	-10.473937	3.516245	
8099	-46.640625	18.514907	-10.473937	3.516245	
8099	-46.562500	18.491589	-10.415645	3.487374	
8100	-46.718750	18.535735	-10.531623	3.544858	
8100	-46.643548	18.515625	-10.476072	3.517303	
8101	-47.109375	18.589528	-10.805750	3.681445	
8101	-47.031250	18.584299	-10.752530	3.654841	
8102	-47.187500	18.592636	-10.858337	3.707781	
8102	-47.109375	18.589528	-10.805750	3.681445	
8103	-46.953125	18.576632	-10.698592	3.627923	
8103	-46.875000	18.566214	-10.643854	3.600650	
8104	-47.031250	18.584299	-10.752530	3.654841	
8104	-46.953125	18.576632	-10.698592	3.627923	
8105	-47.421875	18.592923	-11.013365	3.785754	
8105	-47.356506	18.593750	-10.970401	3.764088	
8106	-47.500000	18.591585	-11.064610	3.811661	
8106	-47.421875	18.592923	-11.013365	3.785754	
8107	-47.253547	18.593750	-10.902336	3.729856	
8107	-47.187500	18.592636	-10.858337	3.707781	
8108	-47.343750	18.593911	-10.962019	3.759867	
8108	-47.265625	18.593976	-10.910392	3.733903	
8109	-47.265625	18.593976	-10.910392	3.733903	
8109	-47.253547	18.593750	-10.902336	3.729856	
8110	-47.356506	18.593750	-10.970401	3.764088	
8110	-47.343750	18.593911	-10.962019	3.759867	
8111	-45.647357	17.734375	-9.619231	3.100071	
8111	-45.625000	17.689995	-9.594479	3.088473	
8112	-45.647357	17.734375	-9.619231	3.100071	
8112	-45.693149	17.812500	-9.667249	3.122722	
8113	-45.803319	17.968750	-9.776996	3.175063	
8113	-45.781250	17.940793	-9.755685	3.164848	
8114	-45.744390	17.890625	-9.719381	3.147499	
8114	-45.703125	17.828114	-9.677438	3.127551	
8115	-45.703125	17.828114	-9.677438	3.127551	
8115	-45.693149	17.812500	-9.667249	3.122722	
8116	-45.781250	17.940793	-9.755685	3.164848	
8116	-45.744390	17.890625	-9.719381	3.147499	
8117	-45.870319	18.046875	-9.840392	3.205574	
8117	-45.859375	18.035144	-9.830277	3.200695	
8118	-45.859375	18.035144	-9.830277	3.200695	
8118	-45.803319	17.968750	-9.776996	3.175063	
8119	-45.937500	18.116364	-9.902188	3.235466	
8119	-45.870319	18.046875	-9.840392	3.205574	
8120	-45.946919	18.125000	-9.910579	3.239535	
8120	-45.937500	18.116364	-9.902188	3.235466	
8121	-45.572142	17.578125	-9.535457	3.061084	
8121	-45.546875	17.508345	-9.503972	3.046671	
8122	-45.546875	17.508345	-9.503972	3.046671	
8122	-45.543344	17.500000	-9.499984	3.044857	
8123	-45.572142	17.578125	-9.535457	3.061084	
8123	-45.607479	17.656250	-9.575568	3.079653	
8124	-45.625000	17.689995	-9.594479	3.088473	
8124	-45.607479	17.656250	-9.575568	3.079653	
8125	-46.139750	18.281250	-10.078490	3.321369	
8125	-46.093750	18.249559	-10.039782	3.302441	
8126	-46.035598	18.203125	-9.989191	3.277756	
8126	-46.015625	18.187315	-9.971941	3.269354	
8127	-46.015625	18.187315	-9.971941	3.269354	
8127	-45.946919	18.125000	-9.910579	3.239535	
8128	-46.093750	18.249559	-10.039782	3.302441	
8128	-46.035598	18.203125	-9.989191	3.277756	
8129	-46.250000	18.351550	-10.170223	3.366348	
8129	-46.171875	18.303925	-10.105800	3.334743	
8130	-46.171875	18.303925	-10.105800	3.334743	
8130	-46.139750	18.281250	-10.078490	3.321369	
8131	-49.843750	18.745408	-12.705007	4.679444	
8131	-49.834470	18.750000	-12.700129	4.676895	
8132	-50.000000	18.651261	-12.781558	4.719142	
8132	-49.966889	18.671875	-12.765473	4.710852	
8133	-49.921875	18.701000	-12.744108	4.699796	
8133	-49.843750	18.745408	-12.705007	4.679444	
8134	-49.966889	18.671875	-12.765473	4.710852	
8134	-49.921875	18.701000	-12.744108	4.699796	
8135	-47.734375	18.592617	-11.220083	3.890785	
8135	-47.656250	18.590627	-11.167699	3.864028	
8136	-47.753604	18.593750	-11.233195	3.897499	
8136	-47.734375	18.592617	-11.220083	3.890785	
8137	-47.578125	18.590563	-11.115970	3.837705	
8137	-47.500000	18.591585	-11.064610	3.811661	
8138	-47.656250	18.590627	-11.167699	3.864028	
8138	-47.578125	18.590563	-11.115970	3.837705	
8139	-47.812500	18.597461	-11.273444	3.918155	
8139	-47.753604	18.593750	-11.233195	3.897499	
8140	-47.968750	18.618297	-11.384053	3.975280	
8140	-47.890625	18.605871	-11.328041	3.946284	
8141	-47.890625	18.605871	-11.328041	3.946284	
8141	-47.812500	18.597461	-11.273444	3.918155	
8142	-48.125000	18.655376	-11.500506	4.036009	
8142	-48.046875	18.634885	-11.441559	4.005195	
8143	-48.046875	18.634885	-11.441559	4.005195	
8143	-47.968750	18.618297	-11.384053	3.975280	
8144	-48.179225	18.671875	-11.542278	4.057934	
8144	-48.125000	18.655376	-11.500506	4.036009	
8145	-48.203125	18.679303	-11.560765	4.067660	
8145	-48.179225	18.671875	-11.542278	4.057934	
8146	-48.281250	18.706090	-11.622168	4.100058	
8146	-48.203125	18.679303	-11.560765	4.067660	
8147	-48.359375	18.734255	-11.684220	4.132935	
8147	-48.281250	18.706090	-11.622168	4.100058	
8148	-48.402202	18.750000	-11.718419	4.151109	
8148	-48.359375	18.734255	-11.684220	4.132935	
8149	-48.621159	18.828125	-11.893295	4.244536	
8149	-48.593750	18.819208	-11.871632	4.232924	
8150	-48.671875	18.844947	-11.933557	4.266142	
8150	-48.621159	18.828125	-11.893295	4.244536	
8151	-48.750000	18.868215	-11.994777	4.299046	
8151	-48.671875	18.844947	-11.933557	4.266142	
8152	-48.593750	18.819208	-11.871632	4.232924	
8152	-48.515625	18.791959	-11.809354	4.199597	
8153	-48.515625	18.791959	-11.809354	4.199597	
8153	-48.437500	18.763149	-11.746708	4.166168	
8154	-48.437500	18.763149	-11.746708	4.166168	
8154	-48.402202	18.750000	-11.718419	4.151109	
8155	-49.834470	18.750000	-12.700129	4.676895	
8155	-49.765625	18.785860	-12.664728	4.658338	
8156	-49.765625	18.785860	-12.664728	4.658338	
8156	-49.687500	18.820638	-12.622603	4.636135	
8157	-49.687500	18.820638	-12.622603	4.636135	
8157	-49.667470	18.828125	-12.611311	4.630163	
8158	-49.609375	18.851250	-12.579167	4.613123	
8158	-49.531250	18.876731	-12.534036	4.589109	
8159	-49.667470	18.828125	-12.611311	4.630163	
8159	-49.609375	18.851250	-12.579167	4.613123	
8160	-49.453125	18.896852	-12.487111	4.564049	
8160	-49.404030	18.906250	-12.456510	4.547665	
8161	-49.531250	18.876731	-12.534036	4.589109	
8161	-49.453125	18.896852	-12.487111	4.564049	
8162	-49.404030	18.906250	-12.456510	4.547665	
8162	-49.375000	18.912246	-12.438611	4.538070	
8163	-49.218750	18.928747	-12.336821	4.483362	
8163	-49.140625	18.929548	-12.283411	4.454593	
8164	-49.140625	18.929548	-12.283411	4.454593	
8164	-49.062500	18.925599	-12.228406	4.424942	
8165	-49.375000	18.912246	-12.438611	4.538070	
8165	-49.296875	18.923035	-12.388575	4.511202	
8166	-49.296875	18.923035	-12.388575	4.511202	
8166	-49.218750	18.928747	-12.336821	4.483362	
8167	-48.918814	18.906250	-12.123222	4.368225	
8167	-48.906250	18.904252	-12.113939	4.363221	
8168	-48.828125	18.888101	-12.054951	4.331436	
8168	-48.750000	18.868215	-11.994777	4.299046	
8169	-48.906250	18.904252	-12.113939	4.363221	
8169	-48.828125	18.888101	-12.054951	4.331436	
8170	-49.062500	18.925599	-12.228406	4.424942	
8170	-48.984375	18.917063	-12.171875	4.394458	
8171	-48.984375	18.917063	-12.171875	4.394458	
8171	-48.918814	18.906250	-12.123222	4.368225	
8172	-58.929172	10.000000	-17.671595	5.948090	
8172	-58.964888	10.078125	-17.720584	5.956634	
8173	-58.984375	10.127542	-17.748753	5.961685	
8173	-58.964888	10.078125	-17.720584	5.956634	
8174	-58.984375	10.127542	-17.748753	5.961685	
8174	-58.995847	10.156250	-17.765359	5.964712	
8175	-58.995847	10.156250	-17.765359	5.964712	
8175	-59.022711	10.234375	-17.806546	5.972384	
8176	-59.022711	10.234375	-17.806546	5.972384	
8176	-59.045108	10.312500	-17.843753	5.979529	
8177	-59.062500	10.386935	-17.875687	5.985838	
8177	-59.045108	10.312500	-17.843753	5.979529	
8178	-59.062500	10.386935	-17.875687	5.985838	
8178	-59.063386	10.390625	-17.877304	5.986162	
8179	-59.063386	10.390625	-17.877304	5.986162	
8179	-59.078313	10.468750	-17.907952	5.992394	
8180	-59.078313	10.468750	-17.907952	5.992394	
8180	-59.089378	10.546875	-17.935178	5.998082	
8181	-59.089378	10.546875	-17.935178	5.998082	
8181	-59.096717	10.625000	-17.959112	6.003216	
8182	-59.096717	10.625000	-17.959112	6.003216	
8182	-59.100418	10.703125	-17.979839	6.007776	
8183	-59.100418	10.703125	-17.979839	6.007776	
8183	-59.100524	10.781250	-17.997401	6.011736	
8184	-59.100524	10.781250	-17.997401	6.011736	
8184	-59.097028	10.859375	-18.011798	6.015061	
8185	-59.097028	10.859375	-18.011798	6.015061	
8185	-59.089884	10.937500	-18.022990	6.017708	
8186	-59.062500	11.101140	-18.035511	6.020763	
8186	-59.045981	11.171875	-18.036890	6.021111	
8187	-59.045981	11.171875	-18.036890	6.021111	
8187	-59.023572	11.250000	-18.034746	6.020556	
8188	-59.089884	10.937500	-18.022990	6.017708	
8188	-59.079000	11.015625	-18.030898	6.019622	
8189	-59.079000	11.015625	-18.030898	6.019622	
8189	-59.064243	11.093750	-18.035405	6.020736	
8190	-59.064243	11.093750	-18.035405	6.020736	
8190	-59.062500	11.101140	-18.035511	6.020763	
8191	-58.750000	11.766936	-17.911782	5.985221	
8191	-58.725856	11.796875	-17.897530	5.980887	
8192	-58.671875	11.857873	-17.864327	5.970650	
8192	-58.655793	11.875000	-17.854226	5.967499	
8193	-58.725856	11.796875	-17.897530	5.980887	
8193	-58.671875	11.857873	-17.864327	5.970650	
8194	-57.734375	12.316666	-17.165379	5.724437	
8194	-57.656250	12.320513	-17.100692	5.699279	
8195	-57.812500	12.308423	-17.229321	5.748945	
8195	-57.734375	12.316666	-17.165379	5.724437	
8196	-57.578125	12.320056	-17.035303	5.673477	
8196	-57.500000	12.315322	-16.969240	5.647030	
8197	-57.656250	12.320513	-17.100692	5.699279	
8197	-57.578125	12.320056	-17.035303	5.673477	
8198	-58.125000	12.228866	-17.476733	5.840299	
8198	-58.046875	12.255897	-17.416173	5.818464	
8199	-58.046875	12.255897	-17.416173	5.818464	
8199	-58.012832	12.265625	-17.389337	5.808676	
8200	-58.012832	12.265625	-17.389337	5.808676	
8200	-57.968750	12.278097	-17.354735	5.795958	
8201	-57.890625	12.295632	-17.292461	5.772791	
8201	-57.812500	12.308423	-17.229321	5.748945	
8202	-57.968750	12.278097	-17.354735	5.795958	
8202	-57.890625	12.295632	-17.292461	5.772791	
8203	-58.655793	11.875000	-17.854226	5.967499	
8203	-58.593750	11.935944	-17.814127	5.954835	
8204	-58.593750	11.935944	-17.814127	5.954835	
8204	-58.574918	11.953125	-17.801680	5.950855	
8205	-58.515625	12.003606	-17.761737	5.937940	
8205	-58.480072	12.031250	-17.737226	5.929910	
8206	-58.574918	11.953125	-17.801680	5.950855	
8206	-58.515625	12.003606	-17.761737	5.937940	
8207	-58.480072	12.031250	-17.737226	5.929910	
8207	-58.437500	12.062490	-17.707528	5.920079	
8208	-58.281250	12.158105	-17.594593	5.881753	
8208	-58.221416	12.187500	-17.549859	5.866186	
8209	-58.437500	12.062490	-17.707528	5.920079	
8209	-58.366139	12.109375	-17.656579	5.902968	
8210	-58.359375	12.113616	-17.651719	5.901320	
8210	-58.281250	12.158105	-17.594593	5.881753	
8211	-58.366139	12.109375	-17.656579	5.902968	
8211	-58.359375	12.113616	-17.651719	5.901320	
8212	-58.221416	12.187500	-17.549859	5.866186	
8212	-58.203125	12.196207	-17.536178	5.861384	
8213	-58.203125	12.196207	-17.536178	5.861384	
8213	-58.125000	12.228866	-17.476733	5.840299	
8214	-59.023572	11.250000	-18.034746	6.020556	
8214	-58.996673	11.328125	-18.028665	6.018947	
8215	-58.984375	11.359026	-18.024774	6.017902	
8215	-58.965458	11.406250	-18.018853	6.016293	
8216	-58.996673	11.328125	-18.028665	6.018947	
8216	-58.984375	11.359026	-18.024774	6.017902	
8217	-58.906250	11.528372	-17.994429	6.009494	
8217	-58.887957	11.562500	-17.986150	6.007141	
8218	-58.965458	11.406250	-18.018853	6.016293	
8218	-58.929363	11.484375	-18.004804	6.012410	
8219	-58.929363	11.484375	-18.004804	6.012410	
8219	-58.906250	11.528372	-17.994429	6.009494	
8220	-58.887957	11.562500	-17.986150	6.007141	
8220	-58.840740	11.640625	-17.962476	6.000305	
8221	-58.828125	11.659498	-17.955691	5.998319	
8221	-58.787090	11.718750	-17.933267	5.991681	
8222	-58.840740	11.640625	-17.962476	6.000305	
8222	-58.828125	11.659498	-17.955691	5.998319	
8223	-58.787090	11.718750	-17.933267	5.991681	
8223	-58.750000	11.766936	-17.911782	5.985221	
8224	-55.468750	11.242152	-15.441204	4.992787	
8224	-55.454468	11.250000	-15.432827	4.992845	
8225	-55.625000	11.138126	-15.527111	4.989879	
8225	-55.573830	11.171875	-15.500324	4.991314	
8226	-55.546875	11.192108	-15.485595	4.991876	
8226	-55.468750	11.242152	-15.441204	4.992787	
8227	-55.573830	11.171875	-15.500324	4.991314	
8227	-55.546875	11.192108	-15.485595	4.991876	
8228	-56.005360	10.937500	-15.642880	4.974398	
8228	-55.937500	10.885228	-15.638711	4.969309	
8229	-55.937500	10.885228	-15.638711	4.969309	
8229	-55.872640	10.937500	-15.627261	4.974972	
8230	-55.872640	10.937500	-15.627261	4.974972	
8230	-55.859375	10.945841	-15.624011	4.976038	
8231	-55.859375	10.945841	-15.624011	4.976038	
8231	-55.781250	11.012791	-15.598098	4.982050	
8232	-55.781250	11.012791	-15.598098	4.982050	
8232	-55.777556	11.015625	-15.596691	4.982297	
8233	-55.703125	11.078258	-15.565019	4.986654	
8233	-55.681044	11.093750	-15.554812	4.987690	
8234	-55.777556	11.015625	-15.596691	4.982297	
8234	-55.703125	11.078258	-15.565019	4.986654	
8235	-55.681044	11.093750	-15.554812	4.987690	
8235	-55.625000	11.138126	-15.527111	4.989879	
8236	-56.032578	11.015625	-15.653462	4.987085	
8236	-56.015625	10.950845	-15.644552	4.976774	
8237	-56.015625	10.950845	-15.644552	4.976774	
8237	-56.005360	10.937500	-15.642880	4.974398	
8238	-56.032578	11.015625	-15.653462	4.987085	
8238	-56.059222	11.093750	-15.670090	5.002535	
8239	-56.059222	11.093750	-15.670090	5.002535	
8239	-56.092692	11.171875	-15.693243	5.021157	
8240	-56.093750	11.174252	-15.694032	5.021758	
8240	-56.092692	11.171875	-15.693243	5.021157	
8241	-56.123276	11.250000	-15.719817	5.040568	
8241	-56.093750	11.174252	-15.694032	5.021758	
8242	-56.123276	11.250000	-15.719817	5.040568	
8242	-56.160690	11.328125	-15.752171	5.062545	
8243	-56.171875	11.350113	-15.762129	5.069048	
8243	-56.160690	11.328125	-15.752171	5.062545	
8244	-56.200913	11.406250	-15.788857	5.086032	
8244	-56.171875	11.350113	-15.762129	5.069048	
8245	-56.200913	11.406250	-15.788857	5.086032	
8245	-56.246592	11.484375	-15.830864	5.111620	
8246	-56.250000	11.490134	-15.834091	5.113539	
8246	-56.246592	11.484375	-15.830864	5.111620	
8247	-55.454468	11.250000	-15.432827	4.992845	
8247	-55.390625	11.290725	-15.394501	4.992726	
8248	-55.390625	11.290725	-15.394501	4.992726	
8248	-55.321194	11.328125	-15.351351	4.991934	
8249	-55.321194	11.328125	-15.351351	4.991934	
8249	-55.312500	11.333510	-15.345864	4.991790	
8250	-55.234375	11.376047	-15.295646	4.990064	
8250	-55.170361	11.406250	-15.253369	4.988105	
8251	-55.312500	11.333510	-15.345864	4.991790	
8251	-55.234375	11.376047	-15.295646	4.990064	
8252	-55.156250	11.413874	-15.243973	4.987613	
8252	-55.078125	11.451173	-15.191142	4.984502	
8253	-55.078125	11.451173	-15.191142	4.984502	
8253	-55.000000	11.484216	-15.137131	4.980770	
8254	-55.170361	11.406250	-15.253369	4.988105	
8254	-55.156250	11.413874	-15.243973	4.987613	
8255	-56.296132	11.562500	-15.877483	5.138816	
8255	-56.250000	11.490134	-15.834091	5.113539	
8256	-56.413498	11.718750	-15.988143	5.199814	
8256	-56.406250	11.710595	-15.981480	5.196255	
8257	-56.351803	11.640625	-15.929874	5.168228	
8257	-56.328125	11.609492	-15.907892	5.156018	
8258	-56.328125	11.609492	-15.907892	5.156018	
8258	-56.296132	11.562500	-15.877483	5.138816	
8259	-56.406250	11.710595	-15.981480	5.196255	
8259	-56.351803	11.640625	-15.929874	5.168228	
8260	-56.413498	11.718750	-15.988143	5.199814	
8260	-56.482241	11.796875	-16.053046	5.233872	
8261	-56.484375	11.799332	-16.055111	5.234939	
8261	-56.482241	11.796875	-16.053046	5.233872	
8262	-56.559637	11.875000	-16.125814	5.270902	
8262	-56.484375	11.799332	-16.055111	5.234939	
8263	-56.749925	12.031250	-16.302754	5.356941	
8263	-56.718750	12.010065	-16.274419	5.343493	
8264	-56.647734	11.953125	-16.208120	5.311558	
8264	-56.640625	11.947705	-16.201662	5.308410	
8265	-56.640625	11.947705	-16.201662	5.308410	
8265	-56.562500	11.877936	-16.128570	5.272283	
8266	-56.718750	12.010065	-16.274419	5.343493	
8266	-56.647734	11.953125	-16.208120	5.311558	
8267	-56.869899	12.109375	-16.413032	5.408253	
8267	-56.796875	12.065011	-16.346528	5.377499	
8268	-56.796875	12.065011	-16.346528	5.377499	
8268	-56.749925	12.031250	-16.302754	5.356941	
8269	-56.875000	12.112668	-16.417788	5.410432	
8269	-56.869899	12.109375	-16.413032	5.408253	
8270	-56.562500	11.877936	-16.128570	5.272283	
8270	-56.559637	11.875000	-16.125814	5.270902	
8271	-56.953125	12.156048	-16.489010	5.442734	
8271	-56.875000	12.112668	-16.417788	5.410432	
8272	-57.021012	12.187500	-16.549838	5.469871	
8272	-56.953125	12.156048	-16.489010	5.442734	
8273	-57.187500	12.252107	-16.698369	5.534518	
8273	-57.109375	12.225272	-16.629240	5.504706	
8274	-57.109375	12.225272	-16.629240	5.504706	
8274	-57.031250	12.192588	-16.559203	5.474014	
8275	-57.031250	12.192588	-16.559203	5.474014	
8275	-57.021012	12.187500	-16.549838	5.469871	
8276	-57.421875	12.306260	-16.902511	5.619927	
8276	-57.343750	12.292722	-16.835100	5.592145	
8277	-57.500000	12.315322	-16.969240	5.647030	
8277	-57.421875	12.306260	-16.902511	5.619927	
8278	-57.236232	12.265625	-16.740908	5.552633	
8278	-57.187500	12.252107	-16.698369	5.534518	
8279	-57.265625	12.274444	-16.766960	5.563644	
8279	-57.236232	12.265625	-16.740908	5.552633	
8280	-57.343750	12.292722	-16.835100	5.592145	
8280	-57.265625	12.274444	-16.766960	5.563644	
8281	-53.203125	11.812230	-13.731635	4.780969	
8281	-53.125000	11.804828	-13.665584	4.768533	
8282	-53.281250	11.817368	-13.797301	4.793135	
8282	-53.203125	11.812230	-13.731635	4.780969	
8283	-53.359375	11.820349	-13.862594	4.805030	
8283	-53.281250	11.817368	-13.797301	4.793135	
8284	-53.437500	11.821267	-13.927518	4.816652	
8284	-53.359375	11.820349	-13.862594	4.805030	
8285	-53.515625	11.820203	-13.992078	4.827999	
8285	-53.437500	11.821267	-13.927518	4.816652	
8286	-53.593750	11.817226	-14.056275	4.839065	
8286	-53.515625	11.820203	-13.992078	4.827999	
8287	-53.671875	11.812390	-14.120106	4.849847	
8287	-53.593750	11.817226	-14.056275	4.839065	
8288	-53.750000	11.805739	-14.183567	4.860337	
8288	-53.671875	11.812390	-14.120106	4.849847	
8289	-52.691690	11.718750	-13.291932	4.694661	
8289	-52.656250	11.708301	-13.260839	4.688256	
8290	-52.578125	11.682447	-13.191850	4.673907	
8290	-52.500000	11.653038	-13.122307	4.659251	
8291	-52.656250	11.708301	-13.260839	4.688256	
8291	-52.578125	11.682447	-13.191850	4.673907	
8292	-52.812500	11.751487	-13.397500	4.716118	
8292	-52.734375	11.731295	-13.329387	4.702325	
8293	-52.734375	11.731295	-13.329387	4.702325	
8293	-52.691690	11.718750	-13.291932	4.694661	
8294	-52.968750	11.783210	-13.532354	4.742864	
8294	-52.890625	11.768728	-13.465147	4.729629	
8295	-52.890625	11.768728	-13.465147	4.729629	
8295	-52.812500	11.751487	-13.397500	4.716118	
8296	-53.061134	11.796875	-13.611273	4.758162	
8296	-53.046875	11.795102	-13.599146	4.755829	
8297	-53.046875	11.795102	-13.599146	4.755829	
8297	-52.968750	11.783210	-13.532354	4.742864	
8298	-53.125000	11.804828	-13.665584	4.768533	
8298	-53.061134	11.796875	-13.611273	4.758162	
8299	-54.843750	11.547598	-15.026464	4.971639	
8299	-54.800765	11.562500	-14.995352	4.968756	
8300	-55.000000	11.484216	-15.137131	4.980770	
8300	-54.999578	11.484375	-15.136836	4.980748	
8301	-54.921875	11.517600	-15.082276	4.976476	
8301	-54.843750	11.547598	-15.026464	4.971639	
8302	-54.999578	11.484375	-15.136836	4.980748	
8302	-54.921875	11.517600	-15.082276	4.976476	
8303	-54.687500	11.603480	-14.912609	4.960490	
8303	-54.609375	11.628400	-14.854610	4.954222	
8304	-54.609375	11.628400	-14.854610	4.954222	
8304	-54.567151	11.640625	-14.822951	4.950647	
8305	-54.567151	11.640625	-14.822951	4.950647	
8305	-54.531250	11.652137	-14.796028	4.947526	
8306	-54.453125	11.674714	-14.736910	4.940425	
8306	-54.375000	11.695319	-14.677215	4.932924	
8307	-54.531250	11.652137	-14.796028	4.947526	
8307	-54.453125	11.674714	-14.736910	4.940425	
8308	-54.800765	11.562500	-14.995352	4.968756	
8308	-54.765625	11.576162	-14.969881	4.966301	
8309	-54.765625	11.576162	-14.969881	4.966301	
8309	-54.687500	11.603480	-14.912609	4.960490	
8310	-53.906250	11.787552	-14.309404	4.880428	
8310	-53.831282	11.796875	-14.249185	4.870935	
8311	-53.828125	11.797299	-14.246650	4.870531	
8311	-53.750000	11.805739	-14.183567	4.860337	
8312	-53.831282	11.796875	-14.249185	4.870935	
8312	-53.828125	11.797299	-14.246650	4.870531	
8313	-54.062500	11.763171	-14.433733	4.899279	
8313	-53.984375	11.776185	-14.371771	4.890014	
8314	-53.984375	11.776185	-14.371771	4.890014	
8314	-53.906250	11.787552	-14.309404	4.880428	
8315	-54.296875	11.714136	-14.616988	4.925041	
8315	-54.275418	11.718750	-14.600330	4.922807	
8316	-54.375000	11.695319	-14.677215	4.932924	
8316	-54.296875	11.714136	-14.616988	4.925041	
8317	-54.218750	11.732067	-14.556352	4.916802	
8317	-54.140625	11.748484	-14.495268	4.908212	
8318	-54.140625	11.748484	-14.495268	4.908212	
8318	-54.062500	11.763171	-14.433733	4.899279	
8319	-54.275418	11.718750	-14.600330	4.922807	
8319	-54.218750	11.732067	-14.556352	4.916802	
8320	-51.286716	10.625000	-11.954371	4.380966	
8320	-51.250000	10.568979	-11.915195	4.370331	
8321	-51.340801	10.703125	-12.011399	4.396256	
8321	-51.328125	10.685439	-11.998139	4.392720	
8322	-51.328125	10.685439	-11.998139	4.392720	
8322	-51.286716	10.625000	-11.954371	4.380966	
8323	-51.340801	10.703125	-12.011399	4.396256	
8323	-51.398126	10.781250	-12.071141	4.412041	
8324	-51.406250	10.792104	-12.079582	4.414252	
8324	-51.398126	10.781250	-12.071141	4.412041	
8325	-51.459006	10.859375	-12.133852	4.428366	
8325	-51.406250	10.792104	-12.079582	4.414252	
8326	-51.484375	10.890786	-12.159820	4.435056	
8326	-51.459006	10.859375	-12.133852	4.428366	
8327	-51.524068	10.937500	-12.200035	4.445338	
8327	-51.484375	10.890786	-12.159820	4.435056	
8328	-51.562500	10.981669	-12.238839	4.455171	
8328	-51.524068	10.937500	-12.200035	4.445338	
8329	-51.593701	11.015625	-12.270018	4.463010	
8329	-51.562500	10.981669	-12.238839	4.455171	
8330	-51.640625	11.065704	-12.316797	4.474670	
8330	-51.593701	11.015625	-12.270018	4.463010	
8331	-51.668478	11.093750	-12.344279	4.481466	
8331	-51.640625	11.065704	-12.316797	4.474670	
8332	-51.718750	11.143537	-12.393796	4.493611	
8332	-51.668478	11.093750	-12.344279	4.481466	
8333	-51.749196	11.171875	-12.423479	4.500831	
8333	-51.718750	11.143537	-12.393796	4.493611	
8334	-51.796875	11.215614	-12.469905	4.512034	
8334	-51.749196	11.171875	-12.423479	4.500831	
8335	-51.836937	11.250000	-12.508518	4.521272	
8335	-51.796875	11.215614	-12.469905	4.512034	
8336	-50.954535	10.000000	-11.582573	4.274942	
8336	-50.987410	10.078125	-11.621717	4.286722	
8337	-51.015625	10.139774	-11.654454	4.296442	
8337	-50.987410	10.078125	-11.621717	4.286722	
8338	-51.023304	10.156250	-11.663338	4.299061	
8338	-51.015625	10.139774	-11.654454	4.296442	
8339	-51.023304	10.156250	-11.663338	4.299061	
8339	-51.060403	10.234375	-11.706152	4.311569	
8340	-51.093750	10.299096	-11.743736	4.322406	
8340	-51.060403	10.234375	-11.706152	4.311569	
8341	-51.100864	10.312500	-11.751697	4.324685	
8341	-51.093750	10.299096	-11.743736	4.322406	
8342	-51.100864	10.312500	-11.751697	4.324685	
8342	-51.142953	10.390625	-11.798722	4.338035	
8343	-51.171875	10.441181	-11.830540	4.346963	
8343	-51.142953	10.390625	-11.798722	4.338035	
8344	-51.188220	10.468750	-11.848364	4.351929	
8344	-51.171875	10.441181	-11.830540	4.346963	
8345	-51.188220	10.468750	-11.848364	4.351929	
8345	-51.236070	10.546875	-11.900191	4.366229	
8346	-51.250000	10.568979	-11.915195	4.370331	
8346	-51.236070	10.546875	-11.900191	4.366229	
8347	-52.265625	11.544412	-12.910553	4.613435	
8347	-52.187500	11.500589	-12.838798	4.597497	
8348	-52.300889	11.562500	-12.942670	4.620500	
8348	-52.265625	11.544412	-12.910553	4.613435	
8349	-52.040018	11.406250	-12.701552	4.566408	
8349	-52.031250	11.400312	-12.693346	4.564524	
8350	-51.933170	11.328125	-12.600619	4.543020	
8350	-51.875000	11.282250	-12.545170	4.529975	
8351	-51.953125	11.343676	-12.619627	4.547460	
8351	-51.933170	11.328125	-12.600619	4.543020	
8352	-52.031250	11.400312	-12.693346	4.564524	
8352	-51.953125	11.343676	-12.619627	4.547460	
8353	-52.160841	11.484375	-12.814110	4.591963	
8353	-52.109375	11.452804	-12.766440	4.581207	
8354	-52.109375	11.452804	-12.766440	4.581207	
8354	-52.040018	11.406250	-12.701552	4.566408	
8355	-52.187500	11.500589	-12.838798	4.597497	
8355	-52.160841	11.484375	-12.814110	4.591963	
8356	-52.470102	11.640625	-13.095509	4.653552	
8356	-52.421875	11.620492	-13.052286	4.644300	
8357	-52.421875	11.620492	-13.052286	4.644300	
8357	-52.343750	11.584334	-12.981708	4.629032	
8358	-52.500000	11.653038	-13.122307	4.659251	
8358	-52.470102	11.640625	-13.095509	4.653552	
8359	-52.343750	11.584334	-12.981708	4.629032	
8359	-52.300889	11.562500	-12.942670	4.620500	
8360	-51.875000	11.282250	-12.545170	4.529975	
8360	-51.836937	11.250000	-12.508518	4.521272	
8361	-50.078125	14.837355	-11.690023	4.493194	
8361	-50.000000	14.814641	-11.624248	4.480143	
8362	-50.078125	14.837355	-11.690023	4.493194	
8362	-50.096407	14.843750	-11.705654	4.496335	
8363	-50.156250	14.864880	-11.757027	4.506772	
8363	-50.096407	14.843750	-11.705654	4.496335	
8364	-50.234375	14.898549	-11.825498	4.520951	
8364	-50.280377	14.921875	-11.866624	4.529619	
8365	-50.234375	14.898549	-11.825498	4.520951	
8365	-50.156250	14.864880	-11.757027	4.506772	
8366	-50.312500	14.938700	-11.895530	4.535782	
8366	-50.280377	14.921875	-11.866624	4.529619	
8367	-50.390625	14.985767	-11.967246	4.551327	
8367	-50.312500	14.938700	-11.895530	4.535782	
8368	-50.390625	14.985767	-11.967246	4.551327	
8368	-50.411719	15.000000	-11.986966	4.555668	
8369	-50.625000	15.178124	-12.194941	4.603286	
8369	-50.677628	15.234375	-12.249333	4.616338	
8370	-50.703125	15.264150	-12.276306	4.622910	
8370	-50.677628	15.234375	-12.249333	4.616338	
8371	-50.703125	15.264150	-12.276306	4.622910	
8371	-50.742474	15.312500	-12.318585	4.633350	
8372	-50.781250	15.365127	-12.361487	4.644123	
8372	-50.799351	15.390625	-12.381788	4.649286	
8373	-50.799351	15.390625	-12.381788	4.649286	
8373	-50.849625	15.468750	-12.440014	4.664334	
8374	-50.781250	15.365127	-12.361487	4.644123	
8374	-50.742474	15.312500	-12.318585	4.633350	
8375	-50.859375	15.485490	-12.451704	4.667400	
8375	-50.894483	15.546875	-12.494206	4.678677	
8376	-50.859375	15.485490	-12.451704	4.667400	
8376	-50.849625	15.468750	-12.440014	4.664334	
8377	-50.894483	15.546875	-12.494206	4.678677	
8377	-50.933877	15.625000	-12.544295	4.692241	
8378	-50.468750	15.040513	-12.040840	4.567673	
8378	-50.516085	15.078125	-12.086505	4.578025	
8379	-50.546875	15.104226	-12.116626	4.584944	
8379	-50.516085	15.078125	-12.086505	4.578025	
8380	-50.546875	15.104226	-12.116626	4.584944	
8380	-50.603109	15.156250	-12.172707	4.598025	
8381	-50.468750	15.040513	-12.040840	4.567673	
8381	-50.411719	15.000000	-11.986966	4.555668	
8382	-50.625000	15.178124	-12.194941	4.603286	
8382	-50.603109	15.156250	-12.172707	4.598025	
8383	-50.937500	15.632954	-12.549096	4.693557	
8383	-50.969366	15.703125	-12.591549	4.705325	
8384	-50.969366	15.703125	-12.591549	4.705325	
8384	-51.000376	15.781250	-12.635481	4.717753	
8385	-51.015625	15.825006	-12.658495	4.724371	
8385	-51.027711	15.859375	-12.676742	4.729672	
8386	-51.015625	15.825006	-12.658495	4.724371	
8386	-51.000376	15.781250	-12.635481	4.717753	
8387	-51.027711	15.859375	-12.676742	4.729672	
8387	-51.051797	15.937500	-12.715675	4.741152	
8388	-50.937500	15.632954	-12.549096	4.693557	
8388	-50.933877	15.625000	-12.544295	4.692241	
8389	-51.051797	15.937500	-12.715675	4.741152	
8389	-51.072335	16.015625	-12.752029	4.752086	
8390	-51.072335	16.015625	-12.752029	4.752086	
8390	-51.089591	16.093750	-12.786019	4.762510	
8391	-51.093750	16.116394	-12.795239	4.765373	
8391	-51.089591	16.093750	-12.786019	4.762510	
8392	-51.093750	16.116394	-12.795239	4.765373	
8392	-51.104213	16.171875	-12.818176	4.772561	
8393	-51.104213	16.171875	-12.818176	4.772561	
8393	-51.116007	16.250000	-12.848339	4.782167	
8394	-51.116007	16.250000	-12.848339	4.782167	
8394	-51.124937	16.328125	-12.876479	4.791295	
8395	-51.124937	16.328125	-12.876479	4.791295	
8395	-51.131112	16.406250	-12.902688	4.799951	
8396	-51.131112	16.406250	-12.902688	4.799951	
8396	-51.134612	16.484375	-12.927033	4.808135	
8397	-51.134612	16.484375	-12.927033	4.808135	
8397	-51.135491	16.562500	-12.949561	4.815841	
8398	-51.135491	16.562500	-12.949561	4.815841	
8398	-51.133777	16.640625	-12.970302	4.823057	
8399	-51.133777	16.640625	-12.970302	4.823057	
8399	-51.129481	16.718750	-12.989268	4.829769	
8400	-51.129481	16.718750	-12.989268	4.829769	
8400	-51.122593	16.796875	-13.006459	4.835953	
8401	-51.122593	16.796875	-13.006459	4.835953	
8401	-51.113087	16.875000	-13.021861	4.841586	
8402	-51.113087	16.875000	-13.021861	4.841586	
8402	-51.100924	16.953125	-13.035453	4.846637	
8403	-51.100924	16.953125	-13.035453	4.846637	
8403	-51.093750	16.991143	-13.041178	4.848790	
8404	-51.093750	16.991143	-13.041178	4.848790	
8404	-51.086283	17.031250	-13.047387	4.851143	
8405	-51.086283	17.031250	-13.047387	4.851143	
8405	-51.069127	17.109375	-13.057645	4.855079	
8406	-51.069127	17.109375	-13.057645	4.855079	
8406	-51.049157	17.187500	-13.065999	4.858334	
8407	-51.049157	17.187500	-13.065999	4.858334	
8407	-51.026297	17.265625	-13.072404	4.860869	
8408	-51.015625	17.298379	-13.074333	4.861641	
8408	-51.000786	17.343750	-13.077065	4.862742	
8409	-51.026297	17.265625	-13.072404	4.860869	
8409	-51.015625	17.298379	-13.074333	4.861641	
8410	-51.000786	17.343750	-13.077065	4.862742	
8410	-50.972432	17.421875	-13.079847	4.863877	
8411	-50.972432	17.421875	-13.079847	4.863877	
8411	-50.940918	17.500000	-13.080518	4.864155	
8412	-50.940918	17.500000	-13.080518	4.864155	
8412	-50.937500	17.507899	-13.080425	4.864116	
8413	-50.937500	17.507899	-13.080425	4.864116	
8413	-50.906579	17.578125	-13.079361	4.863667	
8414	-50.906579	17.578125	-13.079361	4.863667	
8414	-50.868913	17.656250	-13.076008	4.862235	
8415	-50.868913	17.656250	-13.076008	4.862235	
8415	-50.859375	17.674858	-13.074829	4.861727	
8416	-50.859375	17.674858	-13.074829	4.861727	
8416	-50.828021	17.734375	-13.070560	4.859873	
8417	-50.828021	17.734375	-13.070560	4.859873	
8417	-50.783637	17.812500	-13.062839	4.856477	
8418	-50.783637	17.812500	-13.062839	4.856477	
8418	-50.781250	17.816523	-13.062375	4.856271	
8419	-50.781250	17.816523	-13.062375	4.856271	
8419	-50.735622	17.890625	-13.052768	4.851981	
8420	-50.703125	17.940411	-13.045133	4.848533	
8420	-50.683778	17.968750	-13.040226	4.846301	
8421	-50.735622	17.890625	-13.052768	4.851981	
8421	-50.703125	17.940411	-13.045133	4.848533	
8422	-50.683778	17.968750	-13.040226	4.846301	
8422	-50.627936	18.046875	-13.025120	4.839359	
8423	-50.627936	18.046875	-13.025120	4.839359	
8423	-50.625000	18.050871	-13.024299	4.838980	
8424	-50.625000	18.050871	-13.024299	4.838980	
8424	-50.567519	18.125000	-13.007052	4.830937	
8425	-50.567519	18.125000	-13.007052	4.830937	
8425	-50.546875	18.150806	-13.000678	4.827938	
8426	-50.546875	18.150806	-13.000678	4.827938	
8426	-50.502362	18.203125	-12.985942	4.820955	
8427	-50.502362	18.203125	-12.985942	4.820955	
8427	-50.468750	18.241795	-12.974674	4.815571	
8428	-50.468750	18.241795	-12.974674	4.815571	
8428	-50.431989	18.281250	-12.961482	4.809224	
8429	-50.431989	18.281250	-12.961482	4.809224	
8429	-50.390625	18.325128	-12.946624	4.802021	
8430	-50.390625	18.325128	-12.946624	4.802021	
8430	-50.355743	18.359375	-12.933237	4.795486	
8431	-50.355743	18.359375	-12.933237	4.795486	
8431	-50.312500	18.401736	-12.916767	4.787392	
8432	-50.312500	18.401736	-12.916767	4.787392	
8432	-50.272740	18.437500	-12.900618	4.779402	
8433	-50.272740	18.437500	-12.900618	4.779402	
8433	-50.234375	18.472257	-12.885252	4.771753	
8434	-50.234375	18.472257	-12.885252	4.771753	
8434	-50.181827	18.515625	-12.862852	4.760526	
8435	-50.181827	18.515625	-12.862852	4.760526	
8435	-50.156250	18.537082	-12.852152	4.755134	
8436	-50.156250	18.537082	-12.852152	4.755134	
8436	-50.081507	18.593750	-12.818938	4.738285	
8437	-50.081507	18.593750	-12.818938	4.738285	
8437	-50.078125	18.596380	-12.817469	4.737536	
8438	-50.078125	18.596380	-12.817469	4.737536	
8438	-50.000000	18.651261	-12.781558	4.719142	
8439	-50.625000	21.701003	-14.383622	5.682432	
8439	-50.651883	21.718750	-14.408920	5.698234	
8440	-50.703125	21.748774	-14.455402	5.727425	
8440	-50.772210	21.796875	-14.520892	5.768912	
8441	-50.703125	21.748774	-14.455402	5.727425	
8441	-50.651883	21.718750	-14.408920	5.698234	
8442	-50.781250	21.802473	-14.529139	5.774168	
8442	-50.772210	21.796875	-14.520892	5.768912	
8443	-50.859375	21.860142	-14.603937	5.822174	
8443	-50.781250	21.802473	-14.529139	5.774168	
8444	-50.859375	21.860142	-14.603937	5.822174	
8444	-50.876380	21.875000	-14.621091	5.833273	
8445	-50.312500	21.557516	-14.112306	5.516324	
8445	-50.324944	21.562500	-14.122907	5.522708	
8446	-50.078125	21.505316	-13.928583	5.406940	
8446	-50.000000	21.501228	-13.872327	5.373910	
8447	-50.156250	21.516335	-13.987448	5.441733	
8447	-50.078125	21.505316	-13.928583	5.406940	
8448	-50.234375	21.533787	-14.048714	5.478198	
8448	-50.156250	21.516335	-13.987448	5.441733	
8449	-50.312500	21.557516	-14.112306	5.516324	
8449	-50.234375	21.533787	-14.048714	5.478198	
8450	-50.468750	21.619184	-14.244486	5.596517	
8450	-50.509736	21.640625	-14.281123	5.618983	
8451	-50.546875	21.657743	-14.313273	5.638789	
8451	-50.509736	21.640625	-14.281123	5.618983	
8452	-50.625000	21.701003	-14.383622	5.682432	
8452	-50.546875	21.657743	-14.313273	5.638789	
8453	-50.468750	21.619184	-14.244486	5.596517	
8453	-50.390625	21.585558	-14.177396	5.555650	
8454	-50.390625	21.585558	-14.177396	5.555650	
8454	-50.324944	21.562500	-14.122907	5.522708	
8455	-50.937500	21.923172	-14.680272	5.871842	
8455	-50.969454	21.953125	-14.713002	5.893365	
8456	-51.015625	21.992416	-14.758366	5.923439	
8456	-50.969454	21.953125	-14.713002	5.893365	
8457	-51.015625	21.992416	-14.758366	5.923439	
8457	-51.053883	22.031250	-14.798304	5.950164	
8458	-51.093750	22.068322	-14.838226	5.977128	
8458	-51.053883	22.031250	-14.798304	5.950164	
8459	-51.093750	22.068322	-14.838226	5.977128	
8459	-51.130713	22.109375	-14.877726	6.004068	
8460	-51.171875	22.151810	-14.919989	6.033203	
8460	-51.130713	22.109375	-14.877726	6.004068	
8461	-51.171875	22.151810	-14.919989	6.033203	
8461	-51.200894	22.187500	-14.951910	6.055439	
8462	-50.937500	21.923172	-14.680272	5.871842	
8462	-50.876380	21.875000	-14.621091	5.833273	
8463	-51.250000	22.244656	-15.004033	6.092211	
8463	-51.200894	22.187500	-14.951910	6.055439	
8464	-51.250000	22.244656	-15.004033	6.092211	
8464	-51.265179	22.265625	-15.021340	6.104558	
8465	-51.265179	22.265625	-15.021340	6.104558	
8465	-51.323747	22.343750	-15.086145	6.151467	
8466	-51.328125	22.349221	-15.090782	6.154868	
8466	-51.376702	22.421875	-15.146409	6.196181	
8467	-51.328125	22.349221	-15.090782	6.154868	
8467	-51.323747	22.343750	-15.086145	6.151467	
8468	-51.406250	22.466442	-15.179726	6.221430	
8468	-51.376702	22.421875	-15.146409	6.196181	
8469	-51.406250	22.466442	-15.179726	6.221430	
8469	-51.425254	22.500000	-15.202775	6.239150	
8470	-51.562500	22.784952	-15.373118	6.379189	
8470	-51.572725	22.812500	-15.386652	6.391341	
8471	-51.425254	22.500000	-15.202775	6.239150	
8471	-51.468742	22.578125	-15.254865	6.280065	
8472	-51.484375	22.606610	-15.273280	6.294860	
8472	-51.468742	22.578125	-15.254865	6.280065	
8473	-51.484375	22.606610	-15.273280	6.294860	
8473	-51.508184	22.656250	-15.303118	6.319265	
8474	-51.508184	22.656250	-15.303118	6.319265	
8474	-51.542656	22.734375	-15.347004	6.356320	
8475	-51.562500	22.784952	-15.373118	6.379189	
8475	-51.542656	22.734375	-15.347004	6.356320	
8476	-51.572725	22.812500	-15.386652	6.391341	
8476	-51.599950	22.890625	-15.422360	6.424663	
8477	-51.599950	22.890625	-15.422360	6.424663	
8477	-51.621026	22.968750	-15.452604	6.454929	
8478	-51.621026	22.968750	-15.452604	6.454929	
8478	-51.635856	23.046875	-15.477105	6.481844	
8479	-51.640625	23.083764	-15.486545	6.493248	
8479	-51.635856	23.046875	-15.477105	6.481844	
8480	-51.640625	23.083764	-15.486545	6.493248	
8480	-51.649946	23.125000	-15.496103	6.505897	
8481	-51.875000	23.176288	-15.580601	6.533603	
8481	-51.814242	23.203125	-15.550916	6.529524	
8482	-51.796875	23.207493	-15.543091	6.528780	
8482	-51.718750	23.232828	-15.515783	6.528350	
8483	-51.814242	23.203125	-15.550916	6.529524	
8483	-51.796875	23.207493	-15.543091	6.528780	
8484	-51.649946	23.125000	-15.496103	6.505897	
8484	-51.670639	23.203125	-15.507621	6.524788	
8485	-51.718750	23.232828	-15.515783	6.528350	
8485	-51.670639	23.203125	-15.507621	6.524788	
8486	-51.328125	23.728398	-15.741218	6.133011	
8486	-51.250000	23.749724	-15.705506	6.129109	
8487	-51.406250	23.696517	-15.764365	6.131953	
8487	-51.328125	23.728398	-15.741218	6.133011	
8488	-51.436413	23.750000	-15.769130	6.138743	
8488	-51.406250	23.696517	-15.764365	6.131953	
8489	-52.500000	23.176394	-16.038871	6.668757	
8489	-52.421875	23.156016	-15.970802	6.644639	
8490	-52.421875	23.156016	-15.970802	6.644639	
8490	-52.343750	23.142068	-15.905661	6.622457	
8491	-52.343750	23.142068	-15.905661	6.622457	
8491	-52.265625	23.134080	-15.843366	6.602192	
8492	-52.265625	23.134080	-15.843366	6.602192	
8492	-52.187500	23.131621	-15.783911	6.583876	
8493	-52.187500	23.131621	-15.783911	6.583876	
8493	-52.109375	23.134342	-15.727411	6.567606	
8494	-52.109375	23.134342	-15.727411	6.567606	
8494	-52.031250	23.142112	-15.674177	6.553569	
8495	-52.031250	23.142112	-15.674177	6.553569	
8495	-51.953125	23.155378	-15.624849	6.542075	
8496	-51.953125	23.155378	-15.624849	6.542075	
8496	-51.875000	23.176288	-15.580601	6.533603	
8497	-50.166148	23.593750	-14.851029	5.830524	
8497	-50.156250	23.587529	-14.841119	5.826240	
8498	-50.044806	23.515625	-14.728553	5.776821	
8498	-50.000000	23.481375	-14.681274	5.755669	
8499	-50.078125	23.537703	-14.762467	5.791852	
8499	-50.044806	23.515625	-14.728553	5.776821	
8500	-50.156250	23.587529	-14.841119	5.826240	
8500	-50.078125	23.537703	-14.762467	5.791852	
8501	-50.312500	23.669590	-14.991478	5.889982	
8501	-50.234375	23.631220	-14.917364	5.858907	
8502	-50.234375	23.631220	-14.917364	5.858907	
8502	-50.166148	23.593750	-14.851029	5.830524	
8503	-50.317309	23.671875	-14.996001	5.891856	
8503	-50.312500	23.669590	-14.991478	5.889982	
8504	-50.390625	23.702906	-15.063536	5.919498	
8504	-50.317309	23.671875	-14.996001	5.891856	
8505	-50.468750	23.731148	-15.133518	5.947442	
8505	-50.390625	23.702906	-15.063536	5.919498	
8506	-50.530809	23.750000	-15.187626	5.968515	
8506	-50.468750	23.731148	-15.133518	5.947442	
8507	-51.250000	23.749724	-15.705506	6.129109	
8507	-51.248584	23.750000	-15.704773	6.128998	
8508	-51.248584	23.750000	-15.704773	6.128998	
8508	-51.171875	23.775497	-15.663443	6.121470	
8509	-51.171875	23.775497	-15.663443	6.121470	
8509	-51.093750	23.790987	-15.616082	6.110619	
8510	-51.093750	23.790987	-15.616082	6.110619	
8510	-51.015625	23.800116	-15.564744	6.097077	
8511	-51.015625	23.800116	-15.564744	6.097077	
8511	-50.937500	23.804196	-15.510250	6.081223	
8512	-50.937500	23.804196	-15.510250	6.081223	
8512	-50.859375	23.803607	-15.453072	6.063314	
8513	-50.859375	23.803607	-15.453072	6.063314	
8513	-50.781250	23.798402	-15.393480	6.043522	
8514	-50.781250	23.798402	-15.393480	6.043522	
8514	-50.703125	23.788532	-15.331627	6.021963	
8515	-50.703125	23.788532	-15.331627	6.021963	
8515	-50.625000	23.773923	-15.267603	5.998712	
8516	-50.625000	23.773923	-15.267603	5.998712	
8516	-50.546875	23.754518	-15.201464	5.973825	
8517	-50.546875	23.754518	-15.201464	5.973825	
8517	-50.530809	23.750000	-15.187626	5.968515	
8518	-51.436413	23.750000	-15.769130	6.138743	
8518	-51.453164	23.828125	-15.781548	6.158845	
8519	-51.453164	23.828125	-15.781548	6.158845	
8519	-51.472025	23.906250	-15.802363	6.185337	
8520	-51.492740	23.984375	-15.829428	6.215538	
8520	-51.484375	23.949174	-15.816873	6.201912	
8521	-51.484375	23.949174	-15.816873	6.201912	
8521	-51.472025	23.906250	-15.802363	6.185337	
8522	-51.492740	23.984375	-15.829428	6.215538	
8522	-51.516521	24.062500	-15.861719	6.248571	
8523	-51.516521	24.062500	-15.861719	6.248571	
8523	-51.548367	24.140625	-15.900398	6.285647	
8524	-51.562500	24.172007	-15.917382	6.301327	
8524	-51.548367	24.140625	-15.900398	6.285647	
8525	-51.585726	24.218750	-15.944483	6.325760	
8525	-51.562500	24.172007	-15.917382	6.301327	
8526	-51.585726	24.218750	-15.944483	6.325760	
8526	-51.629823	24.296875	-15.994392	6.369241	
8527	-51.640625	24.315350	-16.006761	6.379765	
8527	-51.629823	24.296875	-15.994392	6.369241	
8528	-51.681678	24.375000	-16.050663	6.416443	
8528	-51.640625	24.315350	-16.006761	6.379765	
8529	-51.742503	24.453125	-16.114077	6.467853	
8529	-51.718750	24.426325	-16.090537	6.448963	
8530	-51.796875	24.515528	-16.169663	6.511659	
8530	-51.742503	24.453125	-16.114077	6.467853	
8531	-51.814077	24.531250	-16.185860	6.524231	
8531	-51.796875	24.515528	-16.169663	6.511659	
8532	-51.718750	24.426325	-16.090537	6.448963	
8532	-51.681678	24.375000	-16.050663	6.416443	
8533	-51.875000	24.590098	-16.245626	6.569945	
8533	-51.814077	24.531250	-16.185860	6.524231	
8534	-51.900380	24.609375	-16.268686	6.587319	
8534	-51.875000	24.590098	-16.245626	6.569945	
8535	-51.953125	24.652665	-16.318728	6.624558	
8535	-51.900380	24.609375	-16.268686	6.587319	
8536	-52.007482	24.687500	-16.366896	6.659841	
8536	-51.953125	24.652665	-16.318728	6.624558	
8537	-52.153242	24.765625	-16.492992	6.749838	
8537	-52.109375	24.747191	-16.456795	6.724336	
8538	-52.109375	24.747191	-16.456795	6.724336	
8538	-52.031250	24.704165	-16.388852	6.675751	
8539	-52.187500	24.781713	-16.522301	6.770297	
8539	-52.153242	24.765625	-16.492992	6.749838	
8540	-52.031250	24.704165	-16.388852	6.675751	
8540	-52.007482	24.687500	-16.366896	6.659841	
8541	-52.421875	24.839672	-16.705073	6.894238	
8541	-52.343750	24.827989	-16.646570	6.855241	
8542	-52.493066	24.843750	-16.756223	6.927813	
8542	-52.421875	24.839672	-16.705073	6.894238	
8543	-52.265625	24.808923	-16.585728	6.814014	
8543	-52.187500	24.781713	-16.522301	6.770297	
8544	-52.343750	24.827989	-16.646570	6.855241	
8544	-52.265625	24.808923	-16.585728	6.814014	
8545	-52.500000	24.844199	-16.761269	6.931099	
8545	-52.493066	24.843750	-16.756223	6.927813	
8546	-52.812500	23.329546	-16.342844	6.785907	
8546	-52.853465	23.359375	-16.386947	6.804022	
8547	-52.890625	23.391370	-16.428869	6.821484	
8547	-52.853465	23.359375	-16.386947	6.804022	
8548	-52.890625	23.391370	-16.428869	6.821484	
8548	-52.941671	23.437500	-16.487570	6.846330	
8549	-52.734375	23.278759	-16.261463	6.753186	
8549	-52.656250	23.237056	-16.183959	6.722906	
8550	-52.734375	23.278759	-16.261463	6.753186	
8550	-52.738741	23.281250	-16.265873	6.754935	
8551	-52.500000	23.176394	-16.038871	6.668757	
8551	-52.576720	23.203125	-16.108695	6.694380	
8552	-52.578125	23.203661	-16.109997	6.694866	
8552	-52.576720	23.203125	-16.108695	6.694380	
8553	-52.656250	23.237056	-16.183959	6.722906	
8553	-52.578125	23.203661	-16.109997	6.694866	
8554	-52.812500	23.329546	-16.342844	6.785907	
8554	-52.738741	23.281250	-16.265873	6.754935	
8555	-52.968750	23.467164	-16.520728	6.860566	
8555	-53.012578	23.515625	-16.574831	6.884111	
8556	-53.046875	23.562605	-16.620735	6.904397	
8556	-53.012578	23.515625	-16.574831	6.884111	
8557	-53.046875	23.562605	-16.620735	6.904397	
8557	-53.070017	23.593750	-16.651641	6.918217	
8558	-52.968750	23.467164	-16.520728	6.860566	
8558	-52.941671	23.437500	-16.487570	6.846330	
8559	-53.070017	23.593750	-16.651641	6.918217	
8559	-53.116450	23.671875	-16.719900	6.949215	
8560	-53.125000	23.690188	-16.734036	6.955718	
8560	-53.116450	23.671875	-16.719900	6.949215	
8561	-53.125000	23.690188	-16.734036	6.955718	
8561	-53.154495	23.750000	-16.781701	6.977868	
8562	-53.154495	23.750000	-16.781701	6.977868	
8562	-53.183622	23.828125	-16.836552	7.003799	
8563	-53.203125	23.900934	-16.881717	7.025532	
8563	-53.183622	23.828125	-16.836552	7.003799	
8564	-53.203125	23.900934	-16.881717	7.025532	
8564	-53.204662	23.906250	-16.885122	7.027186	
8565	-53.204662	23.906250	-16.885122	7.027186	
8565	-53.219511	23.984375	-16.928973	7.048680	
8566	-53.219511	23.984375	-16.928973	7.048680	
8566	-53.226915	24.062500	-16.967078	7.067686	
8567	-53.226915	24.062500	-16.967078	7.067686	
8567	-53.227052	24.140625	-16.999610	7.084194	
8568	-53.227052	24.140625	-16.999610	7.084194	
8568	-53.219741	24.218750	-17.026464	7.098053	
8569	-53.219741	24.218750	-17.026464	7.098053	
8569	-53.204454	24.296875	-17.047271	7.108976	
8570	-53.203125	24.301413	-17.048138	7.109435	
8570	-53.181370	24.375000	-17.062255	7.116979	
8571	-53.204454	24.296875	-17.047271	7.108976	
8571	-53.203125	24.301413	-17.048138	7.109435	
8572	-53.125000	24.494730	-17.069508	7.120917	
8572	-53.103300	24.531250	-17.068451	7.120326	
8573	-52.968750	24.682022	-17.031111	7.098854	
8573	-52.962091	24.687500	-17.028475	7.097311	
8574	-53.103300	24.531250	-17.068451	7.120326	
8574	-53.046875	24.605330	-17.057122	7.113909	
8575	-53.046875	24.605330	-17.057122	7.113909	
8575	-53.043439	24.609375	-17.056251	7.113411	
8576	-53.043439	24.609375	-17.056251	7.113411	
8576	-52.968750	24.682022	-17.031111	7.098854	
8577	-52.734375	24.810363	-16.913602	7.027903	
8577	-52.656250	24.830283	-16.865887	6.998098	
8578	-52.812500	24.780267	-16.957572	7.054902	
8578	-52.734375	24.810363	-16.913602	7.027903	
8579	-52.578125	24.841244	-16.814962	6.965756	
8579	-52.511941	24.843750	-16.769419	6.936396	
8580	-52.656250	24.830283	-16.865887	6.998098	
8580	-52.578125	24.841244	-16.814962	6.965756	
8581	-52.511941	24.843750	-16.769419	6.936396	
8581	-52.500000	24.844199	-16.761269	6.931099	
8582	-52.962091	24.687500	-17.028475	7.097311	
8582	-52.890625	24.738439	-16.997139	7.078763	
8583	-52.890625	24.738439	-16.997139	7.078763	
8583	-52.841680	24.765625	-16.972684	7.064068	
8584	-52.841680	24.765625	-16.972684	7.064068	
8584	-52.812500	24.780267	-16.957572	7.054902	
8585	-53.181370	24.375000	-17.062255	7.116979	
8585	-53.148181	24.453125	-17.069678	7.121014	
8586	-53.148181	24.453125	-17.069678	7.121014	
8586	-53.125000	24.494730	-17.069508	7.120917	
8587	-49.765625	21.541824	-13.723760	5.287778	
8587	-49.720726	21.562500	-13.700294	5.274338	
8588	-49.843750	21.517835	-13.769259	5.313975	
8588	-49.765625	21.541824	-13.723760	5.287778	
8589	-49.921875	21.504952	-13.819039	5.342826	
8589	-49.843750	21.517835	-13.769259	5.313975	
8590	-50.000000	21.501228	-13.872327	5.373910	
8590	-49.921875	21.504952	-13.819039	5.342826	
8591	-49.687500	21.579267	-13.683464	5.264732	
8591	-49.609375	21.634167	-13.649941	5.245699	
8592	-49.609375	21.634167	-13.649941	5.245699	
8592	-49.602094	21.640625	-13.647342	5.244230	
8593	-49.602094	21.640625	-13.647342	5.244230	
8593	-49.531250	21.713789	-13.626042	5.232239	
8594	-49.531250	21.713789	-13.626042	5.232239	
8594	-49.527303	21.718750	-13.625201	5.231768	
8595	-49.527303	21.718750	-13.625201	5.231768	
8595	-49.474009	21.796875	-13.618201	5.227858	
8596	-49.453125	21.835576	-13.618630	5.228095	
8596	-49.434288	21.875000	-13.620781	5.229284	
8597	-49.474009	21.796875	-13.618201	5.227858	
8597	-49.453125	21.835576	-13.618630	5.228095	
8598	-49.720726	21.562500	-13.700294	5.274338	
8598	-49.687500	21.579267	-13.683464	5.264732	
8599	-49.375000	22.077789	-13.658594	5.249943	
8599	-49.369427	22.109375	-13.667084	5.254543	
8600	-49.369427	22.109375	-13.667084	5.254543	
8600	-49.361142	22.187500	-13.692057	5.268009	
8601	-49.361142	22.187500	-13.692057	5.268009	
8601	-49.358438	22.265625	-13.721058	5.283545	
8602	-49.358438	22.265625	-13.721058	5.283545	
8602	-49.360941	22.343750	-13.753840	5.300988	
8603	-49.360941	22.343750	-13.753840	5.300988	
8603	-49.368445	22.421875	-13.790272	5.320240	
8604	-49.375000	22.462252	-13.811078	5.331176	
8604	-49.368445	22.421875	-13.790272	5.320240	
8605	-49.434288	21.875000	-13.620781	5.229284	
8605	-49.404843	21.953125	-13.630642	5.234706	
8606	-49.404843	21.953125	-13.630642	5.234706	
8606	-49.383680	22.031250	-13.646394	5.243313	
8607	-49.383680	22.031250	-13.646394	5.243313	
8607	-49.375000	22.077789	-13.658594	5.249943	
8608	-49.380567	22.500000	-13.830093	5.341133	
8608	-49.375000	22.462252	-13.811078	5.331176	
8609	-49.380567	22.500000	-13.830093	5.341133	
8609	-49.396987	22.578125	-13.873078	5.363522	
8610	-49.396987	22.578125	-13.873078	5.363522	
8610	-49.418241	22.656250	-13.919648	5.387594	
8611	-49.418241	22.656250	-13.919648	5.387594	
8611	-49.444714	22.734375	-13.970115	5.413471	
8612	-49.453125	22.754572	-13.984344	5.420729	
8612	-49.444714	22.734375	-13.970115	5.413471	
8613	-49.475271	22.812500	-14.023631	5.440680	
8613	-49.453125	22.754572	-13.984344	5.420729	
8614	-49.552305	22.968750	-14.142651	5.500357	
8614	-49.531250	22.927228	-14.110600	5.484399	
8615	-49.475271	22.812500	-14.023631	5.440680	
8615	-49.511199	22.890625	-14.081187	5.469682	
8616	-49.531250	22.927228	-14.110600	5.484399	
8616	-49.511199	22.890625	-14.081187	5.469682	
8617	-49.552305	22.968750	-14.142651	5.500357	
8617	-49.599413	23.046875	-14.208663	5.532962	
8618	-49.609375	23.060964	-14.221692	5.539356	
8618	-49.599413	23.046875	-14.208663	5.532962	
8619	-49.651868	23.125000	-14.278724	5.567182	
8619	-49.609375	23.060964	-14.221692	5.539356	
8620	-49.711734	23.203125	-14.354429	5.603705	
8620	-49.687500	23.170437	-14.323399	5.588792	
8621	-49.765625	23.264660	-14.419216	5.634579	
8621	-49.711734	23.203125	-14.354429	5.603705	
8622	-49.779502	23.281250	-14.436158	5.642594	
8622	-49.765625	23.264660	-14.419216	5.634579	
8623	-49.843750	23.346415	-14.510233	5.677343	
8623	-49.779502	23.281250	-14.436158	5.642594	
8624	-49.856126	23.359375	-14.524634	5.684042	
8624	-49.843750	23.346415	-14.510233	5.677343	
8625	-49.921875	23.418041	-14.597355	5.717582	
8625	-49.856126	23.359375	-14.524634	5.684042	
8626	-49.943411	23.437500	-14.621225	5.728485	
8626	-49.921875	23.418041	-14.597355	5.717582	
8627	-49.687500	23.170437	-14.323399	5.588792	
8627	-49.651868	23.125000	-14.278724	5.567182	
8628	-50.000000	23.481375	-14.681274	5.755669	
8628	-49.943411	23.437500	-14.621225	5.728485	
8629	-42.083911	20.000000	-7.744755	2.413104	
8629	-42.031250	20.059899	-7.725101	2.404624	
8630	-42.031250	20.059899	-7.725101	2.404624	
8630	-42.015228	20.078125	-7.719150	2.402045	
8631	-41.953125	20.150619	-7.696796	2.392314	
8631	-41.948306	20.156250	-7.695071	2.391560	
8632	-42.015228	20.078125	-7.719150	2.402045	
8632	-41.953125	20.150619	-7.696796	2.392314	
8633	-41.948306	20.156250	-7.695071	2.391560	
8633	-41.883137	20.234375	-7.672508	2.381656	
8634	-41.883137	20.234375	-7.672508	2.381656	
8634	-41.875000	20.244377	-7.669787	2.380456	
8635	-41.875000	20.244377	-7.669787	2.380456	
8635	-41.819688	20.312500	-7.651433	2.372331	
8636	-41.819688	20.312500	-7.651433	2.372331	
8636	-41.796875	20.341305	-7.644143	2.369088	
8637	-41.796875	20.341305	-7.644143	2.369088	
8637	-41.757912	20.390625	-7.631804	2.363578	
8638	-41.757912	20.390625	-7.631804	2.363578	
8638	-41.718750	20.441446	-7.619903	2.358237	
8639	-41.718750	20.441446	-7.619903	2.358237	
8639	-41.697773	20.468750	-7.613594	2.355395	
8640	-41.697773	20.468750	-7.613594	2.355395	
8640	-41.640625	20.545019	-7.597164	2.347957	
8641	-41.640625	20.545019	-7.597164	2.347957	
8641	-41.639239	20.546875	-7.596771	2.347778	
8642	-41.639239	20.546875	-7.596771	2.347778	
8642	-41.582350	20.625000	-7.581360	2.340749	
8643	-41.582350	20.625000	-7.581360	2.340749	
8643	-41.562500	20.652946	-7.576262	2.338412	
8644	-41.562500	20.652946	-7.576262	2.338412	
8644	-41.527008	20.703125	-7.567286	2.334281	
8645	-41.484375	20.764937	-7.557135	2.329586	
8645	-41.473175	20.781250	-7.554515	2.328370	
8646	-41.527008	20.703125	-7.567286	2.334281	
8646	-41.484375	20.764937	-7.557135	2.329586	
8647	-41.406250	20.881787	-7.540085	2.321636	
8647	-41.370073	20.937500	-7.532891	2.318255	
8648	-41.473175	20.781250	-7.554515	2.328370	
8648	-41.420877	20.859375	-7.543062	2.323030	
8649	-41.420877	20.859375	-7.543062	2.323030	
8649	-41.406250	20.881787	-7.540085	2.321636	
8650	-41.370073	20.937500	-7.532891	2.318255	
8650	-41.328125	21.003806	-7.525260	2.314648	
8651	-41.328125	21.003806	-7.525260	2.314648	
8651	-41.320687	21.015625	-7.523943	2.314024	
8652	-41.320687	21.015625	-7.523943	2.314024	
8652	-41.272783	21.093750	-7.516258	2.310365	
8653	-41.272783	21.093750	-7.516258	2.310365	
8653	-41.250000	21.131906	-7.513016	2.308814	
8654	-41.250000	21.131906	-7.513016	2.308814	
8654	-41.226270	21.171875	-7.509767	2.307253	
8655	-41.226270	21.171875	-7.509767	2.307253	
8655	-41.181133	21.250000	-7.504454	2.304689	
8656	-41.181133	21.250000	-7.504454	2.304689	
8656	-41.171875	21.266462	-7.503539	2.304246	
8657	-41.171875	21.266462	-7.503539	2.304246	
8657	-41.137401	21.328125	-7.500334	2.302688	
8658	-41.137401	21.328125	-7.500334	2.302688	
8658	-41.094967	21.406250	-7.497327	2.301217	
8659	-41.093750	21.408552	-7.497265	2.301187	
8659	-41.053928	21.484375	-7.495497	2.300316	
8660	-41.015625	21.559573	-7.494757	2.299950	
8660	-41.014143	21.562500	-7.494738	2.299941	
8661	-41.053928	21.484375	-7.495497	2.300316	
8661	-41.015625	21.559573	-7.494757	2.299950	
8662	-41.094967	21.406250	-7.497327	2.301217	
8662	-41.093750	21.408552	-7.497265	2.301187	
8663	-40.937500	21.720943	-7.496609	2.300880	
8663	-40.902633	21.796875	-7.499076	2.302126	
8664	-40.902633	21.796875	-7.499076	2.302126	
8664	-40.867973	21.875000	-7.502636	2.303936	
8665	-41.014143	21.562500	-7.494738	2.299941	
8665	-40.975714	21.640625	-7.495119	2.300131	
8666	-40.975714	21.640625	-7.495119	2.300131	
8666	-40.938513	21.718750	-7.496545	2.300847	
8667	-40.938513	21.718750	-7.496545	2.300847	
8667	-40.937500	21.720943	-7.496609	2.300880	
8668	-40.867973	21.875000	-7.502636	2.303936	
8668	-40.859375	21.895028	-7.503779	2.304519	
8669	-40.859375	21.895028	-7.503779	2.304519	
8669	-40.834580	21.953125	-7.507256	2.306299	
8670	-40.834580	21.953125	-7.507256	2.306299	
8670	-40.802413	22.031250	-7.512900	2.309204	
8671	-40.781250	22.084582	-7.517405	2.311534	
8671	-40.771465	22.109375	-7.519561	2.312653	
8672	-40.771465	22.109375	-7.519561	2.312653	
8672	-40.741750	22.187500	-7.527243	2.316655	
8673	-40.802413	22.031250	-7.512900	2.309204	
8673	-40.781250	22.084582	-7.517405	2.311534	
8674	-40.741750	22.187500	-7.527243	2.316655	
8674	-40.713233	22.265625	-7.535918	2.321201	
8675	-40.703125	22.294454	-7.539447	2.323058	
8675	-40.685926	22.343750	-7.545590	2.326300	
8676	-40.713233	22.265625	-7.535918	2.321201	
8676	-40.703125	22.294454	-7.539447	2.323058	
8677	-40.685926	22.343750	-7.545590	2.326300	
8677	-40.659820	22.421875	-7.556248	2.331952	
8678	-40.659820	22.421875	-7.556248	2.331952	
8678	-40.634911	22.500000	-7.567886	2.338159	
8679	-40.634911	22.500000	-7.567886	2.338159	
8679	-40.625000	22.532568	-7.573108	2.340956	
8680	-40.625000	22.532568	-7.573108	2.340956	
8680	-40.611193	22.578125	-7.580495	2.344924	
8681	-40.611193	22.578125	-7.580495	2.344924	
8681	-40.588666	22.656250	-7.594071	2.352250	
8682	-40.588666	22.656250	-7.594071	2.352250	
8682	-40.567339	22.734375	-7.608616	2.360143	
8683	-40.567339	22.734375	-7.608616	2.360143	
8683	-40.547215	22.812500	-7.624128	2.368610	
8684	-40.547215	22.812500	-7.624128	2.368610	
8684	-40.546875	22.813899	-7.624421	2.368770	
8685	-40.546875	22.813899	-7.624421	2.368770	
8685	-40.528259	22.890625	-7.640579	2.377640	
8686	-40.528259	22.890625	-7.640579	2.377640	
8686	-40.510509	22.968750	-7.657991	2.387252	
8687	-40.510509	22.968750	-7.657991	2.387252	
8687	-40.493973	23.046875	-7.676366	2.397451	
8688	-40.493973	23.046875	-7.676366	2.397451	
8688	-40.478659	23.125000	-7.695704	2.408245	
8689	-40.478659	23.125000	-7.695704	2.408245	
8689	-40.468750	23.179875	-7.709940	2.416229	
8690	-40.468750	23.179875	-7.709940	2.416229	
8690	-40.464555	23.203125	-7.715993	2.419634	
8691	-40.464555	23.203125	-7.715993	2.419634	
8691	-40.451643	23.281250	-7.737216	2.431612	
8692	-40.451643	23.281250	-7.737216	2.431612	
8692	-40.439971	23.359375	-7.759403	2.444203	
8693	-40.439971	23.359375	-7.759403	2.444203	
8693	-40.429552	23.437500	-7.782558	2.457414	
8694	-40.429552	23.437500	-7.782558	2.457414	
8694	-40.420395	23.515625	-7.806682	2.471254	
8695	-40.420395	23.515625	-7.806682	2.471254	
8695	-40.412513	23.593750	-7.831779	2.485731	
8696	-40.412513	23.593750	-7.831779	2.485731	
8696	-40.405918	23.671875	-7.857853	2.500853	
8697	-40.405918	23.671875	-7.857853	2.500853	
8697	-40.400623	23.750000	-7.884909	2.516629	
8698	-40.400623	23.750000	-7.884909	2.516629	
8698	-40.396643	23.828125	-7.912951	2.533068	
8699	-40.396643	23.828125	-7.912951	2.533068	
8699	-40.393992	23.906250	-7.941984	2.550180	
8700	-40.393992	23.906250	-7.941984	2.550180	
8700	-40.392688	23.984375	-7.972015	2.567975	
8701	-40.392688	23.984375	-7.972015	2.567975	
8701	-40.392748	24.062500	-8.003050	2.586465	
8702	-40.392748	24.062500	-8.003050	2.586465	
8702	-40.394191	24.140625	-8.035097	2.605659	
8703	-40.394191	24.140625	-8.035097	2.605659	
8703	-40.397038	24.218750	-8.068163	2.625571	
8704	-40.397038	24.218750	-8.068163	2.625571	
8704	-40.401312	24.296875	-8.102258	2.646214	
8705	-40.401312	24.296875	-8.102258	2.646214	
8705	-40.407038	24.375000	-8.137393	2.667600	
8706	-40.407038	24.375000	-8.137393	2.667600	
8706	-40.414244	24.453125	-8.173579	2.689747	
8707	-40.414244	24.453125	-8.173579	2.689747	
8707	-40.422961	24.531250	-8.210831	2.712669	
8708	-40.422961	24.531250	-8.210831	2.712669	
8708	-40.433224	24.609375	-8.249162	2.736385	
8709	-40.433224	24.609375	-8.249162	2.736385	
8709	-40.445070	24.687500	-8.288592	2.760915	
8710	-40.468750	24.818154	-8.357177	2.803903	
8710	-40.473582	24.843750	-8.370755	2.812461	
8711	-40.445070	24.687500	-8.288592	2.760915	
8711	-40.458543	24.765625	-8.329139	2.786281	
8712	-40.468750	24.818154	-8.357177	2.803903	
8712	-40.458543	24.765625	-8.329139	2.786281	
8713	-40.473582	24.843750	-8.370755	2.812461	
8713	-40.490052	24.921875	-8.413345	2.839405	
8714	-40.490052	24.921875	-8.413345	2.839405	
8714	-40.508219	25.000000	-8.457070	2.867225	
8715	-40.625000	25.392931	-8.693589	3.020451	
8715	-40.651860	25.468750	-8.741978	3.052369	
8716	-40.651860	25.468750	-8.741978	3.052369	
8716	-40.681437	25.546875	-8.793011	3.086243	
8717	-40.703125	25.600399	-8.828845	3.110159	
8717	-40.681437	25.546875	-8.793011	3.086243	
8718	-40.703125	25.600399	-8.828845	3.110159	
8718	-40.712637	25.625000	-8.845024	3.120994	
8719	-40.508219	25.000000	-8.457070	2.867225	
8719	-40.528139	25.078125	-8.501956	2.895949	
8720	-40.546875	25.145391	-8.541638	2.921482	
8720	-40.528139	25.078125	-8.501956	2.895949	
8721	-40.546875	25.145391	-8.541638	2.921482	
8721	-40.549796	25.156250	-8.547980	2.925574	
8722	-40.549796	25.156250	-8.547980	2.925574	
8722	-40.572727	25.234375	-8.594835	2.955914	
8723	-40.572727	25.234375	-8.594835	2.955914	
8723	-40.597485	25.312500	-8.642862	2.987200	
8724	-40.597485	25.312500	-8.642862	2.987200	
8724	-40.624148	25.390625	-8.692095	3.019469	
8725	-40.625000	25.392931	-8.693589	3.020451	
8725	-40.624148	25.390625	-8.692095	3.019469	
8726	-40.712637	25.625000	-8.845024	3.120994	
8726	-40.744950	25.703125	-8.897682	3.156410	
8727	-40.744950	25.703125	-8.897682	3.156410	
8727	-40.779205	25.781250	-8.951480	3.192841	
8728	-40.781250	25.785604	-8.954560	3.194935	
8728	-40.779205	25.781250	-8.951480	3.192841	
8729	-40.781250	25.785604	-8.954560	3.194935	
8729	-40.814078	25.859375	-9.005582	3.229736	
8730	-40.814078	25.859375	-9.005582	3.229736	
8730	-40.850737	25.937500	-9.060685	3.267585	
8731	-40.859375	25.954781	-9.073181	3.276206	
8731	-40.888034	26.015625	-9.116066	3.305907	
8732	-40.859375	25.954781	-9.073181	3.276206	
8732	-40.850737	25.937500	-9.060685	3.267585	
8733	-40.888034	26.015625	-9.116066	3.305907	
8733	-40.926718	26.093750	-9.172158	3.345017	
8734	-40.937500	26.114277	-9.187243	3.355586	
8734	-40.926718	26.093750	-9.172158	3.345017	
8735	-40.937500	26.114277	-9.187243	3.355586	
8735	-40.965852	26.171875	-9.228374	3.384521	
8736	-40.965852	26.171875	-9.228374	3.384521	
8736	-41.006095	26.250000	-9.285084	3.424696	
8737	-41.015625	26.267490	-9.298063	3.433937	
8737	-41.046417	26.328125	-9.341656	3.465106	
8738	-41.015625	26.267490	-9.298063	3.433937	
8738	-41.006095	26.250000	-9.285084	3.424696	
8739	-41.046417	26.328125	-9.341656	3.465106	
8739	-41.087664	26.406250	-9.398561	3.506105	
8740	-41.093750	26.417162	-9.406680	3.511984	
8740	-41.087664	26.406250	-9.398561	3.506105	
8741	-41.093750	26.417162	-9.406680	3.511984	
8741	-41.128494	26.484375	-9.454995	3.547126	
8742	-41.128494	26.484375	-9.454995	3.547126	
8742	-41.170122	26.562500	-9.511637	3.588674	
8743	-41.171875	26.565615	-9.513943	3.590374	
8743	-41.210788	26.640625	-9.567457	3.630007	
8744	-41.171875	26.565615	-9.513943	3.590374	
8744	-41.170122	26.562500	-9.511637	3.588674	
8745	-41.250000	26.714600	-9.620435	3.669609	
8745	-41.210788	26.640625	-9.567457	3.630007	
8746	-41.250000	26.714600	-9.620435	3.669609	
8746	-41.252028	26.718750	-9.623303	3.671764	
8747	-41.252028	26.718750	-9.623303	3.671764	
8747	-41.292007	26.796875	-9.678126	3.713169	
8748	-41.328125	26.866485	-9.726956	3.750412	
8748	-41.292007	26.796875	-9.678126	3.713169	
8749	-41.328125	26.866485	-9.726956	3.750412	
8749	-41.332183	26.875000	-9.732713	3.754826	
8750	-41.406250	27.024065	-9.834414	3.833670	
8750	-41.409527	27.031250	-9.839124	3.837363	
8751	-41.332183	26.875000	-9.732713	3.754826	
8751	-41.370932	26.953125	-9.786157	3.796050	
8752	-41.406250	27.024065	-9.834414	3.833670	
8752	-41.370932	26.953125	-9.786157	3.796050	
8753	-41.409527	27.031250	-9.839124	3.837363	
8753	-41.446481	27.109375	-9.890806	3.878139	
8754	-41.446481	27.109375	-9.890806	3.878139	
8754	-41.483004	27.187500	-9.941820	3.918869	
8755	-41.484375	27.190320	-9.943680	3.920363	
8755	-41.517744	27.265625	-9.991453	3.958988	
8756	-41.484375	27.190320	-9.943680	3.920363	
8756	-41.483004	27.187500	-9.941820	3.918869	
8757	-41.517744	27.265625	-9.991453	3.958988	
8757	-41.551606	27.343750	-10.040147	3.998855	
8758	-41.562500	27.368504	-10.055547	4.011574	
8758	-41.551606	27.343750	-10.040147	3.998855	
8759	-41.562500	27.368504	-10.055547	4.011574	
8759	-41.583970	27.421875	-10.087577	4.038208	
8760	-41.583970	27.421875	-10.087577	4.038208	
8760	-41.614889	27.500000	-10.133754	4.077057	
8761	-41.640625	27.567271	-10.172624	4.110202	
8761	-41.644453	27.578125	-10.178703	4.115424	
8762	-41.640625	27.567271	-10.172624	4.110202	
8762	-41.614889	27.500000	-10.133754	4.077057	
8763	-41.644453	27.578125	-10.178703	4.115424	
8763	-41.672341	27.656250	-10.222257	4.153169	
8764	-41.672341	27.656250	-10.222257	4.153169	
8764	-41.698603	27.734375	-10.264422	4.190296	
8765	-41.718750	27.797577	-10.297543	4.219904	
8765	-41.698603	27.734375	-10.264422	4.190296	
8766	-41.718750	27.797577	-10.297543	4.219904	
8766	-41.723196	27.812500	-10.305161	4.226773	
8767	-41.723196	27.812500	-10.305161	4.226773	
8767	-41.746315	27.890625	-10.344533	4.262656	
8768	-41.746315	27.890625	-10.344533	4.262656	
8768	-41.767494	27.968750	-10.382316	4.297746	
8769	-41.767494	27.968750	-10.382316	4.297746	
8769	-41.786625	28.046875	-10.418449	4.331985	
8770	-41.796875	28.092044	-10.438625	4.351428	
8770	-41.786625	28.046875	-10.418449	4.331985	
8771	-41.796875	28.092044	-10.438625	4.351428	
8771	-41.804132	28.125000	-10.453066	4.365501	
8772	-41.804132	28.125000	-10.453066	4.365501	
8772	-41.820258	28.203125	-10.486199	4.398340	
8773	-41.820258	28.203125	-10.486199	4.398340	
8773	-41.834232	28.281250	-10.517521	4.430190	
8774	-41.834232	28.281250	-10.517521	4.430190	
8774	-41.846006	28.359375	-10.546970	4.460993	
8775	-41.846006	28.359375	-10.546970	4.460993	
8775	-41.855549	28.437500	-10.574480	4.490687	
8776	-41.855549	28.437500	-10.574480	4.490687	
8776	-41.862851	28.515625	-10.599976	4.519205	
8777	-41.862851	28.515625	-10.599976	4.519205	
8777	-41.867929	28.593750	-10.623360	4.546460	
8778	-41.867929	28.593750	-10.623360	4.546460	
8778	-41.870833	28.671875	-10.644507	4.572343	
8779	-41.870833	28.671875	-10.644507	4.572343	
8779	-41.871661	28.750000	-10.663243	4.596695	
8780	-40.198450	29.843750	-10.471646	3.931939	
8780	-40.156250	29.836507	-10.440037	3.914698	
8781	-40.078125	29.821849	-10.380852	3.882075	
8781	-40.000000	29.805564	-10.320823	3.848563	
8782	-40.156250	29.836507	-10.440037	3.914698	
8782	-40.078125	29.821849	-10.380852	3.882075	
8783	-40.312500	29.861208	-10.555851	3.977181	
8783	-40.234375	29.849636	-10.498385	3.946417	
8784	-40.234375	29.849636	-10.498385	3.946417	
8784	-40.198450	29.843750	-10.471646	3.931939	
8785	-40.468750	29.878339	-10.667481	4.035398	
8785	-40.390625	29.870818	-10.612246	4.006866	
8786	-40.390625	29.870818	-10.612246	4.006866	
8786	-40.312500	29.861208	-10.555851	3.977181	
8787	-40.625000	29.886639	-10.774070	4.088682	
8787	-40.546875	29.883652	-10.721458	4.062699	
8788	-40.546875	29.883652	-10.721458	4.062699	
8788	-40.468750	29.878339	-10.667481	4.035398	
8789	-40.781250	29.885115	-10.874659	4.136279	
8789	-40.703125	29.887175	-10.825190	4.113248	
8790	-40.703125	29.887175	-10.825190	4.113248	
8790	-40.625000	29.886639	-10.774070	4.088682	
8791	-40.937500	29.872249	-10.967732	4.177111	
8791	-40.859375	29.880251	-10.922269	4.157629	
8792	-40.859375	29.880251	-10.922269	4.157629	
8792	-40.781250	29.885115	-10.874659	4.136279	
8793	-41.171875	29.827841	-11.087405	4.221979	
8793	-41.093750	29.843666	-11.050360	4.209422	
8794	-41.250000	29.807895	-11.119581	4.231215	
8794	-41.171875	29.827841	-11.087405	4.221979	
8795	-41.093750	29.843666	-11.050360	4.209422	
8795	-41.093192	29.843750	-11.050078	4.209321	
8796	-41.093192	29.843750	-11.050078	4.209321	
8796	-41.015625	29.860480	-11.010631	4.194481	
8797	-41.015625	29.860480	-11.010631	4.194481	
8797	-40.937500	29.872249	-10.967732	4.177111	
8798	-42.265625	29.041385	-10.863345	4.716406	
8798	-42.187500	29.053168	-10.821257	4.701880	
8799	-42.343750	29.035588	-10.909150	4.733455	
8799	-42.265625	29.041385	-10.863345	4.716406	
8800	-42.421875	29.035133	-10.958230	4.752813	
8800	-42.343750	29.035588	-10.909150	4.733455	
8801	-42.500000	29.039925	-11.010350	4.774356	
8801	-42.421875	29.035133	-10.958230	4.752813	
8802	-42.187500	29.053168	-10.821257	4.701880	
8802	-42.149731	29.062500	-10.802610	4.695902	
8803	-42.149731	29.062500	-10.802610	4.695902	
8803	-42.109375	29.069252	-10.783098	4.690036	
8804	-42.109375	29.069252	-10.783098	4.690036	
8804	-42.031250	29.086970	-10.749635	4.681275	
8805	-42.031250	29.086970	-10.749635	4.681275	
8805	-41.953125	29.110623	-10.723317	4.676463	
8806	-41.953125	29.110623	-10.723317	4.676463	
8806	-41.875000	29.137719	-10.707500	4.676493	
8807	-41.871661	28.750000	-10.663243	4.596695	
8807	-41.870580	28.828125	-10.679311	4.619271	
8808	-41.870580	28.828125	-10.679311	4.619271	
8808	-41.867886	28.906250	-10.692336	4.639675	
8809	-41.867886	28.906250	-10.692336	4.639675	
8809	-41.864201	28.984375	-10.701751	4.657221	
8810	-41.864201	28.984375	-10.701751	4.657221	
8810	-41.861508	29.062500	-10.706746	4.670618	
8811	-41.875000	29.137719	-10.707500	4.676493	
8811	-41.861508	29.062500	-10.706746	4.670618	
8812	-41.410836	29.765625	-11.160158	4.236607	
8812	-41.406250	29.760667	-11.159945	4.236592	
8813	-41.410836	29.765625	-11.160158	4.236607	
8813	-41.416085	29.843750	-11.161062	4.244398	
8814	-41.406250	29.760667	-11.159945	4.236592	
8814	-41.382540	29.765625	-11.156946	4.237100	
8815	-41.328125	29.780514	-11.144881	4.236356	
8815	-41.250000	29.807895	-11.119581	4.231215	
8816	-41.382540	29.765625	-11.156946	4.237100	
8816	-41.328125	29.780514	-11.144881	4.236356	
8817	-41.406250	29.999106	-11.176924	4.277822	
8817	-41.406133	30.000000	-11.177055	4.278047	
8818	-41.416085	29.843750	-11.161062	4.244398	
8818	-41.411346	29.921875	-11.166899	4.259135	
8819	-41.411346	29.921875	-11.166899	4.259135	
8819	-41.406250	29.999106	-11.176924	4.277822	
8820	-43.125000	29.293716	-11.536223	5.026442	
8820	-43.129061	29.296875	-11.540359	5.028612	
8821	-43.203125	29.362711	-11.619308	5.070528	
8821	-43.129061	29.296875	-11.540359	5.028612	
8822	-43.203125	29.362711	-11.619308	5.070528	
8822	-43.216304	29.375000	-11.633655	5.078242	
8823	-42.578125	29.050128	-11.065416	4.798031	
8823	-42.500000	29.039925	-11.010350	4.774356	
8824	-42.578125	29.050128	-11.065416	4.798031	
8824	-42.640348	29.062500	-11.111435	4.818436	
8825	-42.812500	29.112959	-11.247438	4.881512	
8825	-42.734375	29.086048	-11.183820	4.851529	
8826	-42.734375	29.086048	-11.183820	4.851529	
8826	-42.656250	29.065713	-11.123328	4.823793	
8827	-42.656250	29.065713	-11.123328	4.823793	
8827	-42.640348	29.062500	-11.111435	4.818436	
8828	-42.968750	29.187148	-11.384334	4.948528	
8828	-43.021407	29.218750	-11.433570	4.973393	
8829	-42.812500	29.112959	-11.247438	4.881512	
8829	-42.877478	29.140625	-11.302836	4.908240	
8830	-42.890625	29.146720	-11.314290	4.913835	
8830	-42.877478	29.140625	-11.302836	4.908240	
8831	-42.968750	29.187148	-11.384334	4.948528	
8831	-42.890625	29.146720	-11.314290	4.913835	
8832	-43.125000	29.293716	-11.536223	5.026442	
8832	-43.046875	29.235908	-11.458200	4.985975	
8833	-43.046875	29.235908	-11.458200	4.985975	
8833	-43.021407	29.218750	-11.433570	4.973393	
8834	-43.437500	29.673780	-11.915478	5.235832	
8834	-43.445353	29.687500	-11.926922	5.242478	
8835	-43.281250	29.445284	-11.708529	5.118987	
8835	-43.288356	29.453125	-11.716818	5.123547	
8836	-43.288356	29.453125	-11.716818	5.123547	
8836	-43.349430	29.531250	-11.792683	5.165746	
8837	-43.281250	29.445284	-11.708529	5.118987	
8837	-43.216304	29.375000	-11.633655	5.078242	
8838	-43.359375	29.546326	-11.806052	5.173269	
8838	-43.401705	29.609375	-11.862702	5.205436	
8839	-43.359375	29.546326	-11.806052	5.173269	
8839	-43.349430	29.531250	-11.792683	5.165746	
8840	-43.437500	29.673780	-11.915478	5.235832	
8840	-43.401705	29.609375	-11.862702	5.205436	
8841	-43.445353	29.687500	-11.926922	5.242478	
8841	-43.483335	29.765625	-11.987438	5.277954	
8842	-43.483335	29.765625	-11.987438	5.277954	
8842	-43.514195	29.843750	-12.043167	5.311132	
8843	-43.515625	29.848153	-12.046095	5.312889	
8843	-43.540951	29.921875	-12.096264	5.343210	
8844	-43.515625	29.848153	-12.046095	5.312889	
8844	-43.514195	29.843750	-12.043167	5.311132	
8845	-43.540951	29.921875	-12.096264	5.343210	
8845	-43.562211	30.000000	-12.145718	5.373516	
8846	-43.562211	30.000000	-12.145718	5.373516	
8846	-43.578510	30.078125	-12.191910	5.402214	
8847	-43.578510	30.078125	-12.191910	5.402214	
8847	-43.590319	30.156250	-12.235180	5.429455	
8848	-43.593750	30.191469	-12.253434	5.441056	
8848	-43.590319	30.156250	-12.235180	5.429455	
8849	-43.593750	30.191469	-12.253434	5.441056	
8849	-43.598245	30.234375	-12.275964	5.455468	
8850	-43.598245	30.234375	-12.275964	5.455468	
8850	-43.602145	30.312500	-12.314167	5.480150	
8851	-43.602145	30.312500	-12.314167	5.480150	
8851	-43.601918	30.390625	-12.349731	5.503419	
8852	-43.601918	30.390625	-12.349731	5.503419	
8852	-43.597622	30.468750	-12.382715	5.525271	
8853	-43.593750	30.505346	-12.396966	5.534799	
8853	-43.589476	30.546875	-12.413289	5.545779	
8854	-43.589476	30.546875	-12.413289	5.545779	
8854	-43.577526	30.625000	-12.441505	5.564941	
8855	-43.597622	30.468750	-12.382715	5.525271	
8855	-43.593750	30.505346	-12.396966	5.534799	
8856	-43.577526	30.625000	-12.441505	5.564941	
8856	-43.561394	30.703125	-12.467129	5.582560	
8857	-43.561394	30.703125	-12.467129	5.582560	
8857	-43.540869	30.781250	-12.490051	5.598516	
8858	-43.540869	30.781250	-12.490051	5.598516	
8858	-43.515700	30.859375	-12.510137	5.612672	
8859	-43.515625	30.859577	-12.510183	5.612705	
8859	-43.486504	30.937500	-12.527844	5.625308	
8860	-43.515700	30.859375	-12.510137	5.612672	
8860	-43.515625	30.859577	-12.510183	5.612705	
8861	-43.437500	31.044548	-12.546692	5.638959	
8861	-43.412080	31.093750	-12.553684	5.644091	
8862	-43.412080	31.093750	-12.553684	5.644091	
8862	-43.366060	31.171875	-12.561436	5.649840	
8863	-43.359375	31.182254	-12.562129	5.650359	
8863	-43.313221	31.250000	-12.565244	5.652701	
8864	-43.366060	31.171875	-12.561436	5.649840	
8864	-43.359375	31.182254	-12.562129	5.650359	
8865	-43.486504	30.937500	-12.527844	5.625308	
8865	-43.451940	31.015625	-12.542322	5.635773	
8866	-43.451940	31.015625	-12.542322	5.635773	
8866	-43.437500	31.044548	-12.546692	5.638959	
8867	-43.313221	31.250000	-12.565244	5.652701	
8867	-43.281250	31.292313	-12.565377	5.652802	
8868	-43.281250	31.292313	-12.565377	5.652802	
8868	-43.252126	31.328125	-12.564311	5.651984	
8869	-43.203125	31.383449	-12.560397	5.648957	
8869	-43.180948	31.406250	-12.557646	5.646814	
8870	-43.252126	31.328125	-12.564311	5.651984	
8870	-43.203125	31.383449	-12.560397	5.648957	
8871	-43.180948	31.406250	-12.557646	5.646814	
8871	-43.125000	31.459950	-12.549126	5.640122	
8872	-43.125000	31.459950	-12.549126	5.640122	
8872	-43.096391	31.484375	-12.543442	5.635621	
8873	-43.046875	31.524451	-12.532760	5.627098	
8873	-42.992495	31.562500	-12.518447	5.615570	
8874	-43.096391	31.484375	-12.543442	5.635621	
8874	-43.046875	31.524451	-12.532760	5.627098	
8875	-42.734375	31.688255	-12.428136	5.540795	
8875	-42.656250	31.708836	-12.393685	5.511554	
8876	-42.812500	31.659745	-12.459377	5.567000	
8876	-42.734375	31.688255	-12.428136	5.540795	
8877	-42.656250	31.708836	-12.393685	5.511554	
8877	-42.597436	31.718750	-12.365478	5.487368	
8878	-42.597436	31.718750	-12.365478	5.487368	
8878	-42.578125	31.722049	-12.356315	5.479467	
8879	-42.578125	31.722049	-12.356315	5.479467	
8879	-42.500000	31.728161	-12.316179	5.444614	
8880	-42.992495	31.562500	-12.518447	5.615570	
8880	-42.968750	31.578478	-12.511989	5.610333	
8881	-42.968750	31.578478	-12.511989	5.610333	
8881	-42.890625	31.623346	-12.487421	5.590236	
8882	-42.890625	31.623346	-12.487421	5.590236	
8882	-42.853880	31.640625	-12.474231	5.579343	
8883	-42.853880	31.640625	-12.474231	5.579343	
8883	-42.812500	31.659745	-12.459377	5.567000	
8884	-41.406133	30.000000	-11.177055	4.278047	
8884	-41.399590	30.078125	-11.190412	4.299473	
8885	-41.399590	30.078125	-11.190412	4.299473	
8885	-41.396870	30.156250	-11.206941	4.323617	
8886	-41.396870	30.156250	-11.206941	4.323617	
8886	-41.397290	30.234375	-11.226321	4.350091	
8887	-41.397290	30.234375	-11.226321	4.350091	
8887	-41.400631	30.312500	-11.248327	4.378654	
8888	-41.406743	30.390625	-11.272781	4.409127	
8888	-41.406250	30.383547	-11.270511	4.406344	
8889	-41.406743	30.390625	-11.272781	4.409127	
8889	-41.414412	30.468750	-11.299248	4.441024	
8890	-41.406250	30.383547	-11.270511	4.406344	
8890	-41.400631	30.312500	-11.248327	4.378654	
8891	-41.414412	30.468750	-11.299248	4.441024	
8891	-41.425103	30.546875	-11.327999	4.474712	
8892	-41.425103	30.546875	-11.327999	4.474712	
8892	-41.438996	30.625000	-11.359056	4.510222	
8893	-41.438996	30.625000	-11.359056	4.510222	
8893	-41.456266	30.703125	-11.392458	4.547600	
8894	-41.456266	30.703125	-11.392458	4.547600	
8894	-41.477085	30.781250	-11.428267	4.586905	
8895	-41.500866	30.859375	-11.466286	4.627913	
8895	-41.484375	30.806224	-11.440184	4.599834	
8896	-41.484375	30.806224	-11.440184	4.599834	
8896	-41.477085	30.781250	-11.428267	4.586905	
8897	-41.500866	30.859375	-11.466286	4.627913	
8897	-41.528361	30.937500	-11.506790	4.670905	
8898	-41.528361	30.937500	-11.506790	4.670905	
8898	-41.560122	31.015625	-11.550020	4.716111	
8899	-41.562500	31.021262	-11.553216	4.719427	
8899	-41.560122	31.015625	-11.550020	4.716111	
8900	-41.596580	31.093750	-11.596204	4.763726	
8900	-41.562500	31.021262	-11.553216	4.719427	
8901	-41.596580	31.093750	-11.596204	4.763726	
8901	-41.637860	31.171875	-11.645462	4.813829	
8902	-41.640625	31.176978	-11.648747	4.817147	
8902	-41.637860	31.171875	-11.645462	4.813829	
8903	-41.686008	31.250000	-11.698743	4.867311	
8903	-41.640625	31.176978	-11.648747	4.817147	
8904	-41.882448	31.484375	-11.889265	5.053371	
8904	-41.875000	31.478118	-11.882992	5.047362	
8905	-41.953125	31.544744	-11.949873	5.111034	
8905	-41.882448	31.484375	-11.889265	5.053371	
8906	-41.979197	31.562500	-11.970461	5.130463	
8906	-41.953125	31.544744	-11.949873	5.111034	
8907	-42.107229	31.640625	-12.069229	5.222573	
8907	-42.031250	31.599049	-12.012457	5.169851	
8908	-42.109375	31.641848	-12.070869	5.224087	
8908	-42.107229	31.640625	-12.069229	5.222573	
8909	-42.187500	31.676297	-12.126387	5.275042	
8909	-42.109375	31.641848	-12.070869	5.224087	
8910	-42.031250	31.599049	-12.012457	5.169851	
8910	-41.979197	31.562500	-11.970461	5.130463	
8911	-42.354506	31.718750	-12.233309	5.371492	
8911	-42.343750	31.717565	-12.227047	5.365906	
8912	-42.265625	31.701147	-12.178300	5.322154	
8912	-42.187500	31.676297	-12.126387	5.275042	
8913	-42.343750	31.717565	-12.227047	5.365906	
8913	-42.265625	31.701147	-12.178300	5.322154	
8914	-42.500000	31.728161	-12.316179	5.444614	
8914	-42.421875	31.726713	-12.273095	5.406785	
8915	-42.421875	31.726713	-12.273095	5.406785	
8915	-42.354506	31.718750	-12.233309	5.371492	
8916	-41.741185	31.328125	-11.756268	4.924301	
8916	-41.718750	31.299376	-11.734024	4.902353	
8917	-41.796875	31.397466	-11.811382	4.978225	
8917	-41.741185	31.328125	-11.756268	4.924301	
8918	-41.805364	31.406250	-11.819089	4.985715	
8918	-41.796875	31.397466	-11.811382	4.978225	
8919	-41.718750	31.299376	-11.734024	4.902353	
8919	-41.686008	31.250000	-11.698743	4.867311	
8920	-41.875000	31.478118	-11.882992	5.047362	
8920	-41.805364	31.406250	-11.819089	4.985715	
8921	-44.843750	39.461737	-17.262174	10.379878	
8921	-44.888149	39.531250	-17.304533	10.435818	
8922	-44.765625	39.400969	-17.199014	10.309132	
8922	-44.828473	39.453125	-17.252262	10.368093	
8923	-44.765625	39.400969	-17.199014	10.309132	
8923	-44.687500	39.383818	-17.150690	10.260171	
8924	-44.843750	39.461737	-17.262174	10.379878	
8924	-44.828473	39.453125	-17.252262	10.368093	
8925	-45.000000	39.593641	-17.354403	10.477769	
8925	-44.950692	39.609375	-17.333455	10.472506	
8926	-44.888149	39.531250	-17.304533	10.435818	
8926	-44.919048	39.609375	-17.324418	10.472125	
8927	-44.921875	39.610847	-17.324898	10.472185	
8927	-44.919048	39.609375	-17.324418	10.472125	
8928	-44.950692	39.609375	-17.333455	10.472506	
8928	-44.921875	39.610847	-17.324898	10.472185	
8929	-44.687500	39.383818	-17.150690	10.260171	
8929	-44.609375	39.391213	-17.111394	10.222961	
8930	-44.609375	39.391213	-17.111394	10.222961	
8930	-44.531250	39.433050	-17.087154	10.201386	
8931	-44.531250	39.433050	-17.087154	10.201386	
8931	-44.509511	39.453125	-17.084230	10.198914	
8932	-44.509511	39.453125	-17.084230	10.198914	
8932	-44.466689	39.531250	-17.096999	10.209088	
8933	-44.466689	39.531250	-17.096999	10.209088	
8933	-44.465420	39.609375	-17.134413	10.236915	
8934	-44.465420	39.609375	-17.134413	10.236915	
8934	-44.507055	39.687500	-17.197849	10.279858	
8935	-44.687500	39.757045	-17.339407	10.355632	
8935	-44.609375	39.743966	-17.287783	10.332060	
8936	-44.609375	39.743966	-17.287783	10.332060	
8936	-44.531250	39.703668	-17.220903	10.294268	
8937	-44.531250	39.703668	-17.220903	10.294268	
8937	-44.507055	39.687500	-17.197849	10.279858	
8938	-44.765625	39.758083	-17.375986	10.366361	
8938	-44.784307	39.765625	-17.381262	10.368854	
8939	-44.765625	39.758083	-17.375986	10.366361	
8939	-44.687500	39.757045	-17.339407	10.355632	
8940	-44.784307	39.765625	-17.381262	10.368854	
8940	-44.832992	39.843750	-17.411506	10.416812	
8941	-44.843750	39.862296	-17.422225	10.431299	
8941	-44.832992	39.843750	-17.411506	10.416812	
8942	-44.910347	39.921875	-17.475355	10.494851	
8942	-44.843750	39.862296	-17.422225	10.431299	
8943	-44.921875	39.933216	-17.486115	10.506678	
8943	-44.910347	39.921875	-17.475355	10.494851	
8944	-45.000000	39.961684	-17.539027	10.561431	
8944	-44.921875	39.933216	-17.486115	10.506678	
8945	-45.078125	39.602298	-17.402388	10.497958	
8945	-45.103754	39.609375	-17.421086	10.507284	
8946	-45.078125	39.602298	-17.402388	10.497958	
8946	-45.000000	39.593641	-17.354403	10.477769	
8947	-45.156250	39.634411	-17.465093	10.531396	
8947	-45.103754	39.609375	-17.421086	10.507284	
8948	-45.156250	39.634411	-17.465093	10.531396	
8948	-45.222599	39.687500	-17.532652	10.573122	
8949	-45.234375	39.730091	-17.560234	10.591620	
8949	-45.248213	39.765625	-17.586590	10.610177	
8950	-45.234375	39.730091	-17.560234	10.591620	
8950	-45.222599	39.687500	-17.532652	10.573122	
8951	-45.234375	39.825364	-17.606962	10.625221	
8951	-45.230498	39.843750	-17.613733	10.630430	
8952	-45.248213	39.765625	-17.586590	10.610177	
8952	-45.234375	39.825364	-17.606962	10.625221	
8953	-45.078125	39.958300	-17.580096	10.600568	
8953	-45.000000	39.961684	-17.539027	10.561431	
8954	-45.156250	39.925041	-17.608859	10.626162	
8954	-45.078125	39.958300	-17.580096	10.600568	
8955	-45.230498	39.843750	-17.613733	10.630430	
8955	-45.160958	39.921875	-17.610087	10.627212	
8956	-45.160958	39.921875	-17.610087	10.627212	
8956	-45.156250	39.925041	-17.608859	10.626162	
8957	-0.234375	39.780228	-2.788248	-5.661537	
8957	-0.156250	39.774476	-2.787340	-5.671137	
8958	-0.312500	39.786271	-2.789223	-5.651543	
8958	-0.234375	39.780228	-2.788248	-5.661537	
8959	-0.025112	39.765625	-2.785970	-5.686254	
8959	0.000000	39.764055	-2.785729	-5.688999	
8960	-0.078125	39.769056	-2.786499	-5.680312	
8960	-0.025112	39.765625	-2.785970	-5.686254	
8961	-0.156250	39.774476	-2.787340	-5.671137	
8961	-0.078125	39.769056	-2.786499	-5.680312	
8962	-0.546875	39.805778	-2.792534	-5.619482	
8962	-0.468750	39.799080	-2.791367	-5.630489	
8963	-0.625000	39.812630	-2.793763	-5.608187	
8963	-0.546875	39.805778	-2.792534	-5.619482	
8964	-0.390625	39.792567	-2.790263	-5.641184	
8964	-0.312500	39.786271	-2.789223	-5.651543	
8965	-0.468750	39.799080	-2.791367	-5.630489	
8965	-0.390625	39.792567	-2.790263	-5.641184	
8966	-0.859375	39.833842	-2.797811	-5.572783	
8966	-0.781250	39.826686	-2.796403	-5.584818	
8967	-0.937500	39.841053	-2.799276	-5.560538	
8967	-0.859375	39.833842	-2.797811	-5.572783	
8968	-0.703125	39.819608	-2.795053	-5.596625	
8968	-0.625000	39.812630	-2.793763	-5.608187	
8969	-0.781250	39.826686	-2.796403	-5.584818	
8969	-0.703125	39.819608	-2.795053	-5.596625	
8970	-0.966620	39.843750	-2.799837	-5.555924	
8970	-0.937500	39.841053	-2.799276	-5.560538	
8971	-1.093750	39.855751	-2.802393	-5.535342	
8971	-1.015625	39.848375	-2.800805	-5.548044	
8972	-1.015625	39.848375	-2.800805	-5.548044	
8972	-0.966620	39.843750	-2.799837	-5.555924	
8973	-1.250000	39.870468	-2.805728	-5.509471	
8973	-1.171875	39.863121	-2.804034	-5.522480	
8974	-1.171875	39.863121	-2.804034	-5.522480	
8974	-1.093750	39.855751	-2.802393	-5.535342	
8975	-1.406250	39.885045	-2.809270	-5.483053	
8975	-1.328125	39.877780	-2.807473	-5.496326	
8976	-1.328125	39.877780	-2.807473	-5.496326	
8976	-1.250000	39.870468	-2.805728	-5.509471	
8977	-1.562500	39.899393	-2.813012	-5.456164	
8977	-1.484375	39.892252	-2.811117	-5.469663	
8978	-1.484375	39.892252	-2.811117	-5.469663	
8978	-1.406250	39.885045	-2.809270	-5.483053	
8979	-1.718750	39.913440	-2.816948	-5.428869	
8979	-1.640625	39.906458	-2.814956	-5.442564	
8980	-1.640625	39.906458	-2.814956	-5.442564	
8980	-1.562500	39.899393	-2.813012	-5.456164	
8981	-1.814630	39.921875	-2.819456	-5.411947	
8981	-1.796875	39.920331	-2.818987	-5.415085	
8982	-1.796875	39.920331	-2.818987	-5.415085	
8982	-1.718750	39.913440	-2.816948	-5.428869	
8983	-1.875000	39.927184	-2.821079	-5.401175	
8983	-1.814630	39.921875	-2.819456	-5.411947	
8984	-1.953125	39.933945	-2.823218	-5.387179	
8984	-1.875000	39.927184	-2.821079	-5.401175	
8985	-2.031250	39.940595	-2.825403	-5.373115	
8985	-1.953125	39.933945	-2.823218	-5.387179	
8986	-2.109375	39.947129	-2.827631	-5.358985	
8986	-2.031250	39.940595	-2.825403	-5.373115	
8987	-2.187500	39.953543	-2.829904	-5.344794	
8987	-2.109375	39.947129	-2.827631	-5.358985	
8988	-2.265625	39.959836	-2.832221	-5.330544	
8988	-2.187500	39.953543	-2.829904	-5.344794	
8989	-2.343750	39.966006	-2.834581	-5.316237	
8989	-2.265625	39.959836	-2.832221	-5.330544	
8990	-2.421875	39.972049	-2.836984	-5.301876	
8990	-2.343750	39.966006	-2.834581	-5.316237	
8991	-2.500000	39.977966	-2.839431	-5.287463	
8991	-2.421875	39.972049	-2.836984	-5.301876	
8992	-2.578125	39.983755	-2.841920	-5.273000	
8992	-2.500000	39.977966	-2.839431	-5.287463	
8993	-2.656250	39.989415	-2.844452	-5.258487	
8993	-2.578125	39.983755	-2.841920	-5.273000	
8994	-2.734375	39.994947	-2.847026	-5.243926	
8994	-2.656250	39.989415	-2.844452	-5.258487	
8995	-2.807446	40.000000	-2.849472	-5.230266	
8995	-2.734375	39.994947	-2.847026	-5.243926	
8996	-13.437500	39.993729	-3.725301	-2.636050	
8996	-13.373212	40.000000	-3.717147	-2.653376	
8997	-13.515625	39.985925	-3.735231	-2.615035	
8997	-13.437500	39.993729	-3.725301	-2.636050	
8998	-13.593750	39.977938	-3.745192	-2.594051	
8998	-13.515625	39.985925	-3.735231	-2.615035	
8999	-13.671875	39.969768	-3.755181	-2.573099	
8999	-13.593750	39.977938	-3.745192	-2.594051	
9000	-13.750000	39.961415	-3.765200	-2.552179	
9000	-13.671875	39.969768	-3.755181	-2.573099	
9001	-13.828125	39.952880	-3.775249	-2.531290	
9001	-13.750000	39.961415	-3.765200	-2.552179	
9002	-13.906250	39.944161	-3.785326	-2.510433	
9002	-13.828125	39.952880	-3.775249	-2.531290	
9003	-13.984375	39.935260	-3.795432	-2.489608	
9003	-13.906250	39.944161	-3.785326	-2.510433	
9004	-14.062500	39.926178	-3.805568	-2.468814	
9004	-13.984375	39.935260	-3.795432	-2.489608	
9005	-14.218750	39.907486	-3.825931	-2.427307	
9005	-14.140625	39.916920	-3.815734	-2.448047	
9006	-14.140625	39.916920	-3.815734	-2.448047	
9006	-14.098804	39.921875	-3.810280	-2.459176	
9007	-14.098804	39.921875	-3.810280	-2.459176	
9007	-14.062500	39.926178	-3.805568	-2.468814	
9008	-14.375000	39.888077	-3.846412	-2.385920	
9008	-14.296875	39.897872	-3.836157	-2.406598	
9009	-14.296875	39.897872	-3.836157	-2.406598	
9009	-14.218750	39.907486	-3.825931	-2.427307	
9010	-14.531250	39.867952	-3.867008	-2.344654	
9010	-14.453125	39.878104	-3.856696	-2.365272	
9011	-14.453125	39.878104	-3.856696	-2.365272	
9011	-14.375000	39.888077	-3.846412	-2.385920	
9012	-14.687500	39.847115	-3.887720	-2.303506	
9012	-14.609375	39.857622	-3.877349	-2.324066	
9013	-14.609375	39.857622	-3.877349	-2.324066	
9013	-14.531250	39.867952	-3.867008	-2.344654	
9014	-14.921875	39.814569	-3.919017	-2.241978	
9014	-14.843750	39.825592	-3.908555	-2.262460	
9015	-15.000000	39.803373	-3.929509	-2.221523	
9015	-14.921875	39.814569	-3.919017	-2.241978	
9016	-14.765625	39.836439	-3.898122	-2.282970	
9016	-14.712128	39.843750	-3.890989	-2.297043	
9017	-14.843750	39.825592	-3.908555	-2.262460	
9017	-14.765625	39.836439	-3.898122	-2.282970	
9018	-14.712128	39.843750	-3.890989	-2.297043	
9018	-14.687500	39.847115	-3.887720	-2.303506	
9019	-15.312500	39.756878	-3.971774	-2.139960	
9019	-15.254954	39.765625	-3.963948	-2.154962	
9020	-15.234375	39.768752	-3.961161	-2.160316	
9020	-15.156250	39.780463	-3.950580	-2.180692	
9021	-15.254954	39.765625	-3.963948	-2.154962	
9021	-15.234375	39.768752	-3.961161	-2.160316	
9022	-15.078125	39.792004	-3.940030	-2.201094	
9022	-15.000000	39.803373	-3.929509	-2.221523	
9023	-15.156250	39.780463	-3.950580	-2.180692	
9023	-15.078125	39.792004	-3.940030	-2.201094	
9024	-15.625000	39.707711	-4.014535	-2.058770	
9024	-15.546875	39.720253	-4.003799	-2.079032	
9025	-15.546875	39.720253	-4.003799	-2.079032	
9025	-15.468750	39.732629	-3.993094	-2.099318	
9026	-15.468750	39.732629	-3.993094	-2.099318	
9026	-15.390625	39.744837	-3.982419	-2.119627	
9027	-15.390625	39.744837	-3.982419	-2.119627	
9027	-15.312500	39.756878	-3.971774	-2.139960	
9028	-16.015625	39.642579	-4.068695	-1.957763	
9028	-15.937500	39.655927	-4.057799	-1.977924	
9029	-16.093750	39.629070	-4.079622	-1.937621	
9029	-16.015625	39.642579	-4.068695	-1.957763	
9030	-16.250000	39.601581	-4.101575	-1.897392	
9030	-16.205965	39.609375	-4.095368	-1.908734	
9031	-16.171875	39.615403	-4.090582	-1.917499	
9031	-16.093750	39.629070	-4.079622	-1.937621	
9032	-16.205965	39.609375	-4.095368	-1.908734	
9032	-16.171875	39.615403	-4.090582	-1.917499	
9033	-15.781250	39.682138	-4.036102	-2.018309	
9033	-15.748710	39.687500	-4.031594	-2.026741	
9034	-15.859375	39.669114	-4.046935	-1.998106	
9034	-15.781250	39.682138	-4.036102	-2.018309	
9035	-15.937500	39.655927	-4.057799	-1.977924	
9035	-15.859375	39.669114	-4.046935	-1.998106	
9036	-15.748710	39.687500	-4.031594	-2.026741	
9036	-15.703125	39.695005	-4.025303	-2.038530	
9037	-15.703125	39.695005	-4.025303	-2.038530	
9037	-15.625000	39.707711	-4.014535	-2.058770	
9038	-17.500000	39.359599	-4.281975	-1.577886	
9038	-17.425973	39.375000	-4.271053	-1.596703	
9039	-16.796875	39.500494	-4.179451	-1.757120	
9039	-16.718750	39.515394	-4.168226	-1.777112	
9040	-16.875000	39.485441	-4.190709	-1.737145	
9040	-16.796875	39.500494	-4.179451	-1.757120	
9041	-16.640625	39.530140	-4.157034	-1.797119	
9041	-16.634691	39.531250	-4.156183	-1.798642	
9042	-16.718750	39.515394	-4.168226	-1.777112	
9042	-16.640625	39.530140	-4.157034	-1.797119	
9043	-16.634691	39.531250	-4.156183	-1.798642	
9043	-16.562500	39.544739	-4.145876	-1.817140	
9044	-16.406250	39.573472	-4.123661	-1.857231	
9044	-16.328125	39.587605	-4.112601	-1.877302	
9045	-16.328125	39.587605	-4.112601	-1.877302	
9045	-16.250000	39.601581	-4.101575	-1.897392	
9046	-16.562500	39.544739	-4.145876	-1.817140	
9046	-16.484375	39.559183	-4.134752	-1.837176	
9047	-16.484375	39.559183	-4.134752	-1.837176	
9047	-16.406250	39.573472	-4.123661	-1.857231	
9048	-17.425973	39.375000	-4.271053	-1.596703	
9048	-17.421875	39.375852	-4.270450	-1.597743	
9049	-17.421875	39.375852	-4.270450	-1.597743	
9049	-17.343750	39.391959	-4.258959	-1.617612	
9050	-17.343750	39.391959	-4.258959	-1.617612	
9050	-17.265625	39.407915	-4.247501	-1.637496	
9051	-17.265625	39.407915	-4.247501	-1.637496	
9051	-17.187500	39.423720	-4.236076	-1.657397	
9052	-17.187500	39.423720	-4.236076	-1.657397	
9052	-17.109375	39.439375	-4.224684	-1.677312	
9053	-17.109375	39.439375	-4.224684	-1.677312	
9053	-17.040094	39.453125	-4.214606	-1.694990	
9054	-17.040094	39.453125	-4.214606	-1.694990	
9054	-17.031250	39.454878	-4.213324	-1.697243	
9055	-16.953125	39.470235	-4.202000	-1.717187	
9055	-16.875000	39.485441	-4.190709	-1.737145	
9056	-17.031250	39.454878	-4.213324	-1.697243	
9056	-16.953125	39.470235	-4.202000	-1.717187	
9057	-18.359375	39.170871	-4.410870	-1.360534	
9057	-18.281250	39.188788	-4.398997	-1.380206	
9058	-18.437500	39.152798	-4.422771	-1.340882	
9058	-18.359375	39.170871	-4.410870	-1.360534	
9059	-18.203125	39.206550	-4.387153	-1.399898	
9059	-18.149016	39.218750	-4.378963	-1.413555	
9060	-18.281250	39.188788	-4.398997	-1.380206	
9060	-18.203125	39.206550	-4.387153	-1.399898	
9061	-18.149016	39.218750	-4.378963	-1.413555	
9061	-18.125000	39.224159	-4.375340	-1.419608	
9062	-18.750000	39.078945	-4.470666	-1.262482	
9062	-18.671875	39.097647	-4.458651	-1.282048	
9063	-18.671875	39.097647	-4.458651	-1.282048	
9063	-18.593750	39.116188	-4.446663	-1.301638	
9064	-18.593750	39.116188	-4.446663	-1.301638	
9064	-18.515625	39.134569	-4.434703	-1.321251	
9065	-18.515625	39.134569	-4.434703	-1.321251	
9065	-18.489688	39.140625	-4.430733	-1.327775	
9066	-18.489688	39.140625	-4.430733	-1.327775	
9066	-18.437500	39.152798	-4.422771	-1.340882	
9067	-17.578125	39.343196	-4.293534	-1.558045	
9067	-17.500000	39.359599	-4.281975	-1.577886	
9068	-17.656250	39.326642	-4.305124	-1.538220	
9068	-17.578125	39.343196	-4.293534	-1.558045	
9069	-17.812500	39.293082	-4.328401	-1.498618	
9069	-17.794935	39.296875	-4.325774	-1.503074	
9070	-17.734375	39.309937	-4.316746	-1.518411	
9070	-17.656250	39.326642	-4.305124	-1.538220	
9071	-17.794935	39.296875	-4.325774	-1.503074	
9071	-17.734375	39.309937	-4.316746	-1.518411	
9072	-17.968750	39.258926	-4.351809	-1.459078	
9072	-17.890625	39.276080	-4.340089	-1.478840	
9073	-17.890625	39.276080	-4.340089	-1.478840	
9073	-17.812500	39.293082	-4.328401	-1.498618	
9074	-18.125000	39.224159	-4.375340	-1.419608	
9074	-18.046875	39.241619	-4.363559	-1.439334	
9075	-18.046875	39.241619	-4.363559	-1.439334	
9075	-17.968750	39.258926	-4.351809	-1.459078	
9076	-20.000000	38.756946	-4.666047	-0.953303	
9076	-19.921875	38.778403	-4.653698	-0.972363	
9077	-19.921875	38.778403	-4.653698	-0.972363	
9077	-19.843750	38.799669	-4.641361	-0.991466	
9078	-19.843750	38.799669	-4.641361	-0.991466	
9078	-19.765625	38.820747	-4.629038	-1.010612	
9079	-19.765625	38.820747	-4.629038	-1.010612	
9079	-19.738057	38.828125	-4.624686	-1.017387	
9080	-19.738057	38.828125	-4.624686	-1.017387	
9080	-19.687500	38.841648	-4.616733	-1.029792	
9081	-19.609375	38.862371	-4.604446	-1.049008	
9081	-19.531250	38.882912	-4.592176	-1.068261	
9082	-19.687500	38.841648	-4.616733	-1.029792	
9082	-19.609375	38.862371	-4.604446	-1.049008	
9083	-19.453125	38.903274	-4.579924	-1.087551	
9083	-19.441618	38.906250	-4.578118	-1.090401	
9084	-19.531250	38.882912	-4.592176	-1.068261	
9084	-19.453125	38.903274	-4.579924	-1.087551	
9085	-19.441618	38.906250	-4.578118	-1.090401	
9085	-19.375000	38.923469	-4.567695	-1.106870	
9086	-19.218750	38.963338	-4.543297	-1.145604	
9086	-19.140625	38.983015	-4.531130	-1.165019	
9087	-19.140625	38.983015	-4.531130	-1.165019	
9087	-19.135187	38.984375	-4.530282	-1.166374	
9088	-19.135187	38.984375	-4.530282	-1.166374	
9088	-19.062500	39.002532	-4.518988	-1.184457	
9089	-19.375000	38.923469	-4.567695	-1.106870	
9089	-19.296875	38.943490	-4.555485	-1.126221	
9090	-19.296875	38.943490	-4.555485	-1.126221	
9090	-19.218750	38.963338	-4.543297	-1.145604	
9091	-18.828125	39.060083	-4.482707	-1.242940	
9091	-18.818121	39.062500	-4.481161	-1.245445	
9092	-18.906250	39.041064	-4.494777	-1.223418	
9092	-18.828125	39.060083	-4.482707	-1.242940	
9093	-18.984375	39.021881	-4.506871	-1.203924	
9093	-18.906250	39.041064	-4.494777	-1.223418	
9094	-19.062500	39.002532	-4.518988	-1.184457	
9094	-18.984375	39.021881	-4.506871	-1.203924	
9095	-18.818121	39.062500	-4.481161	-1.245445	
9095	-18.750000	39.078945	-4.470666	-1.262482	
9096	-35.625000	29.968709	-7.460522	2.019597	
9096	-35.571548	30.000000	-7.440613	2.005410	
9097	-36.171875	29.684234	-7.684640	2.176872	
9097	-36.164844	29.687500	-7.681536	2.174720	
9098	-36.250000	29.649172	-7.719773	2.201169	
9098	-36.171875	29.684234	-7.684640	2.176872	
9099	-35.859375	29.838746	-7.552005	2.084307	
9099	-35.850031	29.843750	-7.548250	2.081666	
9100	-35.937500	29.798005	-7.583984	2.106753	
9100	-35.859375	29.838746	-7.552005	2.084307	
9101	-35.781250	29.880776	-7.520765	2.062295	
9101	-35.707178	29.921875	-7.491860	2.041850	
9102	-35.703125	29.924136	-7.490288	2.040736	
9102	-35.625000	29.968709	-7.460522	2.019597	
9103	-35.707178	29.921875	-7.491860	2.041850	
9103	-35.703125	29.924136	-7.490288	2.040736	
9104	-35.850031	29.843750	-7.548250	2.081666	
9104	-35.781250	29.880776	-7.520765	2.062295	
9105	-36.164844	29.687500	-7.681536	2.174720	
9105	-36.093750	29.720704	-7.650285	2.153026	
9106	-36.093750	29.720704	-7.650285	2.153026	
9106	-36.015625	29.758674	-7.616753	2.129666	
9107	-36.015625	29.758674	-7.616753	2.129666	
9107	-36.001758	29.765625	-7.610911	2.125588	
9108	-36.001758	29.765625	-7.610911	2.125588	
9108	-35.937500	29.798005	-7.583984	2.106753	
9109	-37.109375	29.371438	-8.163060	2.501486	
9109	-37.092435	29.375000	-8.153334	2.495002	
9110	-37.187500	29.356712	-8.208735	2.531884	
9110	-37.109375	29.371438	-8.163060	2.501486	
9111	-37.265625	29.343898	-8.255358	2.562825	
9111	-37.187500	29.356712	-8.208735	2.531884	
9112	-37.343750	29.333009	-8.302932	2.594308	
9112	-37.265625	29.343898	-8.255358	2.562825	
9113	-37.421875	29.324052	-8.351455	2.626330	
9113	-37.343750	29.333009	-8.302932	2.594308	
9114	-37.500000	29.317035	-8.400927	2.658889	
9114	-37.421875	29.324052	-8.351455	2.626330	
9115	-36.875000	29.426418	-8.031470	2.413399	
9115	-36.796875	29.448421	-7.989466	2.385110	
9116	-36.796875	29.448421	-7.989466	2.385110	
9116	-36.781277	29.453125	-7.981233	2.379554	
9117	-36.781277	29.453125	-7.981233	2.379554	
9117	-36.718750	29.472077	-7.948316	2.357309	
9118	-36.640625	29.497471	-7.908061	2.330028	
9118	-36.562500	29.524617	-7.868713	2.303275	
9119	-36.718750	29.472077	-7.948316	2.357309	
9119	-36.640625	29.497471	-7.908061	2.330028	
9120	-36.562500	29.524617	-7.868713	2.303275	
9120	-36.544385	29.531250	-7.859759	2.297175	
9121	-36.406250	29.583707	-7.792547	2.251233	
9121	-36.343498	29.609375	-7.762974	2.230931	
9122	-36.328125	29.615698	-7.755759	2.225969	
9122	-36.250000	29.649172	-7.719773	2.201169	
9123	-36.343498	29.609375	-7.762974	2.230931	
9123	-36.328125	29.615698	-7.755759	2.225969	
9124	-36.544385	29.531250	-7.859759	2.297175	
9124	-36.484375	29.553339	-7.830196	2.277001	
9125	-36.484375	29.553339	-7.830196	2.277001	
9125	-36.406250	29.583707	-7.792547	2.251233	
9126	-37.092435	29.375000	-8.153334	2.495002	
9126	-37.031250	29.387925	-8.118271	2.471591	
9127	-37.031250	29.387925	-8.118271	2.471591	
9127	-36.953125	29.406245	-8.074403	2.442225	
9128	-36.953125	29.406245	-8.074403	2.442225	
9128	-36.875000	29.426418	-8.031470	2.413399	
9129	-38.203125	29.339948	-8.887673	2.974803	
9129	-38.125000	29.329982	-8.830052	2.937807	
9130	-38.281250	29.351653	-8.946113	3.012214	
9130	-38.203125	29.339948	-8.887673	2.974803	
9131	-38.359375	29.365045	-9.005345	3.050018	
9131	-38.281250	29.351653	-8.946113	3.012214	
9132	-38.410620	29.375000	-9.044735	3.075094	
9132	-38.359375	29.365045	-9.005345	3.050018	
9133	-37.578125	29.311958	-8.451344	2.691979	
9133	-37.500000	29.317035	-8.400927	2.658889	
9134	-37.656250	29.308819	-8.502702	2.725595	
9134	-37.578125	29.311958	-8.451344	2.691979	
9135	-37.734375	29.307612	-8.554992	2.759730	
9135	-37.656250	29.308819	-8.502702	2.725595	
9136	-37.812500	29.308325	-8.608207	2.794374	
9136	-37.734375	29.307612	-8.554992	2.759730	
9137	-37.890625	29.310943	-8.662336	2.829517	
9137	-37.812500	29.308325	-8.608207	2.794374	
9138	-37.968750	29.315444	-8.717364	2.865147	
9138	-37.890625	29.310943	-8.662336	2.829517	
9139	-38.046875	29.321801	-8.773275	2.901249	
9139	-37.968750	29.315444	-8.717364	2.865147	
9140	-38.125000	29.329982	-8.830052	2.937807	
9140	-38.046875	29.321801	-8.773275	2.901249	
9141	-38.750000	29.452980	-9.311305	3.243367	
9141	-38.671875	29.432776	-9.248903	3.204208	
9142	-38.671875	29.432776	-9.248903	3.204208	
9142	-38.593750	29.413809	-9.187069	3.165261	
9143	-38.593750	29.413809	-9.187069	3.165261	
9143	-38.515625	29.396174	-9.125850	3.126566	
9144	-38.515625	29.396174	-9.125850	3.126566	
9144	-38.437500	29.379960	-9.065291	3.088160	
9145	-38.437500	29.379960	-9.065291	3.088160	
9145	-38.410620	29.375000	-9.044735	3.075094	
9146	-39.218750	29.588754	-9.692330	3.478903	
9146	-39.140625	29.564957	-9.628319	3.439807	
9147	-39.140625	29.564957	-9.628319	3.439807	
9147	-39.062500	29.541517	-9.564452	3.400595	
9148	-39.285382	29.609375	-9.747048	3.512151	
9148	-39.218750	29.588754	-9.692330	3.478903	
9149	-39.296875	29.612703	-9.756389	3.517810	
9149	-39.285382	29.609375	-9.747048	3.512151	
9150	-39.375000	29.636390	-9.820311	3.556404	
9150	-39.296875	29.612703	-9.756389	3.517810	
9151	-38.984375	29.518355	-9.500705	3.361264	
9151	-38.906250	29.495692	-9.437180	3.321889	
9152	-39.026632	29.531250	-9.535341	3.382657	
9152	-38.984375	29.518355	-9.500705	3.361264	
9153	-38.750510	29.453125	-9.311718	3.243625	
9153	-38.750000	29.452980	-9.311305	3.243367	
9154	-38.828125	29.473859	-9.374026	3.282573	
9154	-38.750510	29.453125	-9.311718	3.243625	
9155	-38.906250	29.495692	-9.437180	3.321889	
9155	-38.828125	29.473859	-9.374026	3.282573	
9156	-39.062500	29.541517	-9.564452	3.400595	
9156	-39.026632	29.531250	-9.535341	3.382657	
9157	-39.453125	29.659924	-9.884132	3.594693	
9157	-39.375000	29.636390	-9.820311	3.556404	
9158	-39.531250	29.683129	-9.947767	3.632609	
9158	-39.453125	29.659924	-9.884132	3.594693	
9159	-39.545540	29.687500	-9.959452	3.639542	
9159	-39.531250	29.683129	-9.947767	3.632609	
9160	-39.687500	29.727632	-10.074046	3.707010	
9160	-39.609375	29.705725	-10.011087	3.670062	
9161	-39.609375	29.705725	-10.011087	3.670062	
9161	-39.545540	29.687500	-9.959452	3.639542	
9162	-39.921875	29.787814	-10.260034	3.814230	
9162	-39.843750	29.768762	-10.198572	3.779140	
9163	-40.000000	29.805564	-10.320823	3.848563	
9163	-39.921875	29.787814	-10.260034	3.814230	
9164	-39.830860	29.765625	-10.188419	3.773310	
9164	-39.765625	29.748697	-10.136567	3.743390	
9165	-39.765625	29.748697	-10.136567	3.743390	
9165	-39.687500	29.727632	-10.074046	3.707010	
9166	-39.843750	29.768762	-10.198572	3.779140	
9166	-39.830860	29.765625	-10.188419	3.773310	
9167	-28.750000	34.816978	-5.999681	0.769480	
9167	-28.705734	34.843750	-5.992427	0.761824	
9168	-28.593750	34.911477	-5.974276	0.742593	
9168	-28.576433	34.921875	-5.971459	0.739598	
9169	-28.515625	34.958528	-5.961688	0.729193	
9169	-28.446442	35.000000	-5.950563	0.717309	
9170	-28.576433	34.921875	-5.971459	0.739598	
9170	-28.515625	34.958528	-5.961688	0.729193	
9171	-28.705734	34.843750	-5.992427	0.761824	
9171	-28.671875	34.864307	-5.986947	0.756028	
9172	-28.671875	34.864307	-5.986947	0.756028	
9172	-28.593750	34.911477	-5.974276	0.742593	
9173	-30.000000	34.036593	-6.212125	0.986506	
9173	-29.959619	34.062500	-6.204993	0.979440	
9174	-29.531250	34.334753	-6.130635	0.904877	
9174	-29.467002	34.375000	-6.119595	0.893666	
9175	-29.687500	34.236168	-6.157571	0.932078	
9175	-29.609375	34.285543	-6.144067	0.918468	
9176	-29.609375	34.285543	-6.144067	0.918468	
9176	-29.591329	34.296875	-6.140934	0.915303	
9177	-29.591329	34.296875	-6.140934	0.915303	
9177	-29.531250	34.334753	-6.130635	0.904877	
9178	-29.959619	34.062500	-6.204993	0.979440	
9178	-29.921875	34.086808	-6.198408	0.972904	
9179	-29.921875	34.086808	-6.198408	0.972904	
9179	-29.843750	34.136776	-6.184729	0.959284	
9180	-29.843750	34.136776	-6.184729	0.959284	
9180	-29.837693	34.140625	-6.183663	0.958220	
9181	-29.765625	34.186599	-6.171134	0.945692	
9181	-29.714882	34.218750	-6.162286	0.936817	
9182	-29.837693	34.140625	-6.183663	0.958220	
9182	-29.765625	34.186599	-6.171134	0.945692	
9183	-29.714882	34.218750	-6.162286	0.936817	
9183	-29.687500	34.236168	-6.157571	0.932078	
9184	-29.375000	34.432560	-6.103927	0.877691	
9184	-29.341896	34.453125	-6.098269	0.871904	
9185	-29.296875	34.481204	-6.090671	0.864117	
9185	-29.218750	34.529632	-6.077459	0.850534	
9186	-29.341896	34.453125	-6.098269	0.871904	
9186	-29.296875	34.481204	-6.090671	0.864117	
9187	-29.218750	34.529632	-6.077459	0.850534	
9187	-29.216124	34.531250	-6.077013	0.850075	
9188	-29.216124	34.531250	-6.077013	0.850075	
9188	-29.140625	34.577961	-6.064346	0.837000	
9189	-29.140625	34.577961	-6.064346	0.837000	
9189	-29.089546	34.609375	-6.055763	0.828113	
9190	-29.089546	34.609375	-6.055763	0.828113	
9190	-29.062500	34.626075	-6.051275	0.823457	
9191	-28.984375	34.674032	-6.038273	0.809934	
9191	-28.962309	34.687500	-6.034590	0.806093	
9192	-29.062500	34.626075	-6.051275	0.823457	
9192	-28.984375	34.674032	-6.038273	0.809934	
9193	-28.962309	34.687500	-6.034590	0.806093	
9193	-28.906250	34.721850	-6.025348	0.796437	
9194	-28.906250	34.721850	-6.025348	0.796437	
9194	-28.834399	34.765625	-6.013489	0.784008	
9195	-28.828125	34.769462	-6.012467	0.782934	
9195	-28.750000	34.816978	-5.999681	0.769480	
9196	-28.834399	34.765625	-6.013489	0.784008	
9196	-28.828125	34.769462	-6.012467	0.782934	
9197	-29.467002	34.375000	-6.119595	0.893666	
9197	-29.453125	34.383728	-6.117241	0.891270	
9198	-29.453125	34.383728	-6.117241	0.891270	
9198	-29.375000	34.432560	-6.103927	0.877691	
9199	-23.671875	37.493434	-5.242233	-0.129073	
9199	-23.656272	37.500000	-5.239863	-0.132213	
9200	-23.750000	37.460265	-5.254028	-0.113478	
9200	-23.671875	37.493434	-5.242233	-0.129073	
9201	-24.375000	37.184434	-5.347287	0.008033	
9201	-24.368242	37.187500	-5.346282	0.006740	
9202	-24.062500	37.324646	-5.300884	-0.052029	
9202	-24.018995	37.343750	-5.294365	-0.060531	
9203	-23.906250	37.393031	-5.277514	-0.082577	
9203	-23.839451	37.421875	-5.267470	-0.095769	
9204	-23.828125	37.426773	-5.265777	-0.097995	
9204	-23.750000	37.460265	-5.254028	-0.113478	
9205	-23.839451	37.421875	-5.267470	-0.095769	
9205	-23.828125	37.426773	-5.265777	-0.097995	
9206	-24.018995	37.343750	-5.294365	-0.060531	
9206	-23.984375	37.358977	-5.289211	-0.067263	
9207	-23.984375	37.358977	-5.289211	-0.067263	
9207	-23.906250	37.393031	-5.277514	-0.082577	
9208	-24.368242	37.187500	-5.346282	0.006740	
9208	-24.296875	37.219934	-5.335736	-0.006845	
9209	-24.296875	37.219934	-5.335736	-0.006845	
9209	-24.218750	37.255113	-5.324141	-0.021828	
9210	-24.218750	37.255113	-5.324141	-0.021828	
9210	-24.195201	37.265625	-5.320624	-0.026382	
9211	-24.140625	37.290030	-5.312530	-0.036882	
9211	-24.062500	37.324646	-5.300884	-0.052029	
9212	-24.195201	37.265625	-5.320624	-0.026382	
9212	-24.140625	37.290030	-5.312530	-0.036882	
9213	-25.000000	36.890496	-5.438922	0.124315	
9213	-24.921875	36.928219	-5.427547	0.110048	
9214	-24.921875	36.928219	-5.427547	0.110048	
9214	-24.869857	36.953125	-5.419935	0.100476	
9215	-24.869857	36.953125	-5.419935	0.100476	
9215	-24.843750	36.965651	-5.416145	0.095701	
9216	-24.765625	37.002827	-5.404732	0.081291	
9216	-24.705375	37.031250	-5.395889	0.070093	
9217	-24.843750	36.965651	-5.416145	0.095701	
9217	-24.765625	37.002827	-5.404732	0.081291	
9218	-24.705375	37.031250	-5.395889	0.070093	
9218	-24.687500	37.039699	-5.393285	0.066790	
9219	-24.453125	37.148696	-5.358834	0.022856	
9219	-24.375000	37.184434	-5.347287	0.008033	
9220	-24.531250	37.112628	-5.370334	0.037570	
9220	-24.453125	37.148696	-5.358834	0.022856	
9221	-24.687500	37.039699	-5.393285	0.066790	
9221	-24.609375	37.076324	-5.381830	0.052231	
9222	-24.609375	37.076324	-5.381830	0.052231	
9222	-24.538238	37.109375	-5.371355	0.038874	
9223	-24.538238	37.109375	-5.371355	0.038874	
9223	-24.531250	37.112628	-5.370334	0.037570	
9224	-22.109375	38.098356	-5.000826	-0.459374	
9224	-22.033424	38.125000	-4.988852	-0.476310	
9225	-22.187500	38.070677	-5.013117	-0.442044	
9225	-22.109375	38.098356	-5.000826	-0.459374	
9226	-22.500000	37.957347	-5.062085	-0.373548	
9226	-22.468977	37.968750	-5.057222	-0.380311	
9227	-22.343750	38.014544	-5.037644	-0.407626	
9227	-22.265625	38.042728	-5.025384	-0.424802	
9228	-22.265625	38.042728	-5.025384	-0.424802	
9228	-22.254025	38.046875	-5.023556	-0.427368	
9229	-22.254025	38.046875	-5.023556	-0.427368	
9229	-22.187500	38.070677	-5.013117	-0.442044	
9230	-22.468977	37.968750	-5.057222	-0.380311	
9230	-22.421875	37.986077	-5.049875	-0.390545	
9231	-22.421875	37.986077	-5.049875	-0.390545	
9231	-22.343750	38.014544	-5.037644	-0.407626	
9232	-21.875000	38.179860	-4.963852	-0.511843	
9232	-21.806810	38.203125	-4.953058	-0.527255	
9233	-21.796875	38.206516	-4.951492	-0.529494	
9233	-21.718750	38.232948	-4.939130	-0.547206	
9234	-21.806810	38.203125	-4.953058	-0.527255	
9234	-21.796875	38.206516	-4.951492	-0.529494	
9235	-21.640625	38.259122	-4.926749	-0.565002	
9235	-21.573937	38.281250	-4.916163	-0.580264	
9236	-21.718750	38.232948	-4.939130	-0.547206	
9236	-21.640625	38.259122	-4.926749	-0.565002	
9237	-21.573937	38.281250	-4.916163	-0.580264	
9237	-21.562500	38.285046	-4.914355	-0.582874	
9238	-21.406250	38.336208	-4.889549	-0.618815	
9238	-21.334466	38.359375	-4.878132	-0.635434	
9239	-21.328125	38.361422	-4.877128	-0.636899	
9239	-21.250000	38.386425	-4.864710	-0.655036	
9240	-21.334466	38.359375	-4.878132	-0.635434	
9240	-21.328125	38.361422	-4.877128	-0.636899	
9241	-21.562500	38.285046	-4.914355	-0.582874	
9241	-21.484375	38.310752	-4.901959	-0.600806	
9242	-21.484375	38.310752	-4.901959	-0.600806	
9242	-21.406250	38.336208	-4.889549	-0.618815	
9243	-22.033424	38.125000	-4.988852	-0.476310	
9243	-22.031250	38.125763	-4.988511	-0.476794	
9244	-22.031250	38.125763	-4.988511	-0.476794	
9244	-21.953125	38.152946	-4.976193	-0.494274	
9245	-21.953125	38.152946	-4.976193	-0.494274	
9245	-21.875000	38.179860	-4.963852	-0.511843	
9246	-20.078125	38.735307	-4.678412	-0.934282	
9246	-20.025085	38.750000	-4.670008	-0.947203	
9247	-20.156250	38.713479	-4.690789	-0.915303	
9247	-20.078125	38.735307	-4.678412	-0.934282	
9248	-20.312500	38.669226	-4.715571	-0.877491	
9248	-20.303190	38.671875	-4.714089	-0.879745	
9249	-20.234375	38.691452	-4.703176	-0.896373	
9249	-20.156250	38.713479	-4.690789	-0.915303	
9250	-20.303190	38.671875	-4.714089	-0.879745	
9250	-20.234375	38.691452	-4.703176	-0.896373	
9251	-20.625000	38.578343	-4.765240	-0.802443	
9251	-20.572726	38.593750	-4.756915	-0.814954	
9252	-20.468750	38.624195	-4.740395	-0.839862	
9252	-20.390625	38.646814	-4.727980	-0.858650	
9253	-20.390625	38.646814	-4.727980	-0.858650	
9253	-20.312500	38.669226	-4.715571	-0.877491	
9254	-20.572726	38.593750	-4.756915	-0.814954	
9254	-20.546875	38.601368	-4.752813	-0.821129	
9255	-20.546875	38.601368	-4.752813	-0.821129	
9255	-20.468750	38.624195	-4.740395	-0.839862	
9256	-21.093750	38.435716	-4.839845	-0.691528	
9256	-21.088018	38.437500	-4.838930	-0.692876	
9257	-21.171875	38.411188	-4.852281	-0.673247	
9257	-21.093750	38.435716	-4.839845	-0.691528	
9258	-21.250000	38.386425	-4.864710	-0.655036	
9258	-21.171875	38.411188	-4.852281	-0.673247	
9259	-20.937500	38.484133	-4.814979	-0.728259	
9259	-20.859375	38.508000	-4.802539	-0.746722	
9260	-20.859375	38.508000	-4.802539	-0.746722	
9260	-20.834201	38.515625	-4.798522	-0.752697	
9261	-20.834201	38.515625	-4.798522	-0.752697	
9261	-20.781250	38.531662	-4.790105	-0.765238	
9262	-20.703125	38.555112	-4.777673	-0.783810	
9262	-20.625000	38.578343	-4.765240	-0.802443	
9263	-20.781250	38.531662	-4.790105	-0.765238	
9263	-20.703125	38.555112	-4.777673	-0.783810	
9264	-21.088018	38.437500	-4.838930	-0.692876	
9264	-21.015625	38.460038	-4.827414	-0.709860	
9265	-21.015625	38.460038	-4.827414	-0.709860	
9265	-20.937500	38.484133	-4.814979	-0.728259	
9266	-20.025085	38.750000	-4.670008	-0.947203	
9266	-20.000000	38.756946	-4.666047	-0.953303	
9267	-23.656272	37.500000	-5.239863	-0.132213	
9267	-23.593750	37.526348	-5.230424	-0.144738	
9268	-23.593750	37.526348	-5.230424	-0.144738	
9268	-23.515625	37.558958	-5.218577	-0.160503	
9269	-23.515625	37.558958	-5.218577	-0.160503	
9269	-23.469274	37.578125	-5.211514	-0.169926	
9270	-23.469274	37.578125	-5.211514	-0.169926	
9270	-23.437500	37.591282	-5.206701	-0.176358	
9271	-23.359375	37.623336	-5.194803	-0.192295	
9271	-23.281250	37.655074	-5.182862	-0.208340	
9272	-23.437500	37.591282	-5.206701	-0.176358	
9272	-23.359375	37.623336	-5.194803	-0.192295	
9273	-23.281250	37.655074	-5.182862	-0.208340	
9273	-23.278331	37.656250	-5.182413	-0.208944	
9274	-23.278331	37.656250	-5.182413	-0.208944	
9274	-23.203125	37.686572	-5.170912	-0.224450	
9275	-23.203125	37.686572	-5.170912	-0.224450	
9275	-23.125000	37.717761	-5.158922	-0.240666	
9276	-22.890625	37.809659	-5.122793	-0.289843	
9276	-22.883244	37.812500	-5.121646	-0.291413	
9277	-22.968750	37.779319	-5.134869	-0.273353	
9277	-22.890625	37.809659	-5.122793	-0.289843	
9278	-23.125000	37.717761	-5.158922	-0.240666	
9278	-23.082991	37.734375	-5.152445	-0.249447	
9279	-23.046875	37.748675	-5.146907	-0.256968	
9279	-22.968750	37.779319	-5.134869	-0.273353	
9280	-23.082991	37.734375	-5.152445	-0.249447	
9280	-23.046875	37.748675	-5.146907	-0.256968	
9281	-22.812500	37.839757	-5.110707	-0.306401	
9281	-22.734375	37.869562	-5.098587	-0.323058	
9282	-22.734375	37.869562	-5.098587	-0.323058	
9282	-22.678627	37.890625	-5.089907	-0.335020	
9283	-22.678627	37.890625	-5.089907	-0.335020	
9283	-22.656250	37.899088	-5.086440	-0.339805	
9284	-22.578125	37.928363	-5.074279	-0.356627	
9284	-22.500000	37.957347	-5.062085	-0.373548	
9285	-22.656250	37.899088	-5.086440	-0.339805	
9285	-22.578125	37.928363	-5.074279	-0.356627	
9286	-22.883244	37.812500	-5.121646	-0.291413	
9286	-22.812500	37.839757	-5.110707	-0.306401	
9287	-28.446442	35.000000	-5.950563	0.717309	
9287	-28.437500	35.005381	-5.949143	0.715788	
9288	-28.437500	35.005381	-5.949143	0.715788	
9288	-28.359375	35.052136	-5.936688	0.702430	
9289	-28.359375	35.052136	-5.936688	0.702430	
9289	-28.315711	35.078125	-5.929719	0.694933	
9290	-28.315711	35.078125	-5.929719	0.694933	
9290	-28.281250	35.098713	-5.924285	0.689077	
9291	-28.203125	35.145135	-5.911943	0.675739	
9291	-28.184318	35.156250	-5.908963	0.672512	
9292	-28.281250	35.098713	-5.924285	0.689077	
9292	-28.203125	35.145135	-5.911943	0.675739	
9293	-28.184318	35.156250	-5.908963	0.672512	
9293	-28.125000	35.191435	-5.899678	0.662435	
9294	-27.968750	35.283544	-5.875315	0.635859	
9294	-27.919312	35.312500	-5.867627	0.627432	
9295	-28.125000	35.191435	-5.899678	0.662435	
9295	-28.052215	35.234375	-5.888278	0.650025	
9296	-28.046875	35.237537	-5.887452	0.649124	
9296	-27.968750	35.283544	-5.875315	0.635859	
9297	-28.052215	35.234375	-5.888278	0.650025	
9297	-28.046875	35.237537	-5.887452	0.649124	
9298	-27.812500	35.375032	-5.851185	0.609341	
9298	-27.785681	35.390625	-5.847043	0.604770	
9299	-27.734375	35.420558	-5.839213	0.596111	
9299	-27.656250	35.465887	-5.827277	0.582872	
9300	-27.785681	35.390625	-5.847043	0.604770	
9300	-27.734375	35.420558	-5.839213	0.596111	
9301	-27.656250	35.465887	-5.827277	0.582872	
9301	-27.651288	35.468750	-5.826516	0.582026	
9302	-27.651288	35.468750	-5.826516	0.582026	
9302	-27.578125	35.511112	-5.815421	0.569674	
9303	-27.578125	35.511112	-5.815421	0.569674	
9303	-27.516011	35.546875	-5.805995	0.559145	
9304	-27.516011	35.546875	-5.805995	0.559145	
9304	-27.500000	35.556124	-5.803593	0.556458	
9305	-27.919312	35.312500	-5.867627	0.627432	
9305	-27.890625	35.329361	-5.863219	0.622591	
9306	-27.890625	35.329361	-5.863219	0.622591	
9306	-27.812500	35.375032	-5.851185	0.609341	
9307	-27.421875	35.601005	-5.791830	0.543266	
9307	-27.379870	35.625000	-5.785493	0.536140	
9308	-27.500000	35.556124	-5.803593	0.556458	
9308	-27.421875	35.601005	-5.791830	0.543266	
9309	-26.875000	35.910156	-5.710629	0.450878	
9309	-26.825739	35.937500	-5.703374	0.442509	
9310	-26.562500	36.082632	-5.664955	0.397876	
9310	-26.542082	36.093750	-5.661966	0.394382	
9311	-26.406250	36.167635	-5.642256	0.371253	
9311	-26.398383	36.171875	-5.641106	0.369900	
9312	-26.328125	36.209844	-5.630946	0.357918	
9312	-26.253308	36.250000	-5.620100	0.345087	
9313	-26.398383	36.171875	-5.641106	0.369900	
9313	-26.328125	36.209844	-5.630946	0.357918	
9314	-26.542082	36.093750	-5.661966	0.394382	
9314	-26.484375	36.125259	-5.653605	0.384588	
9315	-26.484375	36.125259	-5.653605	0.384588	
9315	-26.406250	36.167635	-5.642256	0.371253	
9316	-26.825739	35.937500	-5.703374	0.442509	
9316	-26.796875	35.953569	-5.699168	0.437649	
9317	-26.796875	35.953569	-5.699168	0.437649	
9317	-26.718750	35.996796	-5.687740	0.424411	
9318	-26.718750	35.996796	-5.687740	0.424411	
9318	-26.684508	36.015625	-5.682714	0.418574	
9319	-26.640625	36.039824	-5.676339	0.411158	
9319	-26.562500	36.082632	-5.664955	0.397876	
9320	-26.684508	36.015625	-5.682714	0.418574	
9320	-26.640625	36.039824	-5.676339	0.411158	
9321	-27.379870	35.625000	-5.785493	0.536140	
9321	-27.343750	35.645700	-5.780105	0.530070	
9322	-27.343750	35.645700	-5.780105	0.530070	
9322	-27.265625	35.690217	-5.768423	0.516874	
9323	-27.265625	35.690217	-5.768423	0.516874	
9323	-27.242843	35.703125	-5.765005	0.513004	
9324	-27.242843	35.703125	-5.765005	0.513004	
9324	-27.187500	35.734580	-5.756794	0.503689	
9325	-27.109375	35.778723	-5.745185	0.490480	
9325	-27.104878	35.781250	-5.744514	0.489715	
9326	-27.187500	35.734580	-5.756794	0.503689	
9326	-27.109375	35.778723	-5.745185	0.490480	
9327	-27.031250	35.822741	-5.733641	0.477298	
9327	-26.965848	35.859375	-5.723970	0.466218	
9328	-26.953125	35.866523	-5.722109	0.464082	
9328	-26.875000	35.910156	-5.710629	0.450878	
9329	-26.965848	35.859375	-5.723970	0.466218	
9329	-26.953125	35.866523	-5.722109	0.464082	
9330	-27.104878	35.781250	-5.744514	0.489715	
9330	-27.031250	35.822741	-5.733641	0.477298	
9331	-26.250000	36.251780	-5.619625	0.344524	
9331	-26.171875	36.293550	-5.608344	0.331129	
9332	-26.171875	36.293550	-5.608344	0.331129	
9332	-26.106747	36.328125	-5.598913	0.319895	
9333	-26.106747	36.328125	-5.598913	0.319895	
9333	-26.093750	36.335043	-5.597049	0.317671	
9334	-26.015625	36.376346	-5.585780	0.304198	
9334	-25.958652	36.406250	-5.577534	0.294309	
9335	-26.093750	36.335043	-5.597049	0.317671	
9335	-26.015625	36.376346	-5.585780	0.304198	
9336	-25.958652	36.406250	-5.577534	0.294309	
9336	-25.937500	36.417381	-5.574501	0.290665	
9337	-25.703125	36.539097	-5.540700	0.249829	
9337	-25.657453	36.562500	-5.534085	0.241787	
9338	-25.781250	36.498765	-5.551966	0.263487	
9338	-25.703125	36.539097	-5.540700	0.249829	
9339	-25.937500	36.417381	-5.574501	0.290665	
9339	-25.859375	36.458204	-5.563238	0.277105	
9340	-25.859375	36.458204	-5.563238	0.277105	
9340	-25.808923	36.484375	-5.555935	0.268287	
9341	-25.808923	36.484375	-5.555935	0.268287	
9341	-25.781250	36.498765	-5.551966	0.263487	
9342	-25.657453	36.562500	-5.534085	0.241787	
9342	-25.625000	36.579169	-5.529426	0.236114	
9343	-25.078125	36.852514	-5.450285	0.138518	
9343	-25.031834	36.875000	-5.443530	0.130080	
9344	-25.156250	36.814252	-5.461626	0.152647	
9344	-25.078125	36.852514	-5.450285	0.138518	
9345	-25.312500	36.736935	-5.484270	0.180713	
9345	-25.234375	36.775729	-5.472956	0.166714	
9346	-25.234375	36.775729	-5.472956	0.166714	
9346	-25.191448	36.796875	-5.466708	0.158962	
9347	-25.191448	36.796875	-5.466708	0.158962	
9347	-25.156250	36.814252	-5.461626	0.152647	
9348	-25.625000	36.579169	-5.529426	0.236114	
9348	-25.546875	36.618999	-5.518150	0.222352	
9349	-25.546875	36.618999	-5.518150	0.222352	
9349	-25.504130	36.640625	-5.511952	0.214765	
9350	-25.504130	36.640625	-5.511952	0.214765	
9350	-25.468750	36.658567	-5.506865	0.208530	
9351	-25.390625	36.697883	-5.495574	0.194653	
9351	-25.348837	36.718750	-5.489504	0.187173	
9352	-25.468750	36.658567	-5.506865	0.208530	
9352	-25.390625	36.697883	-5.495574	0.194653	
9353	-25.348837	36.718750	-5.489504	0.187173	
9353	-25.312500	36.736935	-5.484270	0.180713	
9354	-25.031834	36.875000	-5.443530	0.130080	
9354	-25.000000	36.890496	-5.438922	0.124315	
9355	-26.253308	36.250000	-5.620100	0.345087	
9355	-26.250000	36.251780	-5.619625	0.344524	
9356	-35.571548	30.000000	-7.440613	2.005410	
9356	-35.546875	30.014518	-7.431484	1.998890	
9357	-35.546875	30.014518	-7.431484	1.998890	
9357	-35.468750	30.061486	-7.403141	1.978597	
9358	-35.468750	30.061486	-7.403141	1.978597	
9358	-35.441639	30.078125	-7.393500	1.971675	
9359	-35.390625	30.109583	-7.375483	1.958711	
9359	-35.316492	30.156250	-7.349868	1.940219	
9360	-35.441639	30.078125	-7.393500	1.971675	
9360	-35.390625	30.109583	-7.375483	1.958711	
9361	-35.316492	30.156250	-7.349868	1.940219	
9361	-35.312500	30.158775	-7.348499	1.939228	
9362	-35.078125	30.312404	-7.271384	1.883073	
9362	-35.077984	30.312500	-7.271339	1.883040	
9363	-35.156250	30.260223	-7.296463	1.901416	
9363	-35.078125	30.312404	-7.271384	1.883073	
9364	-35.312500	30.158775	-7.348499	1.939228	
9364	-35.234375	30.208996	-7.322161	1.920131	
9365	-35.234375	30.208996	-7.322161	1.920131	
9365	-35.195584	30.234375	-7.309353	1.910814	
9366	-35.195584	30.234375	-7.309353	1.910814	
9366	-35.156250	30.260223	-7.296463	1.901416	
9367	-35.077984	30.312500	-7.271339	1.883040	
9367	-35.000000	30.365493	-7.246905	1.865088	
9368	-34.687500	30.586033	-7.154642	1.796546	
9368	-34.633988	30.625000	-7.139706	1.785329	
9369	-35.000000	30.365493	-7.246905	1.865088	
9369	-34.963534	30.390625	-7.235705	1.856833	
9370	-34.921875	30.419448	-7.223010	1.847455	
9370	-34.851523	30.468750	-7.201984	1.831872	
9371	-34.963534	30.390625	-7.235705	1.856833	
9371	-34.921875	30.419448	-7.223010	1.847455	
9372	-34.843750	30.474217	-7.199680	1.830161	
9372	-34.765625	30.529762	-7.176897	1.813195	
9373	-34.765625	30.529762	-7.176897	1.813195	
9373	-34.741812	30.546875	-7.170075	1.808099	
9374	-34.741812	30.546875	-7.170075	1.808099	
9374	-34.687500	30.586033	-7.154642	1.796546	
9375	-34.851523	30.468750	-7.201984	1.831872	
9375	-34.843750	30.474217	-7.199680	1.830161	
9376	-34.218750	30.936242	-7.031080	1.702605	
9376	-34.217110	30.937500	-7.030676	1.702293	
9377	-34.375000	30.817425	-7.070503	1.732870	
9377	-34.319591	30.859375	-7.056344	1.722033	
9378	-34.296875	30.876614	-7.050588	1.717618	
9378	-34.218750	30.936242	-7.031080	1.702605	
9379	-34.319591	30.859375	-7.056344	1.722033	
9379	-34.296875	30.876614	-7.050588	1.717618	
9380	-34.062500	31.056685	-6.993227	1.673264	
9380	-34.014764	31.093750	-6.981950	1.664467	
9381	-33.828125	31.239543	-6.939006	1.630725	
9381	-33.814803	31.250000	-6.936010	1.628356	
9382	-33.906250	31.178345	-6.956759	1.644722	
9382	-33.828125	31.239543	-6.939006	1.630725	
9383	-34.014764	31.093750	-6.981950	1.664467	
9383	-33.984375	31.117386	-6.974830	1.658900	
9384	-33.984375	31.117386	-6.974830	1.658900	
9384	-33.914530	31.171875	-6.958660	1.646217	
9385	-33.914530	31.171875	-6.958660	1.646217	
9385	-33.906250	31.178345	-6.956759	1.644722	
9386	-34.217110	30.937500	-7.030676	1.702293	
9386	-34.140625	30.996289	-7.011970	1.687827	
9387	-34.140625	30.996289	-7.011970	1.687827	
9387	-34.115582	31.015625	-7.005928	1.683141	
9388	-34.115582	31.015625	-7.005928	1.683141	
9388	-34.062500	31.056685	-6.993227	1.673264	
9389	-34.633988	30.625000	-7.139706	1.785329	
9389	-34.609375	30.642979	-7.132893	1.780200	
9390	-34.609375	30.642979	-7.132893	1.780200	
9390	-34.531250	30.700552	-7.111631	1.764145	
9391	-34.531250	30.700552	-7.111631	1.764145	
9391	-34.527785	30.703125	-7.110702	1.763441	
9392	-34.453125	30.758722	-7.090843	1.748374	
9392	-34.423097	30.781250	-7.082985	1.742393	
9393	-34.527785	30.703125	-7.110702	1.763441	
9393	-34.453125	30.758722	-7.090843	1.748374	
9394	-34.423097	30.781250	-7.082985	1.742393	
9394	-34.375000	30.817425	-7.070503	1.732870	
9395	-33.750000	31.300932	-6.921549	1.616894	
9395	-33.715448	31.328125	-6.913915	1.610824	
9396	-33.671875	31.362459	-6.904363	1.603211	
9396	-33.616340	31.406250	-6.892298	1.593565	
9397	-33.715448	31.328125	-6.913915	1.610824	
9397	-33.671875	31.362459	-6.904363	1.603211	
9398	-33.593750	31.424083	-6.887430	1.589663	
9398	-33.517386	31.484375	-6.871104	1.576537	
9399	-33.515625	31.485767	-6.870731	1.576236	
9399	-33.437500	31.547514	-6.854268	1.562935	
9400	-33.517386	31.484375	-6.871104	1.576537	
9400	-33.515625	31.485767	-6.870731	1.576236	
9401	-33.616340	31.406250	-6.892298	1.593565	
9401	-33.593750	31.424083	-6.887430	1.589663	
9402	-33.437500	31.547514	-6.854268	1.562935	
9402	-33.418527	31.562500	-6.850296	1.559716	
9403	-33.418527	31.562500	-6.850296	1.559716	
9403	-33.359375	31.609258	-6.838010	1.549734	
9404	-33.359375	31.609258	-6.838010	1.549734	
9404	-33.319645	31.640625	-6.829805	1.543047	
9405	-33.319645	31.640625	-6.829805	1.543047	
9405	-33.281250	31.670961	-6.821938	1.536620	
9406	-33.281250	31.670961	-6.821938	1.536620	
9406	-33.220660	31.718750	-6.809585	1.526497	
9407	-33.220660	31.718750	-6.809585	1.526497	
9407	-33.203125	31.732591	-6.806038	1.523583	
9408	-33.203125	31.732591	-6.806038	1.523583	
9408	-33.125000	31.794126	-6.790297	1.510613	
9409	-33.125000	31.794126	-6.790297	1.510613	
9409	-33.121502	31.796875	-6.789595	1.510033	
9410	-33.046875	31.855575	-6.774721	1.497715	
9410	-33.022106	31.875000	-6.769798	1.493626	
9411	-33.121502	31.796875	-6.789595	1.510033	
9411	-33.046875	31.855575	-6.774721	1.497715	
9412	-33.022106	31.875000	-6.769798	1.493626	
9412	-32.968750	31.916871	-6.759275	1.484863	
9413	-32.968750	31.916871	-6.759275	1.484863	
9413	-32.922393	31.953125	-6.750151	1.477242	
9414	-32.890625	31.977987	-6.743948	1.472048	
9414	-32.822307	32.031250	-6.730624	1.460856	
9415	-32.922393	31.953125	-6.750151	1.477242	
9415	-32.890625	31.977987	-6.743948	1.472048	
9416	-32.822307	32.031250	-6.730624	1.460856	
9416	-32.812500	32.038902	-6.728727	1.459259	
9417	-32.656250	32.160140	-6.698607	1.433767	
9417	-32.620759	32.187500	-6.691792	1.427965	
9418	-32.812500	32.038902	-6.728727	1.459259	
9418	-32.734375	32.099627	-6.713617	1.446501	
9419	-32.734375	32.099627	-6.713617	1.446501	
9419	-32.721782	32.109375	-6.711181	1.444439	
9420	-32.721782	32.109375	-6.711181	1.444439	
9420	-32.656250	32.160140	-6.698607	1.433767	
9421	-32.620759	32.187500	-6.691792	1.427965	
9421	-32.578125	32.220394	-6.683673	1.421036	
9422	-32.578125	32.220394	-6.683673	1.421036	
9422	-32.519197	32.265625	-6.672436	1.411416	
9423	-32.519197	32.265625	-6.672436	1.411416	
9423	-32.500000	32.280373	-6.668806	1.408301	
9424	-33.814803	31.250000	-6.936010	1.628356	
9424	-33.750000	31.300932	-6.921549	1.616894	
9425	-32.421875	32.340076	-6.654004	1.395562	
9425	-32.417044	32.343750	-6.653087	1.394770	
9426	-32.500000	32.280373	-6.668806	1.408301	
9426	-32.421875	32.340076	-6.654004	1.395562	
9427	-32.343750	32.399537	-6.639283	1.382831	
9427	-32.314225	32.421875	-6.633707	1.377993	
9428	-32.265625	32.458685	-6.624608	1.370080	
9428	-32.210734	32.500000	-6.614297	1.361084	
9429	-32.314225	32.421875	-6.633707	1.377993	
9429	-32.265625	32.458685	-6.624608	1.370080	
9430	-32.417044	32.343750	-6.653087	1.394770	
9430	-32.343750	32.399537	-6.639283	1.382831	
9431	-32.210734	32.500000	-6.614297	1.361084	
9431	-32.187500	32.517509	-6.609972	1.357302	
9432	-32.187500	32.517509	-6.609972	1.357302	
9432	-32.109375	32.576008	-6.595373	1.344496	
9433	-32.109375	32.576008	-6.595373	1.344496	
9433	-32.106532	32.578125	-6.594839	1.344027	
9434	-32.106532	32.578125	-6.594839	1.344027	
9434	-32.031250	32.634244	-6.580839	1.331688	
9435	-32.031250	32.634244	-6.580839	1.331688	
9435	-32.001525	32.656250	-6.575286	1.326779	
9436	-32.001525	32.656250	-6.575286	1.326779	
9436	-31.953125	32.692134	-6.566330	1.318842	
9437	-31.953125	32.692134	-6.566330	1.318842	
9437	-31.895747	32.734375	-6.555662	1.309358	
9438	-31.895747	32.734375	-6.555662	1.309358	
9438	-31.875000	32.749673	-6.551841	1.305954	
9439	-31.796875	32.806881	-6.537381	1.293032	
9439	-31.789150	32.812500	-6.535943	1.291744	
9440	-31.875000	32.749673	-6.551841	1.305954	
9440	-31.796875	32.806881	-6.537381	1.293032	
9441	-31.406250	33.088041	-6.465503	1.227915	
9441	-31.353919	33.125000	-6.455879	1.219083	
9442	-31.562500	32.976559	-6.494178	1.254069	
9442	-31.484375	33.032462	-6.479828	1.241010	
9443	-31.484375	33.032462	-6.479828	1.241010	
9443	-31.464081	33.046875	-6.476078	1.237587	
9444	-31.464081	33.046875	-6.476078	1.237587	
9444	-31.406250	33.088041	-6.465503	1.227915	
9445	-31.789150	32.812500	-6.535943	1.291744	
9445	-31.718750	32.863801	-6.522968	1.280093	
9446	-31.718750	32.863801	-6.522968	1.280093	
9446	-31.681660	32.890625	-6.516096	1.273903	
9447	-31.640625	32.920361	-6.508568	1.267107	
9447	-31.573336	32.968750	-6.496156	1.255865	
9448	-31.681660	32.890625	-6.516096	1.273903	
9448	-31.640625	32.920361	-6.508568	1.267107	
9449	-31.573336	32.968750	-6.496156	1.255865	
9449	-31.562500	32.976559	-6.494178	1.254069	
9450	-31.353919	33.125000	-6.455879	1.219083	
9450	-31.328125	33.143261	-6.451185	1.214766	
9451	-31.328125	33.143261	-6.451185	1.214766	
9451	-31.250000	33.198145	-6.436884	1.201575	
9452	-30.468750	33.730359	-6.295379	1.067879	
9452	-30.438986	33.750000	-6.290015	1.062697	
9453	-30.625000	33.626251	-6.323452	1.094862	
9453	-30.556640	33.671875	-6.311125	1.083042	
9454	-30.546875	33.678414	-6.309386	1.081370	
9454	-30.468750	33.730359	-6.295379	1.067879	
9455	-30.556640	33.671875	-6.311125	1.083042	
9455	-30.546875	33.678414	-6.309386	1.081370	
9456	-31.250000	33.198145	-6.436884	1.201575	
9456	-31.242860	33.203125	-6.435569	1.200359	
9457	-31.171875	33.252762	-6.422631	1.188370	
9457	-31.130809	33.281250	-6.415103	1.181372	
9458	-31.242860	33.203125	-6.435569	1.200359	
9458	-31.171875	33.252762	-6.422631	1.188370	
9459	-31.093750	33.307028	-6.408385	1.175112	
9459	-31.017892	33.359375	-6.394553	1.162185	
9460	-31.015625	33.360944	-6.394144	1.161802	
9460	-30.937500	33.414625	-6.379964	1.148490	
9461	-31.017892	33.359375	-6.394553	1.162185	
9461	-31.015625	33.360944	-6.394144	1.161802	
9462	-31.130809	33.281250	-6.415103	1.181372	
9462	-31.093750	33.307028	-6.408385	1.175112	
9463	-30.937500	33.414625	-6.379964	1.148490	
9463	-30.903944	33.437500	-6.373838	1.142721	
9464	-30.903944	33.437500	-6.373838	1.142721	
9464	-30.859375	33.467975	-6.365795	1.135131	
9465	-30.859375	33.467975	-6.365795	1.135131	
9465	-30.789132	33.515625	-6.353049	1.123063	
9466	-30.789132	33.515625	-6.353049	1.123063	
9466	-30.781250	33.520989	-6.351635	1.121722	
9467	-30.703125	33.573769	-6.337532	1.108310	
9467	-30.673320	33.593750	-6.332121	1.103149	
9468	-30.781250	33.520989	-6.351635	1.121722	
9468	-30.703125	33.573769	-6.337532	1.108310	
9469	-30.673320	33.593750	-6.332121	1.103149	
9469	-30.625000	33.626251	-6.323452	1.094862	
9470	-30.438986	33.750000	-6.290015	1.062697	
9470	-30.390625	33.782028	-6.281404	1.054360	
9471	-30.390625	33.782028	-6.281404	1.054360	
9471	-30.320490	33.828125	-6.268858	1.042177	
9472	-30.320490	33.828125	-6.268858	1.042177	
9472	-30.312500	33.833396	-6.267446	1.040803	
9473	-30.234375	33.884573	-6.253558	1.027256	
9473	-30.201040	33.906250	-6.247605	1.021432	
9474	-30.312500	33.833396	-6.267446	1.040803	
9474	-30.234375	33.884573	-6.253558	1.027256	
9475	-30.156250	33.935486	-6.239704	1.013686	
9475	-30.080803	33.984375	-6.226341	1.000544	
9476	-30.078125	33.986117	-6.225873	1.000083	
9476	-30.000000	34.036593	-6.212125	0.986506	
9477	-30.080803	33.984375	-6.226341	1.000544	
9477	-30.078125	33.986117	-6.225873	1.000083	
9478	-30.201040	33.906250	-6.247605	1.021432	
9478	-30.156250	33.935486	-6.239704	1.013686	
9479	-31.875000	46.555106	-12.608253	9.419944	
9479	-31.883225	46.562500	-12.613941	9.428755	
9480	-31.953125	46.612098	-12.652578	9.493160	
9480	-31.970259	46.640625	-12.666769	9.519707	
9481	-31.953125	46.612098	-12.652578	9.493160	
9481	-31.883225	46.562500	-12.613941	9.428755	
9482	-31.970259	46.640625	-12.666769	9.519707	
9482	-32.007790	46.718750	-12.694317	9.582353	
9483	-32.031250	46.755008	-12.702874	9.601984	
9483	-32.007790	46.718750	-12.694317	9.582353	
9484	-31.884351	46.875000	-12.769559	9.531133	
9484	-31.875000	46.866596	-12.766970	9.528411	
9485	-32.109375	46.795856	-12.742877	9.627373	
9485	-32.111704	46.796875	-12.744330	9.628363	
9486	-32.109375	46.795856	-12.742877	9.627373	
9486	-32.031250	46.755008	-12.702874	9.601984	
9487	-32.187500	46.843572	-12.799678	9.671603	
9487	-32.111704	46.796875	-12.744330	9.628363	
9488	-32.187500	46.843572	-12.799678	9.671603	
9488	-32.227898	46.875000	-12.833152	9.701750	
9489	-31.718750	46.549200	-12.553037	9.341536	
9489	-31.697556	46.562500	-12.551404	9.339451	
9490	-31.796875	46.533194	-12.573350	9.368842	
9490	-31.718750	46.549200	-12.553037	9.341536	
9491	-31.875000	46.555106	-12.608253	9.419944	
9491	-31.796875	46.533194	-12.573350	9.368842	
9492	-31.697556	46.562500	-12.551404	9.339451	
9492	-31.641366	46.640625	-12.566761	9.357204	
9493	-31.641366	46.640625	-12.566761	9.357204	
9493	-31.648669	46.718750	-12.607494	9.400761	
9494	-31.648669	46.718750	-12.607494	9.400761	
9494	-31.713165	46.796875	-12.673068	9.462883	
9495	-31.718750	46.799968	-12.677055	9.466335	
9495	-31.713165	46.796875	-12.673068	9.462883	
9496	-31.796875	46.843870	-12.730992	9.508277	
9496	-31.718750	46.799968	-12.677055	9.466335	
9497	-31.875000	46.866596	-12.766970	9.528411	
9497	-31.796875	46.843870	-12.730992	9.508277	
9498	-32.227898	46.875000	-12.833152	9.701750	
9498	-32.252137	46.953125	-12.881071	9.749512	
9499	-32.252137	46.953125	-12.881071	9.749512	
9499	-32.222296	47.031250	-12.906256	9.777435	
9500	-32.222296	47.031250	-12.906256	9.777435	
9500	-32.187500	47.061245	-12.906979	9.778285	
9501	-31.884351	46.875000	-12.769559	9.531133	
9501	-31.910268	46.953125	-12.786337	9.578866	
9502	-31.953125	47.021044	-12.817393	9.641356	
9502	-31.910268	46.953125	-12.786337	9.578866	
9503	-31.972454	47.031250	-12.825858	9.656367	
9503	-31.953125	47.021044	-12.817393	9.641356	
9504	-32.031250	47.076424	-12.860997	9.713559	
9504	-31.972454	47.031250	-12.825858	9.656367	
9505	-32.187500	47.061245	-12.906979	9.778285	
9505	-32.109375	47.086629	-12.890649	9.756668	
9506	-32.109375	47.086629	-12.890649	9.756668	
9506	-32.031250	47.076424	-12.860997	9.713559	
9507	-29.375000	51.364875	-13.362254	11.948805	
9507	-29.445294	51.406250	-13.394543	12.009835	
9508	-29.531250	51.473943	-13.437210	12.095985	
9508	-29.453125	51.410297	-13.397773	12.016125	
9509	-29.453125	51.410297	-13.397773	12.016125	
9509	-29.445294	51.406250	-13.394543	12.009835	
9510	-29.531250	51.473943	-13.437210	12.095985	
9510	-29.540194	51.484375	-13.442621	12.107439	
9511	-29.540194	51.484375	-13.442621	12.107439	
9511	-29.604514	51.562500	-13.480053	12.190862	
9512	-29.609375	51.568722	-13.482785	12.197289	
9512	-29.650560	51.640625	-13.510255	12.265407	
9513	-29.609375	51.568722	-13.482785	12.197289	
9513	-29.604514	51.562500	-13.480053	12.190862	
9514	-29.650560	51.640625	-13.510255	12.265407	
9514	-29.682516	51.718750	-13.534351	12.332733	
9515	-29.687500	51.735057	-13.538646	12.345912	
9515	-29.682516	51.718750	-13.534351	12.332733	
9516	-29.687500	51.735057	-13.538646	12.345912	
9516	-29.704672	51.796875	-13.552842	12.393811	
9517	-29.704672	51.796875	-13.552842	12.393811	
9517	-29.717186	51.875000	-13.565434	12.447869	
9518	-29.218750	51.324684	-13.306110	11.849908	
9518	-29.236164	51.328125	-13.312264	11.860317	
9519	-29.296875	51.337950	-13.332113	11.894617	
9519	-29.236164	51.328125	-13.312264	11.860317	
9520	-29.375000	51.364875	-13.362254	11.948805	
9520	-29.296875	51.337950	-13.332113	11.894617	
9521	-29.218750	51.324684	-13.306110	11.849908	
9521	-29.140625	51.324652	-13.284548	11.814313	
9522	-29.140625	51.324652	-13.284548	11.814313	
9522	-29.121781	51.328125	-13.280748	11.808191	
9523	-29.121781	51.328125	-13.280748	11.808191	
9523	-29.062500	51.338896	-13.268258	11.788447	
9524	-28.984375	51.370403	-13.258908	11.774160	
9524	-28.931216	51.406250	-13.258799	11.773980	
9525	-29.062500	51.338896	-13.268258	11.788447	
9525	-28.984375	51.370403	-13.258908	11.774160	
9526	-28.906250	51.426108	-13.260027	11.775742	
9526	-28.853763	51.484375	-13.270247	11.790052	
9527	-28.828125	51.524482	-13.280727	11.804324	
9527	-28.807886	51.562500	-13.292002	11.819361	
9528	-28.853763	51.484375	-13.270247	11.790052	
9528	-28.828125	51.524482	-13.280727	11.804324	
9529	-28.931216	51.406250	-13.258799	11.773980	
9529	-28.906250	51.426108	-13.260027	11.775742	
9530	-28.807886	51.562500	-13.292002	11.819361	
9530	-28.781451	51.640625	-13.320543	11.856303	
9531	-28.781451	51.640625	-13.320543	11.856303	
9531	-28.770281	51.718750	-13.354721	11.898845	
9532	-28.770281	51.718750	-13.354721	11.898845	
9532	-28.771864	51.796875	-13.393813	11.945595	
9533	-28.771864	51.796875	-13.393813	11.945595	
9533	-28.785509	51.875000	-13.437708	11.995910	
9534	-28.785509	51.875000	-13.437708	11.995910	
9534	-28.812932	51.953125	-13.487276	12.050099	
9535	-28.828125	51.979413	-13.506538	12.070415	
9535	-28.812932	51.953125	-13.487276	12.050099	
9536	-28.852844	52.031250	-13.541978	12.106695	
9536	-28.828125	51.979413	-13.506538	12.070415	
9537	-28.906250	52.100506	-13.598150	12.161163	
9537	-28.852844	52.031250	-13.541978	12.106695	
9538	-28.912113	52.109375	-13.604816	12.167367	
9538	-28.906250	52.100506	-13.598150	12.161163	
9539	-28.984375	52.178485	-13.668479	12.223562	
9539	-28.912113	52.109375	-13.604816	12.167367	
9540	-28.993368	52.187500	-13.676410	12.230143	
9540	-28.984375	52.178485	-13.668479	12.223562	
9541	-29.062500	52.235116	-13.727587	12.269977	
9541	-28.993368	52.187500	-13.676410	12.230143	
9542	-29.296875	52.333886	-13.848679	12.332903	
9542	-29.218750	52.310169	-13.819554	12.325133	
9543	-29.318466	52.343750	-13.853284	12.332596	
9543	-29.296875	52.333886	-13.848679	12.332903	
9544	-29.117621	52.265625	-13.763815	12.294879	
9544	-29.062500	52.235116	-13.727587	12.269977	
9545	-29.140625	52.276784	-13.777766	12.303540	
9545	-29.117621	52.265625	-13.763815	12.294879	
9546	-29.218750	52.310169	-13.819554	12.325133	
9546	-29.140625	52.276784	-13.777766	12.303540	
9547	-29.318466	52.343750	-13.853284	12.332596	
9547	-29.328699	52.421875	-13.849409	12.349221	
9548	-29.328699	52.421875	-13.849409	12.349221	
9548	-29.327725	52.500000	-13.849897	12.386169	
9549	-29.717186	51.875000	-13.565434	12.447869	
9549	-29.720683	51.953125	-13.571525	12.493304	
9550	-29.720683	51.953125	-13.571525	12.493304	
9550	-29.717677	52.031250	-13.570268	12.526201	
9551	-29.717677	52.031250	-13.570268	12.526201	
9551	-29.763089	52.109375	-13.575664	12.535907	
9552	-29.765625	52.109950	-13.576479	12.536005	
9552	-29.763089	52.109375	-13.575664	12.535907	
9553	-29.843750	52.128941	-13.608429	12.546253	
9553	-29.765625	52.109950	-13.576479	12.536005	
9554	-29.921875	52.161022	-13.651688	12.569621	
9554	-29.843750	52.128941	-13.608429	12.546253	
9555	-29.921875	52.161022	-13.651688	12.569621	
9555	-29.971366	52.187500	-13.683838	12.590771	
9556	-30.000000	52.206804	-13.704602	12.605681	
9556	-29.971366	52.187500	-13.683838	12.590771	
9557	-29.377043	52.734375	-13.891290	12.555400	
9557	-29.375000	52.729362	-13.889839	12.551086	
9558	-29.377043	52.734375	-13.891290	12.555400	
9558	-29.416434	52.812500	-13.917225	12.626662	
9559	-29.561198	52.968750	-13.993548	12.801053	
9559	-29.531250	52.948950	-13.980602	12.773914	
9560	-29.474395	52.890625	-13.950349	12.707068	
9560	-29.453125	52.867844	-13.939549	12.681828	
9561	-29.453125	52.867844	-13.939549	12.681828	
9561	-29.416434	52.812500	-13.917225	12.626662	
9562	-29.531250	52.948950	-13.980602	12.773914	
9562	-29.474395	52.890625	-13.950349	12.707068	
9563	-29.687500	53.036842	-14.047395	12.906369	
9563	-29.609375	53.003052	-14.016489	12.847321	
9564	-29.609375	53.003052	-14.016489	12.847321	
9564	-29.561198	52.968750	-13.993548	12.801053	
9565	-29.732150	53.046875	-14.062205	12.933434	
9565	-29.687500	53.036842	-14.047395	12.906369	
9566	-29.765625	53.055881	-14.074401	12.955140	
9566	-29.732150	53.046875	-14.062205	12.933434	
9567	-29.843750	53.061182	-14.097248	12.994370	
9567	-29.765625	53.055881	-14.074401	12.955140	
9568	-30.000000	53.027089	-14.127020	13.042253	
9568	-29.936818	53.046875	-14.117108	13.026806	
9569	-29.921875	53.051470	-14.114855	13.023216	
9569	-29.843750	53.061182	-14.097248	12.994370	
9570	-29.936818	53.046875	-14.117108	13.026806	
9570	-29.921875	53.051470	-14.114855	13.023216	
9571	-29.327725	52.500000	-13.849897	12.386169	
9571	-29.333733	52.578125	-13.857465	12.434512	
9572	-29.333733	52.578125	-13.857465	12.434512	
9572	-29.349579	52.656250	-13.871369	12.491226	
9573	-29.375000	52.729362	-13.889839	12.551086	
9573	-29.349579	52.656250	-13.871369	12.491226	
9574	-30.000000	52.206804	-13.704602	12.605681	
9574	-30.076304	52.265625	-13.765061	12.653534	
9575	-30.078125	52.267784	-13.766847	12.655035	
9575	-30.076304	52.265625	-13.765061	12.653534	
9576	-30.078125	52.267784	-13.766847	12.655035	
9576	-30.147923	52.343750	-13.833734	12.714435	
9577	-30.156250	52.358753	-13.844511	12.724546	
9577	-30.147923	52.343750	-13.833734	12.714435	
9578	-30.156250	52.358753	-13.844511	12.724546	
9578	-30.197731	52.421875	-13.893417	12.772189	
9579	-30.197731	52.421875	-13.893417	12.772189	
9579	-30.227831	52.500000	-13.944679	12.825149	
9580	-30.234375	52.533534	-13.963965	12.845872	
9580	-30.245377	52.578125	-13.990772	12.875430	
9581	-30.234375	52.533534	-13.963965	12.845872	
9581	-30.227831	52.500000	-13.944679	12.825149	
9582	-30.245377	52.578125	-13.990772	12.875430	
9582	-30.249388	52.656250	-14.031298	12.921860	
9583	-30.249388	52.656250	-14.031298	12.921860	
9583	-30.238988	52.734375	-14.066075	12.963580	
9584	-30.234375	52.749673	-14.071876	12.970731	
9584	-30.214128	52.812500	-14.095378	13.000365	
9585	-30.238988	52.734375	-14.066075	12.963580	
9585	-30.234375	52.749673	-14.071876	12.970731	
9586	-30.214128	52.812500	-14.095378	13.000365	
9586	-30.169405	52.890625	-14.117533	13.029518	
9587	-30.169405	52.890625	-14.117533	13.029518	
9587	-30.156250	52.907533	-14.121139	13.034418	
9588	-30.156250	52.907533	-14.121139	13.034418	
9588	-30.094885	52.968750	-14.129787	13.046462	
9589	-30.094885	52.968750	-14.129787	13.046462	
9589	-30.078125	52.982295	-14.130735	13.047830	
9590	-30.078125	52.982295	-14.130735	13.047830	
9590	-30.000000	53.027089	-14.127020	13.042253	
9591	-30.625000	57.504645	-16.146962	16.914985	
9591	-30.668700	57.578125	-16.172664	16.987152	
9592	-30.668700	57.578125	-16.172664	16.987152	
9592	-30.690083	57.656250	-16.182425	17.037818	
9593	-30.703125	57.678825	-16.187190	17.044914	
9593	-30.774071	57.734375	-16.236726	17.080212	
9594	-30.703125	57.678825	-16.187190	17.044914	
9594	-30.690083	57.656250	-16.182425	17.037818	
9595	-30.781250	57.754286	-16.248932	17.091160	
9595	-30.774071	57.734375	-16.236726	17.080212	
9596	-30.781250	57.754286	-16.248932	17.091160	
9596	-30.825150	57.812500	-16.297203	17.140963	
9597	-30.825150	57.812500	-16.297203	17.140963	
9597	-30.821652	57.890625	-16.335139	17.187331	
9598	-30.821652	57.890625	-16.335139	17.187331	
9598	-30.781250	57.947823	-16.349578	17.207431	
9599	-30.691946	57.968750	-16.334452	17.181172	
9599	-30.625000	57.949769	-16.312650	17.137562	
9600	-30.781250	57.947823	-16.349578	17.207431	
9600	-30.721221	57.968750	-16.341879	17.194549	
9601	-30.625000	57.504645	-16.146962	16.914985	
9601	-30.615108	57.500000	-16.143795	16.907582	
9602	-30.427084	57.500000	-16.100206	16.820334	
9602	-30.399952	57.578125	-16.129556	16.859413	
9603	-30.399952	57.578125	-16.129556	16.859413	
9603	-30.415988	57.656250	-16.174897	16.911497	
9604	-30.468750	57.703977	-16.221333	16.955320	
9604	-30.415988	57.656250	-16.174897	16.911497	
9605	-30.505836	57.734375	-16.249959	16.975994	
9605	-30.468750	57.703977	-16.221333	16.955320	
9606	-30.546875	57.783561	-16.268312	16.992493	
9606	-30.505836	57.734375	-16.249959	16.975994	
9607	-30.554428	57.812500	-16.269751	17.008634	
9607	-30.546875	57.783561	-16.268312	16.992493	
9608	-30.554428	57.812500	-16.269751	17.008634	
9608	-30.580283	57.890625	-16.286431	17.073120	
9609	-30.625000	57.949769	-16.312650	17.137562	
9609	-30.580283	57.890625	-16.286431	17.073120	
9610	-13.373212	40.000000	-3.717147	-2.653376	
9610	-13.359375	40.001351	-3.715401	-2.657095	
9611	-13.359375	40.001351	-3.715401	-2.657095	
9611	-13.281250	40.008799	-3.705535	-2.678165	
9612	-13.281250	40.008799	-3.705535	-2.678165	
9612	-13.203125	40.016064	-3.695698	-2.699266	
9613	-13.203125	40.016064	-3.695698	-2.699266	
9613	-13.125000	40.023147	-3.685893	-2.720397	
9614	-13.125000	40.023147	-3.685893	-2.720397	
9614	-13.046875	40.030047	-3.676118	-2.741559	
9615	-13.046875	40.030047	-3.676118	-2.741559	
9615	-12.968750	40.036766	-3.666375	-2.762750	
9616	-12.968750	40.036766	-3.666375	-2.762750	
9616	-12.890625	40.043303	-3.656663	-2.783970	
9617	-12.890625	40.043303	-3.656663	-2.783970	
9617	-12.812500	40.049659	-3.646984	-2.805219	
9618	-12.812500	40.049659	-3.646984	-2.805219	
9618	-12.734375	40.055836	-3.637337	-2.826496	
9619	-12.734375	40.055836	-3.637337	-2.826496	
9619	-12.656250	40.061833	-3.627723	-2.847800	
9620	-12.656250	40.061833	-3.627723	-2.847800	
9620	-12.578125	40.067651	-3.618142	-2.869131	
9621	-12.578125	40.067651	-3.618142	-2.869131	
9621	-12.500000	40.073292	-3.608595	-2.890488	
9622	-12.500000	40.073292	-3.608595	-2.890488	
9622	-12.430904	40.078125	-3.600177	-2.909404	
9623	-12.421875	40.078757	-3.599082	-2.911869	
9623	-12.343750	40.084055	-3.589607	-2.933268	
9624	-12.430904	40.078125	-3.600177	-2.909404	
9624	-12.421875	40.078757	-3.599082	-2.911869	
9625	-12.265625	40.089177	-3.580167	-2.954690	
9625	-12.187500	40.094127	-3.570763	-2.976135	
9626	-12.343750	40.084055	-3.589607	-2.933268	
9626	-12.265625	40.089177	-3.580167	-2.954690	
9627	-12.109375	40.098904	-3.561395	-2.997600	
9627	-12.031250	40.103511	-3.552064	-3.019085	
9628	-12.187500	40.094127	-3.570763	-2.976135	
9628	-12.109375	40.098904	-3.561395	-2.997600	
9629	-11.953125	40.107950	-3.542771	-3.040588	
9629	-11.875000	40.112221	-3.533516	-3.062108	
9630	-12.031250	40.103511	-3.552064	-3.019085	
9630	-11.953125	40.107950	-3.542771	-3.040588	
9631	-11.796875	40.116326	-3.524299	-3.083644	
9631	-11.718750	40.120267	-3.515123	-3.105194	
9632	-11.875000	40.112221	-3.533516	-3.062108	
9632	-11.796875	40.116326	-3.524299	-3.083644	
9633	-11.640625	40.124046	-3.505986	-3.126757	
9633	-11.562500	40.127666	-3.496891	-3.148331	
9634	-11.718750	40.120267	-3.515123	-3.105194	
9634	-11.640625	40.124046	-3.505986	-3.126757	
9635	-11.484375	40.131127	-3.487837	-3.169914	
9635	-11.406250	40.134432	-3.478825	-3.191506	
9636	-11.562500	40.127666	-3.496891	-3.148331	
9636	-11.484375	40.131127	-3.487837	-3.169914	
9637	-11.328125	40.137583	-3.469857	-3.213103	
9637	-11.250000	40.140582	-3.460932	-3.234705	
9638	-11.406250	40.134432	-3.478825	-3.191506	
9638	-11.328125	40.137583	-3.469857	-3.213103	
9639	-11.171875	40.143432	-3.452052	-3.256310	
9639	-11.093750	40.146135	-3.443218	-3.277914	
9640	-11.250000	40.140582	-3.460932	-3.234705	
9640	-11.171875	40.143432	-3.452052	-3.256310	
9641	-11.015625	40.148693	-3.434429	-3.299518	
9641	-10.937500	40.151109	-3.425687	-3.321118	
9642	-11.093750	40.146135	-3.443218	-3.277914	
9642	-11.015625	40.148693	-3.434429	-3.299518	
9643	-10.859375	40.153386	-3.416993	-3.342713	
9643	-10.781250	40.155525	-3.408348	-3.364300	
9644	-10.937500	40.151109	-3.425687	-3.321118	
9644	-10.859375	40.153386	-3.416993	-3.342713	
9645	-10.781250	40.155525	-3.408348	-3.364300	
9645	-10.752982	40.156250	-3.405227	-3.372121	
9646	-10.752982	40.156250	-3.405227	-3.372121	
9646	-10.703125	40.157532	-3.399752	-3.385877	
9647	-10.703125	40.157532	-3.399752	-3.385877	
9647	-10.625000	40.159407	-3.391207	-3.407441	
9648	-10.468750	40.162773	-3.374269	-3.450527	
9648	-10.390625	40.164269	-3.365879	-3.472043	
9649	-10.390625	40.164269	-3.365879	-3.472043	
9649	-10.312500	40.165644	-3.357542	-3.493539	
9650	-10.625000	40.159407	-3.391207	-3.407441	
9650	-10.546875	40.161153	-3.382712	-3.428992	
9651	-10.546875	40.161153	-3.382712	-3.428992	
9651	-10.468750	40.162773	-3.374269	-3.450527	
9652	-10.156250	40.168044	-3.341030	-3.536460	
9652	-10.078125	40.169074	-3.332856	-3.557880	
9653	-10.078125	40.169074	-3.332856	-3.557880	
9653	-10.000000	40.169995	-3.324740	-3.579270	
9654	-10.312500	40.165644	-3.357542	-3.493539	
9654	-10.234375	40.166901	-3.349258	-3.515012	
9655	-10.234375	40.166901	-3.349258	-3.515012	
9655	-10.156250	40.168044	-3.341030	-3.536460	
9656	-9.843750	40.171521	-3.308678	-3.621952	
9656	-9.765625	40.172133	-3.300735	-3.643238	
9657	-9.765625	40.172133	-3.300735	-3.643238	
9657	-9.687500	40.172647	-3.292851	-3.664484	
9658	-10.000000	40.169995	-3.324740	-3.579270	
9658	-9.921875	40.170810	-3.316680	-3.600628	
9659	-9.921875	40.170810	-3.316680	-3.600628	
9659	-9.843750	40.171521	-3.308678	-3.621952	
9660	-9.531250	40.173397	-3.277264	-3.706849	
9660	-9.453125	40.173637	-3.269562	-3.727962	
9661	-9.453125	40.173637	-3.269562	-3.727962	
9661	-9.375000	40.173793	-3.261922	-3.749027	
9662	-9.687500	40.172647	-3.292851	-3.664484	
9662	-9.609375	40.173068	-3.285027	-3.685689	
9663	-9.609375	40.173068	-3.285027	-3.685689	
9663	-9.531250	40.173397	-3.277264	-3.706849	
9664	-9.218750	40.173860	-3.246831	-3.790998	
9664	-9.140625	40.173777	-3.239381	-3.811900	
9665	-9.140625	40.173777	-3.239381	-3.811900	
9665	-9.062500	40.173621	-3.231996	-3.832744	
9666	-9.375000	40.173793	-3.261922	-3.749027	
9666	-9.296875	40.173866	-3.254345	-3.770039	
9667	-9.296875	40.173866	-3.254345	-3.770039	
9667	-9.218750	40.173860	-3.246831	-3.790998	
9668	-8.906250	40.173098	-3.217421	-3.874246	
9668	-8.828125	40.172737	-3.210233	-3.894900	
9669	-8.828125	40.172737	-3.210233	-3.894900	
9669	-8.750000	40.172313	-3.203111	-3.915487	
9670	-9.062500	40.173621	-3.231996	-3.832744	
9670	-8.984375	40.173393	-3.224676	-3.853526	
9671	-8.984375	40.173393	-3.224676	-3.853526	
9671	-8.906250	40.173098	-3.217421	-3.874246	
9672	-8.593750	40.171288	-3.189068	-3.956448	
9672	-8.515625	40.170692	-3.182149	-3.976819	
9673	-8.515625	40.170692	-3.182149	-3.976819	
9673	-8.437500	40.170042	-3.175297	-3.997114	
9674	-8.750000	40.172313	-3.203111	-3.915487	
9674	-8.671875	40.171830	-3.196056	-3.936003	
9675	-8.671875	40.171830	-3.196056	-3.936003	
9675	-8.593750	40.171288	-3.189068	-3.956448	
9676	-8.281250	40.168594	-3.161801	-4.037468	
9676	-8.203125	40.167799	-3.155156	-4.057524	
9677	-8.203125	40.167799	-3.155156	-4.057524	
9677	-8.125000	40.166961	-3.148581	-4.077497	
9678	-8.437500	40.170042	-3.175297	-3.997114	
9678	-8.359375	40.169342	-3.168515	-4.017331	
9679	-8.359375	40.169342	-3.168515	-4.017331	
9679	-8.281250	40.168594	-3.161801	-4.037468	
9680	-7.968750	40.165159	-3.135639	-4.117186	
9680	-7.890625	40.164198	-3.129273	-4.136899	
9681	-7.890625	40.164198	-3.129273	-4.136899	
9681	-7.812500	40.163201	-3.122976	-4.156523	
9682	-8.125000	40.166961	-3.148581	-4.077497	
9682	-8.046875	40.166080	-3.142075	-4.097385	
9683	-8.046875	40.166080	-3.142075	-4.097385	
9683	-7.968750	40.165159	-3.135639	-4.117186	
9684	-7.656250	40.161101	-3.110594	-4.195497	
9684	-7.578125	40.160001	-3.104508	-4.214844	
9685	-7.578125	40.160001	-3.104508	-4.214844	
9685	-7.500000	40.158868	-3.098493	-4.234098	
9686	-7.812500	40.163201	-3.122976	-4.156523	
9686	-7.734375	40.162168	-3.116750	-4.176056	
9687	-7.734375	40.162168	-3.116750	-4.176056	
9687	-7.656250	40.161101	-3.110594	-4.195497	
9688	-7.265625	40.155289	-3.080865	-4.291282	
9688	-7.187500	40.154038	-3.075128	-4.310149	
9689	-7.327042	40.156250	-3.085423	-4.276384	
9689	-7.265625	40.155289	-3.080865	-4.291282	
9690	-7.343750	40.156511	-3.086671	-4.272318	
9690	-7.327042	40.156250	-3.085423	-4.276384	
9691	-7.500000	40.158868	-3.098493	-4.234098	
9691	-7.421875	40.157705	-3.092547	-4.253256	
9692	-7.421875	40.157705	-3.092547	-4.253256	
9692	-7.343750	40.156511	-3.086671	-4.272318	
9693	-7.109375	40.152758	-3.069461	-4.328918	
9693	-7.031250	40.151450	-3.063863	-4.347588	
9694	-7.187500	40.154038	-3.075128	-4.310149	
9694	-7.109375	40.152758	-3.069461	-4.328918	
9695	-6.953125	40.150115	-3.058333	-4.366159	
9695	-6.875000	40.148751	-3.052873	-4.384631	
9696	-7.031250	40.151450	-3.063863	-4.347588	
9696	-6.953125	40.150115	-3.058333	-4.366159	
9697	-6.796875	40.147359	-3.047480	-4.403003	
9697	-6.718750	40.145938	-3.042155	-4.421276	
9698	-6.875000	40.148751	-3.052873	-4.384631	
9698	-6.796875	40.147359	-3.047480	-4.403003	
9699	-6.640625	40.144489	-3.036898	-4.439449	
9699	-6.562500	40.143010	-3.031708	-4.457523	
9700	-6.718750	40.145938	-3.042155	-4.421276	
9700	-6.640625	40.144489	-3.036898	-4.439449	
9701	-6.484375	40.141501	-3.026584	-4.475497	
9701	-6.406250	40.139961	-3.021526	-4.493373	
9702	-6.562500	40.143010	-3.031708	-4.457523	
9702	-6.484375	40.141501	-3.026584	-4.475497	
9703	-6.328125	40.138389	-3.016534	-4.511151	
9703	-6.250000	40.136784	-3.011606	-4.528831	
9704	-6.406250	40.139961	-3.021526	-4.493373	
9704	-6.328125	40.138389	-3.016534	-4.511151	
9705	-6.171875	40.135144	-3.006743	-4.546414	
9705	-6.093750	40.133469	-3.001944	-4.563901	
9706	-6.250000	40.136784	-3.011606	-4.528831	
9706	-6.171875	40.135144	-3.006743	-4.546414	
9707	-6.015625	40.131756	-2.997209	-4.581292	
9707	-5.937500	40.130004	-2.992536	-4.598589	
9708	-6.093750	40.133469	-3.001944	-4.563901	
9708	-6.015625	40.131756	-2.997209	-4.581292	
9709	-5.859375	40.128211	-2.987925	-4.615792	
9709	-5.781250	40.126375	-2.983375	-4.632903	
9710	-5.937500	40.130004	-2.992536	-4.598589	
9710	-5.859375	40.128211	-2.987925	-4.615792	
9711	-5.703125	40.124495	-2.978886	-4.649923	
9711	-5.625000	40.122568	-2.974457	-4.666853	
9712	-5.781250	40.126375	-2.983375	-4.632903	
9712	-5.703125	40.124495	-2.978886	-4.649923	
9713	-5.546875	40.120592	-2.970088	-4.683694	
9713	-5.468750	40.118565	-2.965777	-4.700447	
9714	-5.625000	40.122568	-2.974457	-4.666853	
9714	-5.546875	40.120592	-2.970088	-4.683694	
9715	-5.390625	40.116484	-2.961524	-4.717115	
9715	-5.312500	40.114347	-2.957329	-4.733699	
9716	-5.468750	40.118565	-2.965777	-4.700447	
9716	-5.390625	40.116484	-2.961524	-4.717115	
9717	-5.234375	40.112151	-2.953190	-4.750200	
9717	-5.156250	40.109893	-2.949107	-4.766619	
9718	-5.312500	40.114347	-2.957329	-4.733699	
9718	-5.234375	40.112151	-2.953190	-4.750200	
9719	-5.078125	40.107572	-2.945080	-4.782960	
9719	-5.000000	40.105184	-2.941107	-4.799222	
9720	-5.156250	40.109893	-2.949107	-4.766619	
9720	-5.078125	40.107572	-2.945080	-4.782960	
9721	-4.921875	40.102726	-2.937188	-4.815408	
9721	-4.843750	40.100196	-2.933322	-4.831520	
9722	-5.000000	40.105184	-2.941107	-4.799222	
9722	-4.921875	40.102726	-2.937188	-4.815408	
9723	-4.765625	40.097591	-2.929508	-4.847559	
9723	-4.687500	40.094908	-2.925746	-4.863527	
9724	-4.843750	40.100196	-2.933322	-4.831520	
9724	-4.765625	40.097591	-2.929508	-4.847559	
9725	-4.609375	40.092144	-2.922036	-4.879426	
9725	-4.531250	40.089295	-2.918376	-4.895258	
9726	-4.687500	40.094908	-2.925746	-4.863527	
9726	-4.609375	40.092144	-2.922036	-4.879426	
9727	-4.453125	40.086360	-2.914765	-4.911024	
9727	-4.375000	40.083335	-2.911204	-4.926727	
9728	-4.531250	40.089295	-2.918376	-4.895258	
9728	-4.453125	40.086360	-2.914765	-4.911024	
9729	-4.245996	40.078125	-2.905429	-4.952528	
9729	-4.218750	40.077008	-2.904229	-4.957944	
9730	-4.296875	40.080217	-2.907692	-4.942367	
9730	-4.245996	40.078125	-2.905429	-4.952528	
9731	-4.375000	40.083335	-2.911204	-4.926727	
9731	-4.296875	40.080217	-2.907692	-4.942367	
9732	-4.218750	40.077008	-2.904229	-4.957944	
9732	-4.140625	40.073708	-2.900814	-4.973456	
9733	-4.140625	40.073708	-2.900814	-4.973456	
9733	-4.062500	40.070309	-2.897447	-4.988910	
9734	-4.062500	40.070309	-2.897447	-4.988910	
9734	-3.984375	40.066806	-2.894126	-5.004308	
9735	-3.984375	40.066806	-2.894126	-5.004308	
9735	-3.906250	40.063199	-2.890851	-5.019650	
9736	-3.906250	40.063199	-2.890851	-5.019650	
9736	-3.828125	40.059483	-2.887623	-5.034939	
9737	-3.828125	40.059483	-2.887623	-5.034939	
9737	-3.750000	40.055657	-2.884439	-5.050176	
9738	-3.750000	40.055657	-2.884439	-5.050176	
9738	-3.671875	40.051718	-2.881300	-5.065362	
9739	-3.671875	40.051718	-2.881300	-5.065362	
9739	-3.593750	40.047664	-2.878206	-5.080498	
9740	-3.593750	40.047664	-2.878206	-5.080498	
9740	-3.515625	40.043493	-2.875156	-5.095585	
9741	-3.515625	40.043493	-2.875156	-5.095585	
9741	-3.437500	40.039201	-2.872149	-5.110625	
9742	-3.437500	40.039201	-2.872149	-5.110625	
9742	-3.359375	40.034789	-2.869186	-5.125618	
9743	-3.359375	40.034789	-2.869186	-5.125618	
9743	-3.281250	40.030252	-2.866266	-5.140565	
9744	-3.281250	40.030252	-2.866266	-5.140565	
9744	-3.203125	40.025591	-2.863390	-5.155467	
9745	-3.203125	40.025591	-2.863390	-5.155467	
9745	-3.125000	40.020802	-2.860556	-5.170325	
9746	-3.125000	40.020802	-2.860556	-5.170325	
9746	-3.046875	40.015885	-2.857764	-5.185138	
9747	-3.046875	40.015885	-2.857764	-5.185138	
9747	-2.968750	40.010838	-2.855015	-5.199908	
9748	-2.968750	40.010838	-2.855015	-5.199908	
9748	-2.890625	40.005661	-2.852308	-5.214633	
9749	-2.890625	40.005661	-2.852308	-5.214633	
9749	-2.812500	40.000352	-2.849644	-5.229315	
9750	-2.812500	40.000352	-2.849644	-5.229315	
9750	-2.807446	40.000000	-2.849472	-5.230266	
9751	-33.671875	71.968692	-22.792733	30.577620	
9751	-33.623940	72.031250	-22.808219	30.600313	
9752	-33.750000	71.967467	-22.806626	30.608271	
9752	-33.671875	71.968692	-22.792733	30.577620	
9753	-33.623940	72.031250	-22.808219	30.600313	
9753	-33.629622	72.109375	-22.849630	30.644446	
9754	-33.671875	72.154690	-22.887286	30.668483	
9754	-33.629622	72.109375	-22.849630	30.644446	
9755	-33.683589	72.187500	-22.891013	30.676747	
9755	-33.671875	72.154690	-22.887286	30.668483	
9756	-33.683589	72.187500	-22.891013	30.676747	
9756	-33.723762	72.265625	-22.895901	30.734930	
9757	-33.750000	72.298751	-22.907231	30.772042	
9757	-33.723762	72.265625	-22.895901	30.734930	
9758	-33.750000	71.967467	-22.806626	30.608271	
9758	-33.796553	72.031250	-22.821927	30.673151	
9759	-33.796553	72.031250	-22.821927	30.673151	
9759	-33.823789	72.109375	-22.825155	30.708750	
9760	-33.828125	72.129260	-22.831300	30.711751	
9760	-33.823789	72.109375	-22.825155	30.708750	
9761	-33.828125	72.129260	-22.831300	30.711751	
9761	-33.877740	72.187500	-22.884202	30.752772	
9762	-33.877740	72.187500	-22.884202	30.752772	
9762	-33.853612	72.265625	-22.914349	30.790171	
9763	-33.828125	72.293321	-22.920100	30.799498	
9763	-33.750000	72.298751	-22.907231	30.772042	
9764	-33.853612	72.265625	-22.914349	30.790171	
9764	-33.828125	72.293321	-22.920100	30.799498	
9765	-47.734375	40.467598	-19.603802	12.126138	
9765	-47.656250	40.454115	-19.554477	12.078145	
9766	-47.734375	40.467598	-19.603802	12.126138	
9766	-47.735816	40.468750	-19.605135	12.127488	
9767	-47.656250	40.454115	-19.554477	12.078145	
9767	-47.611613	40.468750	-19.536314	12.061466	
9768	-47.611613	40.468750	-19.536314	12.061466	
9768	-47.578125	40.484410	-19.524392	12.050907	
9769	-47.578125	40.484410	-19.524392	12.050907	
9769	-47.529019	40.546875	-19.526476	12.052498	
9770	-47.529019	40.546875	-19.526476	12.052498	
9770	-47.518855	40.625000	-19.560503	12.079030	
9771	-47.812500	40.511057	-19.662712	12.188848	
9771	-47.735816	40.468750	-19.605135	12.127488	
9772	-47.812500	40.511057	-19.662712	12.188848	
9772	-47.837672	40.546875	-19.689945	12.220543	
9773	-47.837672	40.546875	-19.689945	12.220543	
9773	-47.881214	40.625000	-19.736394	12.282122	
9774	-48.046875	40.745145	-19.848138	12.362421	
9774	-47.968750	40.718773	-19.787334	12.334313	
9775	-48.046875	40.745145	-19.848138	12.362421	
9775	-48.105357	40.781250	-19.905204	12.395146	
9776	-47.890625	40.670476	-19.752001	12.308587	
9776	-47.907968	40.703125	-19.759266	12.324243	
9777	-47.890625	40.670476	-19.752001	12.308587	
9777	-47.881214	40.625000	-19.736394	12.282122	
9778	-47.968750	40.718773	-19.787334	12.334313	
9778	-47.907968	40.703125	-19.759266	12.324243	
9779	-47.815959	40.859375	-19.841734	12.246810	
9779	-47.812500	40.856321	-19.841046	12.245225	
9780	-47.815959	40.859375	-19.841734	12.246810	
9780	-47.834160	40.937500	-19.866588	12.291354	
9781	-48.125000	40.812793	-19.933790	12.413124	
9781	-48.105357	40.781250	-19.905204	12.395146	
9782	-47.518855	40.625000	-19.560503	12.079030	
9782	-47.543450	40.703125	-19.616884	12.119947	
9783	-47.578125	40.738286	-19.658374	12.148025	
9783	-47.543450	40.703125	-19.616884	12.119947	
9784	-47.614399	40.781250	-19.703781	12.176693	
9784	-47.578125	40.738286	-19.658374	12.148025	
9785	-47.656250	40.804046	-19.743028	12.199401	
9785	-47.614399	40.781250	-19.703781	12.176693	
9786	-47.812500	40.856321	-19.841046	12.245225	
9786	-47.734375	40.834471	-19.805838	12.229973	
9787	-47.734375	40.834471	-19.805838	12.229973	
9787	-47.656250	40.804046	-19.743028	12.199401	
9788	-48.046875	41.081964	-20.030178	12.477376	
9788	-47.968750	41.075626	-19.985210	12.432726	
9789	-48.125000	41.044522	-20.056242	12.501272	
9789	-48.046875	41.081964	-20.030178	12.477376	
9790	-47.834160	40.937500	-19.866588	12.291354	
9790	-47.884886	41.015625	-19.917240	12.357469	
9791	-47.890625	41.024003	-19.923540	12.364924	
9791	-47.884886	41.015625	-19.917240	12.357469	
9792	-47.968750	41.075626	-19.985210	12.432726	
9792	-47.890625	41.024003	-19.923540	12.364924	
9793	-48.125000	40.812793	-19.933790	12.413124	
9793	-48.162821	40.859375	-19.983381	12.446513	
9794	-48.162821	40.859375	-19.983381	12.446513	
9794	-48.176348	40.937500	-20.032577	12.482536	
9795	-48.176348	40.937500	-20.032577	12.482536	
9795	-48.150651	41.015625	-20.056928	12.501874	
9796	-48.150651	41.015625	-20.056928	12.501874	
9796	-48.125000	41.044522	-20.056242	12.501272	
