#REFERENCE 3 47.2332780 26.7604950
1	-18.593750	-50.738354	0.203556	-4.301385	
1	-18.515625	-50.737924	0.033912	-4.283818	
2	-18.515625	-50.737924	0.033912	-4.283818	
2	-18.447909	-50.703125	0.012900	-4.316453	
3	-18.515625	-50.688375	0.010137	-4.327863	
3	-18.447909	-50.703125	0.012900	-4.316453	
4	-18.593750	-50.647836	0.273223	-4.469497	
4	-18.515625	-50.688375	0.010137	-4.327863	
5	-18.659237	-50.703125	0.291810	-4.412483	
5	-18.593750	-50.738354	0.203556	-4.301385	
6	-18.659237	-50.703125	0.291810	-4.412483	
6	-18.593750	-50.647836	0.273223	-4.469497	
7	-38.440730	-32.890625	-4.146037	0.679070	
7	-38.437500	-32.900527	-4.150146	0.678379	
8	-38.515625	-32.820324	-3.889786	0.543094	
8	-38.440730	-32.890625	-4.146037	0.679070	
9	-38.524501	-32.812500	-3.877457	0.513189	
9	-38.515625	-32.820324	-3.889786	0.543094	
10	-38.437500	-32.900527	-4.150146	0.678379	
10	-38.420644	-32.890625	-4.185623	0.669942	
11	-38.420644	-32.890625	-4.185623	0.669942	
11	-38.362751	-32.812500	-4.279690	0.536270	
12	-38.362751	-32.812500	-4.279690	0.536270	
12	-38.414073	-32.734375	-4.200377	0.338785	
13	-38.437500	-32.700177	-4.108314	0.288983	
13	-38.414073	-32.734375	-4.200377	0.338785	
14	-38.524501	-32.812500	-3.877457	0.513189	
14	-38.558716	-32.734375	-3.886330	0.359195	
15	-38.515625	-32.673341	-3.956471	0.289062	
15	-38.437500	-32.700177	-4.108314	0.288983	
16	-38.558716	-32.734375	-3.886330	0.359195	
16	-38.515625	-32.673341	-3.956471	0.289062	
17	-17.849316	-38.593750	2.769171	3.654358	
17	-17.812500	-38.602935	2.769379	3.662213	
18	-17.934854	-38.515625	2.765065	3.620662	
18	-17.890625	-38.525640	2.764257	3.619262	
19	-17.890625	-38.525640	2.764257	3.619262	
19	-17.849316	-38.593750	2.769171	3.654358	
20	-17.890625	-38.503256	2.760781	3.611974	
20	-17.812500	-38.508787	2.744920	3.593402	
21	-17.934854	-38.515625	2.765065	3.620662	
21	-17.890625	-38.503256	2.760781	3.611974	
22	-17.729550	-38.671875	2.737911	3.794790	
22	-17.656250	-38.733265	2.561606	3.939756	
23	-17.734375	-38.646963	2.758026	3.741554	
23	-17.729550	-38.671875	2.737911	3.794790	
24	-17.812500	-38.602935	2.769379	3.662213	
24	-17.734375	-38.646963	2.758026	3.741554	
25	-17.656250	-38.733265	2.561606	3.939756	
25	-17.578125	-38.742205	2.391797	3.943402	
26	-17.578125	-38.742205	2.391797	3.943402	
26	-17.500000	-38.746822	2.301446	3.895746	
27	-17.500000	-38.636852	2.260090	3.759239	
27	-17.529496	-38.593750	2.295955	3.661177	
28	-17.656250	-38.525233	2.591141	3.519518	
28	-17.578125	-38.565127	2.391435	3.560232	
29	-17.578125	-38.565127	2.391435	3.560232	
29	-17.529496	-38.593750	2.295955	3.661177	
30	-17.734375	-38.526381	2.706866	3.561978	
30	-17.803449	-38.515625	2.744118	3.592656	
31	-17.734375	-38.526381	2.706866	3.561978	
31	-17.656250	-38.525233	2.591141	3.519518	
32	-17.812500	-38.508787	2.744920	3.593402	
32	-17.803449	-38.515625	2.744118	3.592656	
33	-14.897858	-34.843750	3.576595	6.169029	
33	-14.843750	-34.865433	3.571118	6.175432	
34	-14.790231	-34.921875	3.561395	6.206502	
34	-14.765625	-34.925454	3.558843	6.215570	
35	-14.765625	-34.925454	3.558843	6.215570	
35	-14.687500	-34.974411	3.476179	6.341365	
36	-14.687500	-34.850614	3.496409	6.135566	
36	-14.749620	-34.843750	3.546772	6.158887	
37	-14.843750	-34.865433	3.571118	6.175432	
37	-14.790231	-34.921875	3.561395	6.206502	
38	-14.843750	-34.814138	3.570712	6.168206	
38	-14.765625	-34.820944	3.548600	6.159160	
39	-14.765625	-34.820944	3.548600	6.159160	
39	-14.749620	-34.843750	3.546772	6.158887	
40	-14.897858	-34.843750	3.576595	6.169029	
40	-14.843750	-34.814138	3.570712	6.168206	
41	-10.078125	-31.279006	3.253799	9.049973	
41	-10.000000	-31.306411	3.209128	9.024050	
42	-10.131178	-31.250000	3.289954	9.069579	
42	-10.078125	-31.279006	3.253799	9.049973	
43	-11.015625	-30.950505	4.271034	8.576005	
43	-10.937500	-30.993641	4.257324	8.599170	
44	-11.041351	-30.937500	4.275180	8.569891	
44	-11.015625	-30.950505	4.271034	8.576005	
45	-10.655172	-31.093750	4.198399	8.727930	
45	-10.625000	-31.098776	4.189776	8.746695	
46	-10.781250	-31.053894	4.229550	8.657034	
46	-10.703125	-31.077170	4.212743	8.695520	
47	-10.703125	-31.077170	4.212743	8.695520	
47	-10.655172	-31.093750	4.198399	8.727930	
48	-10.902636	-31.015625	4.250195	8.612858	
48	-10.859375	-31.029025	4.243410	8.626731	
49	-10.859375	-31.029025	4.243410	8.626731	
49	-10.781250	-31.053894	4.229550	8.657034	
50	-10.937500	-30.993641	4.257324	8.599170	
50	-10.902636	-31.015625	4.250195	8.612858	
51	-10.703125	-30.725153	4.187461	8.507861	
51	-10.770018	-30.703125	4.212689	8.519709	
52	-10.703125	-30.725153	4.187461	8.507861	
52	-10.625000	-30.756883	4.152645	8.490121	
53	-10.781250	-30.697527	4.216192	8.521245	
53	-10.770018	-30.703125	4.212689	8.519709	
54	-10.859375	-30.676984	4.241103	8.531186	
54	-10.781250	-30.697527	4.216192	8.521245	
55	-10.937500	-30.665853	4.262976	8.537984	
55	-10.859375	-30.676984	4.241103	8.531186	
56	-11.120200	-30.859375	4.291917	8.549839	
56	-11.093750	-30.882148	4.286844	8.555069	
57	-11.120200	-30.859375	4.291917	8.549839	
57	-11.150604	-30.781250	4.301990	8.541997	
58	-11.093750	-30.882148	4.286844	8.555069	
58	-11.041351	-30.937500	4.275180	8.569891	
59	-11.015625	-30.667362	4.281926	8.541697	
59	-10.937500	-30.665853	4.262976	8.537984	
60	-11.093750	-30.689908	4.297384	8.542264	
60	-11.015625	-30.667362	4.281926	8.541697	
61	-11.150604	-30.781250	4.301990	8.541997	
61	-11.116870	-30.703125	4.300999	8.541823	
62	-11.116870	-30.703125	4.300999	8.541823	
62	-11.093750	-30.689908	4.297384	8.542264	
63	-10.546875	-31.117811	4.153342	8.817556	
63	-10.468750	-31.141368	4.073617	8.931430	
64	-10.625000	-31.098776	4.189776	8.746695	
64	-10.546875	-31.117811	4.153342	8.817556	
65	-10.349728	-31.171875	3.765229	9.128938	
65	-10.312500	-31.195195	3.630611	9.149803	
66	-10.390625	-31.165547	3.896633	9.075376	
66	-10.349728	-31.171875	3.765229	9.128938	
67	-10.468750	-31.141368	4.073617	8.931430	
67	-10.390625	-31.165547	3.896633	9.075376	
68	-10.312500	-31.195195	3.630611	9.149803	
68	-10.234375	-31.225102	3.434053	9.127022	
69	-10.234375	-31.225102	3.434053	9.127022	
69	-10.156250	-31.245166	3.317036	9.083094	
70	-10.156250	-31.245166	3.317036	9.083094	
70	-10.131178	-31.250000	3.289954	9.069579	
71	-10.078125	-30.961307	3.211534	8.708651	
71	-10.000000	-30.976849	3.176625	8.774039	
72	-10.156250	-30.943715	3.281885	8.606614	
72	-10.078125	-30.961307	3.211534	8.708651	
73	-10.156250	-30.943715	3.281885	8.606614	
73	-10.170315	-30.937500	3.305849	8.579061	
74	-10.312500	-30.878016	3.723186	8.376522	
74	-10.234375	-30.912297	3.461463	8.455038	
75	-10.234375	-30.912297	3.461463	8.455038	
75	-10.170315	-30.937500	3.305849	8.579061	
76	-10.546875	-30.793383	4.108125	8.466904	
76	-10.468750	-30.825716	4.039893	8.434235	
77	-10.546875	-30.793383	4.108125	8.466904	
77	-10.586389	-30.781250	4.134920	8.480866	
78	-10.390625	-30.863746	3.928252	8.394874	
78	-10.421682	-30.859375	3.987659	8.413309	
79	-10.390625	-30.863746	3.928252	8.394874	
79	-10.312500	-30.878016	3.723186	8.376522	
80	-10.468750	-30.825716	4.039893	8.434235	
80	-10.421682	-30.859375	3.987659	8.413309	
81	-10.625000	-30.756883	4.152645	8.490121	
81	-10.586389	-30.781250	4.134920	8.480866	
82	-17.265625	-30.959016	4.779689	7.116055	
82	-17.187500	-31.013864	4.589703	7.280456	
83	-17.318904	-30.937500	4.803215	7.046153	
83	-17.265625	-30.959016	4.779689	7.116055	
84	-16.953125	-31.126252	4.327180	7.241623	
84	-16.875000	-31.157048	4.308351	7.232605	
85	-16.995247	-31.093750	4.338171	7.247146	
85	-16.953125	-31.126252	4.327180	7.241623	
86	-17.031250	-31.085058	4.357099	7.256846	
86	-16.995247	-31.093750	4.338171	7.247146	
87	-16.953125	-30.964895	4.300171	7.165172	
87	-16.875000	-31.001288	4.297475	7.191297	
88	-16.953125	-30.964895	4.300171	7.165172	
88	-16.967639	-30.937500	4.303082	7.137553	
89	-17.139610	-31.015625	4.468676	7.291548	
89	-17.109375	-31.057652	4.427550	7.282678	
90	-17.109375	-31.057652	4.427550	7.282678	
90	-17.031250	-31.085058	4.357099	7.256846	
91	-17.187500	-31.013864	4.589703	7.280456	
91	-17.139610	-31.015625	4.468676	7.291548	
92	-17.109375	-30.867184	4.411697	6.923027	
92	-17.128975	-30.859375	4.465832	6.884683	
93	-17.109375	-30.867184	4.411697	6.923027	
93	-17.031250	-30.915563	4.311424	7.092015	
94	-17.187500	-30.800486	4.634558	6.851257	
94	-17.128975	-30.859375	4.465832	6.884683	
95	-17.031250	-30.915563	4.311424	7.092015	
95	-16.967639	-30.937500	4.303082	7.137553	
96	-17.434909	-30.859375	4.814336	6.956149	
96	-17.421875	-30.862717	4.814235	6.958501	
97	-17.421875	-30.862717	4.814235	6.958501	
97	-17.343750	-30.896357	4.812022	6.988387	
98	-17.500000	-30.800968	4.815648	6.930317	
98	-17.434909	-30.859375	4.814336	6.956149	
99	-17.343750	-30.896357	4.812022	6.988387	
99	-17.318904	-30.937500	4.803215	7.046153	
100	-17.265625	-30.783298	4.737236	6.874952	
100	-17.187500	-30.800486	4.634558	6.851257	
101	-17.265625	-30.783298	4.737236	6.874952	
101	-17.279940	-30.781250	4.749105	6.880292	
102	-17.343750	-30.736745	4.775363	6.893148	
102	-17.279940	-30.781250	4.749105	6.880292	
103	-17.343750	-30.736745	4.775363	6.893148	
103	-17.418690	-30.703125	4.796616	6.903835	
104	-17.421875	-30.699719	4.797040	6.904032	
104	-17.418690	-30.703125	4.796616	6.903835	
105	-17.500000	-30.672520	4.810744	6.909761	
105	-17.421875	-30.699719	4.797040	6.904032	
106	-9.531250	-31.342909	3.071519	8.959933	
106	-9.500910	-31.328125	3.066569	8.959838	
107	-9.500910	-31.328125	3.066569	8.959838	
107	-9.460527	-31.250000	3.063297	8.960023	
108	-9.687500	-31.370526	3.104485	8.968354	
108	-9.609375	-31.365026	3.086658	8.962571	
109	-9.609375	-31.365026	3.086658	8.962571	
109	-9.531250	-31.342909	3.071519	8.959933	
110	-9.843750	-31.351814	3.148328	8.989048	
110	-9.765625	-31.365125	3.124886	8.977139	
111	-9.765625	-31.365125	3.124886	8.977139	
111	-9.687500	-31.370526	3.104485	8.968354	
112	-9.927865	-31.328125	3.177530	9.005461	
112	-9.921875	-31.331183	3.175572	9.004328	
113	-9.921875	-31.331183	3.175572	9.004328	
113	-9.843750	-31.351814	3.148328	8.989048	
114	-10.000000	-31.306411	3.209128	9.024050	
114	-9.927865	-31.328125	3.177530	9.005461	
115	-9.765625	-31.028678	3.123231	8.882829	
115	-9.798077	-31.015625	3.130160	8.869556	
116	-9.765625	-31.028678	3.123231	8.882829	
116	-9.687500	-31.057145	3.108861	8.908130	
117	-9.843750	-31.006915	3.138321	8.853264	
117	-9.798077	-31.015625	3.130160	8.869556	
118	-9.921875	-30.991495	3.154820	8.819073	
118	-9.843750	-31.006915	3.138321	8.853264	
119	-10.000000	-30.976849	3.176625	8.774039	
119	-9.921875	-30.991495	3.154820	8.819073	
120	-9.531250	-31.145010	3.079942	8.947111	
120	-9.594720	-31.093750	3.093132	8.931513	
121	-9.460527	-31.250000	3.063297	8.960023	
121	-9.493776	-31.171875	3.073065	8.953513	
122	-9.531250	-31.145010	3.079942	8.947111	
122	-9.493776	-31.171875	3.073065	8.953513	
123	-9.687500	-31.057145	3.108861	8.908130	
123	-9.609375	-31.088268	3.095481	8.928333	
124	-9.609375	-31.088268	3.095481	8.928333	
124	-9.594720	-31.093750	3.093132	8.931513	
125	-6.938276	-25.937500	3.876776	11.435572	
125	-6.875000	-25.962773	3.849983	11.453173	
126	-6.938276	-25.937500	3.876776	11.435572	
126	-6.875000	-25.897127	3.853046	11.435485	
127	-6.718750	-25.980711	3.664936	11.497297	
127	-6.682277	-25.937500	3.657115	11.487408	
128	-6.796875	-25.990192	3.763970	11.515966	
128	-6.718750	-25.980711	3.664936	11.497297	
129	-6.875000	-25.962773	3.849983	11.453173	
129	-6.796875	-25.990192	3.763970	11.515966	
130	-6.875000	-25.897127	3.853046	11.435485	
130	-6.796875	-25.879498	3.782170	11.429930	
131	-6.796875	-25.879498	3.782170	11.429930	
131	-6.718750	-25.929850	3.674335	11.471243	
132	-6.718750	-25.929850	3.674335	11.471243	
132	-6.682277	-25.937500	3.657115	11.487408	
133	-11.475606	-18.906250	7.573067	12.243330	
133	-11.406250	-18.947035	7.537402	12.278584	
134	-11.328125	-18.971082	7.501200	12.323204	
134	-11.250000	-18.965912	7.465500	12.367823	
135	-11.406250	-18.947035	7.537402	12.278584	
135	-11.328125	-18.971082	7.501200	12.323204	
136	-11.250000	-18.841623	7.448426	12.253897	
136	-11.294390	-18.828125	7.492925	12.249451	
137	-11.328125	-18.780598	7.523810	12.244241	
137	-11.294390	-18.828125	7.492925	12.249451	
138	-11.406250	-18.760402	7.573898	12.231200	
138	-11.328125	-18.780598	7.523810	12.244241	
139	-11.504879	-18.828125	7.603985	12.219498	
139	-11.484375	-18.869715	7.586158	12.232281	
140	-11.484375	-18.869715	7.586158	12.232281	
140	-11.475606	-18.906250	7.573067	12.243330	
141	-11.484375	-18.795457	7.603479	12.219603	
141	-11.406250	-18.760402	7.573898	12.231200	
142	-11.504879	-18.828125	7.603985	12.219498	
142	-11.484375	-18.795457	7.603479	12.219603	
143	-11.016068	-19.140625	7.169347	12.459909	
143	-11.015625	-19.140817	7.169085	12.459993	
144	-11.015625	-19.140817	7.169085	12.459993	
144	-11.014836	-19.140625	7.168708	12.460114	
145	-11.014836	-19.140625	7.168708	12.460114	
145	-10.937500	-19.078074	7.145606	12.468325	
146	-11.093750	-19.126949	7.216582	12.448119	
146	-11.016068	-19.140625	7.169347	12.459909	
147	-11.171849	-19.062500	7.286158	12.439885	
147	-11.093750	-19.126949	7.216582	12.448119	
148	-10.937500	-19.078074	7.145606	12.468325	
148	-10.930135	-19.062500	7.146406	12.467783	
149	-10.937500	-19.052669	7.151673	12.464377	
149	-10.930135	-19.062500	7.146406	12.467783	
150	-11.238420	-18.984375	7.422923	12.413016	
150	-11.171875	-19.062496	7.286186	12.439884	
151	-11.171875	-19.062496	7.286186	12.439884	
151	-11.171849	-19.062500	7.286158	12.439885	
152	-11.171875	-18.928401	7.288200	12.315077	
152	-11.093750	-18.937503	7.243017	12.375533	
153	-11.250000	-18.965912	7.465500	12.367823	
153	-11.238420	-18.984375	7.422923	12.413016	
154	-11.171875	-18.928401	7.288200	12.315077	
154	-11.204146	-18.906250	7.358943	12.265888	
155	-10.937500	-19.052669	7.151673	12.464377	
155	-10.968416	-18.984375	7.181863	12.440882	
156	-11.015625	-18.962286	7.205587	12.418457	
156	-10.968416	-18.984375	7.181863	12.440882	
157	-11.093750	-18.937503	7.243017	12.375533	
157	-11.015625	-18.962286	7.205587	12.418457	
158	-11.250000	-18.841623	7.448426	12.253897	
158	-11.204146	-18.906250	7.358943	12.265888	
159	-10.012463	-11.015625	10.211600	11.883460	
159	-10.000000	-11.025162	10.200967	11.893598	
160	-10.078125	-10.965002	10.267531	11.829700	
160	-10.012463	-11.015625	10.211600	11.883460	
161	-10.113420	-10.937500	10.297548	11.800545	
161	-10.078125	-10.965002	10.267531	11.829700	
162	-10.212329	-10.859375	10.381463	11.717893	
162	-10.156250	-10.903866	10.333921	11.764929	
163	-10.234375	-10.841744	10.400128	11.699275	
163	-10.212329	-10.859375	10.381463	11.717893	
164	-10.309282	-10.781250	10.463428	11.635484	
164	-10.234375	-10.841744	10.400128	11.699275	
165	-10.156250	-10.903866	10.333921	11.764929	
165	-10.113420	-10.937500	10.297548	11.800545	
166	-10.312500	-10.778630	10.466144	11.632725	
166	-10.309282	-10.781250	10.463428	11.635484	
167	-10.404496	-10.703125	10.543578	11.553240	
167	-10.390625	-10.714594	10.531923	11.565304	
168	-10.390625	-10.714594	10.531923	11.565304	
168	-10.312500	-10.778630	10.466144	11.632725	
169	-10.468750	-10.649555	10.597492	11.496967	
169	-10.404496	-10.703125	10.543578	11.553240	
170	-10.497938	-10.625000	10.621931	11.471200	
170	-10.468750	-10.649555	10.597492	11.496967	
171	-10.589657	-10.546875	10.698540	11.389359	
171	-10.546875	-10.583483	10.662849	11.427691	
172	-10.546875	-10.583483	10.662849	11.427691	
172	-10.497938	-10.625000	10.621931	11.471200	
173	-10.625000	-10.516372	10.727985	11.357463	
173	-10.589657	-10.546875	10.698540	11.389359	
174	-10.679727	-10.468750	10.773469	11.307702	
174	-10.625000	-10.516372	10.727985	11.357463	
175	-10.768221	-10.390625	10.846779	11.226214	
175	-10.703125	-10.448212	10.792889	11.286272	
176	-10.703125	-10.448212	10.792889	11.286272	
176	-10.679727	-10.468750	10.773469	11.307702	
177	-10.781250	-10.378997	10.857551	11.214104	
177	-10.768221	-10.390625	10.846779	11.226214	
178	-10.855206	-10.312500	10.918526	11.144881	
178	-10.781250	-10.378997	10.857551	11.214104	
179	-10.937500	-10.237386	10.986092	11.066804	
179	-10.859375	-10.308718	10.921959	11.140949	
180	-10.859375	-10.308718	10.921959	11.140949	
180	-10.855206	-10.312500	10.918526	11.144881	
181	-10.940777	-10.234375	10.988774	11.063674	
181	-10.937500	-10.237386	10.986092	11.066804	
182	-11.015625	-10.164992	11.049939	10.991656	
182	-10.940777	-10.234375	10.988774	11.063674	
183	-11.024992	-10.156250	11.057570	10.982584	
183	-11.015625	-10.164992	11.049939	10.991656	
184	-11.093750	-10.091506	11.113497	10.915484	
184	-11.024992	-10.156250	11.057570	10.982584	
185	-11.107871	-10.078125	11.124945	10.901615	
185	-11.093750	-10.091506	11.113497	10.915484	
186	-11.171875	-10.016926	11.176752	10.838277	
186	-11.107871	-10.078125	11.124945	10.901615	
187	-11.189470	-10.000000	11.190944	10.820757	
187	-11.171875	-10.016926	11.176752	10.838277	
188	-2.656250	-13.888693	3.340855	15.209926	
188	-2.578125	-13.895120	3.263416	15.221579	
189	-2.578125	-13.895120	3.263416	15.221579	
189	-2.500000	-13.901083	3.185891	15.232774	
190	-2.812500	-13.874435	3.495478	15.185248	
190	-2.734375	-13.881800	3.418208	15.197816	
191	-2.734375	-13.881800	3.418208	15.197816	
191	-2.656250	-13.888693	3.340855	15.209926	
192	-2.968750	-13.858275	3.649770	15.158738	
192	-2.890625	-13.866595	3.572664	15.172222	
193	-2.890625	-13.866595	3.572664	15.172222	
193	-2.812500	-13.874435	3.495478	15.185248	
194	-3.125000	-13.840177	3.803743	15.130392	
194	-3.046875	-13.849471	3.726796	15.144795	
195	-3.046875	-13.849471	3.726796	15.144795	
195	-2.968750	-13.858275	3.649770	15.158738	
196	-3.220380	-13.828125	3.897589	15.112184	
196	-3.203125	-13.830389	3.880614	15.115530	
197	-3.203125	-13.830389	3.880614	15.115530	
197	-3.125000	-13.840177	3.803743	15.130392	
198	-3.281250	-13.820250	3.957381	15.100212	
198	-3.220380	-13.828125	3.897589	15.112184	
199	-3.359375	-13.809659	4.034064	15.084436	
199	-3.281250	-13.820250	3.957381	15.100212	
200	-3.437500	-13.798566	4.110671	15.068199	
200	-3.359375	-13.809659	4.034064	15.084436	
201	-3.515625	-13.786969	4.187205	15.051500	
201	-3.437500	-13.798566	4.110671	15.068199	
202	-3.593750	-13.774861	4.263667	15.034337	
202	-3.515625	-13.786969	4.187205	15.051500	
203	-3.671875	-13.762237	4.340060	15.016710	
203	-3.593750	-13.774861	4.263667	15.034337	
204	-3.744623	-13.750000	4.411138	14.999876	
204	-3.671875	-13.762237	4.340060	15.016710	
205	-3.750000	-13.749108	4.416382	14.998618	
205	-3.744623	-13.750000	4.411138	14.999876	
206	-4.843224	-13.515625	5.476175	14.696380	
206	-4.765625	-13.535496	5.401395	14.720904	
207	-4.765625	-13.535496	5.401395	14.720904	
207	-4.687500	-13.554918	5.326060	14.745108	
208	-4.843750	-13.515492	5.476681	14.696212	
208	-4.843224	-13.515625	5.476175	14.696380	
209	-4.921875	-13.495257	5.551813	14.671065	
209	-4.843750	-13.515492	5.476681	14.696212	
210	-5.000000	-13.474434	5.626897	14.645428	
210	-4.921875	-13.495257	5.551813	14.671065	
211	-4.453125	-13.610045	5.099659	14.814845	
211	-4.375000	-13.627515	5.024022	14.837148	
212	-4.523752	-13.593750	5.167996	14.794268	
212	-4.453125	-13.610045	5.099659	14.814845	
213	-4.531250	-13.592040	5.175235	14.792064	
213	-4.523752	-13.593750	5.167996	14.794268	
214	-4.687500	-13.554918	5.326060	14.745108	
214	-4.609375	-13.573764	5.250674	14.768827	
215	-4.609375	-13.573764	5.250674	14.768827	
215	-4.531250	-13.592040	5.175235	14.792064	
216	-4.296875	-13.644427	4.948329	14.858973	
216	-4.218750	-13.660786	4.872577	14.880322	
217	-4.375000	-13.627515	5.024022	14.837148	
217	-4.296875	-13.644427	4.948329	14.858973	
218	-4.164066	-13.671875	4.819527	14.894982	
218	-4.140625	-13.676687	4.796742	14.901205	
219	-4.140625	-13.676687	4.796742	14.901205	
219	-4.062500	-13.692244	4.720796	14.921627	
220	-4.218750	-13.660786	4.872577	14.880322	
220	-4.164066	-13.671875	4.819527	14.894982	
221	-4.062500	-13.692244	4.720796	14.921627	
221	-3.984375	-13.707258	4.644790	14.941578	
222	-3.984375	-13.707258	4.644790	14.941578	
222	-3.906250	-13.721736	4.568720	14.961059	
223	-3.906250	-13.721736	4.568720	14.961059	
223	-3.828125	-13.735684	4.492585	14.980072	
224	-3.828125	-13.735684	4.492585	14.980072	
224	-3.750000	-13.749108	4.416382	14.998618	
225	-1.484375	-13.938835	2.169795	15.336604	
225	-1.406250	-13.938705	2.090989	15.341365	
226	-1.562500	-13.938543	2.248507	15.331379	
226	-1.484375	-13.938835	2.169795	15.336604	
227	-1.328125	-13.938157	2.012089	15.345663	
227	-1.250000	-13.937194	1.933095	15.349495	
228	-1.406250	-13.938705	2.090989	15.341365	
228	-1.328125	-13.938157	2.012089	15.345663	
229	-1.796875	-13.935110	2.484085	15.312932	
229	-1.718750	-13.936685	2.405652	15.319542	
230	-1.875000	-13.933102	2.562426	15.305861	
230	-1.796875	-13.935110	2.484085	15.312932	
231	-1.640625	-13.937828	2.327126	15.325691	
231	-1.562500	-13.938543	2.248507	15.331379	
232	-1.718750	-13.936685	2.405652	15.319542	
232	-1.640625	-13.937828	2.327126	15.325691	
233	-2.109375	-13.924438	2.796900	15.281892	
233	-2.031250	-13.927770	2.718833	15.290341	
234	-2.187500	-13.920659	2.874877	15.272984	
234	-2.109375	-13.924438	2.796900	15.281892	
235	-1.953125	-13.930656	2.640675	15.298331	
235	-1.875000	-13.933102	2.562426	15.305861	
236	-2.031250	-13.927770	2.718833	15.290341	
236	-1.953125	-13.930656	2.640675	15.298331	
237	-2.421875	-13.906595	3.108278	15.243512	
237	-2.343750	-13.911741	3.030565	15.253794	
238	-2.426693	-13.906250	3.113070	15.242863	
238	-2.421875	-13.906595	3.108278	15.243512	
239	-2.265625	-13.916428	2.952765	15.263618	
239	-2.187500	-13.920659	2.874877	15.272984	
240	-2.343750	-13.911741	3.030565	15.253794	
240	-2.265625	-13.916428	2.952765	15.263618	
241	-2.500000	-13.901083	3.185891	15.232774	
241	-2.426693	-13.906250	3.113070	15.242863	
242	-0.156250	-13.882206	0.817519	15.353695	
242	-0.078125	-13.875484	0.737176	15.350410	
243	-0.078125	-13.875484	0.737176	15.350410	
243	0.000000	-13.868398	0.656752	15.346641	
244	-0.312500	-13.894548	0.977955	15.358812	
244	-0.234375	-13.888562	0.897779	15.356495	
245	-0.234375	-13.888562	0.897779	15.356495	
245	-0.156250	-13.882206	0.817519	15.353695	
246	-0.546875	-13.910339	1.217964	15.362885	
246	-0.482364	-13.906250	1.151980	15.362193	
247	-0.625000	-13.914905	1.297790	15.363287	
247	-0.546875	-13.910339	1.217964	15.362885	
248	-0.468750	-13.905402	1.138048	15.362006	
248	-0.390625	-13.900162	1.058044	15.360649	
249	-0.390625	-13.900162	1.058044	15.360649	
249	-0.312500	-13.894548	0.977955	15.358812	
250	-0.482364	-13.906250	1.151980	15.362193	
250	-0.468750	-13.905402	1.138048	15.362006	
251	-0.859375	-13.926258	1.536724	15.361646	
251	-0.781250	-13.922867	1.457171	15.362666	
252	-0.937500	-13.929252	1.616184	15.360154	
252	-0.859375	-13.926258	1.536724	15.361646	
253	-0.703125	-13.919082	1.377526	15.363213	
253	-0.625000	-13.914905	1.297790	15.363287	
254	-0.781250	-13.922867	1.457171	15.362666	
254	-0.703125	-13.919082	1.377526	15.363213	
255	-1.171875	-13.935819	1.854008	15.352862	
255	-1.093750	-13.934035	1.774827	15.355761	
256	-1.250000	-13.937194	1.933095	15.349495	
256	-1.171875	-13.935819	1.854008	15.352862	
257	-1.015625	-13.931845	1.695552	15.358192	
257	-0.937500	-13.929252	1.616184	15.360154	
258	-1.093750	-13.934035	1.774827	15.355761	
258	-1.015625	-13.931845	1.695552	15.358192	
259	-7.578125	-12.505329	8.053824	13.518063	
259	-7.500000	-12.542982	7.982051	13.560620	
260	-7.589062	-12.500000	8.063866	13.512058	
260	-7.578125	-12.505329	8.053824	13.518063	
261	-5.650579	-13.281250	6.249258	14.412966	
261	-5.625000	-13.289577	6.224868	14.422761	
262	-5.781250	-13.238518	6.373495	14.362186	
262	-5.703125	-13.264296	6.299225	14.392722	
263	-5.703125	-13.264296	6.299225	14.392722	
263	-5.650579	-13.281250	6.249258	14.412966	
264	-5.885403	-13.203125	6.472461	14.320663	
264	-5.859375	-13.212095	6.447729	14.331129	
265	-5.859375	-13.212095	6.447729	14.331129	
265	-5.781250	-13.238518	6.373495	14.362186	
266	-5.937500	-13.185318	6.521823	14.299593	
266	-5.885403	-13.203125	6.472461	14.320663	
267	-6.015625	-13.158038	6.595828	14.267554	
267	-5.937500	-13.185318	6.521823	14.299593	
268	-6.093750	-13.130096	6.669798	14.234985	
268	-6.015625	-13.158038	6.595828	14.267554	
269	-6.107768	-13.125000	6.683071	14.229083	
269	-6.093750	-13.130096	6.669798	14.234985	
270	-5.078125	-13.453014	5.701935	14.619297	
270	-5.000000	-13.474434	5.626897	14.645428	
271	-5.133279	-13.437500	5.754893	14.600547	
271	-5.078125	-13.453014	5.701935	14.619297	
272	-5.312500	-13.386013	5.926510	14.538014	
272	-5.234375	-13.408863	5.851724	14.565598	
273	-5.234375	-13.408863	5.851724	14.565598	
273	-5.156250	-13.431104	5.776894	14.592681	
274	-5.156250	-13.431104	5.776894	14.592681	
274	-5.133279	-13.437500	5.754893	14.600547	
275	-5.546875	-13.314510	6.150376	14.452324	
275	-5.468750	-13.338812	6.075845	14.481376	
276	-5.625000	-13.289577	6.224868	14.422761	
276	-5.546875	-13.314510	6.150376	14.452324	
277	-5.400975	-13.359375	6.011160	14.506165	
277	-5.390625	-13.362545	6.001256	14.509926	
278	-5.390625	-13.362545	6.001256	14.509926	
278	-5.312500	-13.386013	5.926510	14.538014	
279	-5.468750	-13.338812	6.075845	14.481376	
279	-5.400975	-13.359375	6.011160	14.506165	
280	-6.250000	-13.073055	6.817329	14.168382	
280	-6.171875	-13.101869	6.743596	14.201944	
281	-6.171875	-13.101869	6.743596	14.201944	
281	-6.107768	-13.125000	6.683071	14.229083	
282	-6.715876	-12.890625	7.254956	13.957557	
282	-6.640625	-12.921429	7.184477	13.992879	
283	-6.640625	-12.921429	7.184477	13.992879	
283	-6.562500	-12.952716	7.111276	14.029002	
284	-6.718750	-12.889455	7.257639	13.956201	
284	-6.715876	-12.890625	7.254956	13.957557	
285	-6.796875	-12.857251	7.330580	13.919056	
285	-6.718750	-12.889455	7.257639	13.956201	
286	-6.875000	-12.824328	7.403488	13.881344	
286	-6.796875	-12.857251	7.330580	13.919056	
287	-6.484375	-12.983538	7.037951	14.064616	
287	-6.406250	-13.013921	6.964497	14.099725	
288	-6.521735	-12.968750	7.073072	14.047629	
288	-6.484375	-12.983538	7.037951	14.064616	
289	-6.319422	-13.046875	6.882823	14.138103	
289	-6.250000	-13.073055	6.817329	14.168382	
290	-6.328125	-13.043616	6.891009	14.134288	
290	-6.319422	-13.046875	6.882823	14.138103	
291	-6.406250	-13.013921	6.964497	14.099725	
291	-6.328125	-13.043616	6.891009	14.134288	
292	-6.562500	-12.952716	7.111276	14.029002	
292	-6.521735	-12.968750	7.073072	14.047629	
293	-6.902646	-12.812500	7.429283	13.867862	
293	-6.875000	-12.824328	7.403488	13.881344	
294	-7.082816	-12.734375	7.596804	13.778483	
294	-7.031250	-12.757137	7.548875	13.804379	
295	-7.109375	-12.722701	7.621413	13.765085	
295	-7.082816	-12.734375	7.596804	13.778483	
296	-7.187500	-12.687859	7.693780	13.725283	
296	-7.109375	-12.722701	7.621413	13.765085	
297	-7.031250	-12.757137	7.548875	13.804379	
297	-6.953125	-12.791008	7.476234	13.843130	
298	-6.953125	-12.791008	7.476234	13.843130	
298	-6.902646	-12.812500	7.429283	13.867862	
299	-7.256958	-12.656250	7.758091	13.689401	
299	-7.187500	-12.687859	7.693780	13.725283	
300	-7.343750	-12.616481	7.838179	13.644038	
300	-7.265625	-12.652320	7.766091	13.684904	
301	-7.265625	-12.652320	7.766091	13.684904	
301	-7.256958	-12.656250	7.758091	13.689401	
302	-7.425565	-12.578125	7.913638	13.600598	
302	-7.421875	-12.579872	7.910236	13.602571	
303	-7.421875	-12.579872	7.910236	13.602571	
303	-7.343750	-12.616481	7.838179	13.644038	
304	-7.500000	-12.542982	7.982051	13.560620	
304	-7.425565	-12.578125	7.913638	13.600598	
305	-9.123374	-11.640625	9.441770	12.556292	
305	-9.062500	-11.679660	9.388233	12.598887	
306	-9.140625	-11.629512	9.456909	12.544156	
306	-9.123374	-11.640625	9.441770	12.556292	
307	-9.218750	-11.578676	9.525389	12.488753	
307	-9.140625	-11.629512	9.456909	12.544156	
308	-9.243332	-11.562500	9.546912	12.471166	
308	-9.218750	-11.578676	9.525389	12.488753	
309	-8.984375	-11.728963	9.319443	12.652893	
309	-8.906250	-11.777624	9.250451	12.706254	
310	-9.000613	-11.718750	9.333766	12.641715	
310	-8.984375	-11.728963	9.319443	12.652893	
311	-8.874946	-11.796875	9.222783	12.727431	
311	-8.828125	-11.825564	9.181302	12.758945	
312	-8.828125	-11.825564	9.181302	12.758945	
312	-8.750000	-11.872701	9.112040	12.810945	
313	-8.906250	-11.777624	9.250451	12.706254	
313	-8.874946	-11.796875	9.222783	12.727431	
314	-9.062500	-11.679660	9.388233	12.598887	
314	-9.000613	-11.718750	9.333766	12.641715	
315	-9.360543	-11.484375	9.649282	12.386359	
315	-9.296875	-11.527084	9.593697	12.432647	
316	-9.296875	-11.527084	9.593697	12.432647	
316	-9.243332	-11.562500	9.546912	12.471166	
317	-9.375000	-11.474624	9.661878	12.375789	
317	-9.360543	-11.484375	9.649282	12.386359	
318	-9.453125	-11.421431	9.729859	12.318224	
318	-9.375000	-11.474624	9.661878	12.375789	
319	-9.475185	-11.406250	9.749031	12.301830	
319	-9.453125	-11.421431	9.729859	12.318224	
320	-9.531250	-11.367436	9.797665	12.259921	
320	-9.475185	-11.406250	9.749031	12.301830	
321	-9.587299	-11.328125	9.846234	12.217602	
321	-9.531250	-11.367436	9.797665	12.259921	
322	-9.609375	-11.312543	9.865330	12.200833	
322	-9.587299	-11.328125	9.846234	12.217602	
323	-9.687500	-11.256806	9.932822	12.140975	
323	-9.609375	-11.312543	9.865330	12.200833	
324	-9.696963	-11.250000	9.940983	12.133674	
324	-9.687500	-11.256806	9.932822	12.140975	
325	-8.198126	-12.187500	8.617978	13.160549	
325	-8.125000	-12.226991	8.551877	13.204637	
326	-8.340422	-12.109375	8.746110	13.073338	
326	-8.281250	-12.142209	8.692846	13.109875	
327	-8.359375	-12.098845	8.763124	13.061581	
327	-8.340422	-12.109375	8.746110	13.073338	
328	-8.437500	-12.054961	8.833200	13.012712	
328	-8.359375	-12.098845	8.763124	13.061581	
329	-8.281250	-12.142209	8.692846	13.109875	
329	-8.203125	-12.184799	8.622484	13.157522	
330	-8.203125	-12.184799	8.622484	13.157522	
330	-8.198126	-12.187500	8.617978	13.160549	
331	-8.479098	-12.031250	8.870487	12.986415	
331	-8.437500	-12.054961	8.833200	13.012712	
332	-8.593750	-11.965151	8.972937	12.913089	
332	-8.515625	-12.010390	8.903143	12.963215	
333	-8.515625	-12.010390	8.903143	12.963215	
333	-8.479098	-12.031250	8.870487	12.986415	
334	-8.614295	-11.953125	8.991274	12.899796	
334	-8.593750	-11.965151	8.972937	12.913089	
335	-8.671875	-11.919333	9.042535	12.862360	
335	-8.614295	-11.953125	8.991274	12.899796	
336	-8.746159	-11.875000	9.108631	12.813485	
336	-8.671875	-11.919333	9.042535	12.862360	
337	-7.890625	-12.349633	8.339328	13.342364	
337	-7.812500	-12.389484	8.268129	13.387157	
338	-7.902039	-12.343750	8.349723	13.335768	
338	-7.890625	-12.349633	8.339328	13.342364	
339	-7.968750	-12.309392	8.410301	13.297049	
339	-7.902039	-12.343750	8.349723	13.335768	
340	-8.052071	-12.265625	8.485924	13.248025	
340	-8.046875	-12.268378	8.481211	13.251103	
341	-8.046875	-12.268378	8.481211	13.251103	
341	-7.968750	-12.309392	8.410301	13.297049	
342	-8.125000	-12.226991	8.551877	13.204637	
342	-8.052071	-12.265625	8.485924	13.248025	
343	-7.747787	-12.421875	8.209126	13.423780	
343	-7.734375	-12.428597	8.196860	13.431338	
344	-7.734375	-12.428597	8.196860	13.431338	
344	-7.656250	-12.467330	8.125374	13.475003	
345	-7.812500	-12.389484	8.268129	13.387157	
345	-7.747787	-12.421875	8.209126	13.423780	
346	-7.656250	-12.467330	8.125374	13.475003	
346	-7.589062	-12.500000	8.063866	13.512058	
347	-8.750000	-11.872701	9.112040	12.810945	
347	-8.746159	-11.875000	9.108631	12.813485	
348	-9.909480	-11.093750	10.123589	11.966603	
348	-9.843750	-11.142824	10.067232	12.018934	
349	-9.804386	-11.171875	10.033435	12.049983	
349	-9.765625	-11.200281	10.000103	12.080365	
350	-9.765625	-11.200281	10.000103	12.080365	
350	-9.696963	-11.250000	9.940983	12.133674	
351	-9.843750	-11.142824	10.067232	12.018934	
351	-9.804386	-11.171875	10.033435	12.049983	
352	-10.000000	-11.025162	10.200967	11.893598	
352	-9.921875	-11.084428	10.134200	11.956671	
353	-9.921875	-11.084428	10.134200	11.956671	
353	-9.909480	-11.093750	10.123589	11.966603	
354	-15.665996	-5.703125	13.426274	6.228084	
354	-15.625000	-5.742740	13.414488	6.268455	
355	-15.703125	-5.668640	13.436640	6.192589	
355	-15.665996	-5.703125	13.426274	6.228084	
356	-15.746017	-5.625000	13.449505	6.148564	
356	-15.703125	-5.668640	13.436640	6.192589	
357	-15.390625	-5.942658	13.353137	6.478435	
357	-15.312500	-6.003385	13.333926	6.543953	
358	-15.396725	-5.937500	13.354729	6.472999	
358	-15.390625	-5.942658	13.353137	6.478435	
359	-15.188309	-6.093750	13.304586	6.643577	
359	-15.156250	-6.117420	13.296877	6.669639	
360	-15.076944	-6.171875	13.278645	6.731040	
360	-15.000000	-6.224082	13.260927	6.790345	
361	-15.078125	-6.171121	13.278904	6.730169	
361	-15.076944	-6.171875	13.278645	6.731040	
362	-15.156250	-6.117420	13.296877	6.669639	
362	-15.078125	-6.171121	13.278904	6.730169	
363	-15.295342	-6.015625	13.329947	6.557500	
363	-15.234375	-6.061633	13.315182	6.607673	
364	-15.234375	-6.061633	13.315182	6.607673	
364	-15.188309	-6.093750	13.304586	6.643577	
365	-15.312500	-6.003385	13.333926	6.543953	
365	-15.295342	-6.015625	13.329947	6.557500	
366	-15.491625	-5.859375	13.378956	6.390149	
366	-15.468750	-5.879500	13.372828	6.411122	
367	-15.546875	-5.812949	13.393247	6.341215	
367	-15.491625	-5.859375	13.378956	6.390149	
368	-15.581323	-5.781250	13.402782	6.308555	
368	-15.546875	-5.812949	13.393247	6.341215	
369	-15.468750	-5.879500	13.372828	6.411122	
369	-15.396725	-5.937500	13.354729	6.472999	
370	-15.625000	-5.742740	13.414488	6.268455	
370	-15.581323	-5.781250	13.402782	6.308555	
371	-15.963399	-5.390625	13.518396	5.913739	
371	-15.937500	-5.421504	13.509419	5.944217	
372	-16.015625	-5.330789	13.536031	5.854009	
372	-15.963399	-5.390625	13.518396	5.913739	
373	-16.030162	-5.312500	13.541352	5.836032	
373	-16.015625	-5.330789	13.536031	5.854009	
374	-15.821883	-5.546875	13.472551	6.069802	
374	-15.781250	-5.590461	13.459794	6.113383	
375	-15.859375	-5.508085	13.484030	6.030640	
375	-15.821883	-5.546875	13.472551	6.069802	
376	-15.894154	-5.468750	13.495489	5.991596	
376	-15.859375	-5.508085	13.484030	6.030640	
377	-15.781250	-5.590461	13.459794	6.113383	
377	-15.746017	-5.625000	13.449505	6.148564	
378	-15.937500	-5.421504	13.509419	5.944217	
378	-15.894154	-5.468750	13.495489	5.991596	
379	-16.094902	-5.234375	13.564441	5.758288	
379	-16.093750	-5.235912	13.563992	5.759794	
380	-16.094902	-5.234375	13.564441	5.758288	
380	-16.156932	-5.156250	13.587678	5.680587	
381	-16.093750	-5.235912	13.563992	5.759794	
381	-16.030162	-5.312500	13.541352	5.836032	
382	-16.216770	-5.078125	13.611184	5.602710	
382	-16.171875	-5.138591	13.593054	5.662705	
383	-16.171875	-5.138591	13.593054	5.662705	
383	-16.156932	-5.156250	13.587678	5.680587	
384	-16.250000	-5.035825	13.624194	5.559994	
384	-16.216770	-5.078125	13.611184	5.602710	
385	-16.274084	-5.000000	13.635043	5.524620	
385	-16.250000	-5.035825	13.624194	5.559994	
386	-12.562253	-8.515625	12.227424	9.292243	
386	-12.500000	-8.588665	12.184691	9.367631	
387	-12.578125	-8.496873	12.238260	9.272904	
387	-12.562253	-8.515625	12.227424	9.292243	
388	-12.628526	-8.437500	12.272305	9.211539	
388	-12.578125	-8.496873	12.238260	9.272904	
389	-12.694557	-8.359375	12.316354	9.130742	
389	-12.656250	-8.404631	12.290920	9.177589	
390	-12.734375	-8.312065	12.342614	9.081794	
390	-12.694557	-8.359375	12.316354	9.130742	
391	-12.760418	-8.281250	12.359586	9.049839	
391	-12.734375	-8.312065	12.342614	9.081794	
392	-12.656250	-8.404631	12.290920	9.177589	
392	-12.628526	-8.437500	12.272305	9.211539	
393	-12.812500	-8.219317	12.393278	8.985639	
393	-12.760418	-8.281250	12.359586	9.049839	
394	-12.826182	-8.203125	12.402019	8.968815	
394	-12.812500	-8.219317	12.393278	8.985639	
395	-12.890625	-8.126546	12.442849	8.889262	
395	-12.826182	-8.203125	12.402019	8.968815	
396	-12.891933	-8.125000	12.443667	8.887653	
396	-12.890625	-8.126546	12.442849	8.889262	
397	-13.023917	-7.968750	12.524699	8.724788	
397	-12.968750	-8.033894	12.491272	8.792794	
398	-12.891933	-8.125000	12.443667	8.887653	
398	-12.957836	-8.046875	12.484560	8.806308	
399	-12.968750	-8.033894	12.491272	8.792794	
399	-12.957836	-8.046875	12.484560	8.806308	
400	-13.090277	-7.890625	12.564098	8.643076	
400	-13.046875	-7.941579	12.538470	8.696423	
401	-13.046875	-7.941579	12.538470	8.696423	
401	-13.023917	-7.968750	12.524699	8.724788	
402	-13.125000	-7.849820	12.584373	8.600343	
402	-13.090277	-7.890625	12.564098	8.643076	
403	-13.157040	-7.812500	12.602773	8.561145	
403	-13.125000	-7.849820	12.584373	8.600343	
404	-13.292359	-7.656250	12.678014	8.396520	
404	-13.281250	-7.668899	12.672018	8.409903	
405	-13.224347	-7.734375	12.640739	8.478970	
405	-13.203125	-7.758845	12.628911	8.504762	
406	-13.203125	-7.758845	12.628911	8.504762	
406	-13.157040	-7.812500	12.602773	8.561145	
407	-13.281250	-7.668899	12.672018	8.409903	
407	-13.224347	-7.734375	12.640739	8.478970	
408	-13.361258	-7.578125	12.714613	8.313758	
408	-13.359375	-7.580236	12.713632	8.316002	
409	-13.359375	-7.580236	12.713632	8.316002	
409	-13.292359	-7.656250	12.678014	8.396520	
410	-13.361258	-7.578125	12.714613	8.313758	
410	-13.431266	-7.500000	12.750558	8.230643	
411	-11.269845	-9.921875	11.255607	10.739997	
411	-11.250000	-9.941247	11.239686	10.760026	
412	-11.328125	-9.864469	11.302284	10.680725	
412	-11.269845	-9.921875	11.255607	10.739997	
413	-11.349047	-9.843750	11.318975	10.659326	
413	-11.328125	-9.864469	11.302284	10.680725	
414	-11.406250	-9.786590	11.364526	10.600368	
414	-11.349047	-9.843750	11.318975	10.659326	
415	-11.427128	-9.765625	11.381083	10.578733	
415	-11.406250	-9.786590	11.364526	10.600368	
416	-11.484375	-9.707615	11.426395	10.518949	
416	-11.427128	-9.765625	11.381083	10.578733	
417	-11.504134	-9.687500	11.441967	10.498208	
417	-11.484375	-9.707615	11.426395	10.518949	
418	-11.562500	-9.627546	11.487869	10.436468	
418	-11.504134	-9.687500	11.441967	10.498208	
419	-11.580115	-9.609375	11.501659	10.417743	
419	-11.562500	-9.627546	11.487869	10.436468	
420	-11.640625	-9.546391	11.548926	10.352922	
420	-11.580115	-9.609375	11.501659	10.417743	
421	-11.655116	-9.531250	11.560190	10.337328	
421	-11.640625	-9.546391	11.548926	10.352922	
422	-11.718750	-9.464161	11.609543	10.268316	
422	-11.655116	-9.531250	11.560190	10.337328	
423	-11.729181	-9.453125	11.617591	10.256955	
423	-11.718750	-9.464161	11.609543	10.268316	
424	-11.796875	-9.380869	11.669693	10.182655	
424	-11.729181	-9.453125	11.617591	10.256955	
425	-11.802357	-9.375000	11.673889	10.176614	
425	-11.796875	-9.380869	11.669693	10.182655	
426	-11.802357	-9.375000	11.673889	10.176614	
426	-11.874688	-9.296875	11.729111	10.096298	
427	-11.875000	-9.296536	11.729349	10.095949	
427	-11.874688	-9.296875	11.729111	10.096298	
428	-11.946272	-9.218750	11.783298	10.015974	
428	-11.875000	-9.296536	11.729349	10.095949	
429	-12.017103	-9.140625	11.836460	9.935657	
429	-11.953125	-9.211203	11.788472	10.008225	
430	-11.953125	-9.211203	11.788472	10.008225	
430	-11.946272	-9.218750	11.783298	10.015974	
431	-12.031250	-9.124880	11.847040	9.919487	
431	-12.017103	-9.140625	11.836460	9.935657	
432	-12.087225	-9.062500	11.888618	9.855337	
432	-12.031250	-9.124880	11.847040	9.919487	
433	-12.156682	-8.984375	11.939796	9.775007	
433	-12.109375	-9.037601	11.905020	9.829760	
434	-12.109375	-9.037601	11.905020	9.829760	
434	-12.087225	-9.062500	11.888618	9.855337	
435	-12.187500	-8.949407	11.962374	9.739073	
435	-12.156682	-8.984375	11.939796	9.775007	
436	-12.225519	-8.906250	11.990014	9.694657	
436	-12.187500	-8.949407	11.962374	9.739073	
437	-12.293784	-8.828125	12.039293	9.614280	
437	-12.265625	-8.860350	12.019062	9.647466	
438	-12.265625	-8.860350	12.019062	9.647466	
438	-12.225519	-8.906250	11.990014	9.694657	
439	-12.343750	-8.770491	12.075042	9.554983	
439	-12.293784	-8.828125	12.039293	9.614280	
440	-12.361525	-8.750000	12.087652	9.533865	
440	-12.343750	-8.770491	12.075042	9.554983	
441	-11.250000	-9.941247	11.239686	10.760026	
441	-11.189470	-10.000000	11.190944	10.820757	
442	-12.428792	-8.671875	12.135110	9.453403	
442	-12.421875	-8.679901	12.130269	9.461682	
443	-12.421875	-8.679901	12.130269	9.461682	
443	-12.361525	-8.750000	12.087652	9.533865	
444	-12.428792	-8.671875	12.135110	9.453403	
444	-12.495676	-8.593750	12.181693	9.372869	
445	-12.500000	-8.588665	12.184691	9.367631	
445	-12.495676	-8.593750	12.181693	9.372869	
446	-13.807186	-7.109375	12.921085	7.808178	
446	-13.750000	-7.165079	12.897643	7.869287	
447	-13.828125	-7.089371	12.929439	7.786141	
447	-13.807186	-7.109375	12.921085	7.808178	
448	-13.890151	-7.031250	12.953515	7.721865	
448	-13.828125	-7.089371	12.929439	7.786141	
449	-13.906250	-7.016506	12.959583	7.705478	
449	-13.890151	-7.031250	12.953515	7.721865	
450	-13.976858	-6.953125	12.985453	7.634762	
450	-13.906250	-7.016506	12.959583	7.705478	
451	-13.984375	-6.946554	12.988121	7.627388	
451	-13.976858	-6.953125	12.985453	7.634762	
452	-14.062500	-6.879514	13.015120	7.551900	
452	-13.984375	-6.946554	12.988121	7.627388	
453	-14.067829	-6.875000	13.016921	7.546809	
453	-14.062500	-6.879514	13.015120	7.551900	
454	-14.264529	-6.718750	13.078527	7.368201	
454	-14.218750	-6.753878	13.064853	7.408596	
455	-14.163489	-6.796875	13.047932	7.457984	
455	-14.140625	-6.815332	13.040663	7.478998	
456	-14.140625	-6.815332	13.040663	7.478998	
456	-14.067829	-6.875000	13.016921	7.546809	
457	-14.218750	-6.753878	13.064853	7.408596	
457	-14.163489	-6.796875	13.047932	7.457984	
458	-14.371474	-6.640625	13.108735	7.277434	
458	-14.296875	-6.694927	13.087813	7.340526	
459	-14.296875	-6.694927	13.087813	7.340526	
459	-14.264529	-6.718750	13.078527	7.368201	
460	-14.375000	-6.638172	13.109683	7.274550	
460	-14.371474	-6.640625	13.108735	7.277434	
461	-14.453125	-6.583508	13.130546	7.210586	
461	-14.375000	-6.638172	13.109683	7.274550	
462	-14.483099	-6.562500	13.138446	7.186107	
462	-14.453125	-6.583508	13.130546	7.210586	
463	-14.599948	-6.484375	13.167730	7.094160	
463	-14.531250	-6.530412	13.150588	7.148211	
464	-14.609375	-6.478391	13.169977	7.087028	
464	-14.599948	-6.484375	13.167730	7.094160	
465	-14.687500	-6.427462	13.188749	7.027039	
465	-14.609375	-6.478391	13.169977	7.087028	
466	-14.531250	-6.530412	13.150588	7.148211	
466	-14.483099	-6.562500	13.138446	7.186107	
467	-14.719210	-6.406250	13.196411	7.002350	
467	-14.687500	-6.427462	13.188749	7.027039	
468	-14.840558	-6.328125	13.224543	6.910757	
468	-14.765625	-6.376932	13.207112	6.967679	
469	-14.765625	-6.376932	13.207112	6.967679	
469	-14.719210	-6.406250	13.196411	7.002350	
470	-14.843750	-6.326167	13.225251	6.908434	
470	-14.840558	-6.328125	13.224543	6.910757	
471	-14.921875	-6.275596	13.243090	6.849628	
471	-14.843750	-6.326167	13.225251	6.908434	
472	-14.959521	-6.250000	13.251896	6.820418	
472	-14.921875	-6.275596	13.243090	6.849628	
473	-13.502593	-7.421875	12.785862	8.147139	
473	-13.437500	-7.493082	12.753706	8.223273	
474	-13.515625	-7.407733	12.792180	8.131991	
474	-13.502593	-7.421875	12.785862	8.147139	
475	-13.575504	-7.343750	12.820544	8.063201	
475	-13.515625	-7.407733	12.792180	8.131991	
476	-13.593750	-7.324458	12.829010	8.042413	
476	-13.575504	-7.343750	12.820544	8.063201	
477	-13.650319	-7.265625	12.854626	7.978771	
477	-13.593750	-7.324458	12.829010	8.042413	
478	-13.671875	-7.243502	12.864168	7.954773	
478	-13.650319	-7.265625	12.854626	7.978771	
479	-13.727405	-7.187500	12.888131	7.893787	
479	-13.671875	-7.243502	12.864168	7.954773	
480	-13.437500	-7.493082	12.753706	8.223273	
480	-13.431266	-7.500000	12.750558	8.230643	
481	-13.750000	-7.165079	12.897643	7.869287	
481	-13.727405	-7.187500	12.888131	7.893787	
482	-15.000000	-6.224082	13.260927	6.790345	
482	-14.959521	-6.250000	13.251896	6.820418	
483	-14.453125	-4.555785	13.461629	5.291317	
483	-14.375000	-4.607110	13.456970	5.358031	
484	-14.453125	-4.555785	13.461629	5.291317	
484	-14.483472	-4.531250	13.463580	5.259918	
485	-14.531250	-4.499766	13.465895	5.218926	
485	-14.483472	-4.531250	13.463580	5.259918	
486	-14.531250	-4.499766	13.465895	5.218926	
486	-14.588686	-4.453125	13.468821	5.158826	
487	-14.609375	-4.439665	13.469574	5.141189	
487	-14.588686	-4.453125	13.468821	5.158826	
488	-14.687500	-4.376639	13.472465	5.059029	
488	-14.609375	-4.439665	13.469574	5.141189	
489	-14.687500	-4.376639	13.472465	5.059029	
489	-14.689039	-4.375000	13.472527	5.056895	
490	-14.062500	-4.770771	13.436333	5.579056	
490	-14.073354	-4.765625	13.437133	5.571895	
491	-14.140625	-4.738377	13.441325	5.532948	
491	-14.073354	-4.765625	13.437133	5.571895	
492	-14.218750	-4.699417	13.446614	5.479836	
492	-14.140625	-4.738377	13.441325	5.532948	
493	-14.218750	-4.699417	13.446614	5.479836	
493	-14.237816	-4.687500	13.448082	5.464178	
494	-13.906250	-4.819944	13.427211	5.655224	
494	-13.828125	-4.834375	13.423613	5.682743	
495	-13.828125	-4.834375	13.423613	5.682743	
495	-13.750000	-4.842246	13.420773	5.703474	
496	-14.062500	-4.770771	13.436333	5.579056	
496	-13.984375	-4.798879	13.431473	5.620827	
497	-13.984375	-4.798879	13.431473	5.620827	
497	-13.906250	-4.819944	13.427211	5.655224	
498	-14.296875	-4.656404	13.451795	5.422445	
498	-14.370750	-4.609375	13.456742	5.361047	
499	-14.296875	-4.656404	13.451795	5.422445	
499	-14.237816	-4.687500	13.448082	5.464178	
500	-14.375000	-4.607110	13.456970	5.358031	
500	-14.370750	-4.609375	13.456742	5.361047	
501	-14.843750	-4.248880	13.475251	4.888200	
501	-14.872639	-4.218750	13.475276	4.846616	
502	-14.765625	-4.313471	13.474369	4.975450	
502	-14.781142	-4.296875	13.474701	4.953318	
503	-14.765625	-4.313471	13.474369	4.975450	
503	-14.689039	-4.375000	13.472527	5.056895	
504	-14.843750	-4.248880	13.475251	4.888200	
504	-14.781142	-4.296875	13.474701	4.953318	
505	-14.921875	-4.184357	13.474969	4.798321	
505	-14.968009	-4.140625	13.474039	4.734911	
506	-14.921875	-4.184357	13.474969	4.798321	
506	-14.872639	-4.218750	13.475276	4.846616	
507	-15.000000	-4.121597	13.473408	4.706846	
507	-14.968009	-4.140625	13.474039	4.734911	
508	-13.593750	-4.837520	13.417873	5.723580	
508	-13.515625	-4.824140	13.418121	5.721972	
509	-13.515625	-4.824140	13.418121	5.721972	
509	-13.437500	-4.802685	13.419743	5.711658	
510	-13.750000	-4.842246	13.420773	5.703474	
510	-13.671875	-4.843402	13.418812	5.717221	
511	-13.671875	-4.843402	13.418812	5.717221	
511	-13.593750	-4.837520	13.417873	5.723580	
512	-13.281250	-4.733640	13.427797	5.662284	
512	-13.207519	-4.687500	13.434249	5.623741	
513	-13.437500	-4.802685	13.419743	5.711658	
513	-13.359375	-4.772461	13.422951	5.691745	
514	-13.359375	-4.772461	13.422951	5.691745	
514	-13.345276	-4.765625	13.423789	5.686611	
515	-13.345276	-4.765625	13.423789	5.686611	
515	-13.281250	-4.733640	13.427797	5.662284	
516	-13.207519	-4.687500	13.434249	5.623741	
516	-13.203125	-4.684608	13.434664	5.621282	
517	-13.203125	-4.684608	13.434664	5.621282	
517	-13.125000	-4.624631	13.443773	5.567693	
518	-13.125000	-4.624631	13.443773	5.567693	
518	-13.107784	-4.609375	13.446202	5.553515	
519	-13.046875	-4.551500	13.455642	5.498732	
519	-13.027907	-4.531250	13.459051	5.479045	
520	-13.107784	-4.609375	13.446202	5.553515	
520	-13.046875	-4.551500	13.455642	5.498732	
521	-12.968750	-4.462472	13.470901	5.410905	
521	-12.961431	-4.453125	13.472546	5.401473	
522	-12.961431	-4.453125	13.472546	5.401473	
522	-12.905333	-4.375000	13.486551	5.321354	
523	-13.027907	-4.531250	13.459051	5.479045	
523	-12.968750	-4.462472	13.470901	5.410905	
524	-12.905333	-4.375000	13.486551	5.321354	
524	-12.890625	-4.352187	13.490722	5.297533	
525	-12.890625	-4.352187	13.490722	5.297533	
525	-12.857307	-4.296875	13.500954	5.239141	
526	-12.857307	-4.296875	13.500954	5.239141	
526	-12.815745	-4.218750	13.515667	5.155169	
527	-12.815745	-4.218750	13.515667	5.155169	
527	-12.812500	-4.211911	13.516972	5.147717	
528	-12.812500	-4.211911	13.516972	5.147717	
528	-12.780301	-4.140625	13.530652	5.069525	
529	-12.780301	-4.140625	13.530652	5.069525	
529	-12.749708	-4.062500	13.545833	4.982492	
530	-12.749708	-4.062500	13.545833	4.982492	
530	-12.734375	-4.017154	13.554733	4.931308	
531	-12.734375	-4.017154	13.554733	4.931308	
531	-12.723682	-3.984375	13.561176	4.894157	
532	-12.723682	-3.984375	13.561176	4.894157	
532	-12.701852	-3.906250	13.576642	4.804627	
533	-12.701852	-3.906250	13.576642	4.804627	
533	-12.683675	-3.828125	13.592185	4.714045	
534	-12.683675	-3.828125	13.592185	4.714045	
534	-12.668893	-3.750000	13.607774	4.622498	
535	-12.668893	-3.750000	13.607774	4.622498	
535	-12.657274	-3.671875	13.623376	4.530067	
536	-12.657274	-3.671875	13.623376	4.530067	
536	-12.656250	-3.662659	13.625221	4.519078	
537	-12.656250	-3.662659	13.625221	4.519078	
537	-12.648738	-3.593750	13.638965	4.436803	
538	-12.648738	-3.593750	13.638965	4.436803	
538	-12.642952	-3.515625	13.654507	4.342808	
539	-12.642952	-3.515625	13.654507	4.342808	
539	-12.639725	-3.437500	13.669973	4.248157	
540	-12.639725	-3.437500	13.669973	4.248157	
540	-12.638892	-3.359375	13.685337	4.152916	
541	-12.638892	-3.359375	13.685337	4.152916	
541	-12.640291	-3.281250	13.700571	4.057152	
542	-12.640291	-3.281250	13.700571	4.057152	
542	-12.643762	-3.203125	13.715650	3.960930	
543	-12.643762	-3.203125	13.715650	3.960930	
543	-12.649143	-3.125000	13.730548	3.864315	
544	-12.656268	-3.046875	13.745242	3.767370	
544	-12.656250	-3.047066	13.745206	3.767607	
545	-12.656268	-3.046875	13.745242	3.767370	
545	-12.665224	-2.968750	13.759713	3.670111	
546	-12.656250	-3.047066	13.745206	3.767607	
546	-12.649143	-3.125000	13.730548	3.864315	
547	-12.665224	-2.968750	13.759713	3.670111	
547	-12.675645	-2.890625	13.773934	3.572636	
548	-12.675645	-2.890625	13.773934	3.572636	
548	-12.687343	-2.812500	13.787881	3.475008	
549	-12.687343	-2.812500	13.787881	3.475008	
549	-12.700120	-2.734375	13.801533	3.377286	
550	-12.700120	-2.734375	13.801533	3.377286	
550	-12.713769	-2.656250	13.814869	3.279531	
551	-12.713769	-2.656250	13.814869	3.279531	
551	-12.728081	-2.578125	13.827868	3.181797	
552	-12.734375	-2.544632	13.833333	3.139915	
552	-12.728081	-2.578125	13.827868	3.181797	
553	-12.743195	-2.500000	13.840520	3.084081	
553	-12.734375	-2.544632	13.833333	3.139915	
554	-15.000000	-3.604202	13.596182	3.937892	
554	-14.992982	-3.593750	13.599001	3.927339	
555	-14.992982	-3.593750	13.599001	3.927339	
555	-14.958152	-3.515625	13.620743	3.843990	
556	-14.958152	-3.515625	13.620743	3.843990	
556	-14.930577	-3.437500	13.641611	3.760384	
557	-14.930577	-3.437500	13.641611	3.760384	
557	-14.921875	-3.406284	13.649740	3.726776	
558	-14.921875	-3.406284	13.649740	3.726776	
558	-14.903394	-3.359375	13.661244	3.678135	
559	-14.903394	-3.359375	13.661244	3.678135	
559	-14.879301	-3.281250	13.679944	3.596149	
560	-14.843750	-3.130637	13.713670	3.437717	
560	-14.842217	-3.125000	13.714854	3.431878	
561	-14.879301	-3.281250	13.679944	3.596149	
561	-14.859144	-3.203125	13.697814	3.514041	
562	-14.859144	-3.203125	13.697814	3.514041	
562	-14.843750	-3.130637	13.713670	3.437717	
563	-14.842217	-3.125000	13.714854	3.431878	
563	-14.827568	-3.046875	13.731053	3.349779	
564	-14.827568	-3.046875	13.731053	3.349779	
564	-14.817617	-2.968750	13.746531	3.267183	
565	-14.817617	-2.968750	13.746531	3.267183	
565	-14.812684	-2.890625	13.761290	3.184055	
566	-14.812684	-2.890625	13.761290	3.184055	
566	-14.813396	-2.812500	13.775335	3.100334	
567	-14.813396	-2.812500	13.775335	3.100334	
567	-14.820654	-2.734375	13.788661	3.015953	
568	-14.820654	-2.734375	13.788661	3.015953	
568	-14.835659	-2.656250	13.801253	2.930849	
569	-14.843750	-2.628267	13.805592	2.900099	
569	-14.835659	-2.656250	13.801253	2.930849	
570	-14.843750	-2.628267	13.805592	2.900099	
570	-14.859364	-2.578125	13.813072	2.845053	
571	-14.859364	-2.578125	13.813072	2.845053	
571	-14.893883	-2.500000	13.824073	2.758505	
572	-14.921875	-2.452513	13.830339	2.705450	
572	-14.942018	-2.421875	13.834184	2.671183	
573	-14.921875	-2.452513	13.830339	2.705450	
573	-14.893883	-2.500000	13.824073	2.758505	
574	-15.000000	-2.351440	13.842438	2.591851	
574	-14.942018	-2.421875	13.834184	2.671183	
575	-12.743195	-2.500000	13.840520	3.084081	
575	-12.758842	-2.421875	13.852805	2.986444	
576	-12.758842	-2.421875	13.852805	2.986444	
576	-12.774552	-2.343750	13.864702	2.888972	
577	-12.774552	-2.343750	13.864702	2.888972	
577	-12.790119	-2.265625	13.876197	2.791701	
578	-12.790119	-2.265625	13.876197	2.791701	
578	-12.805357	-2.187500	13.887278	2.694662	
579	-12.812500	-2.149567	13.892505	2.647647	
579	-12.805357	-2.187500	13.887278	2.694662	
580	-12.820456	-2.109375	13.897940	2.597830	
580	-12.812500	-2.149567	13.892505	2.647647	
581	-12.820456	-2.109375	13.897940	2.597830	
581	-12.835216	-2.031250	13.908171	2.501234	
582	-12.835216	-2.031250	13.908171	2.501234	
582	-12.849175	-1.953125	13.917960	2.404929	
583	-12.849175	-1.953125	13.917960	2.404929	
583	-12.862240	-1.875000	13.927301	2.308917	
584	-12.862240	-1.875000	13.927301	2.308917	
584	-12.874344	-1.796875	13.936189	2.213193	
585	-12.874344	-1.796875	13.936189	2.213193	
585	-12.885453	-1.718750	13.944622	2.117749	
586	-12.895770	-1.640625	13.952599	2.022551	
586	-12.890625	-1.678811	13.948755	2.069072	
587	-12.890625	-1.678811	13.948755	2.069072	
587	-12.885453	-1.718750	13.944622	2.117749	
588	-12.895770	-1.640625	13.952599	2.022551	
588	-12.905249	-1.562500	13.960117	1.927594	
589	-12.905249	-1.562500	13.960117	1.927594	
589	-12.913686	-1.484375	13.967174	1.832882	
590	-12.913686	-1.484375	13.967174	1.832882	
590	-12.921122	-1.406250	13.973769	1.738398	
591	-12.921122	-1.406250	13.973769	1.738398	
591	-12.927614	-1.328125	13.979902	1.644124	
592	-12.927614	-1.328125	13.979902	1.644124	
592	-12.933218	-1.250000	13.985573	1.550043	
593	-12.933218	-1.250000	13.985573	1.550043	
593	-12.937999	-1.171875	13.990781	1.456137	
594	-12.937999	-1.171875	13.990781	1.456137	
594	-12.942015	-1.093750	13.995527	1.362394	
595	-12.942015	-1.093750	13.995527	1.362394	
595	-12.945326	-1.015625	13.999810	1.268800	
596	-12.945326	-1.015625	13.999810	1.268800	
596	-12.947987	-0.937500	14.003629	1.175344	
597	-12.947987	-0.937500	14.003629	1.175344	
597	-12.950047	-0.859375	14.006985	1.082018	
598	-12.950047	-0.859375	14.006985	1.082018	
598	-12.951548	-0.781250	14.009876	0.988814	
599	-12.951548	-0.781250	14.009876	0.988814	
599	-12.952526	-0.703125	14.012301	0.895726	
600	-12.952526	-0.703125	14.012301	0.895726	
600	-12.953013	-0.625000	14.014260	0.802748	
601	-12.953013	-0.625000	14.014260	0.802748	
601	-12.953029	-0.546875	14.015752	0.709877	
602	-12.953029	-0.546875	14.015752	0.709877	
602	-12.952592	-0.468750	14.016774	0.617109	
603	-12.952592	-0.468750	14.016774	0.617109	
603	-12.951711	-0.390625	14.017327	0.524442	
604	-12.951711	-0.390625	14.017327	0.524442	
604	-12.950391	-0.312500	14.017408	0.431873	
605	-12.950391	-0.312500	14.017408	0.431873	
605	-12.948630	-0.234375	14.017016	0.339399	
606	-12.948630	-0.234375	14.017016	0.339399	
606	-12.946423	-0.156250	14.016149	0.247017	
607	-12.946423	-0.156250	14.016149	0.247017	
607	-12.943758	-0.078125	14.014806	0.154726	
608	-12.943758	-0.078125	14.014806	0.154726	
608	-12.940622	0.000000	14.012984	0.062522	
609	-16.274084	-5.000000	13.635043	5.524620	
609	-16.328063	-4.921875	13.659327	5.446372	
610	-16.328125	-4.921792	13.659354	5.446287	
610	-16.328063	-4.921875	13.659327	5.446372	
611	-16.375461	-4.843750	13.683922	5.368649	
611	-16.328125	-4.921792	13.659354	5.446287	
612	-16.406250	-4.790362	13.701180	5.315154	
612	-16.375461	-4.843750	13.683922	5.368649	
613	-16.417724	-4.765625	13.709109	5.290887	
613	-16.406250	-4.790362	13.701180	5.315154	
614	-16.417724	-4.765625	13.709109	5.290887	
614	-16.452008	-4.687500	13.734805	5.213650	
615	-16.452008	-4.687500	13.734805	5.213650	
615	-16.478549	-4.609375	13.761210	5.136624	
616	-16.484375	-4.587524	13.768727	5.115141	
616	-16.478549	-4.609375	13.761210	5.136624	
617	-16.496553	-4.531250	13.788450	5.059717	
617	-16.484375	-4.587524	13.768727	5.115141	
618	-16.496553	-4.531250	13.788450	5.059717	
618	-16.505503	-4.453125	13.816725	4.982631	
619	-16.505503	-4.453125	13.816725	4.982631	
619	-16.504408	-4.375000	13.846257	4.905010	
620	-16.504408	-4.375000	13.846257	4.905010	
620	-16.491054	-4.296875	13.877207	4.826594	
621	-16.484375	-4.283372	13.882160	4.814281	
621	-16.469143	-4.218750	13.911207	4.743118	
622	-16.491054	-4.296875	13.877207	4.826594	
622	-16.484375	-4.283372	13.882160	4.814281	
623	-16.406250	-4.104046	13.968207	4.600498	
623	-16.401635	-4.062500	13.997584	4.500542	
624	-16.469143	-4.218750	13.911207	4.743118	
624	-16.437026	-4.140625	13.950216	4.647346	
625	-16.437026	-4.140625	13.950216	4.647346	
625	-16.406250	-4.104046	13.968207	4.600498	
626	-16.461233	-3.984375	14.005589	4.260146	
626	-16.406250	-4.040530	14.008738	4.429281	
627	-16.484375	-3.950305	13.996239	4.184667	
627	-16.461233	-3.984375	14.005589	4.260146	
628	-16.549619	-3.906250	13.986574	4.115689	
628	-16.484375	-3.950305	13.996239	4.184667	
629	-16.406250	-4.040530	14.008738	4.429281	
629	-16.401635	-4.062500	13.997584	4.500542	
630	-16.562500	-3.884789	13.981775	4.081395	
630	-16.549619	-3.906250	13.986574	4.115689	
631	-16.624307	-3.828125	13.971678	4.005622	
631	-16.562500	-3.884789	13.981775	4.081395	
632	-16.640625	-3.797586	13.966601	3.964959	
632	-16.624307	-3.828125	13.971678	4.005622	
633	-16.681026	-3.750000	13.959928	3.907599	
633	-16.640625	-3.797586	13.966601	3.964959	
634	-15.468750	-4.075809	13.702150	4.615743	
634	-15.463181	-4.062500	13.707425	4.593772	
635	-15.625000	-4.189700	13.675577	4.758798	
635	-15.547941	-4.140625	13.684830	4.698332	
636	-15.546875	-4.140118	13.684924	4.697812	
636	-15.468750	-4.075809	13.702150	4.615743	
637	-15.547941	-4.140625	13.684830	4.698332	
637	-15.546875	-4.140118	13.684924	4.697812	
638	-15.078125	-4.064937	13.470662	4.618518	
638	-15.000000	-4.121597	13.473408	4.706846	
639	-15.078125	-4.064937	13.470662	4.618518	
639	-15.079755	-4.062500	13.470508	4.614400	
640	-15.156250	-4.010988	13.466777	4.522417	
640	-15.177528	-3.984375	13.466028	4.464363	
641	-15.177528	-3.984375	13.466028	4.464363	
641	-15.170938	-3.906250	13.491676	4.299636	
642	-15.156250	-4.010988	13.466777	4.522417	
642	-15.079755	-4.062500	13.470508	4.614400	
643	-15.156250	-3.863621	13.511627	4.231466	
643	-15.115380	-3.828125	13.522930	4.194548	
644	-15.078125	-3.754784	13.549636	4.104372	
644	-15.073045	-3.750000	13.550959	4.099830	
645	-15.115380	-3.828125	13.522930	4.194548	
645	-15.078125	-3.754784	13.549636	4.104372	
646	-15.170938	-3.906250	13.491676	4.299636	
646	-15.156250	-3.863621	13.511627	4.231466	
647	-15.503873	-3.906250	13.740703	4.269975	
647	-15.468750	-3.927696	13.741652	4.312371	
648	-15.463181	-4.062500	13.707425	4.593772	
648	-15.391354	-3.984375	13.738386	4.455610	
649	-15.468750	-3.927696	13.741652	4.312371	
649	-15.391354	-3.984375	13.738386	4.455610	
650	-15.617361	-3.828125	13.742351	4.129040	
650	-15.546875	-3.870094	13.740431	4.203299	
651	-15.546875	-3.870094	13.740431	4.203299	
651	-15.503873	-3.906250	13.740703	4.269975	
652	-15.625000	-3.820194	13.742995	4.115599	
652	-15.617361	-3.828125	13.742351	4.129040	
653	-15.937500	-4.154829	13.673583	4.677906	
653	-15.954960	-4.140625	13.672372	4.652802	
654	-16.015625	-4.113803	13.669312	4.606488	
654	-15.954960	-4.140625	13.672372	4.652802	
655	-16.093750	-4.071656	13.662386	4.520401	
655	-16.015625	-4.113803	13.669312	4.606488	
656	-16.093750	-4.071656	13.662386	4.520401	
656	-16.098496	-4.062500	13.660650	4.495492	
657	-15.781250	-4.207718	13.674200	4.767445	
657	-15.703125	-4.209590	13.673637	4.777716	
658	-15.703125	-4.209590	13.673637	4.777716	
658	-15.625000	-4.189700	13.675577	4.758798	
659	-15.937500	-4.154829	13.673583	4.677906	
659	-15.859375	-4.188666	13.674812	4.733941	
660	-15.859375	-4.188666	13.674812	4.733941	
660	-15.781250	-4.207718	13.674200	4.767445	
661	-15.703125	-3.777833	13.748406	4.040964	
661	-15.625000	-3.820194	13.742995	4.115599	
662	-15.781250	-3.756539	13.753467	3.996462	
662	-15.703125	-3.777833	13.748406	4.040964	
663	-15.859375	-3.757793	13.755794	3.981016	
663	-15.781250	-3.756539	13.753467	3.996462	
664	-15.937500	-3.784025	13.752817	3.996277	
664	-15.859375	-3.757793	13.755794	3.981016	
665	-16.098496	-4.062500	13.660650	4.495492	
665	-16.128859	-3.984375	13.678013	4.258948	
666	-16.128859	-3.984375	13.678013	4.258948	
666	-16.093750	-3.917761	13.713614	4.137468	
667	-16.093750	-3.917761	13.713614	4.137468	
667	-16.075633	-3.906250	13.716913	4.127163	
668	-16.075633	-3.906250	13.716913	4.127163	
668	-16.015625	-3.841208	13.739364	4.051245	
669	-16.015625	-3.841208	13.739364	4.051245	
669	-15.990924	-3.828125	13.741962	4.041533	
670	-15.990924	-3.828125	13.741962	4.041533	
670	-15.937500	-3.784025	13.752817	3.996277	
671	-15.073045	-3.750000	13.550959	4.099830	
671	-15.026663	-3.671875	13.575443	4.013832	
672	-15.026663	-3.671875	13.575443	4.013832	
672	-15.000000	-3.604202	13.596182	3.937892	
673	-16.720383	-3.671875	13.950441	3.816043	
673	-16.718750	-3.674152	13.950683	3.818560	
674	-16.720383	-3.671875	13.950441	3.816043	
674	-16.752160	-3.593750	13.942773	3.729613	
675	-16.718750	-3.674152	13.950683	3.818560	
675	-16.681026	-3.750000	13.959928	3.907599	
676	-16.752160	-3.593750	13.942773	3.729613	
676	-16.772785	-3.515625	13.936504	3.646454	
677	-16.772785	-3.515625	13.936504	3.646454	
677	-16.785938	-3.437500	13.931386	3.566018	
678	-16.785938	-3.437500	13.931386	3.566018	
678	-16.793403	-3.359375	13.927208	3.487782	
679	-16.793403	-3.359375	13.927208	3.487782	
679	-16.796416	-3.281250	13.923795	3.411331	
680	-16.796416	-3.281250	13.923795	3.411331	
680	-16.796121	-3.203125	13.920996	3.336344	
681	-16.796121	-3.203125	13.920996	3.336344	
681	-16.793667	-3.125000	13.918682	3.262565	
682	-16.793667	-3.125000	13.918682	3.262565	
682	-16.790187	-3.046875	13.916740	3.189788	
683	-16.790187	-3.046875	13.916740	3.189788	
683	-16.786751	-2.968750	13.915074	3.117841	
684	-16.786751	-2.968750	13.915074	3.117841	
684	-16.784343	-2.890625	13.913598	3.046588	
685	-16.784343	-2.890625	13.913598	3.046588	
685	-16.783872	-2.812500	13.912243	2.975920	
686	-16.783872	-2.812500	13.912243	2.975920	
686	-16.786228	-2.734375	13.910948	2.905754	
687	-16.786228	-2.734375	13.910948	2.905754	
687	-16.792348	-2.656250	13.909667	2.836035	
688	-16.802810	-2.578125	13.908368	2.766723	
688	-16.796875	-2.622708	13.909114	2.806239	
689	-16.796875	-2.622708	13.909114	2.806239	
689	-16.792348	-2.656250	13.909667	2.836035	
690	-16.802810	-2.578125	13.908368	2.766723	
690	-16.818274	-2.500000	13.907032	2.697795	
691	-16.904752	-2.265625	13.902935	2.493290	
691	-16.875000	-2.333572	13.904100	2.552276	
692	-16.904752	-2.265625	13.902935	2.493290	
692	-16.946878	-2.187500	13.901712	2.425757	
693	-17.037151	-2.031250	13.900042	2.290895	
693	-17.031250	-2.042889	13.900115	2.300957	
694	-16.990504	-2.109375	13.900708	2.358329	
694	-16.953125	-2.177874	13.901574	2.417460	
695	-16.953125	-2.177874	13.901574	2.417460	
695	-16.946878	-2.187500	13.901712	2.425757	
696	-17.031250	-2.042889	13.900115	2.300957	
696	-16.990504	-2.109375	13.900708	2.358329	
697	-17.037151	-2.031250	13.900042	2.290895	
697	-17.080084	-1.953125	13.899831	2.223259	
698	-17.109375	-1.900861	13.900001	2.177833	
698	-17.080084	-1.953125	13.899831	2.223259	
699	-17.121039	-1.875000	13.900191	2.155302	
699	-17.109375	-1.900861	13.900001	2.177833	
700	-16.818274	-2.500000	13.907032	2.697795	
700	-16.840192	-2.421875	13.905661	2.629256	
701	-16.840192	-2.421875	13.905661	2.629256	
701	-16.870037	-2.343750	13.904278	2.561117	
702	-16.875000	-2.333572	13.904100	2.552276	
702	-16.870037	-2.343750	13.904278	2.561117	
703	-16.250000	-1.736048	13.848899	1.973637	
703	-16.263590	-1.718750	13.847317	1.958122	
704	-16.328125	-1.641051	13.839548	1.889147	
704	-16.328379	-1.640625	13.839501	1.888759	
705	-16.328125	-1.641051	13.839548	1.889147	
705	-16.263590	-1.718750	13.847317	1.958122	
706	-16.328379	-1.640625	13.839501	1.888759	
706	-16.381883	-1.562500	13.830332	1.818418	
707	-16.406250	-1.531821	13.826457	1.791309	
707	-16.432659	-1.484375	13.819804	1.747684	
708	-16.484375	-1.406770	13.807945	1.677367	
708	-16.432659	-1.484375	13.819804	1.747684	
709	-16.484375	-1.406770	13.807945	1.677367	
709	-16.484610	-1.406250	13.807857	1.676873	
710	-16.406250	-1.531821	13.826457	1.791309	
710	-16.381883	-1.562500	13.830332	1.818418	
711	-16.484610	-1.406250	13.807857	1.676873	
711	-16.531854	-1.328125	13.794047	1.604461	
712	-16.562500	-1.291547	13.787295	1.572059	
712	-16.531854	-1.328125	13.794047	1.604461	
713	-16.562500	-1.291547	13.787295	1.572059	
713	-16.584413	-1.250000	13.778384	1.531829	
714	-17.209252	-1.640625	13.905775	1.948466	
714	-17.187500	-1.715007	13.903167	2.014674	
715	-17.209252	-1.640625	13.905775	1.948466	
715	-17.225971	-1.562500	13.909496	1.878207	
716	-17.121039	-1.875000	13.900191	2.155302	
716	-17.155921	-1.796875	13.901231	2.086922	
717	-17.155921	-1.796875	13.901231	2.086922	
717	-17.186150	-1.718750	13.903058	2.017993	
718	-17.187500	-1.715007	13.903167	2.014674	
718	-17.186150	-1.718750	13.903058	2.017993	
719	-17.225971	-1.562500	13.909496	1.878207	
719	-17.235731	-1.484375	13.914343	1.807093	
720	-17.235731	-1.484375	13.914343	1.807093	
720	-17.238157	-1.406250	13.920469	1.734949	
721	-17.238157	-1.406250	13.920469	1.734949	
721	-17.232899	-1.328125	13.928063	1.661506	
722	-17.232899	-1.328125	13.928063	1.661506	
722	-17.218883	-1.250000	13.937380	1.586411	
723	-15.625000	-2.037087	13.863794	2.240770	
723	-15.645593	-2.031250	13.863810	2.234923	
724	-15.781250	-1.993506	13.863507	2.198793	
724	-15.703125	-2.015569	13.863768	2.219566	
725	-15.703125	-2.015569	13.863768	2.219566	
725	-15.645593	-2.031250	13.863810	2.234923	
726	-15.859375	-1.969065	13.862972	2.176659	
726	-15.902917	-1.953125	13.862495	2.162482	
727	-15.859375	-1.969065	13.862972	2.176659	
727	-15.781250	-1.993506	13.863507	2.198793	
728	-15.937500	-1.940967	13.862077	2.151938	
728	-15.902917	-1.953125	13.862495	2.162482	
729	-16.015625	-1.907389	13.860669	2.122891	
729	-15.937500	-1.940967	13.862077	2.151938	
730	-16.015625	-1.907389	13.860669	2.122891	
730	-16.073264	-1.875000	13.858984	2.094726	
731	-15.000000	-2.351440	13.842438	2.591851	
731	-15.007235	-2.343750	13.843284	2.583168	
732	-15.078125	-2.279349	13.849904	2.510163	
732	-15.095745	-2.265625	13.851198	2.494565	
733	-15.078125	-2.279349	13.849904	2.510163	
733	-15.007235	-2.343750	13.843284	2.583168	
734	-15.156250	-2.223639	13.854867	2.446816	
734	-15.095745	-2.265625	13.851198	2.494565	
735	-15.156250	-2.223639	13.854867	2.446816	
735	-15.218000	-2.187500	13.857637	2.405736	
736	-15.312500	-2.141781	13.860535	2.354028	
736	-15.234375	-2.178733	13.858248	2.395799	
737	-15.234375	-2.178733	13.858248	2.395799	
737	-15.218000	-2.187500	13.857637	2.405736	
738	-15.546875	-2.059505	13.863561	2.263836	
738	-15.468750	-2.083538	13.863014	2.289489	
739	-15.625000	-2.037087	13.863794	2.240770	
739	-15.546875	-2.059505	13.863561	2.263836	
740	-15.390625	-2.110443	13.862058	2.319014	
740	-15.393577	-2.109375	13.862103	2.317829	
741	-15.390625	-2.110443	13.862058	2.319014	
741	-15.312500	-2.141781	13.860535	2.354028	
742	-15.468750	-2.083538	13.863014	2.289489	
742	-15.393577	-2.109375	13.862103	2.317829	
743	-16.171875	-1.808416	13.854708	2.037085	
743	-16.183897	-1.796875	13.853845	2.026855	
744	-16.171875	-1.808416	13.854708	2.037085	
744	-16.093750	-1.864029	13.858363	2.085385	
745	-16.250000	-1.736048	13.848899	1.973637	
745	-16.183897	-1.796875	13.853845	2.026855	
746	-16.093750	-1.864029	13.858363	2.085385	
746	-16.073264	-1.875000	13.858984	2.094726	
747	-17.218883	-1.250000	13.937380	1.586411	
747	-17.191816	-1.171875	13.948712	1.509554	
748	-17.191816	-1.171875	13.948712	1.509554	
748	-17.187500	-1.165759	13.949650	1.503724	
749	-17.187500	-1.165759	13.949650	1.503724	
749	-17.160411	-1.093750	13.962888	1.427790	
750	-17.160411	-1.093750	13.962888	1.427790	
750	-17.109375	-1.029393	13.976584	1.359036	
751	-17.109375	-1.029393	13.976584	1.359036	
751	-17.105395	-1.015625	13.980386	1.340931	
752	-17.105395	-1.015625	13.980386	1.340931	
752	-17.048222	-0.937500	14.002671	1.224311	
753	-17.048222	-0.937500	14.002671	1.224311	
753	-17.057326	-0.859375	13.989281	1.049034	
754	-17.057326	-0.859375	13.989281	1.049034	
754	-17.104725	-0.781250	13.951919	0.938017	
755	-17.156589	-0.703125	13.922677	0.857048	
755	-17.109375	-0.764951	13.944116	0.916634	
756	-17.109375	-0.764951	13.944116	0.916634	
756	-17.104725	-0.781250	13.951919	0.938017	
757	-17.156589	-0.703125	13.922677	0.857048	
757	-17.186020	-0.625000	13.895468	0.777182	
758	-16.640625	-1.179465	13.762647	1.466878	
758	-16.644060	-1.171875	13.760611	1.458967	
759	-16.640625	-1.179465	13.762647	1.466878	
759	-16.584413	-1.250000	13.778384	1.531829	
760	-16.644060	-1.171875	13.760611	1.458967	
760	-16.703464	-1.093750	13.739382	1.382033	
761	-16.718750	-1.082791	13.736820	1.373417	
761	-16.703464	-1.093750	13.739382	1.382033	
762	-16.718750	-1.082791	13.736820	1.373417	
762	-16.766436	-1.015625	13.713139	1.296550	
763	-16.796875	-0.993688	13.706175	1.275362	
763	-16.766436	-1.015625	13.713139	1.296550	
764	-16.796875	-0.993688	13.706175	1.275362	
764	-16.817375	-0.937500	13.680486	1.173751	
765	-16.817375	-0.937500	13.680486	1.173751	
765	-16.806401	-0.859375	13.682082	1.010727	
766	-16.796875	-0.827191	13.691700	0.958399	
766	-16.742563	-0.781250	13.701930	0.906605	
767	-16.806401	-0.859375	13.682082	1.010727	
767	-16.796875	-0.827191	13.691700	0.958399	
768	-16.718750	-0.730704	13.712621	0.847156	
768	-16.690944	-0.703125	13.717187	0.819636	
769	-16.690944	-0.703125	13.717187	0.819636	
769	-16.652343	-0.625000	13.729047	0.738054	
770	-16.742563	-0.781250	13.701930	0.906605	
770	-16.718750	-0.730704	13.712621	0.847156	
771	-16.652343	-0.625000	13.729047	0.738054	
771	-16.640625	-0.583254	13.734358	0.695169	
772	-16.640625	-0.583254	13.734358	0.695169	
772	-16.623026	-0.546875	13.738313	0.659482	
773	-16.623026	-0.546875	13.738313	0.659482	
773	-16.604518	-0.468750	13.745479	0.582629	
774	-16.604518	-0.468750	13.745479	0.582629	
774	-16.598087	-0.390625	13.750797	0.507083	
775	-16.598087	-0.390625	13.750797	0.507083	
775	-16.603396	-0.312500	13.754392	0.432880	
776	-16.603396	-0.312500	13.754392	0.432880	
776	-16.622566	-0.234375	13.756314	0.360138	
777	-16.640625	-0.191428	13.756651	0.320901	
777	-16.622566	-0.234375	13.756314	0.360138	
778	-16.640625	-0.191428	13.756651	0.320901	
778	-16.660166	-0.156250	13.756533	0.289267	
779	-16.718750	-0.084981	13.755132	0.227155	
779	-16.660166	-0.156250	13.756533	0.289267	
780	-16.718750	-0.084981	13.755132	0.227155	
780	-16.728135	-0.078125	13.754911	0.221443	
781	-16.796875	-0.033596	13.753052	0.185774	
781	-16.728135	-0.078125	13.754911	0.221443	
782	-16.875000	-0.013050	13.752100	0.173352	
782	-16.796875	-0.033596	13.753052	0.185774	
783	-17.212428	-0.546875	13.871698	0.702698	
783	-17.187500	-0.617786	13.893019	0.769739	
784	-17.212428	-0.546875	13.871698	0.702698	
784	-17.225054	-0.468750	13.849517	0.628109	
785	-17.225054	-0.468750	13.849517	0.628109	
785	-17.226863	-0.390625	13.829033	0.553901	
786	-17.226863	-0.390625	13.829033	0.553901	
786	-17.217443	-0.312500	13.810144	0.479721	
787	-17.187500	-0.617786	13.893019	0.769739	
787	-17.186020	-0.625000	13.895468	0.777182	
788	-17.187500	-0.214394	13.788651	0.386081	
788	-17.153307	-0.156250	13.776979	0.329226	
789	-16.953125	-0.015457	13.753063	0.182367	
789	-16.875000	-0.013050	13.752100	0.173352	
790	-17.031250	-0.041325	13.757073	0.213069	
790	-16.953125	-0.015457	13.753063	0.182367	
791	-17.153307	-0.156250	13.776979	0.329226	
791	-17.109375	-0.098533	13.766512	0.272511	
792	-17.109375	-0.098533	13.766512	0.272511	
792	-17.081422	-0.078125	13.762893	0.251016	
793	-17.081422	-0.078125	13.762893	0.251016	
793	-17.031250	-0.041325	13.757073	0.213069	
794	-17.217443	-0.312500	13.810144	0.479721	
794	-17.195319	-0.234375	13.792818	0.405204	
795	-17.195319	-0.234375	13.792818	0.405204	
795	-17.187500	-0.214394	13.788651	0.386081	
796	-28.373991	-17.109375	5.939323	6.263722	
796	-28.359375	-17.169223	5.913596	6.271681	
797	-28.359375	-17.169223	5.913596	6.271681	
797	-28.294385	-17.187500	5.894568	6.278741	
798	-28.281250	-17.176602	5.893274	6.276348	
798	-28.302792	-17.109375	5.886421	6.255719	
799	-28.302792	-17.109375	5.886421	6.255719	
799	-28.283682	-17.031250	5.874673	6.166134	
800	-28.373991	-17.109375	5.939323	6.263722	
800	-28.434669	-17.031250	6.049088	6.124773	
801	-28.281250	-17.176602	5.893274	6.276348	
801	-28.272999	-17.187500	5.893356	6.278490	
802	-28.437500	-16.956896	6.031916	6.025914	
802	-28.434669	-17.031250	6.049088	6.124773	
803	-28.359375	-16.953413	5.966460	6.017054	
803	-28.410937	-16.953125	6.019091	6.015004	
804	-28.359375	-16.953413	5.966460	6.017054	
804	-28.283682	-17.031250	5.874673	6.166134	
805	-28.410937	-16.953125	6.019091	6.015004	
805	-28.423300	-16.875000	6.017423	5.998786	
806	-28.449689	-16.953125	6.032501	6.027132	
806	-28.437500	-16.956896	6.031916	6.025914	
807	-28.449689	-16.953125	6.032501	6.027132	
807	-28.459554	-16.875000	6.022059	5.998797	
808	-28.459554	-16.875000	6.022059	5.998797	
808	-28.437500	-16.833078	6.022144	5.993346	
809	-28.437500	-16.833078	6.022144	5.993346	
809	-28.423300	-16.875000	6.017423	5.998786	
810	-44.453125	-24.762663	-6.361853	1.483686	
810	-44.403877	-24.687500	-6.404745	1.437906	
811	-44.497215	-24.687500	-6.298960	1.444868	
811	-44.453125	-24.762663	-6.361853	1.483686	
812	-56.255328	-14.765625	-14.762500	2.114201	
812	-56.250000	-14.793921	-14.778497	2.117126	
813	-56.255328	-14.765625	-14.762500	2.114201	
813	-56.326085	-14.687500	-14.666226	1.940161	
814	-56.326085	-14.687500	-14.666226	1.940161	
814	-56.269875	-14.609375	-14.764117	1.733443	
815	-56.269875	-14.609375	-14.764117	1.733443	
815	-56.250000	-14.549256	-14.804054	1.723896	
816	-56.250000	-14.793921	-14.778497	2.117126	
816	-56.242154	-14.765625	-14.782306	2.118385	
817	-56.242154	-14.765625	-14.782306	2.118385	
817	-56.173725	-14.687500	-14.947212	1.909593	
818	-56.173725	-14.687500	-14.947212	1.909593	
818	-56.228988	-14.609375	-14.833948	1.724789	
819	-56.250000	-14.549256	-14.804054	1.723896	
819	-56.228988	-14.609375	-14.833948	1.724789	
820	-45.000000	-4.913082	-4.722265	3.717369	
820	-44.998171	-4.843750	-4.722849	3.716590	
821	-44.998171	-4.843750	-4.722849	3.716590	
821	-44.978883	-4.765625	-4.744081	3.707573	
822	-44.978883	-4.765625	-4.744081	3.707573	
822	-44.926344	-4.687500	-4.783765	3.588016	
823	-44.926344	-4.687500	-4.783765	3.588016	
823	-44.990857	-4.609375	-4.714075	3.483823	
824	-45.000000	-4.535501	-4.712550	3.481013	
824	-44.990857	-4.609375	-4.714075	3.483823	
825	-45.001648	-4.843750	-4.722299	3.716574	
825	-45.000000	-4.913082	-4.722265	3.717369	
826	-45.001648	-4.843750	-4.722299	3.716574	
826	-45.019510	-4.765625	-4.696032	3.704122	
827	-45.019510	-4.765625	-4.696032	3.704122	
827	-45.074034	-4.687500	-4.658671	3.578629	
828	-45.074034	-4.687500	-4.658671	3.578629	
828	-45.008844	-4.609375	-4.701282	3.485584	
829	-45.008844	-4.609375	-4.701282	3.485584	
829	-45.000000	-4.535501	-4.712550	3.481013	
830	-70.959128	-14.765625	-28.471915	1.163138	
830	-70.937500	-14.823196	-28.526224	1.172486	
831	-70.959128	-14.765625	-28.471915	1.163138	
831	-71.012192	-14.687500	-28.380256	0.950509	
832	-70.937500	-14.823196	-28.526224	1.172486	
832	-70.910037	-14.765625	-28.578640	1.164128	
833	-70.910037	-14.765625	-28.578640	1.164128	
833	-70.863173	-14.687500	-28.644079	0.973568	
834	-70.937500	-14.609735	-28.495677	0.819992	
834	-70.863173	-14.687500	-28.644079	0.973568	
835	-71.012192	-14.687500	-28.380256	0.950509	
835	-70.937500	-14.609735	-28.495677	0.819992	
836	-68.970495	-1.562500	-26.416482	4.597071	
836	-68.906250	-1.488460	-26.529942	4.535850	
837	-68.906250	-1.488460	-26.529942	4.535850	
837	-68.841719	-1.562500	-26.648747	4.624272	
838	11.486968	-65.390625	9.533158	-18.382783	
838	11.562500	-65.441140	9.443572	-18.315631	
839	11.486968	-65.390625	9.533158	-18.382783	
839	11.498899	-65.312500	9.518081	-18.485393	
840	11.718750	-65.313139	8.982734	-18.618831	
840	11.722772	-65.312500	8.982736	-18.618704	
841	11.562500	-65.441140	9.443572	-18.315631	
841	11.640625	-65.429182	9.211733	-18.332726	
842	11.640625	-65.429182	9.211733	-18.332726	
842	11.695202	-65.390625	9.024289	-18.481449	
843	11.695202	-65.390625	9.024289	-18.481449	
843	11.718750	-65.313139	8.982734	-18.618831	
844	11.562500	-65.269742	9.362135	-18.655063	
844	11.640625	-65.246836	9.098227	-18.702631	
845	11.640625	-65.246836	9.098227	-18.702631	
845	11.718750	-65.310090	8.983419	-18.622080	
846	11.718750	-65.310090	8.983419	-18.622080	
846	11.722772	-65.312500	8.982736	-18.618704	
847	11.498899	-65.312500	9.518081	-18.485393	
847	11.562500	-65.269742	9.362135	-18.655063	
848	15.401997	-67.343750	11.123861	-21.106825	
848	15.468750	-67.405257	10.997246	-20.984488	
849	15.468750	-67.405257	10.997246	-20.984488	
849	15.544948	-67.343750	10.840638	-21.177018	
850	15.468750	-67.278088	10.925747	-21.208675	
850	15.544948	-67.343750	10.840638	-21.177018	
851	15.401997	-67.343750	11.123861	-21.106825	
851	15.468750	-67.278088	10.925747	-21.208675	
852	32.265625	-56.696376	16.282659	-17.371011	
852	32.197308	-56.640625	16.321934	-17.381319	
853	32.265625	-56.696376	16.282659	-17.371011	
853	32.305555	-56.640625	16.155555	-17.415599	
854	32.265625	-56.600233	16.240817	-17.531651	
854	32.305555	-56.640625	16.155555	-17.415599	
855	32.197308	-56.640625	16.321934	-17.381319	
855	32.265625	-56.600233	16.240817	-17.531651	
856	24.766318	-40.156250	6.132936	-3.496614	
856	24.843750	-40.233443	6.105731	-3.479281	
857	24.843750	-40.233443	6.105731	-3.479281	
857	24.920886	-40.156250	6.003298	-3.563617	
858	24.843750	-40.079320	6.039059	-3.592895	
858	24.920886	-40.156250	6.003298	-3.563617	
859	24.766318	-40.156250	6.132936	-3.496614	
859	24.843750	-40.079320	6.039059	-3.592895	
860	8.750000	-42.851914	2.640200	0.524151	
860	8.823011	-42.812500	2.617284	0.471502	
861	8.750000	-42.767164	2.662763	0.426775	
861	8.823011	-42.812500	2.617284	0.471502	
862	8.688534	-42.812500	2.799157	0.448754	
862	8.750000	-42.851914	2.640200	0.524151	
863	8.688534	-42.812500	2.799157	0.448754	
863	8.750000	-42.767164	2.662763	0.426775	
864	1.250000	-43.692878	3.089181	1.446511	
864	1.328125	-43.715268	3.080409	1.468334	
865	1.328125	-43.715268	3.080409	1.468334	
865	1.406250	-43.727649	3.061272	1.501299	
866	1.328125	-43.627026	3.088609	1.414088	
866	1.358070	-43.593750	3.083493	1.386023	
867	1.250000	-43.660897	3.090590	1.433959	
867	1.328125	-43.627026	3.088609	1.414088	
868	1.406250	-43.727649	3.061272	1.501299	
868	1.484375	-43.734288	3.022631	1.551212	
869	1.484375	-43.734288	3.022631	1.551212	
869	1.562500	-43.738144	2.940726	1.624660	
870	1.406250	-43.582997	3.078022	1.365012	
870	1.484375	-43.554605	3.052055	1.296390	
871	1.484375	-43.554605	3.052055	1.296390	
871	1.562500	-43.524967	2.973957	1.176850	
872	1.358070	-43.593750	3.083493	1.386023	
872	1.406250	-43.582997	3.078022	1.365012	
873	1.562500	-43.738144	2.940726	1.624660	
873	1.640625	-43.741907	2.771224	1.704613	
874	1.640625	-43.741907	2.771224	1.704613	
874	1.718750	-43.737900	2.526676	1.710379	
875	1.718750	-43.737900	2.526676	1.710379	
875	1.796875	-43.706790	2.296539	1.598628	
876	1.796875	-43.706790	2.296539	1.598628	
876	1.871487	-43.671875	2.184162	1.461630	
877	1.871487	-43.671875	2.184162	1.461630	
877	1.875000	-43.666971	2.178568	1.451308	
878	1.796875	-43.468852	2.321075	1.070013	
878	1.875000	-43.473190	2.216668	1.147234	
879	1.718750	-43.467323	2.513472	1.007029	
879	1.796875	-43.468852	2.321075	1.070013	
880	1.562500	-43.524967	2.973957	1.176850	
880	1.583862	-43.515625	2.932174	1.134364	
881	1.640625	-43.491533	2.769903	1.035363	
881	1.718750	-43.467323	2.513472	1.007029	
882	1.583862	-43.515625	2.932174	1.134364	
882	1.640625	-43.491533	2.769903	1.035363	
883	1.953125	-43.628593	2.141839	1.359017	
883	2.031250	-43.597557	2.132174	1.314724	
884	1.875000	-43.666971	2.178568	1.451308	
884	1.953125	-43.628593	2.141839	1.359017	
885	2.031250	-43.597557	2.132174	1.314724	
885	2.049349	-43.593750	2.131517	1.310033	
886	2.049349	-43.593750	2.131517	1.310033	
886	2.109375	-43.534041	2.129882	1.274823	
887	2.109375	-43.534041	2.129882	1.274823	
887	2.170286	-43.515625	2.130085	1.270667	
888	2.109375	-43.497515	2.133294	1.259265	
888	2.170286	-43.515625	2.130085	1.270667	
889	2.031250	-43.484260	2.144457	1.236842	
889	2.109375	-43.497515	2.133294	1.259265	
890	1.953125	-43.477483	2.167894	1.201890	
890	2.031250	-43.484260	2.144457	1.236842	
891	1.875000	-43.473190	2.216668	1.147234	
891	1.953125	-43.477483	2.167894	1.201890	
892	46.433758	-52.890625	23.880337	-19.952726	
892	46.484375	-52.923783	23.830691	-19.920337	
893	46.484375	-52.923783	23.830691	-19.920337	
893	46.505031	-52.890625	23.814720	-19.916085	
894	46.505031	-52.890625	23.814720	-19.916085	
894	46.562500	-52.889580	23.662768	-19.921186	
895	46.433758	-52.890625	23.880337	-19.952726	
895	46.422875	-52.812500	23.902082	-20.044137	
896	46.562500	-52.889580	23.662768	-19.921186	
896	46.639252	-52.812500	23.333340	-20.216236	
897	46.639252	-52.812500	23.333340	-20.216236	
897	46.640625	-52.753246	23.318868	-20.359185	
898	46.640625	-52.753246	23.318868	-20.359185	
898	46.672060	-52.734375	23.323339	-20.376410	
899	46.640625	-52.670170	23.360243	-20.436357	
899	46.672060	-52.734375	23.323339	-20.376410	
900	46.562500	-52.664646	23.467978	-20.458056	
900	46.640625	-52.670170	23.360243	-20.436357	
901	46.422875	-52.812500	23.902082	-20.044137	
901	46.484375	-52.760465	23.856467	-20.223574	
902	46.484375	-52.760465	23.856467	-20.223574	
902	46.499488	-52.734375	23.758955	-20.341776	
903	46.499488	-52.734375	23.758955	-20.341776	
903	46.562500	-52.664646	23.467978	-20.458056	
904	49.218750	-52.432122	24.463559	-21.327359	
904	49.243168	-52.421875	24.461477	-21.324502	
905	49.218750	-52.389545	24.481110	-21.344138	
905	49.243168	-52.421875	24.461477	-21.324502	
906	56.015625	-40.854598	25.013236	-17.185541	
906	56.059931	-40.781250	24.939414	-17.204275	
907	55.961036	-40.781250	25.048591	-17.254403	
907	56.015625	-40.854598	25.013236	-17.185541	
908	55.961036	-40.781250	25.048591	-17.254403	
908	56.015625	-40.725431	25.028051	-17.362775	
909	56.015625	-40.725431	25.028051	-17.362775	
909	56.059931	-40.781250	24.939414	-17.204275	
910	41.897570	-34.843750	12.847514	-8.633970	
910	41.953125	-34.773930	12.757348	-8.689836	
911	41.953125	-34.773930	12.757348	-8.689836	
911	42.018277	-34.843750	12.765675	-8.682367	
912	52.500000	-24.256306	16.062615	-9.202534	
912	52.486927	-24.218750	16.074236	-9.205625	
913	52.486927	-24.218750	16.074236	-9.205625	
913	52.500000	-24.215343	16.067010	-9.201703	
914	65.703125	-21.942225	27.547443	-12.580568	
914	65.724842	-21.875000	27.555234	-12.610021	
915	65.671411	-21.875000	27.599778	-12.662828	
915	65.703125	-21.942225	27.547443	-12.580568	
916	44.126134	-12.500000	5.101236	-4.293820	
916	44.140625	-12.492977	5.097129	-4.289366	
917	44.153884	-12.500000	5.080006	-4.276669	
917	44.218750	-12.422979	4.962388	-4.444869	
918	44.140625	-12.492977	5.097129	-4.289366	
918	44.218213	-12.421875	4.963524	-4.449556	
919	44.218213	-12.421875	4.963524	-4.449556	
919	44.208735	-12.343750	5.034573	-4.555713	
920	44.218750	-12.422979	4.962388	-4.444869	
920	44.219447	-12.421875	4.963233	-4.448394	
921	44.219447	-12.421875	4.963233	-4.448394	
921	44.232374	-12.343750	5.022316	-4.550606	
922	44.218750	-12.282445	5.029870	-4.558134	
922	44.232374	-12.343750	5.022316	-4.550606	
923	44.208735	-12.343750	5.034573	-4.555713	
923	44.218750	-12.282445	5.029870	-4.558134	
924	3.643498	-26.328125	0.181383	11.465803	
924	3.671875	-26.345897	0.167400	11.466747	
925	3.671875	-26.345897	0.167400	11.466747	
925	3.750000	-26.370474	0.124712	11.473246	
926	3.643498	-26.328125	0.181383	11.465803	
926	3.604167	-26.250000	0.197212	11.466037	
927	4.062500	-26.287010	-0.097444	11.550505	
927	4.106864	-26.250000	-0.134319	11.566649	
928	3.906250	-26.354213	0.025753	11.501162	
928	3.968559	-26.328125	-0.017879	11.517316	
929	3.984375	-26.323975	-0.030869	11.522469	
929	4.062500	-26.287010	-0.097444	11.550505	
930	3.968559	-26.328125	-0.017879	11.517316	
930	3.984375	-26.323975	-0.030869	11.522469	
931	3.750000	-26.370474	0.124712	11.473246	
931	3.828125	-26.370298	0.077474	11.484777	
932	3.828125	-26.370298	0.077474	11.484777	
932	3.906250	-26.354213	0.025753	11.501162	
933	3.984375	-25.952556	-0.003320	11.343266	
933	4.062500	-25.946758	-0.048057	11.301374	
934	3.906250	-25.966303	0.036992	11.378075	
934	3.984375	-25.952556	-0.003320	11.343266	
935	3.750000	-26.028195	0.114901	11.432618	
935	3.766313	-26.015625	0.105964	11.427335	
936	3.828125	-25.990060	0.075846	11.407606	
936	3.906250	-25.966303	0.036992	11.378075	
937	3.766313	-26.015625	0.105964	11.427335	
937	3.828125	-25.990060	0.075846	11.407606	
938	4.106864	-26.250000	-0.134319	11.566649	
938	4.140625	-26.238537	-0.179491	11.586467	
939	4.140625	-26.238537	-0.179491	11.586467	
939	4.218750	-26.193938	-0.313619	11.636611	
940	4.218750	-26.193938	-0.313619	11.636611	
940	4.239981	-26.171875	-0.359097	11.649311	
941	4.296875	-26.164525	-0.545664	11.664248	
941	4.375000	-26.142163	-0.759508	11.598366	
942	4.239981	-26.171875	-0.359097	11.649311	
942	4.296875	-26.164525	-0.545664	11.664248	
943	4.218750	-25.940385	-0.217234	11.166690	
943	4.233758	-25.937500	-0.252544	11.148865	
944	4.140625	-25.944936	-0.107156	11.246383	
944	4.218750	-25.940385	-0.217234	11.166690	
945	4.062500	-25.946758	-0.048057	11.301374	
945	4.140625	-25.944936	-0.107156	11.246383	
946	4.233758	-25.937500	-0.252544	11.148865	
946	4.296875	-25.905591	-0.457913	11.105701	
947	4.296875	-25.905591	-0.457913	11.105701	
947	4.375000	-25.870575	-0.676572	11.142186	
948	4.453125	-26.130434	-0.866827	11.518170	
948	4.531250	-26.124424	-0.924925	11.462844	
949	4.375000	-26.142163	-0.759508	11.598366	
949	4.453125	-26.130434	-0.866827	11.518170	
950	4.609375	-26.114869	-0.968998	11.420770	
950	4.687500	-26.097955	-1.008456	11.386046	
951	4.531250	-26.124424	-0.924925	11.462844	
951	4.609375	-26.114869	-0.968998	11.420770	
952	4.687500	-26.097955	-1.008456	11.386046	
952	4.704320	-26.093750	-1.016492	11.379460	
953	4.843750	-26.026181	-1.085509	11.331085	
953	4.862513	-26.015625	-1.094387	11.326035	
954	4.921875	-25.954076	-1.126344	11.310394	
954	4.939281	-25.937500	-1.135057	11.306896	
955	4.862513	-26.015625	-1.094387	11.326035	
955	4.921875	-25.954076	-1.126344	11.310394	
956	4.704320	-26.093750	-1.016492	11.379460	
956	4.765625	-26.068299	-1.047202	11.356035	
957	4.765625	-26.068299	-1.047202	11.356035	
957	4.843750	-26.026181	-1.085509	11.331085	
958	4.939281	-25.937500	-1.135057	11.306896	
958	4.976666	-25.859375	-1.157974	11.299692	
959	4.976666	-25.859375	-1.157974	11.299692	
959	4.976603	-25.781250	-1.163121	11.298670	
960	4.921875	-25.711420	-1.139042	11.298680	
960	4.909448	-25.703125	-1.132668	11.298226	
961	4.921875	-25.711420	-1.139042	11.298680	
961	4.976603	-25.781250	-1.163121	11.298670	
962	4.843750	-25.684819	-1.096766	11.293539	
962	4.909448	-25.703125	-1.132668	11.298226	
963	4.687500	-25.703909	-0.998521	11.268518	
963	4.692191	-25.703125	-1.001890	11.269599	
964	4.765625	-25.685718	-1.049733	11.283379	
964	4.843750	-25.684819	-1.096766	11.293539	
965	4.692191	-25.703125	-1.001890	11.269599	
965	4.765625	-25.685718	-1.049733	11.283379	
966	4.375000	-25.870575	-0.676572	11.142186	
966	4.415960	-25.859375	-0.759643	11.172918	
967	4.453125	-25.820207	-0.796951	11.188455	
967	4.526741	-25.781250	-0.875945	11.222082	
968	4.415960	-25.859375	-0.759643	11.172918	
968	4.453125	-25.820207	-0.796951	11.188455	
969	4.531250	-25.776143	-0.878726	11.223246	
969	4.609375	-25.733958	-0.942027	11.248631	
970	4.609375	-25.733958	-0.942027	11.248631	
970	4.687500	-25.703909	-0.998521	11.268518	
971	4.526741	-25.781250	-0.875945	11.222082	
971	4.531250	-25.776143	-0.878726	11.223246	
972	3.604167	-26.250000	0.197212	11.466037	
972	3.614498	-26.171875	0.187356	11.464031	
973	3.614498	-26.171875	0.187356	11.464031	
973	3.665605	-26.093750	0.158267	11.454151	
974	3.665605	-26.093750	0.158267	11.454151	
974	3.671875	-26.088966	0.155190	11.452866	
975	3.671875	-26.088966	0.155190	11.452866	
975	3.750000	-26.028195	0.114901	11.432618	
976	6.338266	-29.218750	-0.512863	9.749526	
976	6.406250	-29.281309	-0.533405	9.758451	
977	6.484375	-29.284762	-0.607654	9.772157	
977	6.562500	-29.230924	-0.770967	9.716908	
978	6.406250	-29.281309	-0.533405	9.758451	
978	6.484375	-29.284762	-0.607654	9.772157	
979	6.406250	-29.197338	-0.535973	9.721712	
979	6.484375	-29.160966	-0.625266	9.626926	
980	6.484375	-29.160966	-0.625266	9.626926	
980	6.562500	-29.145506	-0.773391	9.621788	
981	6.338266	-29.218750	-0.512863	9.749526	
981	6.406250	-29.197338	-0.535973	9.721712	
982	39.080037	-23.671875	5.868511	-3.294824	
982	39.140625	-23.741459	5.859920	-3.285322	
983	39.140625	-23.741459	5.859920	-3.285322	
983	39.200375	-23.671875	5.841670	-3.287918	
984	39.200375	-23.671875	5.841670	-3.287918	
984	39.218750	-23.664587	5.833574	-3.288228	
985	39.080037	-23.671875	5.868511	-3.294824	
985	39.107200	-23.593750	5.877140	-3.316352	
986	39.218750	-23.664587	5.833574	-3.288228	
986	39.259621	-23.593750	5.808640	-3.289216	
987	39.259621	-23.593750	5.808640	-3.289216	
987	39.296875	-23.571594	5.774568	-3.289949	
988	39.296875	-23.571594	5.774568	-3.289949	
988	39.321203	-23.515625	5.740463	-3.292028	
989	39.321203	-23.515625	5.740463	-3.292028	
989	39.375000	-23.459912	5.626044	-3.313505	
990	39.107200	-23.593750	5.877140	-3.316352	
990	39.140625	-23.536254	5.887267	-3.338075	
991	39.140625	-23.536254	5.887267	-3.338075	
991	39.145846	-23.515625	5.893350	-3.350623	
992	39.145846	-23.515625	5.893350	-3.350623	
992	39.180261	-23.437500	5.921709	-3.415796	
993	39.180261	-23.437500	5.921709	-3.415796	
993	39.218750	-23.403010	5.933596	-3.448853	
994	39.218750	-23.403010	5.933596	-3.448853	
994	39.223794	-23.359375	5.955778	-3.542613	
995	39.223794	-23.359375	5.955778	-3.542613	
995	39.259128	-23.281250	5.929704	-3.774659	
996	39.259128	-23.281250	5.929704	-3.774659	
996	39.296875	-23.235711	5.828490	-3.930605	
997	39.296875	-23.235711	5.828490	-3.930605	
997	39.328941	-23.203125	5.718710	-4.007875	
998	39.328941	-23.203125	5.718710	-4.007875	
998	39.375000	-23.129231	5.579283	-4.050963	
999	39.375000	-23.459912	5.626044	-3.313505	
999	39.383768	-23.437500	5.589395	-3.325952	
1000	39.383768	-23.437500	5.589395	-3.325952	
1000	39.447145	-23.359375	5.368138	-3.522787	
1001	39.453125	-23.326400	5.327022	-3.628567	
1001	39.501904	-23.281250	5.320245	-3.775205	
1002	39.447145	-23.359375	5.368138	-3.522787	
1002	39.453125	-23.326400	5.327022	-3.628567	
1003	39.531250	-23.174259	5.368232	-3.959043	
1003	39.568797	-23.125000	5.382736	-3.990246	
1004	39.501904	-23.281250	5.320245	-3.775205	
1004	39.526070	-23.203125	5.353000	-3.922860	
1005	39.526070	-23.203125	5.353000	-3.922860	
1005	39.531250	-23.174259	5.368232	-3.959043	
1006	39.375000	-23.129231	5.579283	-4.050963	
1006	39.389795	-23.125000	5.554251	-4.054411	
1007	39.389795	-23.125000	5.554251	-4.054411	
1007	39.441210	-23.046875	5.486902	-4.059573	
1008	39.453125	-23.013934	5.476093	-4.060043	
1008	39.506086	-22.968750	5.444159	-4.061591	
1009	39.441210	-23.046875	5.486902	-4.059573	
1009	39.453125	-23.013934	5.476093	-4.060043	
1010	39.568797	-23.125000	5.382736	-3.990246	
1010	39.602046	-23.046875	5.402003	-4.029021	
1011	39.609375	-23.018583	5.407026	-4.039412	
1011	39.631019	-22.968750	5.412400	-4.052124	
1012	39.602046	-23.046875	5.402003	-4.029021	
1012	39.609375	-23.018583	5.407026	-4.039412	
1013	39.531250	-22.919135	5.433512	-4.062982	
1013	39.586891	-22.890625	5.420407	-4.065607	
1014	39.631019	-22.968750	5.412400	-4.052124	
1014	39.634660	-22.890625	5.416270	-4.066088	
1015	39.609375	-22.860915	5.416947	-4.067671	
1015	39.634660	-22.890625	5.416270	-4.066088	
1016	39.586891	-22.890625	5.420407	-4.065607	
1016	39.609375	-22.860915	5.416947	-4.067671	
1017	39.506086	-22.968750	5.444159	-4.061591	
1017	39.531250	-22.919135	5.433512	-4.062982	
1018	27.532145	-15.625000	-4.670407	2.436758	
1018	27.578125	-15.598289	-4.665779	2.405521	
1019	27.578125	-15.598289	-4.665779	2.405521	
1019	27.581184	-15.546875	-4.656311	2.268599	
1020	27.581184	-15.546875	-4.656311	2.268599	
1020	27.643052	-15.468750	-4.800120	1.957386	
1021	27.708863	-15.625000	-4.867479	2.464560	
1021	27.734375	-15.613321	-4.928425	2.419668	
1022	27.734375	-15.613321	-4.928425	2.419668	
1022	27.792338	-15.546875	-5.061647	2.163260	
1023	27.792338	-15.546875	-5.061647	2.163260	
1023	27.812500	-15.471137	-5.060152	1.967075	
1024	27.656250	-15.428695	-4.871825	1.908867	
1024	27.693118	-15.390625	-4.944922	1.872226	
1025	27.693118	-15.390625	-4.944922	1.872226	
1025	27.729825	-15.312500	-5.000123	1.843728	
1026	27.643052	-15.468750	-4.800120	1.957386	
1026	27.656250	-15.428695	-4.871825	1.908867	
1027	27.812500	-15.471137	-5.060152	1.967075	
1027	27.818544	-15.468750	-5.059717	1.964708	
1028	27.818544	-15.468750	-5.059717	1.964708	
1028	27.867424	-15.390625	-5.045307	1.878840	
1029	27.867424	-15.390625	-5.045307	1.878840	
1029	27.884506	-15.312500	-5.042929	1.827025	
1030	27.812500	-15.244543	-5.043092	1.810263	
1030	27.884506	-15.312500	-5.042929	1.827025	
1031	27.729825	-15.312500	-5.000123	1.843728	
1031	27.734375	-15.299975	-5.006132	1.840127	
1032	27.734375	-15.299975	-5.006132	1.840127	
1032	27.812500	-15.244543	-5.043092	1.810263	
1033	34.871544	-19.765625	1.435321	-1.165945	
1033	34.921875	-19.834765	1.422269	-1.139429	
1034	34.921875	-19.834765	1.422269	-1.139429	
1034	34.940295	-19.765625	1.393982	-1.152578	
1035	34.940295	-19.765625	1.393982	-1.152578	
1035	35.000000	-19.696768	1.195652	-1.386620	
1036	34.921875	-19.732460	1.433830	-1.193688	
1036	34.980978	-19.687500	1.208018	-1.419545	
1037	34.871544	-19.765625	1.435321	-1.165945	
1037	34.921875	-19.732460	1.433830	-1.193688	
1038	34.980978	-19.687500	1.208018	-1.419545	
1038	34.990882	-19.609375	1.220784	-1.480307	
1039	34.990882	-19.609375	1.220784	-1.480307	
1039	35.000000	-19.567617	1.210622	-1.486424	
1040	35.000000	-19.696768	1.195652	-1.386620	
1040	35.018557	-19.687500	1.198632	-1.407218	
1041	35.018557	-19.687500	1.198632	-1.407218	
1041	35.032880	-19.609375	1.208237	-1.480624	
1042	35.000000	-19.567617	1.210622	-1.486424	
1042	35.032880	-19.609375	1.208237	-1.480624	
1043	28.992965	-2.812500	-8.671426	-1.192414	
1043	29.062500	-2.833325	-8.671842	-1.189914	
1044	29.062500	-2.833325	-8.671842	-1.189914	
1044	29.084033	-2.812500	-8.675865	-1.199683	
1045	29.084033	-2.812500	-8.675865	-1.199683	
1045	29.140625	-2.763339	-8.692462	-1.226815	
1046	29.140625	-2.763339	-8.692462	-1.226815	
1046	29.150833	-2.734375	-8.702015	-1.239349	
1047	29.150833	-2.734375	-8.702015	-1.239349	
1047	29.172751	-2.656250	-8.734500	-1.275234	
1048	29.172751	-2.656250	-8.734500	-1.275234	
1048	29.183010	-2.578125	-8.777070	-1.315155	
1049	29.183010	-2.578125	-8.777070	-1.315155	
1049	29.187832	-2.500000	-8.839284	-1.371167	
1050	28.951858	-2.734375	-8.667949	-1.225997	
1050	28.984375	-2.809664	-8.671440	-1.193357	
1051	28.984375	-2.809664	-8.671440	-1.193357	
1051	28.992965	-2.812500	-8.671426	-1.192414	
1052	28.951858	-2.734375	-8.667949	-1.225997	
1052	28.945636	-2.656250	-8.656328	-1.266718	
1053	28.945636	-2.656250	-8.656328	-1.266718	
1053	28.956127	-2.578125	-8.636449	-1.314916	
1054	28.956127	-2.578125	-8.636449	-1.314916	
1054	28.983867	-2.500000	-8.607585	-1.373789	
1055	28.983867	-2.500000	-8.607585	-1.373789	
1055	28.984375	-2.499586	-8.607496	-1.373967	
1056	28.984375	-2.499586	-8.607496	-1.373967	
1056	28.998912	-2.421875	-8.559519	-1.485376	
1057	28.998912	-2.421875	-8.559519	-1.485376	
1057	29.003448	-2.343750	-8.542390	-1.697641	
1058	29.003448	-2.343750	-8.542390	-1.697641	
1058	29.028680	-2.265625	-8.636009	-1.916936	
1059	29.028680	-2.265625	-8.636009	-1.916936	
1059	29.035061	-2.187500	-8.722496	-2.007514	
1060	29.187832	-2.500000	-8.839284	-1.371167	
1060	29.201944	-2.421875	-8.947245	-1.505540	
1061	29.201944	-2.421875	-8.947245	-1.505540	
1061	29.215653	-2.343750	-9.003445	-1.751730	
1062	29.218750	-2.270305	-8.957641	-1.925914	
1062	29.224651	-2.265625	-8.956118	-1.929141	
1063	29.224651	-2.265625	-8.956118	-1.929141	
1063	29.254523	-2.187500	-8.917225	-2.006019	
1064	29.215653	-2.343750	-9.003445	-1.751730	
1064	29.218750	-2.270305	-8.957641	-1.925914	
1065	29.254523	-2.187500	-8.917225	-2.006019	
1065	29.269085	-2.109375	-8.890095	-2.061055	
1066	29.269085	-2.109375	-8.890095	-2.061055	
1066	29.272288	-2.031250	-8.872464	-2.105025	
1067	29.272288	-2.031250	-8.872464	-2.105025	
1067	29.255080	-1.953125	-8.862603	-2.142718	
1068	29.218750	-1.891366	-8.860713	-2.167498	
1068	29.255080	-1.953125	-8.862603	-2.142718	
1069	29.062500	-1.977213	-8.831541	-2.117855	
1069	29.080681	-1.953125	-8.841020	-2.130982	
1070	29.140625	-1.882590	-8.859364	-2.165185	
1070	29.218750	-1.891366	-8.860713	-2.167498	
1071	29.080681	-1.953125	-8.841020	-2.130982	
1071	29.140625	-1.882590	-8.859364	-2.165185	
1072	29.035061	-2.187500	-8.722496	-2.007514	
1072	29.038761	-2.109375	-8.774095	-2.055316	
1073	29.038761	-2.109375	-8.774095	-2.055316	
1073	29.049467	-2.031250	-8.811337	-2.093497	
1074	29.049467	-2.031250	-8.811337	-2.093497	
1074	29.062500	-1.977213	-8.831541	-2.117855	
1075	5.781250	-14.181998	-4.611696	13.956879	
1075	5.859375	-14.202213	-4.668200	13.932937	
1076	5.859375	-14.202213	-4.668200	13.932937	
1076	5.937500	-14.214936	-4.727796	13.908072	
1077	5.671137	-14.140625	-4.537249	13.989000	
1077	5.703125	-14.154136	-4.558277	13.979858	
1078	5.703125	-14.154136	-4.558277	13.979858	
1078	5.781250	-14.181998	-4.611696	13.956879	
1079	5.625000	-14.117131	-4.508433	14.001622	
1079	5.671137	-14.140625	-4.537249	13.989000	
1080	6.015625	-14.220532	-4.790445	13.882346	
1080	6.093750	-14.219068	-4.856241	13.855775	
1081	5.989365	-14.218750	-4.769276	13.890992	
1081	6.015625	-14.220532	-4.790445	13.882346	
1082	6.093750	-14.219068	-4.856241	13.855775	
1082	6.096282	-14.218750	-4.858479	13.854879	
1083	6.096282	-14.218750	-4.858479	13.854879	
1083	6.171875	-14.210834	-4.925243	13.828398	
1084	6.171875	-14.210834	-4.925243	13.828398	
1084	6.250000	-14.195513	-4.997763	13.800164	
1085	5.937500	-14.214936	-4.727796	13.908072	
1085	5.989365	-14.218750	-4.769276	13.890992	
1086	5.546875	-14.070763	-4.462243	14.022100	
1086	5.625000	-14.117131	-4.508433	14.001622	
1087	5.533776	-14.062500	-4.454703	14.025474	
1087	5.546875	-14.070763	-4.462243	14.022100	
1088	5.437160	-13.984375	-4.405587	14.047701	
1088	5.468750	-14.010549	-4.421358	14.040512	
1089	5.390625	-13.933168	-4.387139	14.056184	
1089	5.437160	-13.984375	-4.405587	14.047701	
1090	5.365373	-13.906250	-4.376882	14.060944	
1090	5.390625	-13.933168	-4.387139	14.056184	
1091	5.468750	-14.010549	-4.421358	14.040512	
1091	5.533776	-14.062500	-4.454703	14.025474	
1092	5.365373	-13.906250	-4.376882	14.060944	
1092	5.312852	-13.828125	-4.364115	14.066931	
1093	5.312500	-13.827327	-4.364136	14.066921	
1093	5.312852	-13.828125	-4.364115	14.066931	
1094	5.273691	-13.750000	-4.362596	14.067652	
1094	5.312500	-13.827327	-4.364136	14.066921	
1095	6.484375	-14.096929	-5.243214	13.708854	
1095	6.529168	-14.062500	-5.298023	13.689414	
1096	6.406250	-14.138021	-5.156459	13.740355	
1096	6.484375	-14.096929	-5.243214	13.708854	
1097	6.250000	-14.195513	-4.997763	13.800164	
1097	6.328125	-14.171960	-5.074465	13.770913	
1098	6.328125	-14.171960	-5.074465	13.770913	
1098	6.398951	-14.140625	-5.148900	13.743141	
1099	6.398951	-14.140625	-5.148900	13.743141	
1099	6.406250	-14.138021	-5.156459	13.740355	
1100	6.562500	-14.041694	-5.337967	13.675481	
1100	6.622588	-13.984375	-5.419013	13.647846	
1101	6.640625	-13.970271	-5.442935	13.639859	
1101	6.692130	-13.906250	-5.521954	13.614054	
1102	6.622588	-13.984375	-5.419013	13.647846	
1102	6.640625	-13.970271	-5.442935	13.639859	
1103	6.718750	-13.877311	-5.563022	13.601005	
1103	6.746998	-13.828125	-5.615238	13.584792	
1104	6.746998	-13.828125	-5.615238	13.584792	
1104	6.789521	-13.750000	-5.700995	13.559062	
1105	6.692130	-13.906250	-5.521954	13.614054	
1105	6.718750	-13.877311	-5.563022	13.601005	
1106	6.529168	-14.062500	-5.298023	13.689414	
1106	6.562500	-14.041694	-5.337967	13.675481	
1107	6.789521	-13.750000	-5.700995	13.559062	
1107	6.796875	-13.738990	-5.715761	13.554735	
1108	6.796875	-13.738990	-5.715761	13.554735	
1108	6.824277	-13.671875	-5.786015	13.534459	
1109	6.824277	-13.671875	-5.786015	13.534459	
1109	6.851281	-13.593750	-5.874246	13.508706	
1110	6.851281	-13.593750	-5.874246	13.508706	
1110	6.875000	-13.525818	-5.977613	13.472184	
1111	6.718750	-13.292177	-5.739886	13.148436	
1111	6.645598	-13.281250	-5.662041	13.216331	
1112	6.718750	-13.292177	-5.739886	13.148436	
1112	6.777873	-13.281250	-5.859164	13.069828	
1113	6.777873	-13.281250	-5.859164	13.069828	
1113	6.796875	-13.257442	-5.924140	13.041260	
1114	6.796875	-13.257442	-5.924140	13.041260	
1114	6.812278	-13.203125	-5.995062	13.016464	
1115	6.812278	-13.203125	-5.995062	13.016464	
1115	6.830357	-13.125000	-6.070677	12.991965	
1116	6.562500	-13.250928	-5.607218	13.265608	
1116	6.640625	-13.278066	-5.659833	13.218330	
1117	6.640625	-13.278066	-5.659833	13.218330	
1117	6.645598	-13.281250	-5.662041	13.216331	
1118	6.406250	-13.219284	-5.495617	13.360741	
1118	6.484375	-13.233153	-5.551562	13.314008	
1119	6.484375	-13.233153	-5.551562	13.314008	
1119	6.562500	-13.250928	-5.607218	13.265608	
1120	6.328125	-13.208324	-5.439064	13.406115	
1120	6.273803	-13.203125	-5.398661	13.437484	
1121	6.328125	-13.208324	-5.439064	13.406115	
1121	6.406250	-13.219284	-5.495617	13.360741	
1122	6.250000	-13.199736	-5.381707	13.450407	
1122	6.273803	-13.203125	-5.398661	13.437484	
1123	7.033399	-13.515625	-6.224389	13.289700	
1123	7.109375	-13.529323	-6.279046	13.236217	
1124	7.109375	-13.529323	-6.279046	13.236217	
1124	7.187500	-13.532292	-6.337358	13.179783	
1125	7.031250	-13.515474	-6.222484	13.291558	
1125	7.033399	-13.515625	-6.224389	13.289700	
1126	6.875000	-13.525818	-5.977613	13.472184	
1126	6.888267	-13.515625	-6.019087	13.452495	
1127	6.953125	-13.507069	-6.143797	13.365306	
1127	7.031250	-13.515474	-6.222484	13.291558	
1128	6.888267	-13.515625	-6.019087	13.452495	
1128	6.953125	-13.507069	-6.143797	13.365306	
1129	7.421875	-13.490903	-6.523576	13.007143	
1129	7.500000	-13.458860	-6.591851	12.946551	
1130	7.343750	-13.513031	-6.459041	13.065679	
1130	7.421875	-13.490903	-6.523576	13.007143	
1131	7.187500	-13.532292	-6.337358	13.179783	
1131	7.265625	-13.526802	-6.397124	13.123104	
1132	7.265625	-13.526802	-6.397124	13.123104	
1132	7.331315	-13.515625	-6.449115	13.074799	
1133	7.331315	-13.515625	-6.449115	13.074799	
1133	7.343750	-13.513031	-6.459041	13.065679	
1134	6.875000	-12.977294	-6.205589	12.945670	
1134	6.879085	-12.968750	-6.214774	12.942323	
1135	6.879085	-12.968750	-6.214774	12.942323	
1135	6.910262	-12.890625	-6.288690	12.914451	
1136	6.910262	-12.890625	-6.288690	12.914451	
1136	6.945857	-12.812500	-6.364792	12.884051	
1137	6.945857	-12.812500	-6.364792	12.884051	
1137	6.953125	-12.795441	-6.380543	12.877553	
1138	6.953125	-12.795441	-6.380543	12.877553	
1138	6.989890	-12.734375	-6.447659	12.849098	
1139	6.989890	-12.734375	-6.447659	12.849098	
1139	7.031250	-12.665527	-6.521530	12.816406	
1140	7.031250	-12.665527	-6.521530	12.816406	
1140	7.039436	-12.656250	-6.533999	12.810751	
1141	7.039436	-12.656250	-6.533999	12.810751	
1141	7.099883	-12.578125	-6.629069	12.766378	
1142	7.109375	-12.564705	-6.644337	12.759049	
1142	7.175086	-12.500000	-6.735863	12.713972	
1143	7.099883	-12.578125	-6.629069	12.766378	
1143	7.109375	-12.564705	-6.644337	12.759049	
1144	6.830357	-13.125000	-6.070677	12.991965	
1144	6.852298	-13.046875	-6.142328	12.968015	
1145	6.852298	-13.046875	-6.142328	12.968015	
1145	6.875000	-12.977294	-6.205589	12.945670	
1146	5.273691	-13.750000	-4.362596	14.067652	
1146	5.251625	-13.671875	-4.375450	14.061415	
1147	5.251625	-13.671875	-4.375450	14.061415	
1147	5.246014	-13.593750	-4.402301	14.048151	
1148	5.246014	-13.593750	-4.402301	14.048151	
1148	5.259379	-13.515625	-4.445360	14.026452	
1149	5.259379	-13.515625	-4.445360	14.026452	
1149	5.300178	-13.437500	-4.511701	13.992199	
1150	5.312500	-13.424419	-4.527394	13.983965	
1150	5.379271	-13.359375	-4.610332	13.939636	
1151	5.390625	-13.352388	-4.622697	13.932913	
1151	5.468750	-13.307706	-4.706427	13.886590	
1152	5.379271	-13.359375	-4.610332	13.939636	
1152	5.390625	-13.352388	-4.622697	13.932913	
1153	5.468750	-13.307706	-4.706427	13.886590	
1153	5.525231	-13.281250	-4.764442	13.853667	
1154	5.525231	-13.281250	-4.764442	13.853667	
1154	5.546875	-13.273886	-4.785403	13.841601	
1155	5.546875	-13.273886	-4.785403	13.841601	
1155	5.625000	-13.249409	-4.860060	13.797858	
1156	5.300178	-13.437500	-4.511701	13.992199	
1156	5.312500	-13.424419	-4.527394	13.983965	
1157	6.171875	-13.194117	-5.322898	13.494219	
1157	6.250000	-13.199736	-5.381707	13.450407	
1158	6.093750	-13.191947	-5.262244	13.537894	
1158	6.171875	-13.194117	-5.322898	13.494219	
1159	6.015625	-13.192959	-5.199853	13.581387	
1159	6.093750	-13.191947	-5.262244	13.537894	
1160	5.937500	-13.197085	-5.135742	13.624714	
1160	6.015625	-13.192959	-5.199853	13.581387	
1161	5.781250	-13.215286	-5.002072	13.711123	
1161	5.859375	-13.204390	-5.069877	13.667916	
1162	5.859375	-13.204390	-5.069877	13.667916	
1162	5.870791	-13.203125	-5.079610	13.661612	
1163	5.870791	-13.203125	-5.079610	13.661612	
1163	5.937500	-13.197085	-5.135742	13.624714	
1164	5.625000	-13.249409	-4.860060	13.797858	
1164	5.703125	-13.230126	-4.932193	13.754407	
1165	5.703125	-13.230126	-4.932193	13.754407	
1165	5.781250	-13.215286	-5.002072	13.711123	
1166	7.500000	-13.458860	-6.591851	12.946551	
1166	7.543761	-13.437500	-6.631264	12.912154	
1167	7.812500	-13.171042	-6.934975	12.659679	
1167	7.840268	-13.125000	-6.974972	12.628010	
1168	7.543761	-13.437500	-6.631264	12.912154	
1168	7.578125	-13.414815	-6.665089	12.882952	
1169	7.578125	-13.414815	-6.665089	12.882952	
1169	7.655102	-13.359375	-6.742288	12.817362	
1170	7.655102	-13.359375	-6.742288	12.817362	
1170	7.656250	-13.358204	-6.743610	12.816251	
1171	7.734375	-13.281568	-6.831288	12.743481	
1171	7.734708	-13.281250	-6.831655	12.743180	
1172	7.656250	-13.358204	-6.743610	12.816251	
1172	7.734375	-13.281568	-6.831288	12.743481	
1173	7.734708	-13.281250	-6.831655	12.743180	
1173	7.795303	-13.203125	-6.908378	12.680943	
1174	7.795303	-13.203125	-6.908378	12.680943	
1174	7.812500	-13.171042	-6.934975	12.659679	
1175	7.840268	-13.125000	-6.974972	12.628010	
1175	7.872832	-13.046875	-7.033602	12.582272	
1176	7.890625	-12.981650	-7.076536	12.549323	
1176	7.894688	-12.968750	-7.085368	12.542605	
1177	7.872832	-13.046875	-7.033602	12.582272	
1177	7.890625	-12.981650	-7.076536	12.549323	
1178	7.894688	-12.968750	-7.085368	12.542605	
1178	7.907911	-12.890625	-7.131566	12.507825	
1179	7.907911	-12.890625	-7.131566	12.507825	
1179	7.911294	-12.812500	-7.171349	12.478405	
1180	7.911294	-12.812500	-7.171349	12.478405	
1180	7.904833	-12.734375	-7.204572	12.454283	
1181	7.890625	-12.668227	-7.226726	12.438480	
1181	7.904833	-12.734375	-7.204572	12.454283	
1182	7.890625	-12.668227	-7.226726	12.438480	
1182	7.887771	-12.656250	-7.230528	12.435796	
1183	7.887771	-12.656250	-7.230528	12.435796	
1183	7.858024	-12.578125	-7.247493	12.423958	
1184	7.812500	-12.500673	-7.252508	12.420522	
1184	7.858024	-12.578125	-7.247493	12.423958	
1185	7.812500	-12.500673	-7.252508	12.420522	
1185	7.811994	-12.500000	-7.252469	12.420549	
1186	7.578125	-12.348958	-7.148923	12.485823	
1186	7.656250	-12.372014	-7.198506	12.455239	
1187	7.500000	-12.344371	-7.088738	12.521813	
1187	7.578125	-12.348958	-7.148923	12.485823	
1188	7.811994	-12.500000	-7.252469	12.420549	
1188	7.737244	-12.421875	-7.235545	12.431662	
1189	7.734375	-12.419360	-7.234626	12.432256	
1189	7.737244	-12.421875	-7.235545	12.431662	
1190	7.656250	-12.372014	-7.198506	12.455239	
1190	7.734375	-12.419360	-7.234626	12.432256	
1191	5.000000	-11.560784	-5.158520	13.691328	
1191	5.058931	-11.484375	-5.256906	13.640992	
1192	5.078125	-11.461105	-5.288239	13.624879	
1192	5.123307	-11.406250	-5.362248	13.586663	
1193	5.058931	-11.484375	-5.256906	13.640992	
1193	5.078125	-11.461105	-5.288239	13.624879	
1194	5.156250	-11.368655	-5.415132	13.559219	
1194	5.191975	-11.328125	-5.472505	13.529316	
1195	5.234375	-11.282621	-5.539412	13.494273	
1195	5.265149	-11.250000	-5.587872	13.468775	
1196	5.191975	-11.328125	-5.472505	13.529316	
1196	5.234375	-11.282621	-5.539412	13.494273	
1197	5.123307	-11.406250	-5.362248	13.586663	
1197	5.156250	-11.368655	-5.415132	13.559219	
1198	7.175086	-12.500000	-6.735863	12.713972	
1198	7.187500	-12.486199	-6.753676	12.704973	
1199	7.187500	-12.486199	-6.753676	12.704973	
1199	7.265625	-12.426813	-6.851672	12.654164	
1200	7.265625	-12.426813	-6.851672	12.654164	
1200	7.275769	-12.421875	-6.862938	12.648180	
1201	7.275769	-12.421875	-6.862938	12.648180	
1201	7.343750	-12.382129	-6.940692	12.606080	
1202	7.421875	-12.355442	-7.019324	12.562026	
1202	7.500000	-12.344371	-7.088738	12.521813	
1203	7.343750	-12.382129	-6.940692	12.606080	
1203	7.421875	-12.355442	-7.019324	12.562026	
1204	6.406250	-10.349934	-7.234229	12.531473	
1204	6.456799	-10.312500	-7.305219	12.487046	
1205	6.250000	-10.462767	-7.015724	12.665647	
1205	6.328125	-10.406862	-7.124813	12.599131	
1206	6.328125	-10.406862	-7.124813	12.599131	
1206	6.350841	-10.390625	-7.156470	12.579655	
1207	6.350841	-10.390625	-7.156470	12.579655	
1207	6.406250	-10.349934	-7.234229	12.531473	
1208	6.640625	-10.168523	-7.566967	12.319389	
1208	6.655734	-10.156250	-7.588663	12.305206	
1209	6.562500	-10.231058	-7.455137	12.391786	
1209	6.640625	-10.168523	-7.566967	12.319389	
1210	6.718750	-10.103315	-7.680083	12.244933	
1210	6.748198	-10.078125	-7.723004	12.216347	
1211	6.796875	-10.035065	-7.794719	12.168158	
1211	6.835818	-10.000000	-7.852376	12.129023	
1212	6.748198	-10.078125	-7.723004	12.216347	
1212	6.796875	-10.035065	-7.794719	12.168158	
1213	6.655734	-10.156250	-7.588663	12.305206	
1213	6.718750	-10.103315	-7.680083	12.244933	
1214	6.456799	-10.312500	-7.305219	12.487046	
1214	6.484375	-10.291470	-7.344257	12.462432	
1215	6.484375	-10.291470	-7.344257	12.462432	
1215	6.558335	-10.234375	-7.449176	12.395612	
1216	6.558335	-10.234375	-7.449176	12.395612	
1216	6.562500	-10.231058	-7.455137	12.391786	
1217	5.265149	-11.250000	-5.587872	13.468775	
1217	5.312500	-11.202183	-5.661335	13.429932	
1218	5.312500	-11.202183	-5.661335	13.429932	
1218	5.343049	-11.171875	-5.708538	13.404854	
1219	5.390625	-11.126574	-5.781160	13.366081	
1219	5.425855	-11.093750	-5.834639	13.337381	
1220	5.343049	-11.171875	-5.708538	13.404854	
1220	5.390625	-11.126574	-5.781160	13.366081	
1221	5.468750	-11.055107	-5.899126	13.302603	
1221	5.513659	-11.015625	-5.966202	13.266227	
1222	5.546875	-10.987181	-6.015450	13.239387	
1222	5.606392	-10.937500	-6.103075	13.191345	
1223	5.513659	-11.015625	-5.966202	13.266227	
1223	5.546875	-10.987181	-6.015450	13.239387	
1224	5.425855	-11.093750	-5.834639	13.337381	
1224	5.468750	-11.055107	-5.899126	13.302603	
1225	5.606392	-10.937500	-6.103075	13.191345	
1225	5.625000	-10.922264	-6.130326	13.176329	
1226	6.015625	-10.628639	-6.688161	12.860209	
1226	6.020831	-10.625000	-6.695429	12.855970	
1227	5.937500	-10.684696	-6.578194	12.923938	
1227	6.015625	-10.628639	-6.688161	12.860209	
1228	5.625000	-10.922264	-6.130326	13.176329	
1228	5.703125	-10.859891	-6.243924	13.113329	
1229	5.703125	-10.859891	-6.243924	13.113329	
1229	5.703792	-10.859375	-6.244886	13.112793	
1230	5.703792	-10.859375	-6.244886	13.112793	
1230	5.781250	-10.799966	-6.356221	13.050393	
1231	5.781250	-10.799966	-6.356221	13.050393	
1231	5.806303	-10.781250	-6.391954	13.030225	
1232	5.806303	-10.781250	-6.391954	13.030225	
1232	5.859375	-10.741697	-6.467592	12.987299	
1233	5.859375	-10.741697	-6.467592	12.987299	
1233	5.912298	-10.703125	-6.542499	12.944465	
1234	5.912298	-10.703125	-6.542499	12.944465	
1234	5.937500	-10.684696	-6.578194	12.923938	
1235	6.020831	-10.625000	-6.695429	12.855970	
1235	6.093750	-10.573382	-6.797524	12.796066	
1236	6.093750	-10.573382	-6.797524	12.796066	
1236	6.131623	-10.546875	-6.850313	12.764820	
1237	6.171875	-10.518223	-6.906647	12.731265	
1237	6.241725	-10.468750	-7.004118	12.672670	
1238	6.131623	-10.546875	-6.850313	12.764820	
1238	6.171875	-10.518223	-6.906647	12.731265	
1239	6.241725	-10.468750	-7.004118	12.672670	
1239	6.250000	-10.462767	-7.015724	12.665647	
1240	0.937500	-13.757068	-0.313960	15.262940	
1240	0.985976	-13.750000	-0.364400	15.256650	
1241	0.859375	-13.768148	-0.232719	15.272665	
1241	0.937500	-13.757068	-0.313960	15.262940	
1242	0.781250	-13.778898	-0.151535	15.281884	
1242	0.859375	-13.768148	-0.232719	15.272665	
1243	0.703125	-13.789315	-0.070410	15.290598	
1243	0.781250	-13.778898	-0.151535	15.281884	
1244	0.625000	-13.799396	0.010654	15.298811	
1244	0.703125	-13.789315	-0.070410	15.290598	
1245	0.546875	-13.809140	0.091655	15.306523	
1245	0.625000	-13.799396	0.010654	15.298811	
1246	0.468750	-13.818543	0.172590	15.313736	
1246	0.546875	-13.809140	0.091655	15.306523	
1247	0.312500	-13.836463	0.334267	15.326674	
1247	0.385971	-13.828125	0.258272	15.320837	
1248	0.390625	-13.827605	0.253458	15.320452	
1248	0.468750	-13.818543	0.172590	15.313736	
1249	0.385971	-13.828125	0.258272	15.320837	
1249	0.390625	-13.827605	0.253458	15.320452	
1250	0.156250	-13.853143	0.495663	15.337638	
1250	0.234375	-13.844980	0.415003	15.332402	
1251	0.234375	-13.844980	0.415003	15.332402	
1251	0.312500	-13.836463	0.334267	15.326674	
1252	0.000000	-13.868398	0.656752	15.346641	
1252	0.078125	-13.860950	0.576247	15.342384	
1253	0.078125	-13.860950	0.576247	15.342384	
1253	0.156250	-13.853143	0.495663	15.337638	
1254	1.250000	-13.710107	-0.639346	15.218957	
1254	1.328125	-13.697593	-0.720800	15.206679	
1255	1.328125	-13.697593	-0.720800	15.206679	
1255	1.406250	-13.684761	-0.802293	15.193884	
1256	1.406250	-13.684761	-0.802293	15.193884	
1256	1.482839	-13.671875	-0.882220	15.180836	
1257	1.484375	-13.671619	-0.883822	15.180569	
1257	1.562500	-13.658353	-0.965351	15.166739	
1258	1.482839	-13.671875	-0.882220	15.180836	
1258	1.484375	-13.671619	-0.883822	15.180569	
1259	1.640625	-13.644773	-1.046910	15.152386	
1259	1.718750	-13.630881	-1.128495	15.137508	
1260	1.562500	-13.658353	-0.965351	15.166739	
1260	1.640625	-13.644773	-1.046910	15.152386	
1261	1.796875	-13.616677	-1.210104	15.122102	
1261	1.875000	-13.602162	-1.291734	15.106166	
1262	1.718750	-13.630881	-1.128495	15.137508	
1262	1.796875	-13.616677	-1.210104	15.122102	
1263	1.875000	-13.602162	-1.291734	15.106166	
1263	1.919483	-13.593750	-1.338223	15.096855	
1264	2.031250	-13.572477	-1.454991	15.072707	
1264	2.109375	-13.557216	-1.536629	15.055175	
1265	2.109375	-13.557216	-1.536629	15.055175	
1265	2.187500	-13.541638	-1.618278	15.037103	
1266	1.919483	-13.593750	-1.338223	15.096855	
1266	1.953125	-13.587421	-1.373366	15.089702	
1267	1.953125	-13.587421	-1.373366	15.089702	
1267	2.031250	-13.572477	-1.454991	15.072707	
1268	2.421875	-13.493229	-1.863218	14.979627	
1268	2.500000	-13.476524	-1.944856	14.959371	
1269	2.343750	-13.509595	-1.781588	14.999329	
1269	2.421875	-13.493229	-1.863218	14.979627	
1270	2.187500	-13.541638	-1.618278	15.037103	
1270	2.265625	-13.525743	-1.699937	15.018487	
1271	2.265625	-13.525743	-1.699937	15.018487	
1271	2.314559	-13.515625	-1.751088	15.006549	
1272	2.314559	-13.515625	-1.751088	15.006549	
1272	2.343750	-13.509595	-1.781588	14.999329	
1273	0.985976	-13.750000	-0.364400	15.256650	
1273	1.015625	-13.745728	-0.395245	15.252709	
1274	1.015625	-13.745728	-0.395245	15.252709	
1274	1.093750	-13.734177	-0.476566	15.241970	
1275	1.093750	-13.734177	-0.476566	15.241970	
1275	1.171875	-13.722302	-0.557934	15.230720	
1276	1.171875	-13.722302	-0.557934	15.230720	
1276	1.250000	-13.710107	-0.639346	15.218957	
1277	3.750000	-13.143598	-3.257887	14.553353	
1277	3.799595	-13.125000	-3.311334	14.533408	
1278	4.375000	-12.708745	-4.013749	14.244094	
1278	4.406736	-12.656250	-4.065723	14.220740	
1279	4.406736	-12.656250	-4.065723	14.220740	
1279	4.449604	-12.578125	-4.139604	14.187147	
1280	4.453125	-12.571659	-4.145727	14.184344	
1280	4.487736	-12.500000	-4.209742	14.154859	
1281	4.449604	-12.578125	-4.139604	14.187147	
1281	4.453125	-12.571659	-4.145727	14.184344	
1282	3.799595	-13.125000	-3.311334	14.533408	
1282	3.828125	-13.113705	-3.342290	14.521724	
1283	3.828125	-13.113705	-3.342290	14.521724	
1283	3.906250	-13.080845	-3.427760	14.488961	
1284	3.906250	-13.080845	-3.427760	14.488961	
1284	3.978890	-13.046875	-3.508521	14.457316	
1285	3.984375	-13.044122	-3.514692	14.454870	
1285	4.062500	-13.001924	-3.603788	14.419118	
1286	3.978890	-13.046875	-3.508521	14.457316	
1286	3.984375	-13.044122	-3.514692	14.454870	
1287	4.062500	-13.001924	-3.603788	14.419118	
1287	4.116079	-12.968750	-3.666623	14.393408	
1288	4.218750	-12.890736	-3.793137	14.340396	
1288	4.218876	-12.890625	-3.793299	14.340327	
1289	4.218876	-12.890625	-3.793299	14.340327	
1289	4.296646	-12.812500	-3.897443	14.295457	
1290	4.116079	-12.968750	-3.666623	14.393408	
1290	4.140625	-12.952065	-3.696031	14.381234	
1291	4.140625	-12.952065	-3.696031	14.381234	
1291	4.218750	-12.890736	-3.793137	14.340396	
1292	4.296646	-12.812500	-3.897443	14.295457	
1292	4.296875	-12.812243	-3.897762	14.295318	
1293	4.296875	-12.812243	-3.897762	14.295318	
1293	4.357223	-12.734375	-3.986362	14.256303	
1294	4.357223	-12.734375	-3.986362	14.256303	
1294	4.375000	-12.708745	-4.013749	14.244094	
1295	2.656250	-13.442069	-2.108151	14.917180	
1295	2.676553	-13.437500	-2.129369	14.911532	
1296	2.578125	-13.459473	-2.026500	14.938557	
1296	2.656250	-13.442069	-2.108151	14.917180	
1297	2.500000	-13.476524	-1.944856	14.959371	
1297	2.578125	-13.459473	-2.026500	14.938557	
1298	2.812500	-13.406410	-2.271415	14.872734	
1298	2.890625	-13.387992	-2.353069	14.849644	
1299	2.890625	-13.387992	-2.353069	14.849644	
1299	2.968750	-13.369141	-2.434748	14.825965	
1300	2.968750	-13.369141	-2.434748	14.825965	
1300	3.008632	-13.359375	-2.476448	14.813650	
1301	3.046875	-13.349889	-2.516445	14.801693	
1301	3.125000	-13.330177	-2.598178	14.776816	
1302	3.008632	-13.359375	-2.476448	14.813650	
1302	3.046875	-13.349889	-2.516445	14.801693	
1303	2.676553	-13.437500	-2.129369	14.911532	
1303	2.734375	-13.424417	-2.189781	14.895243	
1304	2.734375	-13.424417	-2.189781	14.895243	
1304	2.812500	-13.406410	-2.271415	14.872734	
1305	3.671875	-13.171268	-3.174235	14.583999	
1305	3.750000	-13.143598	-3.257887	14.553353	
1306	3.593750	-13.197185	-3.091133	14.613761	
1306	3.671875	-13.171268	-3.174235	14.583999	
1307	3.437500	-13.245034	-2.926048	14.670903	
1307	3.515625	-13.221678	-3.008443	14.642709	
1308	3.515625	-13.221678	-3.008443	14.642709	
1308	3.575317	-13.203125	-3.071576	14.620667	
1309	3.575317	-13.203125	-3.071576	14.620667	
1309	3.593750	-13.197185	-3.091133	14.613761	
1310	3.203125	-13.309896	-2.679981	14.751315	
1310	3.281250	-13.288990	-2.761875	14.725175	
1311	3.125000	-13.330177	-2.598178	14.776816	
1311	3.203125	-13.309896	-2.679981	14.751315	
1312	3.281250	-13.288990	-2.761875	14.725175	
1312	3.309715	-13.281250	-2.791727	14.715493	
1313	3.309715	-13.281250	-2.791727	14.715493	
1313	3.359375	-13.267421	-2.843879	14.698381	
1314	3.359375	-13.267421	-2.843879	14.698381	
1314	3.437500	-13.245034	-2.926048	14.670903	
1315	4.487736	-12.500000	-4.209742	14.154859	
1315	4.524136	-12.421875	-4.278935	14.122658	
1316	4.524136	-12.421875	-4.278935	14.122658	
1316	4.531250	-12.407249	-4.292251	14.116424	
1317	4.531250	-12.407249	-4.292251	14.116424	
1317	4.559156	-12.343750	-4.347490	14.090442	
1318	4.559156	-12.343750	-4.347490	14.090442	
1318	4.594588	-12.265625	-4.417104	14.057436	
1319	4.609375	-12.235116	-4.445384	14.043948	
1319	4.630619	-12.187500	-4.487950	14.023565	
1320	4.594588	-12.265625	-4.417104	14.057436	
1320	4.609375	-12.235116	-4.445384	14.043948	
1321	4.687500	-12.072001	-4.597382	13.970730	
1321	4.707336	-12.031250	-4.636102	13.951895	
1322	4.707336	-12.031250	-4.636102	13.951895	
1322	4.748778	-11.953125	-4.714158	13.913712	
1323	4.765625	-11.923971	-4.744810	13.898642	
1323	4.792617	-11.875000	-4.795215	13.873770	
1324	4.748778	-11.953125	-4.714158	13.913712	
1324	4.765625	-11.923971	-4.744810	13.898642	
1325	4.630619	-12.187500	-4.487950	14.023565	
1325	4.668094	-12.109375	-4.560843	13.988439	
1326	4.668094	-12.109375	-4.560843	13.988439	
1326	4.687500	-12.072001	-4.597382	13.970730	
1327	4.792617	-11.875000	-4.795215	13.873770	
1327	4.839452	-11.796875	-4.879876	13.831747	
1328	4.839452	-11.796875	-4.879876	13.831747	
1328	4.843750	-11.790291	-4.887387	13.828004	
1329	4.843750	-11.790291	-4.887387	13.828004	
1329	4.888999	-11.718750	-4.967869	13.787749	
1330	4.888999	-11.718750	-4.967869	13.787749	
1330	4.921875	-11.670741	-5.024677	13.759174	
1331	4.921875	-11.670741	-5.024677	13.759174	
1331	4.942048	-11.640625	-5.059987	13.741346	
1332	4.942048	-11.640625	-5.059987	13.741346	
1332	4.998664	-11.562500	-5.156304	13.692457	
1333	4.998664	-11.562500	-5.156304	13.692457	
1333	5.000000	-11.560784	-5.158520	13.691328	
1334	19.375000	-18.063320	-6.239839	7.124400	
1334	19.453125	-18.063928	-6.264084	7.104916	
1335	19.453125	-18.063928	-6.264084	7.104916	
1335	19.466507	-18.046875	-6.274600	7.098370	
1336	19.466507	-18.046875	-6.274600	7.098370	
1336	19.531250	-18.004634	-6.327287	7.073313	
1337	19.531250	-18.004634	-6.327287	7.073313	
1337	19.544315	-17.968750	-6.351359	7.064335	
1338	19.544315	-17.968750	-6.351359	7.064335	
1338	19.578846	-17.890625	-6.435871	7.034809	
1339	19.609375	-17.883376	-6.508672	7.000622	
1339	19.680112	-17.812500	-6.676227	6.768074	
1340	19.578846	-17.890625	-6.435871	7.034809	
1340	19.609375	-17.883376	-6.508672	7.000622	
1341	19.375000	-17.926662	-6.264842	7.061212	
1341	19.384924	-17.890625	-6.271076	7.030243	
1342	19.453125	-17.849368	-6.279508	6.974171	
1342	19.459097	-17.812500	-6.287300	6.908188	
1343	19.384924	-17.890625	-6.271076	7.030243	
1343	19.453125	-17.849368	-6.279508	6.974171	
1344	15.000000	-12.786422	-9.540568	8.440014	
1344	15.034915	-12.734375	-9.585172	8.402298	
1345	15.078125	-12.666270	-9.654421	8.351639	
1345	15.080655	-12.656250	-9.662928	8.345939	
1346	15.034915	-12.734375	-9.585172	8.402298	
1346	15.078125	-12.666270	-9.654421	8.351639	
1347	15.080655	-12.656250	-9.662928	8.345939	
1347	15.106073	-12.578125	-9.753651	8.288180	
1348	15.106073	-12.578125	-9.753651	8.288180	
1348	15.154230	-12.500000	-9.899465	8.114884	
1349	15.000000	-12.462461	-9.622263	8.122857	
1349	15.024879	-12.421875	-9.699269	8.012858	
1350	15.154230	-12.500000	-9.899465	8.114884	
1350	15.156250	-12.474673	-9.917291	8.058362	
1351	15.024879	-12.421875	-9.699269	8.012858	
1351	15.052443	-12.343750	-9.818742	7.928556	
1352	15.156250	-12.474673	-9.917291	8.058362	
1352	15.234375	-12.433926	-9.942087	7.965267	
1353	15.234375	-12.433926	-9.942087	7.965267	
1353	15.260245	-12.421875	-9.949105	7.941851	
1354	15.260245	-12.421875	-9.949105	7.941851	
1354	15.312047	-12.343750	-9.983162	7.849302	
1355	15.312047	-12.343750	-9.983162	7.849302	
1355	15.312500	-12.339953	-9.984568	7.846028	
1356	15.312500	-12.208421	-10.031550	7.755256	
1356	15.296536	-12.187500	-10.035379	7.749435	
1357	15.052443	-12.343750	-9.818742	7.928556	
1357	15.078125	-12.269834	-9.890234	7.880481	
1358	15.078125	-12.269834	-9.890234	7.880481	
1358	15.083474	-12.265625	-9.896744	7.875726	
1359	15.083474	-12.265625	-9.896744	7.875726	
1359	15.148095	-12.187500	-9.976408	7.810447	
1360	12.509130	-14.375000	-8.095144	10.405009	
1360	12.506889	-14.296875	-8.124985	10.367490	
1361	12.506889	-14.296875	-8.124985	10.367490	
1361	12.555258	-14.218750	-8.169952	10.298610	
1362	12.698425	-14.375000	-8.186388	10.335484	
1362	12.734375	-14.355594	-8.219529	10.314766	
1363	12.734375	-14.355594	-8.219529	10.314766	
1363	12.761968	-14.296875	-8.270382	10.286480	
1364	12.761968	-14.296875	-8.270382	10.286480	
1364	12.788220	-14.218750	-8.351877	10.246655	
1365	12.656250	-14.168066	-8.216156	10.208457	
1365	12.708563	-14.140625	-8.247170	10.136198	
1366	12.788220	-14.218750	-8.351877	10.246655	
1366	12.812500	-14.204404	-8.404766	10.209850	
1367	12.734375	-14.124611	-8.282256	10.079394	
1367	12.766691	-14.062500	-8.392455	10.004199	
1368	12.708563	-14.140625	-8.247170	10.136198	
1368	12.734375	-14.124611	-8.282256	10.079394	
1369	12.555258	-14.218750	-8.169952	10.298610	
1369	12.578125	-14.207306	-8.180405	10.280184	
1370	12.578125	-14.207306	-8.180405	10.280184	
1370	12.656250	-14.168066	-8.216156	10.208457	
1371	12.968750	-14.095629	-8.531758	9.980433	
1371	13.015456	-14.062500	-8.556025	9.937747	
1372	12.812500	-14.204404	-8.404766	10.209850	
1372	12.890625	-14.152661	-8.489524	10.069917	
1373	12.890625	-14.152661	-8.489524	10.069917	
1373	12.923868	-14.140625	-8.502537	10.039842	
1374	12.923868	-14.140625	-8.502537	10.039842	
1374	12.968750	-14.095629	-8.531758	9.980433	
1375	12.812500	-13.948145	-8.494688	9.947022	
1375	12.869750	-13.906250	-8.549237	9.908688	
1376	13.015456	-14.062500	-8.556025	9.937747	
1376	13.042771	-13.984375	-8.593840	9.880232	
1377	13.042771	-13.984375	-8.593840	9.880232	
1377	13.022450	-13.906250	-8.617585	9.849486	
1378	12.968750	-13.870329	-8.611440	9.855521	
1378	13.022450	-13.906250	-8.617585	9.849486	
1379	12.869750	-13.906250	-8.549237	9.908688	
1379	12.890625	-13.882602	-8.570421	9.891941	
1380	12.890625	-13.882602	-8.570421	9.891941	
1380	12.968750	-13.870329	-8.611440	9.855521	
1381	12.766691	-14.062500	-8.392455	10.004199	
1381	12.797033	-13.984375	-8.465657	9.964961	
1382	12.797033	-13.984375	-8.465657	9.964961	
1382	12.812500	-13.948145	-8.494688	9.947022	
1383	14.793334	-12.734375	-9.483326	8.492145	
1383	14.843750	-12.806458	-9.469590	8.513183	
1384	14.793334	-12.734375	-9.483326	8.492145	
1384	14.796382	-12.656250	-9.512452	8.439332	
1385	14.843750	-12.806458	-9.469590	8.513183	
1385	14.872682	-12.812500	-9.476362	8.504843	
1386	14.933345	-12.812500	-9.498730	8.480289	
1386	15.000000	-12.786422	-9.540568	8.440014	
1387	14.843750	-12.582973	-9.546345	8.363305	
1387	14.845116	-12.578125	-9.548273	8.358382	
1388	14.921875	-12.522732	-9.577977	8.271596	
1388	14.932682	-12.500000	-9.588165	8.235730	
1389	14.845116	-12.578125	-9.548273	8.358382	
1389	14.921875	-12.522732	-9.577977	8.271596	
1390	14.796382	-12.656250	-9.512452	8.439332	
1390	14.843750	-12.582973	-9.546345	8.363305	
1391	14.932682	-12.500000	-9.588165	8.235730	
1391	15.000000	-12.462461	-9.622263	8.122857	
1392	10.000000	-6.608630	-12.185573	7.679859	
1392	10.033079	-6.562500	-12.227628	7.617498	
1393	10.033079	-6.562500	-12.227628	7.617498	
1393	10.078125	-6.498448	-12.285238	7.531229	
1394	10.078125	-6.498448	-12.285238	7.531229	
1394	10.088062	-6.484375	-12.297846	7.512217	
1395	10.088062	-6.484375	-12.297846	7.512217	
1395	10.142379	-6.406250	-12.367073	7.406965	
1396	10.156250	-6.385952	-12.384845	7.379705	
1396	10.195972	-6.328125	-12.435295	7.301781	
1397	10.234375	-6.271080	-12.484376	7.225186	
1397	10.248647	-6.250000	-12.502449	7.196784	
1398	10.195972	-6.328125	-12.435295	7.301781	
1398	10.234375	-6.271080	-12.484376	7.225186	
1399	10.142379	-6.406250	-12.367073	7.406965	
1399	10.156250	-6.385952	-12.384845	7.379705	
1400	10.248647	-6.250000	-12.502449	7.196784	
1400	10.300650	-6.171875	-12.568641	7.091828	
1401	10.300650	-6.171875	-12.568641	7.091828	
1401	10.312500	-6.153773	-12.583803	7.067576	
1402	10.312500	-6.153773	-12.583803	7.067576	
1402	10.352046	-6.093750	-12.633902	6.986877	
1403	10.352046	-6.093750	-12.633902	6.986877	
1403	10.390625	-6.033970	-12.683094	6.906775	
1404	10.390625	-6.033970	-12.683094	6.906775	
1404	10.402545	-6.015625	-12.698136	6.882106	
1405	10.402545	-6.015625	-12.698136	6.882106	
1405	10.452482	-5.937500	-12.761474	6.777318	
1406	10.452482	-5.937500	-12.761474	6.777318	
1406	10.468750	-5.911588	-12.782224	6.742659	
1407	10.468750	-5.911588	-12.782224	6.742659	
1407	10.501775	-5.859375	-12.823891	6.672565	
1408	10.546875	-5.786547	-12.881162	6.575104	
1408	10.550180	-5.781250	-12.885313	6.567990	
1409	10.501775	-5.859375	-12.823891	6.672565	
1409	10.546875	-5.786547	-12.881162	6.575104	
1410	10.550180	-5.781250	-12.885313	6.567990	
1410	10.598243	-5.703125	-12.945931	6.463281	
1411	10.598243	-5.703125	-12.945931	6.463281	
1411	10.625000	-5.658723	-12.979893	6.403943	
1412	10.625000	-5.658723	-12.979893	6.403943	
1412	10.645487	-5.625000	-13.005593	6.358713	
1413	10.645487	-5.625000	-13.005593	6.358713	
1413	10.692068	-5.546875	-13.064356	6.254199	
1414	10.703125	-5.528020	-13.078379	6.229032	
1414	10.738178	-5.468750	-13.122288	6.149635	
1415	10.692068	-5.546875	-13.064356	6.254199	
1415	10.703125	-5.528020	-13.078379	6.229032	
1416	10.781250	-5.394303	-13.176593	6.050187	
1416	10.783397	-5.390625	-13.179265	6.045255	
1417	10.783397	-5.390625	-13.179265	6.045255	
1417	10.828347	-5.312500	-13.235481	5.940718	
1418	10.738178	-5.468750	-13.122288	6.149635	
1418	10.781250	-5.394303	-13.176593	6.050187	
1419	10.937500	-5.117135	-13.372141	5.679775	
1419	10.959064	-5.078125	-13.398856	5.627578	
1420	10.959064	-5.078125	-13.398856	5.627578	
1420	11.001429	-5.000000	-13.451626	5.523266	
1421	10.828347	-5.312500	-13.235481	5.940718	
1421	10.859375	-5.257387	-13.274529	5.867165	
1422	10.859375	-5.257387	-13.274529	5.867165	
1422	10.872446	-5.234375	-13.290766	5.836347	
1423	10.872446	-5.234375	-13.290766	5.836347	
1423	10.916075	-5.156250	-13.345239	5.731936	
1424	10.916075	-5.156250	-13.345239	5.731936	
1424	10.937500	-5.117135	-13.372141	5.679775	
1425	11.001429	-5.000000	-13.451626	5.523266	
1425	11.015625	-4.973358	-13.469400	5.487763	
1426	11.015625	-4.973358	-13.469400	5.487763	
1426	11.043315	-4.921875	-13.503592	5.418928	
1427	11.043315	-4.921875	-13.503592	5.418928	
1427	11.084470	-4.843750	-13.554695	5.314696	
1428	11.093750	-4.825842	-13.566276	5.290844	
1428	11.125255	-4.765625	-13.605030	5.210384	
1429	11.125255	-4.765625	-13.605030	5.210384	
1429	11.165248	-4.687500	-13.654497	5.106214	
1430	11.084470	-4.843750	-13.554695	5.314696	
1430	11.093750	-4.825842	-13.566276	5.290844	
1431	11.165248	-4.687500	-13.654497	5.106214	
1431	11.171875	-4.674348	-13.662733	5.088705	
1432	11.171875	-4.674348	-13.662733	5.088705	
1432	11.204935	-4.609375	-13.703218	5.001939	
1433	11.204935	-4.609375	-13.703218	5.001939	
1433	11.243810	-4.531250	-13.751077	4.897816	
1434	11.243810	-4.531250	-13.751077	4.897816	
1434	11.250000	-4.518613	-13.758733	4.880999	
1435	11.250000	-4.518613	-13.758733	4.880999	
1435	11.282398	-4.453125	-13.798199	4.793586	
1436	11.282398	-4.453125	-13.798199	4.793586	
1436	11.320198	-4.375000	-13.844477	4.689499	
1437	11.320198	-4.375000	-13.844477	4.689499	
1437	11.328125	-4.358348	-13.854227	4.667344	
1438	11.328125	-4.358348	-13.854227	4.667344	
1438	11.357685	-4.296875	-13.890017	4.585324	
1439	11.357685	-4.296875	-13.890017	4.585324	
1439	11.394449	-4.218750	-13.934736	4.481262	
1440	11.406250	-4.193235	-13.949155	4.447325	
1440	11.430833	-4.140625	-13.978709	4.377152	
1441	11.430833	-4.140625	-13.978709	4.377152	
1441	11.466600	-4.062500	-14.021892	4.273108	
1442	11.394449	-4.218750	-13.934736	4.481262	
1442	11.406250	-4.193235	-13.949155	4.447325	
1443	11.562500	-3.847062	-14.137000	3.986337	
1443	11.570848	-3.828125	-14.146860	3.961091	
1444	11.570848	-3.828125	-14.146860	3.961091	
1444	11.604725	-3.750000	-14.187025	3.857069	
1445	11.466600	-4.062500	-14.021892	4.273108	
1445	11.484375	-4.022932	-14.043443	4.220486	
1446	11.484375	-4.022932	-14.043443	4.220486	
1446	11.501877	-3.984375	-14.064312	4.169073	
1447	11.501877	-3.984375	-14.064312	4.169073	
1447	11.536681	-3.906250	-14.105977	4.065042	
1448	11.536681	-3.906250	-14.105977	4.065042	
1448	11.562500	-3.847062	-14.137000	3.986337	
1449	11.604725	-3.750000	-14.187025	3.857069	
1449	11.637831	-3.671875	-14.226394	3.753190	
1450	11.640625	-3.665181	-14.229730	3.744298	
1450	11.670759	-3.593750	-14.265067	3.649199	
1451	11.637831	-3.671875	-14.226394	3.753190	
1451	11.640625	-3.665181	-14.229730	3.744298	
1452	11.718750	-3.476720	-14.321544	3.493647	
1452	11.734809	-3.437500	-14.340133	3.441439	
1453	11.670759	-3.593750	-14.265067	3.649199	
1453	11.702995	-3.515625	-14.302965	3.545319	
1454	11.702995	-3.515625	-14.302965	3.545319	
1454	11.718750	-3.476720	-14.321544	3.493647	
1455	11.734809	-3.437500	-14.340133	3.441439	
1455	11.766206	-3.359375	-14.376573	3.337562	
1456	11.796875	-3.281316	-14.412220	3.233892	
1456	11.796901	-3.281250	-14.412250	3.233803	
1457	11.766206	-3.359375	-14.376573	3.337562	
1457	11.796875	-3.281316	-14.412220	3.233892	
1458	11.796901	-3.281250	-14.412250	3.233803	
1458	11.827487	-3.203125	-14.447246	3.129931	
1459	11.827487	-3.203125	-14.447246	3.129931	
1459	11.857394	-3.125000	-14.481487	3.026174	
1460	11.875000	-3.078106	-14.501678	2.963958	
1460	11.886861	-3.046875	-14.515008	2.922442	
1461	11.886861	-3.046875	-14.515008	2.922442	
1461	11.916007	-2.968750	-14.547826	2.818693	
1462	11.916007	-2.968750	-14.547826	2.818693	
1462	11.944512	-2.890625	-14.579904	2.715051	
1463	11.953125	-2.866605	-14.589617	2.683215	
1463	11.972758	-2.812500	-14.611290	2.611378	
1464	11.944512	-2.890625	-14.579904	2.715051	
1464	11.953125	-2.866605	-14.589617	2.683215	
1465	11.972758	-2.812500	-14.611290	2.611378	
1465	12.000547	-2.734375	-14.641963	2.507751	
1466	12.000547	-2.734375	-14.641963	2.507751	
1466	12.027731	-2.656250	-14.671910	2.404226	
1467	12.031250	-2.645970	-14.675796	2.390616	
1467	12.054761	-2.578125	-14.701180	2.300649	
1468	12.054761	-2.578125	-14.701180	2.300649	
1468	12.081271	-2.500000	-14.729738	2.197152	
1469	12.027731	-2.656250	-14.671910	2.404226	
1469	12.031250	-2.645970	-14.675796	2.390616	
1470	11.857394	-3.125000	-14.481487	3.026174	
1470	11.875000	-3.078106	-14.501678	2.963958	
1471	12.500000	-1.064111	-15.132703	0.306736	
1471	12.512174	-1.015625	-15.142378	0.243424	
1472	12.512174	-1.015625	-15.142378	0.243424	
1472	12.531393	-0.937500	-15.157437	0.141537	
1473	12.531393	-0.937500	-15.157437	0.141537	
1473	12.550191	-0.859375	-15.171845	0.039795	
1474	12.550191	-0.859375	-15.171845	0.039795	
1474	12.568576	-0.781250	-15.185608	-0.061799	
1475	12.568576	-0.781250	-15.185608	-0.061799	
1475	12.578125	-0.739825	-15.192644	-0.115603	
1476	12.578125	-0.739825	-15.192644	-0.115603	
1476	12.586711	-0.703125	-15.198731	-0.163268	
1477	12.586711	-0.703125	-15.198731	-0.163268	
1477	12.604614	-0.625000	-15.211217	-0.264607	
1478	12.604614	-0.625000	-15.211217	-0.264607	
1478	12.622114	-0.546875	-15.223067	-0.365785	
1479	12.622114	-0.546875	-15.223067	-0.365785	
1479	12.639216	-0.468750	-15.234283	-0.466798	
1480	12.656250	-0.389069	-15.245074	-0.569650	
1480	12.672541	-0.312500	-15.254833	-0.668354	
1481	12.639216	-0.468750	-15.234283	-0.466798	
1481	12.655924	-0.390625	-15.244869	-0.567643	
1482	12.655924	-0.390625	-15.244869	-0.567643	
1482	12.656250	-0.389069	-15.245074	-0.569650	
1483	12.672541	-0.312500	-15.254833	-0.668354	
1483	12.688773	-0.234375	-15.264174	-0.768887	
1484	12.688773	-0.234375	-15.264174	-0.768887	
1484	12.704617	-0.156250	-15.272896	-0.869237	
1485	12.704617	-0.156250	-15.272896	-0.869237	
1485	12.720078	-0.078125	-15.281002	-0.969403	
1486	12.734375	-0.004066	-15.288121	-1.064182	
1486	12.735172	0.000000	-15.288496	-1.069382	
1487	12.720078	-0.078125	-15.281002	-0.969403	
1487	12.734375	-0.004066	-15.288121	-1.064182	
1488	12.081271	-2.500000	-14.729738	2.197152	
1488	12.107208	-2.421875	-14.757582	2.093753	
1489	12.109375	-2.415243	-14.759912	2.084983	
1489	12.133025	-2.343750	-14.784755	1.990312	
1490	12.107208	-2.421875	-14.757582	2.093753	
1490	12.109375	-2.415243	-14.759912	2.084983	
1491	12.133025	-2.343750	-14.784755	1.990312	
1491	12.158327	-2.265625	-14.811223	1.886959	
1492	12.158327	-2.265625	-14.811223	1.886959	
1492	12.183085	-2.187500	-14.836990	1.783706	
1493	12.187500	-2.173332	-14.841586	1.764997	
1493	12.207687	-2.109375	-14.862084	1.680440	
1494	12.207687	-2.109375	-14.862084	1.680440	
1494	12.231845	-2.031250	-14.886488	1.577254	
1495	12.231845	-2.031250	-14.886488	1.577254	
1495	12.255486	-1.953125	-14.910200	1.474171	
1496	12.265625	-1.918996	-14.920340	1.429180	
1496	12.278868	-1.875000	-14.933237	1.371124	
1497	12.255486	-1.953125	-14.910200	1.474171	
1497	12.265625	-1.918996	-14.920340	1.429180	
1498	12.183085	-2.187500	-14.836990	1.783706	
1498	12.187500	-2.173332	-14.841586	1.764997	
1499	12.278868	-1.875000	-14.933237	1.371124	
1499	12.301939	-1.796875	-14.955599	1.268134	
1500	12.301939	-1.796875	-14.955599	1.268134	
1500	12.324518	-1.718750	-14.977277	1.165254	
1501	12.343750	-1.650804	-14.995577	1.075872	
1501	12.346670	-1.640625	-14.998279	1.062471	
1502	12.346670	-1.640625	-14.998279	1.062471	
1502	12.368704	-1.562500	-15.018620	0.959712	
1503	12.324518	-1.718750	-14.977277	1.165254	
1503	12.343750	-1.650804	-14.995577	1.075872	
1504	12.368704	-1.562500	-15.018620	0.959712	
1504	12.390268	-1.484375	-15.038287	0.857072	
1505	12.390268	-1.484375	-15.038287	0.857072	
1505	12.411373	-1.406250	-15.057283	0.754551	
1506	12.411373	-1.406250	-15.057283	0.754551	
1506	12.421875	-1.366612	-15.066665	0.702589	
1507	12.421875	-1.366612	-15.066665	0.702589	
1507	12.432216	-1.328125	-15.075619	0.652109	
1508	12.432216	-1.328125	-15.075619	0.652109	
1508	12.452805	-1.250000	-15.093297	0.549751	
1509	12.452805	-1.250000	-15.093297	0.549751	
1509	12.472952	-1.171875	-15.110313	0.447523	
1510	12.472952	-1.171875	-15.110313	0.447523	
1510	12.492665	-1.093750	-15.126670	0.345428	
1511	12.492665	-1.093750	-15.126670	0.345428	
1511	12.500000	-1.064111	-15.132703	0.306736	
1512	6.835818	-10.000000	-7.852376	12.129023	
1512	6.875000	-9.963544	-7.911030	12.088844	
1513	6.875000	-9.963544	-7.911030	12.088844	
1513	6.919059	-9.921875	-7.977300	12.042991	
1514	6.953125	-9.888637	-8.029102	12.006804	
1514	6.998482	-9.843750	-8.098366	11.957937	
1515	6.919059	-9.921875	-7.977300	12.042991	
1515	6.953125	-9.888637	-8.029102	12.006804	
1516	7.031250	-9.810378	-8.148927	11.921909	
1516	7.074689	-9.765625	-8.216181	11.873513	
1517	7.109375	-9.728981	-8.270379	11.834109	
1517	7.148301	-9.687500	-8.331342	11.789351	
1518	7.074689	-9.765625	-8.216181	11.873513	
1518	7.109375	-9.728981	-8.270379	11.834109	
1519	6.998482	-9.843750	-8.098366	11.957937	
1519	7.031250	-9.810378	-8.148927	11.921909	
1520	7.187500	-9.644861	-8.393191	11.743461	
1520	7.219936	-9.609375	-8.444423	11.705074	
1521	7.265625	-9.558637	-8.516949	11.650141	
1521	7.290211	-9.531250	-8.555967	11.620297	
1522	7.219936	-9.609375	-8.444423	11.705074	
1522	7.265625	-9.558637	-8.516949	11.650141	
1523	7.343750	-9.471101	-8.641102	11.554455	
1523	7.359738	-9.453125	-8.666489	11.534627	
1524	7.421875	-9.383157	-8.765004	11.456820	
1524	7.429125	-9.375000	-8.776470	11.447673	
1525	7.359738	-9.453125	-8.666489	11.534627	
1525	7.421875	-9.383157	-8.765004	11.456820	
1526	7.290211	-9.531250	-8.555967	11.620297	
1526	7.343750	-9.471101	-8.641102	11.554455	
1527	7.148301	-9.687500	-8.331342	11.789351	
1527	7.187500	-9.644861	-8.393191	11.743461	
1528	7.429125	-9.375000	-8.776470	11.447673	
1528	7.498990	-9.296875	-8.886375	11.359025	
1529	7.498990	-9.296875	-8.886375	11.359025	
1529	7.500000	-9.295758	-8.887951	11.357741	
1530	7.500000	-9.295758	-8.887951	11.357741	
1530	7.569993	-9.218750	-8.996665	11.268249	
1531	7.656250	-9.126051	-9.128322	11.157425	
1531	7.716680	-9.062500	-9.219010	11.079485	
1532	7.569993	-9.218750	-8.996665	11.268249	
1532	7.578125	-9.209946	-9.009162	11.257846	
1533	7.578125	-9.209946	-9.009162	11.257846	
1533	7.642423	-9.140625	-9.107476	11.175154	
1534	7.642423	-9.140625	-9.107476	11.175154	
1534	7.656250	-9.126051	-9.128322	11.157425	
1535	7.812500	-8.965070	-9.359426	10.956159	
1535	7.871573	-8.906250	-9.444416	10.879916	
1536	7.968750	-8.812626	-9.580808	10.754983	
1536	8.034700	-8.750000	-9.671809	10.669834	
1537	7.871573	-8.906250	-9.444416	10.879916	
1537	7.890625	-8.887911	-9.471272	10.855568	
1538	7.890625	-8.887911	-9.471272	10.855568	
1538	7.952220	-8.828125	-9.558014	10.776085	
1539	7.952220	-8.828125	-9.558014	10.776085	
1539	7.968750	-8.812626	-9.580808	10.754983	
1540	7.716680	-9.062500	-9.219010	11.079485	
1540	7.734375	-9.044401	-9.245120	11.056799	
1541	7.734375	-9.044401	-9.245120	11.056799	
1541	7.793030	-8.984375	-9.331345	10.981084	
1542	7.793030	-8.984375	-9.331345	10.981084	
1542	7.812500	-8.965070	-9.359426	10.956159	
1543	8.750000	-8.081147	-10.599959	9.715592	
1543	8.784404	-8.046875	-10.643596	9.666747	
1544	8.828125	-8.003472	-10.698627	9.604621	
1544	8.862334	-7.968750	-10.741944	9.555304	
1545	8.784404	-8.046875	-10.643596	9.666747	
1545	8.828125	-8.003472	-10.698627	9.604621	
1546	8.906250	-7.924200	-10.797211	9.491844	
1546	8.938683	-7.890625	-10.838242	9.444339	
1547	8.984375	-7.843222	-10.895778	9.377160	
1547	9.013452	-7.812500	-10.932555	9.333871	
1548	8.938683	-7.890625	-10.838242	9.444339	
1548	8.984375	-7.843222	-10.895778	9.377160	
1549	8.862334	-7.968750	-10.741944	9.555304	
1549	8.906250	-7.924200	-10.797211	9.491844	
1550	9.062500	-7.760442	-10.994382	9.260479	
1550	9.086665	-7.734375	-11.024952	9.223902	
1551	9.140625	-7.675780	-11.093065	9.141714	
1551	9.158357	-7.656250	-11.115507	9.114423	
1552	9.086665	-7.734375	-11.024952	9.223902	
1552	9.140625	-7.675780	-11.093065	9.141714	
1553	9.218750	-7.589167	-11.191859	9.020786	
1553	9.228570	-7.578125	-11.204295	9.005418	
1554	9.296875	-7.500544	-11.290787	8.897620	
1554	9.297349	-7.500000	-11.291387	8.896866	
1555	9.228570	-7.578125	-11.204295	9.005418	
1555	9.296875	-7.500544	-11.290787	8.897620	
1556	9.158357	-7.656250	-11.115507	9.114423	
1556	9.218750	-7.589167	-11.191859	9.020786	
1557	9.013452	-7.812500	-10.932555	9.333871	
1557	9.062500	-7.760442	-10.994382	9.260479	
1558	8.034700	-8.750000	-9.671809	10.669834	
1558	8.046875	-8.738826	-9.688258	10.654287	
1559	8.046875	-8.738826	-9.688258	10.654287	
1559	8.118598	-8.671875	-9.785389	10.561511	
1560	8.118598	-8.671875	-9.785389	10.561511	
1560	8.125000	-8.666089	-9.793883	10.553317	
1561	8.203125	-8.594012	-9.897937	10.451901	
1561	8.203404	-8.593750	-9.898309	10.451534	
1562	8.125000	-8.666089	-9.793883	10.553317	
1562	8.203125	-8.594012	-9.897937	10.451901	
1563	8.281250	-8.522485	-10.000482	10.350041	
1563	8.288565	-8.515625	-10.010137	10.340352	
1564	8.359375	-8.450845	-10.101965	10.247349	
1564	8.373592	-8.437500	-10.120519	10.228369	
1565	8.288565	-8.515625	-10.010137	10.340352	
1565	8.359375	-8.450845	-10.101965	10.247349	
1566	8.203404	-8.593750	-9.898309	10.451534	
1566	8.281250	-8.522485	-10.000482	10.350041	
1567	8.437500	-8.378768	-10.202599	10.143642	
1567	8.458049	-8.359375	-10.229174	10.115942	
1568	8.515625	-8.305979	-10.302569	10.038755	
1568	8.541586	-8.281250	-10.335902	10.003367	
1569	8.458049	-8.359375	-10.229174	10.115942	
1569	8.515625	-8.305979	-10.302569	10.038755	
1570	8.593750	-8.232241	-10.402034	9.932540	
1570	8.623938	-8.203125	-10.440581	9.890874	
1571	8.671875	-8.157355	-10.501126	9.824860	
1571	8.704917	-8.125000	-10.543150	9.778628	
1572	8.623938	-8.203125	-10.440581	9.890874	
1572	8.671875	-8.157355	-10.501126	9.824860	
1573	8.541586	-8.281250	-10.335902	10.003367	
1573	8.593750	-8.232241	-10.402034	9.932540	
1574	8.373592	-8.437500	-10.120519	10.228369	
1574	8.437500	-8.378768	-10.202599	10.143642	
1575	8.704917	-8.125000	-10.543150	9.778628	
1575	8.750000	-8.081147	-10.599959	9.715592	
1576	9.297349	-7.500000	-11.291387	8.896866	
1576	9.364898	-7.421875	-11.376931	8.788644	
1577	9.364898	-7.421875	-11.376931	8.788644	
1577	9.375000	-7.410039	-11.389746	8.772292	
1578	9.375000	-7.410039	-11.389746	8.772292	
1578	9.431149	-7.343750	-11.460929	8.680803	
1579	9.531250	-7.222691	-11.588123	8.514460	
1579	9.559903	-7.187500	-11.624502	8.466194	
1580	9.431149	-7.343750	-11.460929	8.680803	
1580	9.453125	-7.317435	-11.488857	8.644596	
1581	9.453125	-7.317435	-11.488857	8.644596	
1581	9.496137	-7.265625	-11.543435	8.573326	
1582	9.496137	-7.265625	-11.543435	8.573326	
1582	9.531250	-7.222691	-11.588123	8.514460	
1583	9.687500	-7.026707	-11.787047	8.246668	
1583	9.744604	-6.953125	-11.859710	8.146431	
1584	9.765625	-6.925552	-11.886588	8.109014	
1584	9.804171	-6.875000	-11.935621	8.040276	
1585	9.744604	-6.953125	-11.859710	8.146431	
1585	9.765625	-6.925552	-11.886588	8.109014	
1586	9.559903	-7.187500	-11.624502	8.466194	
1586	9.609375	-7.125776	-11.687533	8.381825	
1587	9.609375	-7.125776	-11.687533	8.381825	
1587	9.622481	-7.109375	-11.704177	8.359387	
1588	9.622481	-7.109375	-11.704177	8.359387	
1588	9.683971	-7.031250	-11.782537	8.252847	
1589	9.683971	-7.031250	-11.782537	8.252847	
1589	9.687500	-7.026707	-11.787047	8.246668	
1590	9.804171	-6.875000	-11.935621	8.040276	
1590	9.843750	-6.822144	-11.986224	7.968678	
1591	9.843750	-6.822144	-11.986224	7.968678	
1591	9.862694	-6.796875	-12.010303	7.934370	
1592	9.862694	-6.796875	-12.010303	7.934370	
1592	9.920223	-6.718750	-12.083799	7.828683	
1593	9.920223	-6.718750	-12.083799	7.828683	
1593	9.921875	-6.716476	-12.085918	7.825615	
1594	9.921875	-6.716476	-12.085918	7.825615	
1594	9.977136	-6.640625	-12.156286	7.722985	
1595	9.977136	-6.640625	-12.156286	7.722985	
1595	10.000000	-6.608630	-12.185573	7.679859	
1596	12.735172	0.000000	-15.288496	-1.069382	
1596	12.750149	0.078125	-15.295384	-1.169192	
1597	12.750149	0.078125	-15.295384	-1.169192	
1597	12.764745	0.156250	-15.301666	-1.268802	
1598	12.764745	0.156250	-15.301666	-1.268802	
1598	12.778963	0.234375	-15.307348	-1.368212	
1599	12.778963	0.234375	-15.307348	-1.368212	
1599	12.792805	0.312500	-15.312433	-1.467417	
1600	12.812500	0.427726	-15.318850	-1.613353	
1600	12.819500	0.468750	-15.320827	-1.665209	
1601	12.819500	0.468750	-15.320827	-1.665209	
1601	12.832465	0.546875	-15.324144	-1.763793	
1602	12.832465	0.546875	-15.324144	-1.763793	
1602	12.845056	0.625000	-15.326879	-1.862157	
1603	12.792805	0.312500	-15.312433	-1.467417	
1603	12.806274	0.390625	-15.316924	-1.566415	
1604	12.806274	0.390625	-15.316924	-1.566415	
1604	12.812500	0.427726	-15.318850	-1.613353	
1605	12.845056	0.625000	-15.326879	-1.862157	
1605	12.857275	0.703125	-15.329037	-1.960300	
1606	12.857275	0.703125	-15.329037	-1.960300	
1606	12.869122	0.781250	-15.330621	-2.058219	
1607	12.869122	0.781250	-15.330621	-2.058219	
1607	12.880599	0.859375	-15.331635	-2.155912	
1608	12.890625	0.929882	-15.332064	-2.243882	
1608	12.891727	0.937500	-15.332083	-2.253376	
1609	12.880599	0.859375	-15.331635	-2.155912	
1609	12.890625	0.929882	-15.332064	-2.243882	
1610	12.891727	0.937500	-15.332083	-2.253376	
1610	12.902667	1.015625	-15.331969	-2.350608	
1611	12.902667	1.015625	-15.331969	-2.350608	
1611	12.913233	1.093750	-15.331296	-2.447604	
1612	12.913233	1.093750	-15.331296	-2.447604	
1612	12.923425	1.171875	-15.330070	-2.544363	
1613	12.923425	1.171875	-15.330070	-2.544363	
1613	12.933244	1.250000	-15.328293	-2.640882	
1614	12.933244	1.250000	-15.328293	-2.640882	
1614	12.942691	1.328125	-15.325969	-2.737160	
1615	12.942691	1.328125	-15.325969	-2.737160	
1615	12.951765	1.406250	-15.323103	-2.833195	
1616	12.968750	1.562058	-15.315781	-3.023991	
1616	12.968798	1.562500	-15.315757	-3.024531	
1617	12.951765	1.406250	-15.323103	-2.833195	
1617	12.960467	1.484375	-15.319698	-2.928986	
1618	12.960467	1.484375	-15.319698	-2.928986	
1618	12.968750	1.562058	-15.315781	-3.023991	
1619	12.968798	1.562500	-15.315757	-3.024531	
1619	12.976904	1.640625	-15.311286	-3.119819	
1620	12.976904	1.640625	-15.311286	-3.119819	
1620	12.984630	1.718750	-15.306286	-3.214857	
1621	12.984630	1.718750	-15.306286	-3.214857	
1621	12.991976	1.796875	-15.300763	-3.309643	
1622	12.991976	1.796875	-15.300763	-3.309643	
1622	12.998941	1.875000	-15.294719	-3.404178	
1623	12.998941	1.875000	-15.294719	-3.404178	
1623	13.005526	1.953125	-15.288158	-3.498459	
1624	13.005526	1.953125	-15.288158	-3.498459	
1624	13.011730	2.031250	-15.281084	-3.592486	
1625	13.011730	2.031250	-15.281084	-3.592486	
1625	13.017551	2.109375	-15.273499	-3.686258	
1626	13.017551	2.109375	-15.273499	-3.686258	
1626	13.022988	2.187500	-15.265408	-3.779775	
1627	13.022988	2.187500	-15.265408	-3.779775	
1627	13.028042	2.265625	-15.256814	-3.873036	
1628	13.028042	2.265625	-15.256814	-3.873036	
1628	13.032710	2.343750	-15.247720	-3.966040	
1629	13.032710	2.343750	-15.247720	-3.966040	
1629	13.036992	2.421875	-15.238128	-4.058787	
1630	13.036992	2.421875	-15.238128	-4.058787	
1630	13.040886	2.500000	-15.228043	-4.151278	
1631	13.040886	2.500000	-15.228043	-4.151278	
1631	13.044390	2.578125	-15.217468	-4.243510	
1632	13.046875	2.640494	-15.208675	-4.316962	
1632	13.047516	2.656250	-15.206405	-4.335484	
1633	13.044390	2.578125	-15.217468	-4.243510	
1633	13.046875	2.640494	-15.208675	-4.316962	
1634	13.047516	2.656250	-15.206405	-4.335484	
1634	13.050288	2.734375	-15.194858	-4.427194	
1635	13.050288	2.734375	-15.194858	-4.427194	
1635	13.052658	2.812500	-15.182830	-4.518646	
1636	13.052658	2.812500	-15.182830	-4.518646	
1636	13.054626	2.890625	-15.170323	-4.609842	
1637	13.054626	2.890625	-15.170323	-4.609842	
1637	13.056188	2.968750	-15.157339	-4.700782	
1638	13.056188	2.968750	-15.157339	-4.700782	
1638	13.057343	3.046875	-15.143882	-4.791465	
1639	13.057343	3.046875	-15.143882	-4.791465	
1639	13.058089	3.125000	-15.129954	-4.881892	
1640	13.058089	3.125000	-15.129954	-4.881892	
1640	13.058423	3.203125	-15.115558	-4.972065	
1641	13.058423	3.203125	-15.115558	-4.972065	
1641	13.058344	3.281250	-15.100696	-5.061983	
1642	13.058344	3.281250	-15.100696	-5.061983	
1642	13.057848	3.359375	-15.085369	-5.151648	
1643	13.057848	3.359375	-15.085369	-5.151648	
1643	13.056934	3.437500	-15.069582	-5.241060	
1644	13.056934	3.437500	-15.069582	-5.241060	
1644	13.055599	3.515625	-15.053335	-5.330219	
1645	13.055599	3.515625	-15.053335	-5.330219	
1645	13.053839	3.593750	-15.036632	-5.419128	
1646	13.053839	3.593750	-15.036632	-5.419128	
1646	13.051653	3.671875	-15.019473	-5.507786	
1647	13.051653	3.671875	-15.019473	-5.507786	
1647	13.049038	3.750000	-15.001861	-5.596195	
1648	13.046875	3.805528	-14.989067	-5.658892	
1648	13.046007	3.828125	-14.983799	-5.684353	
1649	13.046875	3.805528	-14.989067	-5.658892	
1649	13.049038	3.750000	-15.001861	-5.596195	
1650	13.046007	3.828125	-14.983799	-5.684353	
1650	13.042588	3.906250	-14.965290	-5.772253	
1651	13.042588	3.906250	-14.965290	-5.772253	
1651	13.038739	3.984375	-14.946334	-5.859904	
1652	13.038739	3.984375	-14.946334	-5.859904	
1652	13.034457	4.062500	-14.926932	-5.947308	
1653	13.034457	4.062500	-14.926932	-5.947308	
1653	13.029739	4.140625	-14.907087	-6.034467	
1654	13.029739	4.140625	-14.907087	-6.034467	
1654	13.024582	4.218750	-14.886801	-6.121381	
1655	13.024582	4.218750	-14.886801	-6.121381	
1655	13.018983	4.296875	-14.866073	-6.208052	
1656	13.018983	4.296875	-14.866073	-6.208052	
1656	13.012940	4.375000	-14.844906	-6.294481	
1657	13.012940	4.375000	-14.844906	-6.294481	
1657	13.006448	4.453125	-14.823302	-6.380670	
1658	13.006448	4.453125	-14.823302	-6.380670	
1658	12.999506	4.531250	-14.801261	-6.466619	
1659	12.999506	4.531250	-14.801261	-6.466619	
1659	12.992110	4.609375	-14.778785	-6.552330	
1660	12.992110	4.609375	-14.778785	-6.552330	
1660	12.984257	4.687500	-14.755874	-6.637805	
1661	12.968750	4.829739	-14.713048	-6.792831	
1661	12.967197	4.843750	-14.708757	-6.808042	
1662	12.984257	4.687500	-14.755874	-6.637805	
1662	12.975944	4.765625	-14.732530	-6.723045	
1663	12.968750	4.829739	-14.713048	-6.792831	
1663	12.975944	4.765625	-14.732530	-6.723045	
1664	12.967197	4.843750	-14.708757	-6.808042	
1664	12.958121	4.921875	-14.684564	-6.892766	
1665	12.958121	4.921875	-14.684564	-6.892766	
1665	12.948585	5.000000	-14.659942	-6.977255	
1666	12.500000	7.212672	-13.791201	-9.267126	
1666	12.485450	7.265625	-13.766558	-9.319228	
1667	12.485450	7.265625	-13.766558	-9.319228	
1667	12.463587	7.343750	-13.729872	-9.395880	
1668	12.463587	7.343750	-13.729872	-9.395880	
1668	12.441269	7.421875	-13.692798	-9.472266	
1669	12.421875	7.488493	-13.660879	-9.537190	
1669	12.441269	7.421875	-13.692798	-9.472266	
1670	12.421875	7.488493	-13.660879	-9.537190	
1670	12.418541	7.500000	-13.655347	-9.548364	
1671	12.948585	5.000000	-14.659942	-6.977255	
1671	12.938586	5.078125	-14.634892	-7.061510	
1672	12.938586	5.078125	-14.634892	-7.061510	
1672	12.928122	5.156250	-14.609416	-7.145532	
1673	12.928122	5.156250	-14.609416	-7.145532	
1673	12.917191	5.234375	-14.583513	-7.229322	
1674	12.917191	5.234375	-14.583513	-7.229322	
1674	12.905790	5.312500	-14.557185	-7.312882	
1675	12.905790	5.312500	-14.557185	-7.312882	
1675	12.893918	5.390625	-14.530433	-7.396213	
1676	12.890625	5.411556	-14.523190	-7.418509	
1676	12.893918	5.390625	-14.530433	-7.396213	
1677	12.890625	5.411556	-14.523190	-7.418509	
1677	12.881728	5.468750	-14.503273	-7.479262	
1678	12.881728	5.468750	-14.503273	-7.479262	
1678	12.869128	5.546875	-14.475698	-7.562061	
1679	12.869128	5.546875	-14.475698	-7.562061	
1679	12.856057	5.625000	-14.447704	-7.644627	
1680	12.812500	5.867326	-14.358201	-7.899267	
1680	12.799277	5.937500	-14.331563	-7.972508	
1681	12.856057	5.625000	-14.447704	-7.644627	
1681	12.842516	5.703125	-14.419289	-7.726963	
1682	12.842516	5.703125	-14.419289	-7.726963	
1682	12.828501	5.781250	-14.390455	-7.809068	
1683	12.828501	5.781250	-14.390455	-7.809068	
1683	12.814014	5.859375	-14.361203	-7.890943	
1684	12.812500	5.867326	-14.358201	-7.899267	
1684	12.814014	5.859375	-14.361203	-7.890943	
1685	12.799277	5.937500	-14.331563	-7.972508	
1685	12.784096	6.015625	-14.301512	-8.053829	
1686	12.784096	6.015625	-14.301512	-8.053829	
1686	12.768445	6.093750	-14.271047	-8.134915	
1687	12.768445	6.093750	-14.271047	-8.134915	
1687	12.752324	6.171875	-14.240170	-8.215767	
1688	12.752324	6.171875	-14.240170	-8.215767	
1688	12.735733	6.250000	-14.208880	-8.296384	
1689	12.734375	6.256259	-14.206354	-8.302835	
1689	12.718925	6.328125	-14.177216	-8.376670	
1690	12.734375	6.256259	-14.206354	-8.302835	
1690	12.735733	6.250000	-14.208880	-8.296384	
1691	12.718925	6.328125	-14.177216	-8.376670	
1691	12.701673	6.406250	-14.145148	-8.456708	
1692	12.701673	6.406250	-14.145148	-8.456708	
1692	12.683956	6.484375	-14.112674	-8.536505	
1693	12.683956	6.484375	-14.112674	-8.536505	
1693	12.665774	6.562500	-14.079793	-8.616060	
1694	12.656250	6.602550	-14.062776	-8.656758	
1694	12.647269	6.640625	-14.046530	-8.695317	
1695	12.647269	6.640625	-14.046530	-8.695317	
1695	12.628453	6.718750	-14.012890	-8.774269	
1696	12.656250	6.602550	-14.062776	-8.656758	
1696	12.665774	6.562500	-14.079793	-8.616060	
1697	12.628453	6.718750	-14.012890	-8.774269	
1697	12.609176	6.796875	-13.978849	-8.852972	
1698	12.609176	6.796875	-13.978849	-8.852972	
1698	12.589439	6.875000	-13.944409	-8.931425	
1699	12.578125	6.918920	-13.924870	-8.975425	
1699	12.569376	6.953125	-13.909594	-9.009572	
1700	12.578125	6.918920	-13.924870	-8.975425	
1700	12.589439	6.875000	-13.944409	-8.931425	
1701	12.569376	6.953125	-13.909594	-9.009572	
1701	12.549026	7.031250	-13.874415	-9.087396	
1702	12.549026	7.031250	-13.874415	-9.087396	
1702	12.528220	7.109375	-13.838841	-9.164962	
1703	12.528220	7.109375	-13.838841	-9.164962	
1703	12.506958	7.187500	-13.802875	-9.242269	
1704	12.500000	7.212672	-13.791201	-9.267126	
1704	12.506958	7.187500	-13.802875	-9.242269	
1705	12.418541	7.500000	-13.655347	-9.548364	
1705	12.395625	7.578125	-13.617568	-9.624078	
1706	12.395625	7.578125	-13.617568	-9.624078	
1706	12.372250	7.656250	-13.579405	-9.699519	
1707	12.372250	7.656250	-13.579405	-9.699519	
1707	12.348415	7.734375	-13.540860	-9.774686	
1708	12.343750	7.749489	-13.533359	-9.789196	
1708	12.348415	7.734375	-13.540860	-9.774686	
1709	12.343750	7.749489	-13.533359	-9.789196	
1709	12.324372	7.812500	-13.501990	-9.849467	
1710	12.324372	7.812500	-13.501990	-9.849467	
1710	12.299925	7.890625	-13.462754	-9.923945	
1711	12.299925	7.890625	-13.462754	-9.923945	
1711	12.275009	7.968750	-13.423138	-9.998143	
1712	12.265625	7.997806	-13.408309	-10.025665	
1712	12.249818	8.046875	-13.383190	-10.071975	
1713	12.265625	7.997806	-13.408309	-10.025665	
1713	12.275009	7.968750	-13.423138	-9.998143	
1714	12.249818	8.046875	-13.383190	-10.071975	
1714	12.224266	8.125000	-13.342890	-10.145475	
1715	12.187500	8.234925	-13.285547	-10.248414	
1715	12.171891	8.281250	-13.261199	-10.291550	
1716	12.171891	8.281250	-13.261199	-10.291550	
1716	12.145182	8.359375	-13.219840	-10.364068	
1717	12.145182	8.359375	-13.219840	-10.364068	
1717	12.117968	8.437500	-13.178099	-10.436306	
1718	12.224266	8.125000	-13.342890	-10.145475	
1718	12.198230	8.203125	-13.302211	-10.218694	
1719	12.187500	8.234925	-13.285547	-10.248414	
1719	12.198230	8.203125	-13.302211	-10.218694	
1720	12.109375	8.461894	-13.164989	-10.458801	
1720	12.090455	8.515625	-13.136031	-10.508169	
1721	12.109375	8.461894	-13.164989	-10.458801	
1721	12.117968	8.437500	-13.178099	-10.436306	
1722	12.090455	8.515625	-13.136031	-10.508169	
1722	12.062515	8.593750	-13.093606	-10.579710	
1723	12.062515	8.593750	-13.093606	-10.579710	
1723	12.034040	8.671875	-13.050793	-10.650975	
1724	12.031250	8.679464	-13.046615	-10.657881	
1724	12.034040	8.671875	-13.050793	-10.650975	
1725	12.031250	8.679464	-13.046615	-10.657881	
1725	12.005300	8.750000	-13.007669	-10.721839	
1726	11.875000	9.088698	-12.816390	-11.025532	
1726	11.854289	9.140625	-12.786469	-11.071536	
1727	11.854289	9.140625	-12.786469	-11.071536	
1727	11.822623	9.218750	-12.741114	-11.140529	
1728	11.796875	9.281150	-12.704589	-11.195451	
1728	11.790365	9.296875	-12.695355	-11.209246	
1729	11.796875	9.281150	-12.704589	-11.195451	
1729	11.822623	9.218750	-12.741114	-11.140529	
1730	11.790365	9.296875	-12.695355	-11.209246	
1730	11.757682	9.375000	-12.649244	-11.277608	
1731	12.005300	8.750000	-13.007669	-10.721839	
1731	11.976031	8.828125	-12.964160	-10.792418	
1732	11.953125	8.888258	-12.930405	-10.846555	
1732	11.976031	8.828125	-12.964160	-10.792418	
1733	11.953125	8.888258	-12.930405	-10.846555	
1733	11.946261	8.906250	-12.920276	-10.862696	
1734	11.946261	8.906250	-12.920276	-10.862696	
1734	11.916143	8.984375	-12.876060	-10.932600	
1735	11.916143	8.984375	-12.876060	-10.932600	
1735	11.885422	9.062500	-12.831439	-11.002244	
1736	11.875000	9.088698	-12.816390	-11.025532	
1736	11.885422	9.062500	-12.831439	-11.002244	
1737	11.718750	9.465994	-12.594988	-11.356929	
1737	11.690471	9.531250	-12.555781	-11.413513	
1738	11.757682	9.375000	-12.649244	-11.277608	
1738	11.724303	9.453125	-12.602694	-11.345735	
1739	11.718750	9.465994	-12.594988	-11.356929	
1739	11.724303	9.453125	-12.602694	-11.345735	
1740	11.690471	9.531250	-12.555781	-11.413513	
1740	11.655952	9.609375	-12.508429	-11.481045	
1741	11.640625	9.643582	-12.487559	-11.510534	
1741	11.655952	9.609375	-12.508429	-11.481045	
1742	11.640625	9.643582	-12.487559	-11.510534	
1742	11.620849	9.687500	-12.460670	-11.548280	
1743	11.620849	9.687500	-12.460670	-11.548280	
1743	11.585100	9.765625	-12.412481	-11.615245	
1744	11.562500	9.814183	-12.382292	-11.656753	
1744	11.585100	9.765625	-12.412481	-11.615245	
1745	11.562500	9.814183	-12.382292	-11.656753	
1745	11.548661	9.843750	-12.363844	-11.681954	
1746	11.548661	9.843750	-12.363844	-11.681954	
1746	11.511585	9.921875	-12.314775	-11.748381	
1747	11.484375	9.978142	-12.279127	-11.796098	
1747	11.511585	9.921875	-12.314775	-11.748381	
1748	11.484375	9.978142	-12.279127	-11.796098	
1748	11.473738	10.000000	-12.265225	-11.814584	
1749	11.250000	10.433443	-11.981472	-12.177506	
1749	11.230671	10.468750	-11.957655	-12.206764	
1750	11.230671	10.468750	-11.957655	-12.206764	
1750	11.187206	10.546875	-11.904532	-12.271382	
1751	11.171875	10.574038	-11.885925	-12.293806	
1751	11.187206	10.546875	-11.904532	-12.271382	
1752	11.171875	10.574038	-11.885925	-12.293806	
1752	11.142858	10.625000	-11.850847	-12.335792	
1753	11.093750	10.709512	-11.792077	-12.405295	
1753	11.051273	10.781250	-11.741670	-12.464083	
1754	11.142858	10.625000	-11.850847	-12.335792	
1754	11.097497	10.703125	-11.796542	-12.400051	
1755	11.093750	10.709512	-11.792077	-12.405295	
1755	11.097497	10.703125	-11.796542	-12.400051	
1756	11.015625	10.840259	-11.699779	-12.512368	
1756	11.003962	10.859375	-11.686133	-12.527985	
1757	11.015625	10.840259	-11.699779	-12.512368	
1757	11.051273	10.781250	-11.741670	-12.464083	
1758	11.003962	10.859375	-11.686133	-12.527985	
1758	10.955668	10.937500	-11.629966	-12.591704	
1759	10.937500	10.966449	-11.608982	-12.615278	
1759	10.955668	10.937500	-11.629966	-12.591704	
1760	10.937500	10.966449	-11.608982	-12.615278	
1760	10.906313	11.015625	-11.573128	-12.655270	
1761	10.859375	11.088280	-11.519623	-12.714282	
1761	10.906313	11.015625	-11.573128	-12.655270	
1762	10.859375	11.088280	-11.519623	-12.714282	
1762	10.855802	11.093750	-11.515570	-12.718720	
1763	10.855802	11.093750	-11.515570	-12.718720	
1763	10.804251	11.171875	-11.457331	-12.781994	
1764	10.781250	11.206164	-11.431532	-12.809729	
1764	10.804251	11.171875	-11.457331	-12.781994	
1765	10.781250	11.206164	-11.431532	-12.809729	
1765	10.751503	11.250000	-11.398333	-12.845156	
1766	11.406250	10.135793	-12.177989	-11.929047	
1766	11.395897	10.156250	-12.164724	-11.946223	
1767	11.473738	10.000000	-12.265225	-11.814584	
1767	11.435233	10.078125	-12.215230	-11.880506	
1768	11.406250	10.135793	-12.177989	-11.929047	
1768	11.435233	10.078125	-12.215230	-11.880506	
1769	11.395897	10.156250	-12.164724	-11.946223	
1769	11.355855	10.234375	-12.113748	-12.011674	
1770	11.328125	10.287457	-12.078798	-12.056046	
1770	11.355855	10.234375	-12.113748	-12.011674	
1771	11.328125	10.287457	-12.078798	-12.056046	
1771	11.314943	10.312500	-12.062238	-12.076929	
1772	11.314943	10.312500	-12.062238	-12.076929	
1772	11.273250	10.390625	-12.010222	-12.141945	
1773	11.250000	10.433443	-11.981472	-12.177506	
1773	11.273250	10.390625	-12.010222	-12.141945	
1774	10.625000	11.430474	-11.259051	-12.990630	
1774	10.585901	11.484375	-11.216600	-13.033975	
1775	10.546875	11.537354	-11.174482	-13.076530	
1775	10.585901	11.484375	-11.216600	-13.033975	
1776	10.546875	11.537354	-11.174482	-13.076530	
1776	10.528106	11.562500	-11.154337	-13.096728	
1777	10.468750	11.640863	-11.090978	-13.159599	
1777	10.408412	11.718750	-11.027104	-13.221991	
1778	10.528106	11.562500	-11.154337	-13.096728	
1778	10.468932	11.640625	-11.091171	-13.159408	
1779	10.468750	11.640863	-11.090978	-13.159599	
1779	10.468932	11.640625	-11.091171	-13.159408	
1780	10.390625	11.741395	-11.008366	-13.240108	
1780	10.346415	11.796875	-10.962058	-13.284525	
1781	10.390625	11.741395	-11.008366	-13.240108	
1781	10.408412	11.718750	-11.027104	-13.221991	
1782	10.312500	11.838879	-10.926690	-13.318109	
1782	10.346415	11.796875	-10.962058	-13.284525	
1783	10.312500	11.838879	-10.926690	-13.318109	
1783	10.282895	11.875000	-10.895995	-13.347018	
1784	10.703125	11.320094	-11.344731	-12.901740	
1784	10.697515	11.328125	-11.338548	-12.908219	
1785	10.703125	11.320094	-11.344731	-12.901740	
1785	10.751503	11.250000	-11.398333	-12.845156	
1786	10.697515	11.328125	-11.338548	-12.908219	
1786	10.642350	11.406250	-11.277990	-12.971145	
1787	10.625000	11.430474	-11.259051	-12.990630	
1787	10.642350	11.406250	-11.277990	-12.971145	
1788	10.156250	12.025284	-10.765901	-13.467149	
1788	10.151078	12.031250	-10.760642	-13.471925	
1789	10.234375	11.933463	-10.845887	-13.393745	
1789	10.217801	11.953125	-10.828871	-13.409481	
1790	10.234375	11.933463	-10.845887	-13.393745	
1790	10.282895	11.875000	-10.895995	-13.347018	
1791	10.156250	12.025284	-10.765901	-13.467149	
1791	10.217801	11.953125	-10.828871	-13.409481	
1792	10.151078	12.031250	-10.760642	-13.471925	
1792	10.082675	12.109375	-10.691261	-13.534358	
1793	10.078125	12.114523	-10.686656	-13.538464	
1793	10.082675	12.109375	-10.691261	-13.534358	
1794	10.078125	12.114523	-10.686656	-13.538464	
1794	10.012515	12.187500	-10.620668	-13.596798	
1795	10.000000	12.201277	-10.608112	-13.607791	
1795	10.012515	12.187500	-10.620668	-13.596798	
1796	17.421875	10.398533	-12.708264	-9.445933	
1796	17.500000	10.414344	-12.718492	-9.429845	
1797	17.372948	10.468750	-12.667446	-9.499764	
1797	17.421875	10.398533	-12.708264	-9.445933	
1798	17.372948	10.468750	-12.667446	-9.499764	
1798	17.348474	10.546875	-12.620672	-9.551472	
1799	17.348474	10.546875	-12.620672	-9.551472	
1799	17.350813	10.625000	-12.576169	-9.594366	
1800	17.298345	10.781250	-12.451417	-9.795198	
1800	17.343750	10.746652	-12.462622	-9.729040	
1801	17.350813	10.625000	-12.576169	-9.594366	
1801	17.362072	10.703125	-12.519681	-9.644129	
1802	17.500000	10.704976	-12.664163	-9.617618	
1802	17.461706	10.781250	-12.642646	-9.725883	
1803	17.343750	10.746652	-12.462622	-9.729040	
1803	17.362072	10.703125	-12.519681	-9.644129	
1804	17.461706	10.781250	-12.642646	-9.725883	
1804	17.452375	10.859375	-12.568712	-9.821748	
1805	17.452375	10.859375	-12.568712	-9.821748	
1805	17.445779	10.937500	-12.509382	-9.875104	
1806	17.252082	10.859375	-12.437325	-9.877040	
1806	17.265625	10.850525	-12.439317	-9.867672	
1807	17.265625	10.850525	-12.439317	-9.867672	
1807	17.298345	10.781250	-12.451417	-9.795198	
1808	17.252082	10.859375	-12.437325	-9.877040	
1808	17.225794	10.937500	-12.420784	-9.937087	
1809	17.225794	10.937500	-12.420784	-9.937087	
1809	17.234161	11.015625	-12.403713	-9.981852	
1810	17.265625	11.075214	-12.392337	-10.005548	
1810	17.302759	11.093750	-12.393351	-10.004207	
1811	17.234161	11.015625	-12.403713	-9.981852	
1811	17.265625	11.075214	-12.392337	-10.005548	
1812	17.445779	10.937500	-12.509382	-9.875104	
1812	17.429360	11.015625	-12.460997	-9.922636	
1813	17.421875	11.041382	-12.446554	-9.938167	
1813	17.429360	11.015625	-12.460997	-9.922636	
1814	17.421875	11.041382	-12.446554	-9.938167	
1814	17.361209	11.093750	-12.406773	-9.985624	
1815	17.343750	11.110378	-12.396835	-9.999295	
1815	17.361209	11.093750	-12.406773	-9.985624	
1816	17.302759	11.093750	-12.393351	-10.004207	
1816	17.343750	11.110378	-12.396835	-9.999295	
1817	17.500000	10.414344	-12.718492	-9.429845	
1817	17.536713	10.468750	-12.708972	-9.449751	
1818	17.536713	10.468750	-12.708972	-9.449751	
1818	17.557695	10.546875	-12.693169	-9.490837	
1819	17.557695	10.546875	-12.693169	-9.490837	
1819	17.551928	10.625000	-12.677743	-9.543806	
1820	17.551928	10.625000	-12.677743	-9.543806	
1820	17.503960	10.703125	-12.664463	-9.615282	
1821	17.500000	10.704976	-12.664163	-9.617618	
1821	17.503960	10.703125	-12.664463	-9.615282	
1822	4.296875	14.370461	-5.441834	-16.133433	
1822	4.375000	14.367435	-5.518582	-16.115010	
1823	4.218750	14.373622	-5.364710	-16.151586	
1823	4.296875	14.370461	-5.441834	-16.133433	
1824	4.218750	14.373622	-5.364710	-16.151586	
1824	4.186385	14.375000	-5.332645	-16.159028	
1825	4.921875	14.348189	-6.044914	-15.978670	
1825	5.000000	14.345396	-6.118525	-15.958153	
1826	4.843750	14.350912	-5.970908	-15.998928	
1826	4.921875	14.348189	-6.044914	-15.978670	
1827	4.765625	14.353595	-5.896506	-16.018927	
1827	4.843750	14.350912	-5.970908	-15.998928	
1828	4.687500	14.356270	-5.821708	-16.038666	
1828	4.765625	14.353595	-5.896506	-16.018927	
1829	4.609375	14.358966	-5.746514	-16.058145	
1829	4.687500	14.356270	-5.821708	-16.038666	
1830	4.531250	14.361709	-5.670926	-16.077364	
1830	4.609375	14.358966	-5.746514	-16.058145	
1831	4.453125	14.364525	-5.594947	-16.096319	
1831	4.531250	14.361709	-5.670926	-16.077364	
1832	4.375000	14.367435	-5.518582	-16.115010	
1832	4.453125	14.364525	-5.594947	-16.096319	
1833	3.750000	14.396599	-4.894405	-16.254647	
1833	3.828125	14.392264	-4.973638	-16.238190	
1834	3.828125	14.392264	-4.973638	-16.238190	
1834	3.906250	14.388142	-5.052545	-16.221438	
1835	3.906250	14.388142	-5.052545	-16.221438	
1835	3.984375	14.384225	-5.131115	-16.204398	
1836	3.984375	14.384225	-5.131115	-16.204398	
1836	4.062500	14.380504	-5.209339	-16.187073	
1837	4.062500	14.380504	-5.209339	-16.187073	
1837	4.140625	14.376967	-5.287209	-16.169467	
1838	4.140625	14.376967	-5.287209	-16.169467	
1838	4.186385	14.375000	-5.332645	-16.159028	
1839	3.125000	14.439362	-4.250188	-16.375126	
1839	3.203125	14.433234	-4.331603	-16.361204	
1840	3.203125	14.433234	-4.331603	-16.361204	
1840	3.281250	14.427324	-4.412791	-16.346946	
1841	3.281250	14.427324	-4.412791	-16.346946	
1841	3.359375	14.421636	-4.493739	-16.332357	
1842	3.359375	14.421636	-4.493739	-16.332357	
1842	3.437500	14.416174	-4.574432	-16.317443	
1843	3.437500	14.416174	-4.574432	-16.317443	
1843	3.515625	14.410939	-4.654857	-16.302209	
1844	3.515625	14.410939	-4.654857	-16.302209	
1844	3.593750	14.405933	-4.735003	-16.286662	
1845	3.593750	14.405933	-4.735003	-16.286662	
1845	3.671875	14.401154	-4.814856	-16.270806	
1846	3.671875	14.401154	-4.814856	-16.270806	
1846	3.750000	14.396599	-4.894405	-16.254647	
1847	2.578125	14.488332	-3.675006	-16.462675	
1847	2.656250	14.480778	-3.757636	-16.451272	
1848	2.500000	14.496026	-3.592264	-16.473694	
1848	2.578125	14.488332	-3.675006	-16.462675	
1849	2.734375	14.473377	-3.840137	-16.439490	
1849	2.812500	14.466144	-3.922497	-16.427336	
1850	2.656250	14.480778	-3.757636	-16.451272	
1850	2.734375	14.473377	-3.840137	-16.439490	
1851	2.968750	14.452242	-4.086731	-16.401936	
1851	2.958515	14.453125	-4.075995	-16.403644	
1852	2.890625	14.459089	-4.004701	-16.414816	
1852	2.958515	14.453125	-4.075995	-16.403644	
1853	2.812500	14.466144	-3.922497	-16.427336	
1853	2.890625	14.459089	-4.004701	-16.414816	
1854	2.968750	14.452242	-4.086731	-16.401936	
1854	3.046875	14.445700	-4.168559	-16.388705	
1855	3.046875	14.445700	-4.168559	-16.388705	
1855	3.125000	14.439362	-4.250188	-16.375126	
1856	2.187500	14.527885	-3.260439	-16.513816	
1856	2.155207	14.531250	-3.226092	-16.517592	
1857	2.031250	14.544497	-3.094170	-16.531427	
1857	2.109375	14.536135	-3.177324	-16.522830	
1858	2.109375	14.536135	-3.177324	-16.522830	
1858	2.155207	14.531250	-3.226092	-16.517592	
1859	1.875000	14.561272	-2.927816	-16.547346	
1859	1.953125	14.552883	-3.010997	-16.539601	
1860	1.953125	14.552883	-3.010997	-16.539601	
1860	2.031250	14.544497	-3.094170	-16.531427	
1861	2.265625	14.519791	-3.343496	-16.504390	
1861	2.343750	14.511772	-3.426495	-16.494558	
1862	2.187500	14.527885	-3.260439	-16.513816	
1862	2.265625	14.519791	-3.343496	-16.504390	
1863	2.421875	14.503845	-3.509422	-16.484324	
1863	2.500000	14.496026	-3.592264	-16.473694	
1864	2.343750	14.511772	-3.426495	-16.494558	
1864	2.421875	14.503845	-3.509422	-16.484324	
1865	1.484375	14.602577	-2.512185	-16.579474	
1865	1.417898	14.609375	-2.441555	-16.583820	
1866	1.484375	14.602577	-2.512185	-16.579474	
1866	1.562500	14.594469	-2.595241	-16.573944	
1867	1.406250	14.610596	-2.429181	-16.584548	
1867	1.417898	14.609375	-2.441555	-16.583820	
1868	1.328125	14.618623	-2.346231	-16.589161	
1868	1.406250	14.610596	-2.429181	-16.584548	
1869	1.250000	14.626491	-2.263353	-16.593310	
1869	1.328125	14.618623	-2.346231	-16.589161	
1870	1.718750	14.577982	-2.761478	-16.561531	
1870	1.796875	14.569645	-2.844640	-16.554658	
1871	1.796875	14.569645	-2.844640	-16.554658	
1871	1.875000	14.561272	-2.927816	-16.547346	
1872	1.562500	14.594469	-2.595241	-16.573944	
1872	1.640625	14.586263	-2.678342	-16.567962	
1873	1.640625	14.586263	-2.678342	-16.567962	
1873	1.718750	14.577982	-2.761478	-16.561531	
1874	0.859375	14.662731	-1.850265	-16.606947	
1874	0.937500	14.655961	-1.932690	-16.605179	
1875	0.781250	14.669222	-1.767945	-16.608229	
1875	0.859375	14.662731	-1.850265	-16.606947	
1876	0.703125	14.675419	-1.685734	-16.609022	
1876	0.781250	14.669222	-1.767945	-16.608229	
1877	0.625000	14.681303	-1.603635	-16.609323	
1877	0.703125	14.675419	-1.685734	-16.609022	
1878	1.171875	14.634178	-2.180554	-16.596989	
1878	1.250000	14.626491	-2.263353	-16.593310	
1879	1.093750	14.641666	-2.097840	-16.600196	
1879	1.171875	14.634178	-2.180554	-16.596989	
1880	1.015625	14.648934	-2.015217	-16.602927	
1880	1.093750	14.641666	-2.097840	-16.600196	
1881	0.937500	14.655961	-1.932690	-16.605179	
1881	1.015625	14.648934	-2.015217	-16.602927	
1882	0.546875	14.686857	-1.521649	-16.609128	
1882	0.625000	14.681303	-1.603635	-16.609323	
1883	0.546875	14.686857	-1.521649	-16.609128	
1883	0.537213	14.687500	-1.511517	-16.609070	
1884	0.312500	14.701696	-1.276399	-16.605545	
1884	0.390625	14.697123	-1.358030	-16.607242	
1885	0.390625	14.697123	-1.358030	-16.607242	
1885	0.468750	14.692167	-1.439780	-16.608436	
1886	0.468750	14.692167	-1.439780	-16.608436	
1886	0.537213	14.687500	-1.511517	-16.609070	
1887	0.000000	14.715901	-0.951067	-16.593671	
1887	0.078125	14.712986	-1.032222	-16.597407	
1888	0.078125	14.712986	-1.032222	-16.597407	
1888	0.156250	14.709639	-1.113496	-16.600630	
1889	0.156250	14.709639	-1.113496	-16.600630	
1889	0.234375	14.705873	-1.194888	-16.603342	
1890	0.234375	14.705873	-1.194888	-16.603342	
1890	0.312500	14.701696	-1.276399	-16.605545	
1891	10.000000	12.201277	-10.608112	-13.607791	
1891	9.940507	12.265625	-10.548793	-13.659270	
1892	9.921875	12.285582	-10.530255	-13.675204	
1892	9.940507	12.265625	-10.548793	-13.659270	
1893	9.921875	12.285582	-10.530255	-13.675204	
1893	9.866567	12.343750	-10.475569	-13.721790	
1894	9.843750	12.367529	-10.453047	-13.740795	
1894	9.866567	12.343750	-10.475569	-13.721790	
1895	9.843750	12.367529	-10.453047	-13.740795	
1895	9.790602	12.421875	-10.400918	-13.784382	
1896	9.765625	12.447199	-10.376453	-13.804647	
1896	9.790602	12.421875	-10.400918	-13.784382	
1897	9.765625	12.447199	-10.376453	-13.804647	
1897	9.712509	12.500000	-10.324757	-13.847069	
1898	8.671875	13.354374	-9.354325	-14.550561	
1898	8.664303	13.359375	-9.347530	-14.554911	
1899	8.671875	13.354374	-9.354325	-14.550561	
1899	8.750000	13.301360	-9.424801	-14.505004	
1900	8.593750	13.405909	-9.284076	-14.595171	
1900	8.664303	13.359375	-9.347530	-14.554911	
1901	8.593750	13.405909	-9.284076	-14.595171	
1901	8.544138	13.437500	-9.239728	-14.622927	
1902	8.437500	13.503743	-9.144557	-14.681449	
1902	8.515625	13.455641	-9.214179	-14.638777	
1903	8.515625	13.455641	-9.214179	-14.638777	
1903	8.544138	13.437500	-9.239728	-14.622927	
1904	8.437500	13.503743	-9.144557	-14.681449	
1904	8.417578	13.515625	-9.126895	-14.692155	
1905	8.359375	13.550332	-9.075157	-14.723239	
1905	8.417578	13.515625	-9.126895	-14.692155	
1906	8.359375	13.550332	-9.075157	-14.723239	
1906	8.283583	13.593750	-9.008165	-14.762882	
1907	8.281250	13.595087	-9.006097	-14.764095	
1907	8.283583	13.593750	-9.008165	-14.762882	
1908	8.203125	13.638550	-8.937158	-14.804166	
1908	8.140580	13.671875	-8.882257	-14.835573	
1909	8.203125	13.638550	-8.937158	-14.804166	
1909	8.281250	13.595087	-9.006097	-14.764095	
1910	8.125000	13.680183	-8.868540	-14.843352	
1910	8.140580	13.671875	-8.882257	-14.835573	
1911	8.046875	13.720445	-8.800059	-14.881775	
1911	8.125000	13.680183	-8.868540	-14.843352	
1912	8.046875	13.720445	-8.800059	-14.881775	
1912	7.986920	13.750000	-8.747749	-14.910671	
1913	9.218750	12.946508	-9.855080	-14.208715	
1913	9.191512	12.968750	-9.829762	-14.227043	
1914	9.296875	12.881014	-9.928171	-14.155155	
1914	9.285458	12.890625	-9.917495	-14.163039	
1915	9.296875	12.881014	-9.928171	-14.155155	
1915	9.375000	12.813635	-10.001695	-14.100291	
1916	9.218750	12.946508	-9.855080	-14.208715	
1916	9.285458	12.890625	-9.917495	-14.163039	
1917	9.140625	13.010124	-9.782417	-14.261008	
1917	9.094205	13.046875	-9.739510	-14.291446	
1918	9.140625	13.010124	-9.782417	-14.261008	
1918	9.191512	12.968750	-9.829762	-14.227043	
1919	9.062500	13.071881	-9.710169	-14.312074	
1919	9.094205	13.046875	-9.739510	-14.291446	
1920	9.062500	13.071881	-9.710169	-14.312074	
1920	8.993254	13.125000	-9.646503	-14.356319	
1921	9.687500	12.524664	-10.300441	-13.866837	
1921	9.632169	12.578125	-10.246989	-13.909878	
1922	9.609375	12.599988	-10.224983	-13.927434	
1922	9.632169	12.578125	-10.246989	-13.909878	
1923	9.609375	12.599988	-10.224983	-13.927434	
1923	9.549454	12.656250	-10.167509	-13.972841	
1924	9.531250	12.673227	-10.150054	-13.986504	
1924	9.549454	12.656250	-10.167509	-13.972841	
1925	9.531250	12.673227	-10.150054	-13.986504	
1925	9.464215	12.734375	-10.086196	-14.035992	
1926	9.453125	12.744429	-10.075631	-14.044104	
1926	9.464215	12.734375	-10.086196	-14.035992	
1927	9.453125	12.744429	-10.075631	-14.044104	
1927	9.376289	12.812500	-10.002915	-14.099372	
1928	9.687500	12.524664	-10.300441	-13.866837	
1928	9.712509	12.500000	-10.324757	-13.847069	
1929	9.375000	12.813635	-10.001695	-14.100291	
1929	9.376289	12.812500	-10.002915	-14.099372	
1930	8.906250	13.190051	-9.566803	-14.410723	
1930	8.888226	13.203125	-9.550402	-14.421785	
1931	8.828125	13.246610	-9.495616	-14.458408	
1931	8.888226	13.203125	-9.550402	-14.421785	
1932	8.828125	13.246610	-9.495616	-14.458408	
1932	8.778732	13.281250	-9.450877	-14.487943	
1933	8.906250	13.190051	-9.566803	-14.410723	
1933	8.984375	13.131789	-9.638328	-14.361949	
1934	8.984375	13.131789	-9.638328	-14.361949	
1934	8.993254	13.125000	-9.646503	-14.356319	
1935	8.750000	13.301360	-9.424801	-14.505004	
1935	8.778732	13.281250	-9.450877	-14.487943	
1936	7.656250	13.898187	-8.460548	-15.062530	
1936	7.635999	13.906250	-8.443095	-15.071399	
1937	7.734375	13.865746	-8.528108	-15.027820	
1937	7.812500	13.831557	-8.595902	-14.992371	
1938	7.656250	13.898187	-8.460548	-15.062530	
1938	7.734375	13.865746	-8.528108	-15.027820	
1939	7.500000	13.958978	-8.325671	-15.130025	
1939	7.578125	13.929347	-8.393042	-15.096608	
1940	7.578125	13.929347	-8.393042	-15.096608	
1940	7.635999	13.906250	-8.443095	-15.071399	
1941	7.890625	13.796143	-8.663745	-14.956266	
1941	7.820057	13.828125	-8.602484	-14.988896	
1942	7.890625	13.796143	-8.663745	-14.956266	
1942	7.968750	13.758969	-8.731846	-14.919380	
1943	7.812500	13.831557	-8.595902	-14.992371	
1943	7.820057	13.828125	-8.602484	-14.988896	
1944	7.968750	13.758969	-8.731846	-14.919380	
1944	7.986920	13.750000	-8.747749	-14.910671	
1945	6.640625	14.196064	-7.586739	-15.460452	
1945	6.718750	14.180683	-7.654089	-15.432896	
1946	6.562500	14.210322	-7.519290	-15.487573	
1946	6.640625	14.196064	-7.586739	-15.460452	
1947	6.796875	14.164125	-7.721362	-15.404888	
1947	6.875000	14.146332	-7.788586	-15.376408	
1948	6.718750	14.180683	-7.654089	-15.432896	
1948	6.796875	14.164125	-7.721362	-15.404888	
1949	6.562500	14.210322	-7.519290	-15.487573	
1949	6.512861	14.218750	-7.476395	-15.504577	
1950	6.406250	14.236010	-7.383897	-15.540614	
1950	6.484375	14.223603	-7.451688	-15.514286	
1951	6.484375	14.223603	-7.451688	-15.514286	
1951	6.512861	14.218750	-7.476395	-15.504577	
1952	6.250000	14.257953	-7.247808	-15.592109	
1952	6.328125	14.247441	-7.315944	-15.566550	
1953	6.328125	14.247441	-7.315944	-15.566550	
1953	6.406250	14.236010	-7.383897	-15.540614	
1954	7.500000	13.958978	-8.325671	-15.130025	
1954	7.429252	13.984375	-8.264811	-15.159711	
1955	7.421875	13.987031	-8.258442	-15.162791	
1955	7.429252	13.984375	-8.264811	-15.159711	
1956	7.343750	14.013952	-8.191189	-15.194997	
1956	7.421875	13.987031	-8.258442	-15.162791	
1957	7.265625	14.039320	-8.124051	-15.226589	
1957	7.343750	14.013952	-8.191189	-15.194997	
1958	7.265625	14.039320	-8.124051	-15.226589	
1958	7.189784	14.062500	-8.058965	-15.256692	
1959	7.187500	14.063200	-8.056997	-15.257593	
1959	7.189784	14.062500	-8.058965	-15.256692	
1960	6.953125	14.127499	-7.855702	-15.347473	
1960	6.898619	14.140625	-7.808930	-15.367691	
1961	6.953125	14.127499	-7.855702	-15.347473	
1961	7.031250	14.107455	-7.922774	-15.318048	
1962	6.875000	14.146332	-7.788586	-15.376408	
1962	6.898619	14.140625	-7.808930	-15.367691	
1963	7.031250	14.107455	-7.922774	-15.318048	
1963	7.109375	14.086040	-7.989863	-15.288096	
1964	7.109375	14.086040	-7.989863	-15.288096	
1964	7.187500	14.063200	-8.056997	-15.257593	
1965	5.546875	14.320688	-6.623079	-15.807135	
1965	5.625000	14.315918	-6.693711	-15.784465	
1966	5.468750	14.325057	-6.552104	-15.829523	
1966	5.546875	14.320688	-6.623079	-15.807135	
1967	5.390625	14.329074	-6.480774	-15.851632	
1967	5.468750	14.325057	-6.552104	-15.829523	
1968	5.312500	14.332783	-6.409081	-15.873469	
1968	5.390625	14.329074	-6.480774	-15.851632	
1969	5.234375	14.336229	-6.337015	-15.895037	
1969	5.312500	14.332783	-6.409081	-15.873469	
1970	5.156250	14.339453	-6.264571	-15.916338	
1970	5.234375	14.336229	-6.337015	-15.895037	
1971	5.078125	14.342495	-6.191743	-15.937376	
1971	5.156250	14.339453	-6.264571	-15.916338	
1972	5.000000	14.345396	-6.118525	-15.958153	
1972	5.078125	14.342495	-6.191743	-15.937376	
1973	6.093750	14.276445	-7.110902	-15.642150	
1973	6.171875	14.267602	-7.179467	-15.617305	
1974	6.171875	14.267602	-7.179467	-15.617305	
1974	6.250000	14.257953	-7.247808	-15.592109	
1975	5.937500	14.291931	-6.973023	-15.690832	
1975	6.015625	14.284537	-7.042093	-15.666655	
1976	6.015625	14.284537	-7.042093	-15.666655	
1976	6.093750	14.276445	-7.110902	-15.642150	
1977	5.937500	14.291931	-6.973023	-15.690832	
1977	5.880497	14.296875	-6.922464	-15.708266	
1978	5.859375	14.298714	-6.903664	-15.714693	
1978	5.880497	14.296875	-6.922464	-15.708266	
1979	5.781250	14.304982	-6.833990	-15.738251	
1979	5.859375	14.298714	-6.903664	-15.714693	
1980	5.703125	14.310700	-6.764010	-15.761506	
1980	5.781250	14.304982	-6.833990	-15.738251	
1981	5.625000	14.315918	-6.693711	-15.784465	
1981	5.703125	14.310700	-6.764010	-15.761506	
1982	6.015625	19.991293	-5.900936	-15.388358	
1982	6.027527	20.000000	-5.907267	-15.387477	
1983	5.937500	19.948947	-5.856431	-15.393458	
1983	6.015625	19.991293	-5.900936	-15.388358	
1984	5.859375	19.927662	-5.807810	-15.397202	
1984	5.937500	19.948947	-5.856431	-15.393458	
1985	5.781250	19.922135	-5.755957	-15.399413	
1985	5.859375	19.927662	-5.807810	-15.397202	
1986	5.703125	19.928921	-5.701261	-15.399932	
1986	5.781250	19.922135	-5.755957	-15.399413	
1987	5.625000	19.946374	-5.643763	-15.398583	
1987	5.703125	19.928921	-5.701261	-15.399932	
1988	5.546875	19.975403	-5.583312	-15.395133	
1988	5.625000	19.946374	-5.643763	-15.398583	
1989	5.507541	20.000000	-5.552074	-15.392552	
1989	5.546875	19.975403	-5.583312	-15.395133	
1990	26.635581	5.937500	-10.446392	-4.908128	
1990	26.584817	6.015625	-10.428350	-4.947500	
1991	26.562500	6.079497	-10.408986	-4.979482	
1991	26.584817	6.015625	-10.428350	-4.947500	
1992	26.720544	5.937500	-10.449226	-4.900662	
1992	26.774505	6.015625	-10.449069	-4.931337	
1993	26.796875	6.079457	-10.452684	-4.959840	
1993	26.799655	6.093750	-10.453922	-4.966490	
1994	26.774505	6.015625	-10.449069	-4.931337	
1994	26.796875	6.079457	-10.452684	-4.959840	
1995	26.799655	6.093750	-10.453922	-4.966490	
1995	26.805613	6.171875	-10.463487	-5.004548	
1996	26.805613	6.171875	-10.463487	-5.004548	
1996	26.797565	6.250000	-10.478002	-5.045768	
1997	26.560290	6.093750	-10.404424	-4.986269	
1997	26.562500	6.079497	-10.408986	-4.979482	
1998	26.560290	6.093750	-10.404424	-4.986269	
1998	26.554793	6.171875	-10.376665	-5.023627	
1999	26.554793	6.171875	-10.376665	-5.023627	
1999	26.559530	6.250000	-10.344125	-5.061730	
2000	26.559530	6.250000	-10.344125	-5.061730	
2000	26.562500	6.259033	-10.340891	-5.065300	
2001	26.562500	6.259033	-10.340891	-5.065300	
2001	26.571544	6.328125	-10.304553	-5.103802	
2002	26.571544	6.328125	-10.304553	-5.103802	
2002	26.577057	6.406250	-10.242413	-5.172860	
2003	26.796875	6.251455	-10.478282	-5.046472	
2003	26.783159	6.328125	-10.499161	-5.093975	
2004	26.796875	6.251455	-10.478282	-5.046472	
2004	26.797565	6.250000	-10.478002	-5.045768	
2005	26.783159	6.328125	-10.499161	-5.093975	
2005	26.766801	6.406250	-10.530159	-5.160684	
2006	26.766801	6.406250	-10.530159	-5.160684	
2006	26.733110	6.484375	-10.564958	-5.273970	
2007	26.733110	6.484375	-10.564958	-5.273970	
2007	26.720350	6.562500	-10.515449	-5.457200	
2008	26.577057	6.406250	-10.242413	-5.172860	
2008	26.565389	6.484375	-10.177408	-5.316361	
2009	26.565389	6.484375	-10.177408	-5.316361	
2009	26.566610	6.562500	-10.189671	-5.465412	
2010	26.562500	6.608240	-10.213787	-5.521634	
2010	26.566610	6.562500	-10.189671	-5.465412	
2011	26.720350	6.562500	-10.515449	-5.457200	
2011	26.742122	6.640625	-10.453877	-5.529055	
2012	26.742122	6.640625	-10.453877	-5.529055	
2012	26.750115	6.718750	-10.404558	-5.578986	
2013	26.750115	6.718750	-10.404558	-5.578986	
2013	26.751680	6.796875	-10.366002	-5.619464	
2014	26.751680	6.796875	-10.366002	-5.619464	
2014	26.745367	6.875000	-10.334179	-5.656568	
2015	26.534930	6.640625	-10.222837	-5.540667	
2015	26.562500	6.608240	-10.213787	-5.521634	
2016	26.534930	6.640625	-10.222837	-5.540667	
2016	26.513664	6.718750	-10.245945	-5.593620	
2017	26.513664	6.718750	-10.245945	-5.593620	
2017	26.502921	6.796875	-10.261614	-5.638141	
2018	26.502921	6.796875	-10.261614	-5.638141	
2018	26.502335	6.875000	-10.271418	-5.677690	
2019	26.502335	6.875000	-10.271418	-5.677690	
2019	26.516997	6.953125	-10.276164	-5.713549	
2020	26.516997	6.953125	-10.276164	-5.713549	
2020	26.554627	7.031250	-10.275987	-5.744887	
2021	26.554627	7.031250	-10.275987	-5.744887	
2021	26.562500	7.043526	-10.275484	-5.749259	
2022	26.718750	6.984929	-10.298051	-5.707154	
2022	26.677234	7.031250	-10.283740	-5.732543	
2023	26.745367	6.875000	-10.334179	-5.656568	
2023	26.728459	6.953125	-10.307416	-5.692700	
2024	26.718750	6.984929	-10.298051	-5.707154	
2024	26.728459	6.953125	-10.307416	-5.692700	
2025	26.562500	7.043526	-10.275484	-5.749259	
2025	26.640625	7.068915	-10.275537	-5.751674	
2026	26.640625	7.068915	-10.275537	-5.751674	
2026	26.677234	7.031250	-10.283740	-5.732543	
2027	39.999811	10.000000	-0.950224	-4.252516	
2027	40.000000	9.950144	-1.014656	-4.180877	
2028	39.168188	10.390625	-1.355554	-4.541088	
2028	39.218750	10.337413	-1.364049	-4.525873	
2029	39.168188	10.390625	-1.355554	-4.541088	
2029	39.167986	10.468750	-1.337313	-4.567891	
2030	39.218750	10.337413	-1.364049	-4.525873	
2030	39.231094	10.390625	-1.374623	-4.545629	
2031	39.231094	10.390625	-1.374623	-4.545629	
2031	39.235066	10.468750	-1.412345	-4.588840	
2032	39.235066	10.468750	-1.412345	-4.588840	
2032	39.222150	10.546875	-1.475513	-4.730242	
2033	39.222150	10.546875	-1.475513	-4.730242	
2033	39.226927	10.625000	-1.409443	-4.870402	
2034	39.167986	10.468750	-1.337313	-4.567891	
2034	39.214552	10.546875	-1.475244	-4.730289	
2035	39.214552	10.546875	-1.475244	-4.730289	
2035	39.144851	10.625000	-1.315271	-4.874121	
2036	39.999811	10.000000	-0.950224	-4.252516	
2036	39.998131	10.078125	-0.906731	-4.524910	
2037	39.998131	10.078125	-0.906731	-4.524910	
2037	39.992621	10.156250	-0.972631	-4.634162	
2038	39.992621	10.156250	-0.972631	-4.634162	
2038	39.992809	10.234375	-1.006175	-4.672303	
2039	39.992809	10.234375	-1.006175	-4.672303	
2039	40.000000	10.292483	-1.018685	-4.690870	
2040	32.631961	27.343750	-1.659816	-5.147065	
2040	32.656250	27.326397	-1.664803	-5.137815	
2041	32.656250	27.326397	-1.664803	-5.137815	
2041	32.663195	27.343750	-1.673108	-5.149009	
2042	32.656250	27.382490	-1.660724	-5.145865	
2042	32.663195	27.343750	-1.673108	-5.149009	
2043	32.631961	27.343750	-1.659816	-5.147065	
2043	32.656250	27.382490	-1.660724	-5.145865	
2044	2.122525	20.312500	-2.525284	-15.881735	
2044	2.187500	20.298961	-2.573132	-15.870150	
2045	2.265625	20.299551	-2.630675	-15.853647	
2045	2.308255	20.312500	-2.660661	-15.843916	
2046	2.187500	20.298961	-2.573132	-15.870150	
2046	2.265625	20.299551	-2.630675	-15.853647	
2047	2.308255	20.312500	-2.660661	-15.843916	
2047	2.343750	20.317555	-2.688328	-15.834193	
2048	2.343750	20.317555	-2.688328	-15.834193	
2048	2.421875	20.341595	-2.751952	-15.809362	
2049	2.421875	20.341595	-2.751952	-15.809362	
2049	2.472894	20.390625	-2.786067	-15.794657	
2050	2.472894	20.390625	-2.786067	-15.794657	
2050	2.500000	20.393632	-2.824311	-15.778432	
2051	2.500000	20.580810	-2.824607	-15.959337	
2051	2.422199	20.625000	-2.739497	-15.939329	
2052	2.003383	20.390625	-2.436838	-15.897620	
2052	2.031250	20.365939	-2.457355	-15.894668	
2053	2.003383	20.390625	-2.436838	-15.897620	
2053	1.970918	20.468750	-2.410686	-15.900420	
2054	2.031250	20.365939	-2.457355	-15.894668	
2054	2.109375	20.317017	-2.515596	-15.883842	
2055	2.109375	20.317017	-2.515596	-15.883842	
2055	2.122525	20.312500	-2.525284	-15.881735	
2056	2.031250	20.620063	-2.446734	-15.900354	
2056	2.035104	20.625000	-2.449324	-15.900421	
2057	1.970918	20.468750	-2.410686	-15.900420	
2057	1.979138	20.546875	-2.413316	-15.900326	
2058	1.979138	20.546875	-2.413316	-15.900326	
2058	2.031250	20.620063	-2.446734	-15.900354	
2059	2.035104	20.625000	-2.449324	-15.900421	
2059	2.109375	20.668421	-2.499968	-15.902984	
2060	2.109375	20.668421	-2.499968	-15.902984	
2060	2.187500	20.687820	-2.555442	-15.908065	
2061	2.187500	20.687820	-2.555442	-15.908065	
2061	2.265625	20.686976	-2.613262	-15.915534	
2062	2.265625	20.686976	-2.613262	-15.915534	
2062	2.343750	20.670291	-2.674567	-15.925770	
2063	2.343750	20.670291	-2.674567	-15.925770	
2063	2.421875	20.625515	-2.739282	-15.939279	
2064	2.421875	20.625515	-2.739282	-15.939279	
2064	2.422199	20.625000	-2.739497	-15.939329	
2065	2.806130	20.234375	-3.199468	-15.803404	
2065	2.812500	20.229777	-3.204445	-15.803890	
2066	2.734375	20.260542	-3.139047	-15.796059	
2066	2.806130	20.234375	-3.199468	-15.803404	
2067	2.670262	20.312500	-3.084419	-15.786899	
2067	2.734375	20.260542	-3.139047	-15.796059	
2068	2.968750	20.203051	-3.326539	-15.810736	
2068	3.046875	20.213427	-3.384436	-15.810839	
2069	3.046875	20.213427	-3.384436	-15.810839	
2069	3.108179	20.234375	-3.428214	-15.809644	
2070	3.108179	20.234375	-3.428214	-15.809644	
2070	3.125000	20.244826	-3.439854	-15.809139	
2071	2.812500	20.229777	-3.204445	-15.803890	
2071	2.890625	20.208182	-3.266513	-15.808550	
2072	2.890625	20.208182	-3.266513	-15.808550	
2072	2.968750	20.203051	-3.326539	-15.810736	
2073	3.046875	20.602631	-3.357864	-15.828254	
2073	3.125000	20.554488	-3.417954	-15.816728	
2074	3.046875	20.602631	-3.357864	-15.828254	
2074	2.993333	20.625000	-3.316977	-15.837438	
2075	2.582453	20.390625	-2.991523	-15.766710	
2075	2.656250	20.316462	-3.069980	-15.784051	
2076	2.578125	20.390972	-2.983602	-15.765050	
2076	2.582453	20.390625	-2.991523	-15.766710	
2077	2.500000	20.393632	-2.824311	-15.778432	
2077	2.578125	20.390972	-2.983602	-15.765050	
2078	2.656250	20.316462	-3.069980	-15.784051	
2078	2.670262	20.312500	-3.084419	-15.786899	
2079	2.734375	20.619573	-3.123655	-15.896976	
2079	2.770211	20.625000	-3.152009	-15.886397	
2080	2.656250	20.595464	-3.058182	-15.923667	
2080	2.734375	20.619573	-3.123655	-15.896976	
2081	2.578125	20.544424	-2.976756	-15.957451	
2081	2.541466	20.546875	-2.895807	-15.969674	
2082	2.578125	20.544424	-2.976756	-15.957451	
2082	2.609586	20.546875	-3.027393	-15.937303	
2083	2.609586	20.546875	-3.027393	-15.937303	
2083	2.656250	20.595464	-3.058182	-15.923667	
2084	2.500000	20.580810	-2.824607	-15.959337	
2084	2.541466	20.546875	-2.895807	-15.969674	
2085	3.125000	20.244826	-3.439854	-15.809139	
2085	3.197817	20.312500	-3.487734	-15.806123	
2086	3.197817	20.312500	-3.487734	-15.806123	
2086	3.203125	20.333085	-3.490193	-15.805923	
2087	3.203125	20.333085	-3.490193	-15.805923	
2087	3.219492	20.390625	-3.497571	-15.805239	
2088	3.203125	20.443583	-3.482247	-15.807034	
2088	3.219492	20.390625	-3.497571	-15.805239	
2089	3.203125	20.443583	-3.482247	-15.807034	
2089	3.197689	20.468750	-3.476353	-15.807800	
2090	3.197689	20.468750	-3.476353	-15.807800	
2090	3.136790	20.546875	-3.426905	-15.815210	
2091	3.125000	20.554488	-3.417954	-15.816728	
2091	3.136790	20.546875	-3.426905	-15.815210	
2092	2.770211	20.625000	-3.152009	-15.886397	
2092	2.812500	20.639162	-3.181763	-15.876049	
2093	2.812500	20.639162	-3.181763	-15.876049	
2093	2.890625	20.642572	-3.239987	-15.857800	
2094	2.890625	20.642572	-3.239987	-15.857800	
2094	2.968750	20.631402	-3.298500	-15.841952	
2095	2.968750	20.631402	-3.298500	-15.841952	
2095	2.993333	20.625000	-3.316977	-15.837438	
2096	4.010492	20.234375	-4.047128	-15.736274	
2096	4.062500	20.162487	-4.090917	-15.727923	
2097	4.010492	20.234375	-4.047128	-15.736274	
2097	3.987279	20.312500	-4.023199	-15.740258	
2098	4.174923	20.078125	-4.179789	-15.707627	
2098	4.218750	20.059904	-4.213062	-15.698950	
2099	4.140625	20.099210	-4.152942	-15.714205	
2099	4.174923	20.078125	-4.179789	-15.707627	
2100	4.067154	20.156250	-4.094893	-15.727107	
2100	4.140625	20.099210	-4.152942	-15.714205	
2101	4.218750	20.059904	-4.213062	-15.698950	
2101	4.296875	20.037067	-4.271672	-15.682251	
2102	4.296875	20.037067	-4.271672	-15.682251	
2102	4.375000	20.025649	-4.329256	-15.664060	
2103	4.062500	20.162487	-4.090917	-15.727923	
2103	4.067154	20.156250	-4.094893	-15.727107	
2104	4.062500	20.566489	-4.052036	-15.737571	
2104	4.105394	20.625000	-4.077147	-15.735646	
2105	3.987279	20.312500	-4.023199	-15.740258	
2105	3.987325	20.390625	-4.015768	-15.741358	
2106	3.987325	20.390625	-4.015768	-15.741358	
2106	4.007072	20.468750	-4.022281	-15.740552	
2107	4.007072	20.468750	-4.022281	-15.740552	
2107	4.047124	20.546875	-4.043136	-15.738373	
2108	4.047124	20.546875	-4.043136	-15.738373	
2108	4.062500	20.566489	-4.052036	-15.737571	
2109	4.375000	20.025649	-4.329256	-15.664060	
2109	4.453125	20.024112	-4.385849	-15.644402	
2110	4.453125	20.024112	-4.385849	-15.644402	
2110	4.531250	20.031097	-4.441594	-15.623234	
2111	4.531250	20.031097	-4.441594	-15.623234	
2111	4.609375	20.045740	-4.496651	-15.600474	
2112	4.609375	20.045740	-4.496651	-15.600474	
2112	4.687500	20.068279	-4.550957	-15.576116	
2113	4.687500	20.068279	-4.550957	-15.576116	
2113	4.707821	20.078125	-4.563904	-15.570021	
2114	4.765625	20.096980	-4.605392	-15.549708	
2114	4.843750	20.131548	-4.660900	-15.520709	
2115	4.707821	20.078125	-4.563904	-15.570021	
2115	4.765625	20.096980	-4.605392	-15.549708	
2116	4.843750	20.131548	-4.660900	-15.520709	
2116	4.878322	20.156250	-4.681926	-15.509221	
2117	4.878322	20.156250	-4.681926	-15.509221	
2117	4.921875	20.172963	-4.718790	-15.488482	
2118	4.921875	20.172963	-4.718790	-15.488482	
2118	5.000000	20.216804	-4.787404	-15.449120	
2119	4.531250	20.831415	-4.360159	-15.737991	
2119	4.609375	20.829986	-4.415790	-15.742521	
2120	4.609375	20.829986	-4.415790	-15.742521	
2120	4.687500	20.818849	-4.472950	-15.748427	
2121	4.375000	20.802990	-4.252277	-15.732707	
2121	4.453125	20.822733	-4.305717	-15.734732	
2122	4.453125	20.822733	-4.305717	-15.734732	
2122	4.531250	20.831415	-4.360159	-15.737991	
2123	4.843750	20.765438	-4.594083	-15.765166	
2123	4.796169	20.781250	-4.555332	-15.759185	
2124	5.000000	20.670653	-4.735322	-15.791311	
2124	4.941731	20.703125	-4.677009	-15.779821	
2125	4.921875	20.723028	-4.660533	-15.776725	
2125	4.941731	20.703125	-4.677009	-15.779821	
2126	4.843750	20.765438	-4.594083	-15.765166	
2126	4.921875	20.723028	-4.660533	-15.776725	
2127	4.687500	20.818849	-4.472950	-15.748427	
2127	4.765625	20.796888	-4.532048	-15.755876	
2128	4.765625	20.796888	-4.532048	-15.755876	
2128	4.796169	20.781250	-4.555332	-15.759185	
2129	4.105394	20.625000	-4.077147	-15.735646	
2129	4.140625	20.658852	-4.098889	-15.734339	
2130	4.140625	20.658852	-4.098889	-15.734339	
2130	4.188555	20.703125	-4.129063	-15.733023	
2131	4.188555	20.703125	-4.129063	-15.733023	
2131	4.218750	20.724241	-4.148522	-15.732457	
2132	4.296875	20.770890	-4.199819	-15.731931	
2132	4.318733	20.781250	-4.214391	-15.732019	
2133	4.218750	20.724241	-4.148522	-15.732457	
2133	4.296875	20.770890	-4.199819	-15.731931	
2134	4.318733	20.781250	-4.214391	-15.732019	
2134	4.375000	20.802990	-4.252277	-15.732707	
2135	3.750000	21.892652	-3.847179	-15.602399	
2135	3.828125	21.904664	-3.904953	-15.611147	
2136	3.828125	21.904664	-3.904953	-15.611147	
2136	3.895816	21.953125	-3.952207	-15.614600	
2137	3.895816	21.953125	-3.952207	-15.614600	
2137	3.906250	22.000603	-3.958804	-15.614737	
2138	3.906250	22.000603	-3.958804	-15.614737	
2138	3.913191	22.031250	-3.962228	-15.614643	
2139	3.906250	22.044143	-3.957283	-15.615026	
2139	3.913191	22.031250	-3.962228	-15.614643	
2140	3.906250	22.044143	-3.957283	-15.615026	
2140	3.877468	22.109375	-3.934213	-15.618108	
2141	3.828125	22.140961	-3.898796	-15.625221	
2141	3.877468	22.109375	-3.934213	-15.618108	
2142	3.750000	22.167510	-3.841439	-15.641450	
2142	3.828125	22.140961	-3.898796	-15.625221	
2143	3.184672	21.953125	-3.234265	-15.646585	
2143	3.203125	21.945198	-3.247914	-15.643392	
2144	3.203125	21.945198	-3.247914	-15.643392	
2144	3.281250	21.929652	-3.306525	-15.626228	
2145	3.125000	22.027265	-3.188202	-15.654441	
2145	3.184672	21.953125	-3.234265	-15.646585	
2146	3.281250	21.929652	-3.306525	-15.626228	
2146	3.359375	21.941095	-3.366497	-15.603346	
2147	3.359375	21.941095	-3.366497	-15.603346	
2147	3.370344	21.953125	-3.371763	-15.601130	
2148	3.370344	21.953125	-3.371763	-15.601130	
2148	3.437500	21.967364	-3.438750	-15.570518	
2149	3.359375	22.180983	-3.358583	-15.686020	
2149	3.437500	22.159447	-3.436827	-15.712551	
2150	3.359375	22.180983	-3.358583	-15.686020	
2150	3.297823	22.187500	-3.308936	-15.672155	
2151	3.125000	22.048547	-3.187100	-15.654594	
2151	3.131653	22.109375	-3.190285	-15.654779	
2152	3.203125	22.170905	-3.239377	-15.658805	
2152	3.255015	22.187500	-3.277163	-15.665127	
2153	3.131653	22.109375	-3.190285	-15.654779	
2153	3.203125	22.170905	-3.239377	-15.658805	
2154	3.592293	21.953125	-3.718276	-15.567935	
2154	3.593750	21.950119	-3.718823	-15.568125	
2155	3.515625	21.960955	-3.590819	-15.539917	
2155	3.592293	21.953125	-3.718276	-15.567935	
2156	3.437500	21.967364	-3.438750	-15.570518	
2156	3.515625	21.960955	-3.590819	-15.539917	
2157	3.593750	21.950119	-3.718823	-15.568125	
2157	3.671875	21.905785	-3.785406	-15.588426	
2158	3.671875	21.905785	-3.785406	-15.588426	
2158	3.750000	21.892652	-3.847179	-15.602399	
2159	3.671875	22.167339	-3.782375	-15.663573	
2159	3.750000	22.167510	-3.841439	-15.641450	
2160	3.593750	22.152444	-3.712525	-15.695257	
2160	3.671875	22.167339	-3.782375	-15.663573	
2161	3.515625	22.106449	-3.593397	-15.738963	
2161	3.494235	22.109375	-3.522966	-15.738307	
2162	3.515625	22.106449	-3.593397	-15.738963	
2162	3.542935	22.109375	-3.665011	-15.718035	
2163	3.542935	22.109375	-3.665011	-15.718035	
2163	3.593750	22.152444	-3.712525	-15.695257	
2164	3.437500	22.159447	-3.436827	-15.712551	
2164	3.494235	22.109375	-3.522966	-15.738307	
2165	5.294581	20.156250	-5.356968	-15.365233	
2165	5.312500	20.129999	-5.374128	-15.368252	
2166	5.209893	20.234375	-5.239531	-15.345833	
2166	5.234375	20.199793	-5.276925	-15.351437	
2167	5.234375	20.199793	-5.276925	-15.351437	
2167	5.294581	20.156250	-5.356968	-15.365233	
2168	5.156250	20.249171	-5.110413	-15.340761	
2168	5.209893	20.234375	-5.239531	-15.345833	
2169	5.000000	20.216804	-4.787404	-15.449120	
2169	5.017194	20.234375	-4.798626	-15.442730	
2170	5.078125	20.250623	-4.900465	-15.391568	
2170	5.156250	20.249171	-5.110413	-15.340761	
2171	5.017194	20.234375	-4.798626	-15.442730	
2171	5.078125	20.250623	-4.900465	-15.391568	
2172	5.383135	20.078125	-5.444718	-15.379655	
2172	5.390625	20.068979	-5.451069	-15.380581	
2173	5.390625	20.068979	-5.451069	-15.380581	
2173	5.468750	20.015968	-5.519441	-15.389275	
2174	5.312500	20.129999	-5.374128	-15.368252	
2174	5.383135	20.078125	-5.444718	-15.379655	
2175	5.468750	20.015968	-5.519441	-15.389275	
2175	5.507541	20.000000	-5.552074	-15.392552	
2176	5.390625	20.606234	-5.399816	-15.664514	
2176	5.458268	20.625000	-5.453028	-15.629826	
2177	5.312500	20.577050	-5.326111	-15.711489	
2177	5.390625	20.606234	-5.399816	-15.664514	
2178	5.156250	20.544904	-4.990070	-15.824039	
2178	5.234375	20.542339	-5.213879	-15.771757	
2179	5.234375	20.542339	-5.213879	-15.771757	
2179	5.268307	20.546875	-5.282152	-15.737467	
2180	5.268307	20.546875	-5.282152	-15.737467	
2180	5.312500	20.577050	-5.326111	-15.711489	
2181	5.156250	20.544904	-4.990070	-15.824039	
2181	5.137911	20.546875	-4.939413	-15.823548	
2182	5.078125	20.606848	-4.829199	-15.809744	
2182	5.137911	20.546875	-4.939413	-15.823548	
2183	5.078125	20.606848	-4.829199	-15.809744	
2183	5.039523	20.625000	-4.774897	-15.799341	
2184	6.027527	20.000000	-5.907267	-15.387477	
2184	6.093750	20.074185	-5.938382	-15.382386	
2185	6.093750	20.074185	-5.938382	-15.382386	
2185	6.096663	20.078125	-5.939601	-15.382154	
2186	6.096663	20.078125	-5.939601	-15.382154	
2186	6.131722	20.156250	-5.949849	-15.380015	
2187	6.131722	20.156250	-5.949849	-15.380015	
2187	6.143433	20.234375	-5.945553	-15.381111	
2188	6.143433	20.234375	-5.945553	-15.381111	
2188	6.136592	20.312500	-5.929956	-15.385634	
2189	6.093750	20.418167	-5.889115	-15.399406	
2189	6.064890	20.468750	-5.864186	-15.408789	
2190	6.136592	20.312500	-5.929956	-15.385634	
2190	6.110794	20.390625	-5.903077	-15.394450	
2191	6.093750	20.418167	-5.889115	-15.399406	
2191	6.110794	20.390625	-5.903077	-15.394450	
2192	6.015625	20.519675	-5.827593	-15.423651	
2192	5.988657	20.546875	-5.807172	-15.432454	
2193	6.015625	20.519675	-5.827593	-15.423651	
2193	6.064890	20.468750	-5.864186	-15.408789	
2194	5.937500	20.580083	-5.771797	-15.448497	
2194	5.988657	20.546875	-5.807172	-15.432454	
2195	5.859375	20.620094	-5.718291	-15.474539	
2195	5.937500	20.580083	-5.771797	-15.448497	
2196	5.859375	20.620094	-5.718291	-15.474539	
2196	5.847318	20.625000	-5.710123	-15.478693	
2197	5.625000	20.657336	-5.564041	-15.560194	
2197	5.703125	20.655715	-5.615302	-15.530116	
2198	5.703125	20.655715	-5.615302	-15.530116	
2198	5.781250	20.643780	-5.666515	-15.501627	
2199	5.781250	20.643780	-5.666515	-15.501627	
2199	5.847318	20.625000	-5.710123	-15.478693	
2200	5.000000	20.670653	-4.735322	-15.791311	
2200	5.039523	20.625000	-4.774897	-15.799341	
2201	5.458268	20.625000	-5.453028	-15.629826	
2201	5.468750	20.630668	-5.458957	-15.625990	
2202	5.468750	20.630668	-5.458957	-15.625990	
2202	5.546875	20.649281	-5.512062	-15.592131	
2203	5.546875	20.649281	-5.512062	-15.592131	
2203	5.625000	20.657336	-5.564041	-15.560194	
2204	17.942224	29.218750	-5.222091	-9.244344	
2204	17.968750	29.211305	-5.226955	-9.220885	
2205	18.106940	29.140625	-5.481450	-9.099462	
2205	18.125000	29.098707	-5.483709	-9.099349	
2206	18.046875	29.140966	-5.396732	-9.086406	
2206	18.106940	29.140625	-5.481450	-9.099462	
2207	17.968750	29.211305	-5.226955	-9.220885	
2207	18.046875	29.140966	-5.396732	-9.086406	
2208	18.046875	29.296446	-5.358131	-9.351444	
2208	17.984578	29.296875	-5.262244	-9.342386	
2209	18.046875	29.296446	-5.358131	-9.351444	
2209	18.125000	29.221065	-5.515846	-9.201359	
2210	17.968750	29.335547	-5.260129	-9.341966	
2210	17.984578	29.296875	-5.262244	-9.342386	
2211	17.825840	29.296875	-5.213365	-9.314410	
2211	17.890625	29.275700	-5.215976	-9.303406	
2212	17.890625	29.275700	-5.215976	-9.303406	
2212	17.942224	29.218750	-5.222091	-9.244344	
2213	17.890625	29.366624	-5.225343	-9.330749	
2213	17.968750	29.335547	-5.260129	-9.341966	
2214	17.812500	29.352857	-5.210490	-9.326720	
2214	17.825840	29.296875	-5.213365	-9.314410	
2215	17.890625	29.366624	-5.225343	-9.330749	
2215	17.844071	29.375000	-5.214585	-9.328505	
2216	17.788901	29.375000	-5.207848	-9.329235	
2216	17.812500	29.352857	-5.210490	-9.326720	
2217	17.788901	29.375000	-5.207848	-9.329235	
2217	17.812500	29.386063	-5.209826	-9.328766	
2218	17.812500	29.386063	-5.209826	-9.328766	
2218	17.844071	29.375000	-5.214585	-9.328505	
2219	10.760844	33.281250	-4.315335	-9.215740	
2219	10.781250	33.270006	-4.319665	-9.218041	
2220	10.859375	33.276053	-4.335977	-9.224536	
2220	10.875224	33.281250	-4.337976	-9.224473	
2221	10.781250	33.270006	-4.319665	-9.218041	
2221	10.859375	33.276053	-4.335977	-9.224536	
2222	10.859375	33.290684	-4.335929	-9.224972	
2222	10.821184	33.359375	-4.326763	-9.240625	
2223	10.859375	33.290684	-4.335929	-9.224972	
2223	10.875224	33.281250	-4.337976	-9.224473	
2224	10.781250	33.365625	-4.322021	-9.251087	
2224	10.821184	33.359375	-4.326763	-9.240625	
2225	10.625000	33.282332	-4.173210	-9.167579	
2225	10.703125	33.290795	-4.289950	-9.199684	
2226	10.703125	33.290795	-4.289950	-9.199684	
2226	10.760844	33.281250	-4.315335	-9.215740	
2227	10.703125	33.387027	-4.299421	-9.300647	
2227	10.781250	33.365625	-4.322021	-9.251087	
2228	10.625000	33.436192	-4.102317	-9.439166	
2228	10.703125	33.387027	-4.299421	-9.300647	
2229	15.312500	39.452664	-2.948006	-4.668755	
2229	15.315627	39.453125	-2.948066	-4.669239	
2230	15.312500	39.453326	-2.948059	-4.669134	
2230	15.315627	39.453125	-2.948066	-4.669239	
2231	40.061221	9.765625	-1.099752	-4.113458	
2231	40.078125	9.738387	-1.100192	-4.110280	
2232	40.078125	9.738387	-1.100192	-4.110280	
2232	40.085222	9.765625	-1.101273	-4.113900	
2233	40.085222	9.765625	-1.101273	-4.113900	
2233	40.103332	9.843750	-1.112477	-4.128727	
2234	40.061221	9.765625	-1.099752	-4.113458	
2234	40.016523	9.843750	-1.080787	-4.129896	
2235	40.016523	9.843750	-1.080787	-4.129896	
2235	40.000544	9.921875	-1.037949	-4.161647	
2236	40.103332	9.843750	-1.112477	-4.128727	
2236	40.113464	9.921875	-1.141048	-4.156706	
2237	40.113464	9.921875	-1.141048	-4.156706	
2237	40.133292	10.000000	-1.204612	-4.249003	
2238	40.000000	9.950144	-1.014656	-4.180877	
2238	40.000544	9.921875	-1.037949	-4.161647	
2239	40.133292	10.000000	-1.204612	-4.249003	
2239	40.144205	10.078125	-1.213634	-4.449981	
2240	40.144205	10.078125	-1.213634	-4.449981	
2240	40.108032	10.156250	-1.103337	-4.629931	
2241	40.108032	10.156250	-1.103337	-4.629931	
2241	40.096260	10.234375	-1.050534	-4.671809	
2242	40.096260	10.234375	-1.050534	-4.671809	
2242	40.078806	10.312500	-1.027414	-4.694316	
2243	40.000000	10.292483	-1.018685	-4.690870	
2243	40.067434	10.312500	-1.026048	-4.695860	
2244	49.063192	12.578125	7.081110	-3.409572	
2244	49.140625	12.500024	7.054135	-3.315449	
2245	49.140625	12.500024	7.054135	-3.315449	
2245	49.218030	12.578125	7.043920	-3.389475	
2246	49.140625	12.656234	7.074354	-3.481662	
2246	49.218030	12.578125	7.043920	-3.389475	
2247	49.063192	12.578125	7.081110	-3.409572	
2247	49.140625	12.656234	7.074354	-3.481662	
2248	3.515625	40.462871	-2.763061	-5.315420	
2248	3.593750	40.441616	-2.768968	-5.300483	
2249	3.453549	40.468750	-2.762182	-5.313945	
2249	3.515625	40.462871	-2.763061	-5.315420	
2250	3.671875	40.407455	-2.840256	-5.208626	
2250	3.750000	40.399579	-3.081608	-5.183759	
2251	3.593750	40.441616	-2.768968	-5.300483	
2251	3.671875	40.407455	-2.840256	-5.208626	
2252	3.593750	40.486228	-2.773280	-5.340012	
2252	3.671875	40.523891	-2.864826	-5.430766	
2253	3.671875	40.523891	-2.864826	-5.430766	
2253	3.750000	40.534874	-3.062120	-5.445989	
2254	3.453549	40.468750	-2.762182	-5.313945	
2254	3.515625	40.472012	-2.763600	-5.318082	
2255	3.515625	40.472012	-2.763600	-5.318082	
2255	3.593750	40.486228	-2.773280	-5.340012	
2256	3.828125	40.435606	-3.195099	-5.293121	
2256	3.906250	40.460236	-3.204407	-5.316921	
2257	3.750000	40.399579	-3.081608	-5.183759	
2257	3.828125	40.435606	-3.195099	-5.293121	
2258	3.906250	40.460236	-3.204407	-5.316921	
2258	3.969509	40.468750	-3.205451	-5.315944	
2259	3.906250	40.473142	-3.203473	-5.321800	
2259	3.969509	40.468750	-3.205451	-5.315944	
2260	3.750000	40.534874	-3.062120	-5.445989	
2260	3.828125	40.490446	-3.188914	-5.352589	
2261	3.828125	40.490446	-3.188914	-5.352589	
2261	3.906250	40.473142	-3.203473	-5.321800	
2262	15.097262	56.406250	0.130946	8.433191	
2262	15.156250	56.358733	0.117552	8.540218	
2263	15.164528	56.328125	0.079179	8.620581	
2263	15.234375	56.276652	-0.132287	8.783290	
2264	15.234375	56.276652	-0.132287	8.783290	
2264	15.312500	56.270611	-0.345644	8.795762	
2265	15.156250	56.358733	0.117552	8.540218	
2265	15.164528	56.328125	0.079179	8.620581	
2266	15.156250	56.453365	0.094765	8.335144	
2266	15.234375	56.481949	-0.052064	8.231962	
2267	15.234375	56.481949	-0.052064	8.231962	
2267	15.312500	56.480738	-0.292338	8.240989	
2268	15.097262	56.406250	0.130946	8.433191	
2268	15.156250	56.453365	0.094765	8.335144	
2269	-61.179421	1.484375	-19.123438	4.869587	
2269	-61.171875	1.447322	-19.136995	4.993388	
2270	-61.171875	1.447322	-19.136995	4.993388	
2270	-61.161963	1.484375	-19.145336	4.893780	
2271	-61.161963	1.484375	-19.145336	4.893780	
2271	-61.166576	1.562500	-19.103788	4.867096	
2272	-61.179421	1.484375	-19.123438	4.869587	
2272	-61.178510	1.562500	-19.105264	4.866323	
2273	-50.825033	8.437500	-11.062103	4.699807	
2273	-50.845748	8.515625	-11.002565	4.619360	
2274	-50.845748	8.515625	-11.002565	4.619360	
2274	-50.852969	8.593750	-10.992458	4.404428	
2275	-50.765696	8.437500	-11.113252	4.705436	
2275	-50.725726	8.515625	-11.245994	4.623685	
2276	-50.725726	8.515625	-11.245994	4.623685	
2276	-50.704072	8.593750	-11.337597	4.319609	
2277	-50.704072	8.593750	-11.337597	4.319609	
2277	-50.703125	8.662096	-11.281171	4.201996	
2278	-50.703125	8.662096	-11.281171	4.201996	
2278	-50.698154	8.671875	-11.277656	4.197750	
2279	-50.698154	8.671875	-11.277656	4.197750	
2279	-50.698955	8.750000	-11.247512	4.167786	
2280	-50.781250	8.733649	-11.203551	4.169614	
2280	-50.713526	8.750000	-11.243048	4.165136	
2281	-50.852969	8.593750	-10.992458	4.404428	
2281	-50.795530	8.671875	-11.157836	4.187806	
2282	-50.795530	8.671875	-11.157836	4.187806	
2282	-50.781250	8.733649	-11.203551	4.169614	
2283	-50.713526	8.750000	-11.243048	4.165136	
2283	-50.703772	8.828125	-11.238677	4.160177	
2284	-50.698955	8.750000	-11.247512	4.167786	
2284	-50.702421	8.828125	-11.238724	4.160210	
2285	-50.703125	8.857398	-11.238544	4.159609	
2285	-50.702421	8.828125	-11.238724	4.160210	
2286	-50.703772	8.828125	-11.238677	4.160177	
2286	-50.703125	8.857398	-11.238544	4.159609	
2287	-55.468750	8.672717	-14.862333	5.623079	
2287	-55.395406	8.750000	-14.922167	5.549340	
2288	-55.543284	8.750000	-14.817188	5.570718	
2288	-55.468750	8.672717	-14.862333	5.623079	
2289	-48.437500	15.527541	-10.652281	4.318612	
2289	-48.436146	15.546875	-10.652466	4.318299	
2290	-48.436146	15.546875	-10.652466	4.318299	
2290	-48.425514	15.625000	-10.650144	4.314446	
2291	-48.439476	15.546875	-10.652342	4.318281	
2291	-48.437500	15.527541	-10.652281	4.318612	
2292	-48.439476	15.546875	-10.652342	4.318281	
2292	-48.442744	15.625000	-10.646198	4.312141	
2293	-48.442744	15.625000	-10.646198	4.312141	
2293	-48.437500	15.673799	-10.636954	4.303404	
2294	-48.425514	15.625000	-10.650144	4.314446	
2294	-48.359375	15.646974	-10.682469	4.312721	
2295	-48.437500	15.673799	-10.636954	4.303404	
2295	-48.434307	15.703125	-10.628077	4.294458	
2296	-48.359375	15.646974	-10.682469	4.312721	
2296	-48.348327	15.703125	-10.705351	4.307635	
2297	-48.348327	15.703125	-10.705351	4.307635	
2297	-48.308230	15.781250	-10.842702	4.236286	
2298	-48.434307	15.703125	-10.628077	4.294458	
2298	-48.429464	15.781250	-10.583915	4.233393	
2299	-48.281250	15.922602	-10.907980	3.854535	
2299	-48.266533	15.937500	-10.904338	3.849009	
2300	-48.429464	15.781250	-10.583915	4.233393	
2300	-48.435534	15.859375	-10.563240	4.053797	
2301	-48.308230	15.781250	-10.842702	4.236286	
2301	-48.281960	15.859375	-10.951363	3.982740	
2302	-48.281960	15.859375	-10.951363	3.982740	
2302	-48.281250	15.922602	-10.907980	3.854535	
2303	-48.435534	15.859375	-10.563240	4.053797	
2303	-48.383756	15.937500	-10.719870	3.833664	
2304	-48.383756	15.937500	-10.719870	3.833664	
2304	-48.359375	16.006426	-10.799948	3.802320	
2305	-48.359375	16.006426	-10.799948	3.802320	
2305	-48.315558	16.015625	-10.841763	3.796015	
2306	-48.315558	16.015625	-10.841763	3.796015	
2306	-48.289763	16.093750	-10.852205	3.791152	
2307	-48.266533	15.937500	-10.904338	3.849009	
2307	-48.260425	16.015625	-10.870942	3.806924	
2308	-48.260425	16.015625	-10.870942	3.806924	
2308	-48.264615	16.093750	-10.857152	3.791876	
2309	-48.281250	16.140099	-10.855114	3.789623	
2309	-48.264615	16.093750	-10.857152	3.791876	
2310	-48.289763	16.093750	-10.852205	3.791152	
2310	-48.281250	16.140099	-10.855114	3.789623	
2311	-45.795147	16.015625	-9.154669	3.569841	
2311	-45.781250	15.954194	-9.157135	3.576737	
2312	-45.795147	16.015625	-9.154669	3.569841	
2312	-45.790542	16.093750	-9.140409	3.551028	
2313	-45.781250	15.954194	-9.157135	3.576737	
2313	-45.757743	16.015625	-9.160578	3.571915	
2314	-45.703125	16.047865	-9.181539	3.566537	
2314	-45.693957	16.093750	-9.194822	3.562967	
2315	-45.757743	16.015625	-9.160578	3.571915	
2315	-45.703125	16.047865	-9.181539	3.566537	
2316	-45.781250	16.111995	-9.137092	3.546790	
2316	-45.770988	16.171875	-9.111238	3.513886	
2317	-45.693957	16.093750	-9.194822	3.562967	
2317	-45.665666	16.171875	-9.252978	3.543564	
2318	-45.665666	16.171875	-9.252978	3.543564	
2318	-45.627063	16.250000	-9.420298	3.395398	
2319	-45.770988	16.171875	-9.111238	3.513886	
2319	-45.774921	16.250000	-9.054556	3.382136	
2320	-45.790542	16.093750	-9.140409	3.551028	
2320	-45.781250	16.111995	-9.137092	3.546790	
2321	-56.236302	10.312500	-15.213685	5.538261	
2321	-56.227598	10.390625	-15.216686	5.298434	
2322	-56.171875	10.468710	-15.381480	5.042402	
2322	-56.171799	10.468750	-15.381681	5.042248	
2323	-56.227598	10.390625	-15.216686	5.298434	
2323	-56.171875	10.468710	-15.381480	5.042402	
2324	-56.018705	10.312500	-15.812015	5.534401	
2324	-56.015625	10.356867	-15.854653	5.373587	
2325	-56.015625	10.356867	-15.854653	5.373587	
2325	-55.994735	10.390625	-15.848544	5.258346	
2326	-55.994735	10.390625	-15.848544	5.258346	
2326	-55.989438	10.468750	-15.781894	5.083512	
2327	-55.989438	10.468750	-15.781894	5.083512	
2327	-55.996597	10.546875	-15.710686	4.999426	
2328	-55.996597	10.546875	-15.710686	4.999426	
2328	-56.010037	10.625000	-15.663100	4.965927	
2329	-56.093750	10.616889	-15.592858	4.954950	
2329	-56.036618	10.625000	-15.644141	4.958667	
2330	-56.171799	10.468750	-15.381681	5.042248	
2330	-56.124139	10.546875	-15.538555	4.964610	
2331	-56.124139	10.546875	-15.538555	4.964610	
2331	-56.093750	10.616889	-15.592858	4.954950	
2332	-51.635843	23.437500	-15.459134	6.451920	
2332	-51.562500	23.360894	-15.560976	6.541496	
2333	-51.562500	23.360894	-15.560976	6.541496	
2333	-51.498204	23.437500	-15.782742	6.399460	
2334	-51.498204	23.437500	-15.782742	6.399460	
2334	-51.484375	23.515297	-15.810886	6.183090	
2335	-51.484375	23.515297	-15.810886	6.183090	
2335	-51.483473	23.515625	-15.810894	6.183120	
2336	-51.483473	23.515625	-15.810894	6.183120	
2336	-51.480265	23.593750	-15.773413	6.127562	
2337	-51.562500	23.583831	-15.686300	6.126419	
2337	-51.485780	23.593750	-15.770753	6.125972	
2338	-51.485780	23.593750	-15.770753	6.125972	
2338	-51.484375	23.606980	-15.768158	6.124634	
2339	-51.484375	23.606980	-15.768158	6.124634	
2339	-51.480265	23.593750	-15.773413	6.127562	
2340	-51.635843	23.437500	-15.459134	6.451920	
2340	-51.611653	23.515625	-15.510427	6.241280	
2341	-51.611653	23.515625	-15.510427	6.241280	
2341	-51.562500	23.583831	-15.686300	6.126419	
2342	-41.718750	29.263747	-10.736958	4.696459	
2342	-41.707571	29.296875	-10.739177	4.696733	
2343	-41.640625	29.310263	-10.872746	4.704255	
2343	-41.591912	29.375000	-11.080358	4.629651	
2344	-41.707571	29.296875	-10.739177	4.696733	
2344	-41.640625	29.310263	-10.872746	4.704255	
2345	-41.768800	29.296875	-10.690058	4.671186	
2345	-41.718750	29.263747	-10.736958	4.696459	
2346	-41.768800	29.296875	-10.690058	4.671186	
2346	-41.769932	29.375000	-10.659816	4.613934	
2347	-44.843750	39.616208	-17.336903	10.462038	
2347	-44.773257	39.687500	-17.374770	10.387401	
2348	-44.843750	39.616208	-17.336903	10.462038	
2348	-44.909546	39.687500	-17.324346	10.423409	
2349	-44.909546	39.687500	-17.324346	10.423409	
2349	-44.843750	39.762851	-17.382990	10.377798	
2350	-44.843750	39.762851	-17.382990	10.377798	
2350	-44.773257	39.687500	-17.374770	10.387401	
2351	-12.940622	0.000000	14.012984	0.062522	
2351	-12.936998	0.078125	14.010682	-0.029599	
2352	-12.936998	0.078125	14.010682	-0.029599	
2352	-12.932866	0.156250	14.007897	-0.121641	
2353	-12.932866	0.156250	14.007897	-0.121641	
2353	-12.928204	0.234375	14.004627	-0.213608	
2354	-12.928204	0.234375	14.004627	-0.213608	
2354	-12.922989	0.312500	14.000870	-0.305507	
2355	-12.922989	0.312500	14.000870	-0.305507	
2355	-12.917197	0.390625	13.996623	-0.397343	
2356	-12.917197	0.390625	13.996623	-0.397343	
2356	-12.910802	0.468750	13.991884	-0.489123	
2357	-12.910802	0.468750	13.991884	-0.489123	
2357	-12.903781	0.546875	13.986649	-0.580855	
2358	-12.903781	0.546875	13.986649	-0.580855	
2358	-12.896108	0.625000	13.980916	-0.672547	
2359	-12.896108	0.625000	13.980916	-0.672547	
2359	-12.890625	0.676345	13.976874	-0.732797	
2360	-12.890625	0.676345	13.976874	-0.732797	
2360	-12.887829	0.703125	13.974681	-0.764203	
2361	-12.887829	0.703125	13.974681	-0.764203	
2361	-12.878997	0.781250	13.967944	-0.855823	
2362	-12.878997	0.781250	13.967944	-0.855823	
2362	-12.869463	0.859375	13.960698	-0.947427	
2363	-12.869463	0.859375	13.960698	-0.947427	
2363	-12.859207	0.937500	13.952942	-1.039025	
2364	-12.812500	1.239120	13.918129	-1.392801	
2364	-12.810687	1.250000	13.916728	-1.405560	
2365	-12.859207	0.937500	13.952942	-1.039025	
2365	-12.848213	1.015625	13.944670	-1.130627	
2366	-12.848213	1.015625	13.944670	-1.130627	
2366	-12.836464	1.093750	13.935880	-1.222244	
2367	-12.836464	1.093750	13.935880	-1.222244	
2367	-12.823945	1.171875	13.926567	-1.313887	
2368	-12.823945	1.171875	13.926567	-1.313887	
2368	-12.812500	1.239120	13.918129	-1.392801	
2369	-12.810687	1.250000	13.916728	-1.405560	
2369	-12.796915	1.328125	13.906362	-1.497244	
2370	-12.796915	1.328125	13.906362	-1.497244	
2370	-12.782357	1.406250	13.895462	-1.588979	
2371	-12.782357	1.406250	13.895462	-1.588979	
2371	-12.767007	1.484375	13.884023	-1.680778	
2372	-12.767007	1.484375	13.884023	-1.680778	
2372	-12.750859	1.562500	13.872041	-1.772650	
2373	-12.750859	1.562500	13.872041	-1.772650	
2373	-12.734375	1.638482	13.859862	-1.862083	
2374	-12.734375	1.638482	13.859862	-1.862083	
2374	-12.733919	1.640625	13.859511	-1.864603	
2375	-12.733919	1.640625	13.859511	-1.864603	
2375	-12.716553	1.718750	13.846437	-1.956588	
2376	-12.716553	1.718750	13.846437	-1.956588	
2376	-12.698393	1.796875	13.832808	-2.048669	
2377	-12.698393	1.796875	13.832808	-2.048669	
2377	-12.679439	1.875000	13.818617	-2.140856	
2378	-12.679439	1.875000	13.818617	-2.140856	
2378	-12.659691	1.953125	13.803860	-2.233158	
2379	-12.659691	1.953125	13.803860	-2.233158	
2379	-12.656250	1.966234	13.801327	-2.248667	
2380	-12.656250	1.966234	13.801327	-2.248667	
2380	-12.639511	2.031250	13.788544	-2.325516	
2381	-12.639511	2.031250	13.788544	-2.325516	
2381	-12.618625	2.109375	13.772657	-2.417984	
2382	-12.618625	2.109375	13.772657	-2.417984	
2382	-12.596961	2.187500	13.756189	-2.510586	
2383	-12.596961	2.187500	13.756189	-2.510586	
2383	-12.578125	2.253100	13.741909	-2.588460	
2384	-12.578125	2.253100	13.741909	-2.588460	
2384	-12.574594	2.265625	13.739141	-2.603313	
2385	-12.574594	2.265625	13.739141	-2.603313	
2385	-12.551855	2.343750	13.721519	-2.696102	
2386	-12.551855	2.343750	13.721519	-2.696102	
2386	-12.528355	2.421875	13.703304	-2.789038	
2387	-12.528355	2.421875	13.703304	-2.789038	
2387	-12.504099	2.500000	13.684490	-2.882130	
2388	-12.500000	2.512830	13.681341	-2.897443	
2388	-12.479503	2.578125	13.665093	-2.975285	
2389	-12.479503	2.578125	13.665093	-2.975285	
2389	-12.454247	2.656250	13.645094	-3.068581	
2390	-12.454247	2.656250	13.645094	-3.068581	
2390	-12.428252	2.734375	13.624482	-3.162042	
2391	-12.421875	2.753051	13.619460	-3.184423	
2391	-12.401914	2.812500	13.603275	-3.255575	
2392	-12.428252	2.734375	13.624482	-3.162042	
2392	-12.421875	2.753051	13.619460	-3.184423	
2393	-12.401914	2.812500	13.603275	-3.255575	
2393	-12.374974	2.890625	13.581454	-3.349245	
2394	-12.374974	2.890625	13.581454	-3.349245	
2394	-12.347311	2.968750	13.559006	-3.443089	
2395	-12.343750	2.978580	13.556135	-3.454917	
2395	-12.319397	3.046875	13.535958	-3.536983	
2396	-12.319397	3.046875	13.535958	-3.536983	
2396	-12.290839	3.125000	13.512279	-3.631035	
2397	-12.347311	2.968750	13.559006	-3.443089	
2397	-12.343750	2.978580	13.556135	-3.454917	
2398	-12.290839	3.125000	13.512279	-3.631035	
2398	-12.265625	3.192335	13.491354	-3.712250	
2399	-12.265625	3.192335	13.491354	-3.712250	
2399	-12.261646	3.203125	13.487965	-3.725245	
2400	-12.261646	3.203125	13.487965	-3.725245	
2400	-12.232226	3.281250	13.463042	-3.819497	
2401	-12.232226	3.281250	13.463042	-3.819497	
2401	-12.202105	3.359375	13.437469	-3.913929	
2402	-12.202105	3.359375	13.437469	-3.913929	
2402	-12.187500	3.396470	13.425093	-3.958849	
2403	-12.187500	3.396470	13.425093	-3.958849	
2403	-12.171582	3.437500	13.411266	-4.008455	
2404	-12.171582	3.437500	13.411266	-4.008455	
2404	-12.140637	3.515625	13.384428	-4.103078	
2405	-12.109375	3.592832	13.357253	-4.196770	
2405	-12.109009	3.593750	13.356927	-4.197881	
2406	-12.140637	3.515625	13.384428	-4.103078	
2406	-12.109375	3.592832	13.357253	-4.196770	
2407	-12.109009	3.593750	13.356927	-4.197881	
2407	-12.077265	3.671875	13.328811	-4.292683	
2408	-12.077265	3.671875	13.328811	-4.292683	
2408	-12.044839	3.750000	13.300024	-4.387665	
2409	-12.044839	3.750000	13.300024	-4.387665	
2409	-12.031250	3.782147	13.287977	-4.426817	
2410	-12.031250	3.782147	13.287977	-4.426817	
2410	-12.012078	3.828125	13.270595	-4.482713	
2411	-12.012078	3.828125	13.270595	-4.482713	
2411	-11.978884	3.906250	13.240511	-4.577855	
2412	-11.978884	3.906250	13.240511	-4.577855	
2412	-11.953125	3.965731	13.217143	-4.650424	
2413	-11.953125	3.965731	13.217143	-4.650424	
2413	-11.945157	3.984375	13.209757	-4.673127	
2414	-11.945157	3.984375	13.209757	-4.673127	
2414	-11.911217	4.062500	13.178366	-4.768414	
2415	-11.911217	4.062500	13.178366	-4.768414	
2415	-11.876607	4.140625	13.146282	-4.863873	
2416	-11.876607	4.140625	13.146282	-4.863873	
2416	-11.875000	4.144200	13.144796	-4.868249	
2417	-11.875000	4.144200	13.144796	-4.868249	
2417	-11.841912	4.218750	13.113572	-4.959294	
2418	-11.841912	4.218750	13.113572	-4.959294	
2418	-11.806583	4.296875	13.080164	-5.054872	
2419	-11.796875	4.318021	13.070997	-5.080782	
2419	-11.771041	4.375000	13.046111	-5.150447	
2420	-11.806583	4.296875	13.080164	-5.054872	
2420	-11.796875	4.318021	13.070997	-5.080782	
2421	-11.771041	4.375000	13.046111	-5.150447	
2421	-11.735010	4.453125	13.011374	-5.246119	
2422	-11.735010	4.453125	13.011374	-5.246119	
2422	-11.718750	4.487848	12.995701	-5.288707	
2423	-11.718750	4.487848	12.995701	-5.288707	
2423	-11.698670	4.531250	12.975973	-5.341817	
2424	-11.698670	4.531250	12.975973	-5.341817	
2424	-11.661958	4.609375	12.939899	-5.437558	
2425	-11.640625	4.654081	12.918929	-5.492426	
2425	-11.624865	4.687500	12.903148	-5.533343	
2426	-11.661958	4.609375	12.939899	-5.437558	
2426	-11.640625	4.654081	12.918929	-5.492426	
2427	-11.562500	4.817071	12.840697	-5.692288	
2427	-11.549689	4.843750	12.827632	-5.724961	
2428	-11.549689	4.843750	12.827632	-5.724961	
2428	-11.511672	4.921875	12.788874	-5.820755	
2429	-11.484375	4.977131	12.761019	-5.888595	
2429	-11.473205	5.000000	12.749422	-5.916599	
2430	-11.511672	4.921875	12.788874	-5.820755	
2430	-11.484375	4.977131	12.761019	-5.888595	
2431	-11.624865	4.687500	12.903148	-5.533343	
2431	-11.587490	4.765625	12.865734	-5.629126	
2432	-11.587490	4.765625	12.865734	-5.629126	
2432	-11.562500	4.817071	12.840697	-5.692288	
2433	-12.504099	2.500000	13.684490	-2.882130	
2433	-12.500000	2.512830	13.681341	-2.897443	
2434	-11.473205	5.000000	12.749422	-5.916599	
2434	-11.434564	5.078125	12.709322	-6.012372	
2435	-11.434564	5.078125	12.709322	-6.012372	
2435	-11.406250	5.134539	12.679908	-6.081611	
2436	-11.406250	5.134539	12.679908	-6.081611	
2436	-11.395474	5.156250	12.668524	-6.108183	
2437	-11.395474	5.156250	12.668524	-6.108183	
2437	-11.356232	5.234375	12.627084	-6.203899	
2438	-11.328125	5.289548	12.597373	-6.271565	
2438	-11.316560	5.312500	12.584948	-6.299632	
2439	-11.356232	5.234375	12.627084	-6.203899	
2439	-11.328125	5.289548	12.597373	-6.271565	
2440	-11.316560	5.312500	12.584948	-6.299632	
2440	-11.276737	5.390625	12.542171	-6.395254	
2441	-11.276737	5.390625	12.542171	-6.395254	
2441	-11.250000	5.442381	12.513425	-6.458657	
2442	-11.250000	5.442381	12.513425	-6.458657	
2442	-11.236524	5.468750	12.498706	-6.490862	
2443	-11.236524	5.468750	12.498706	-6.490862	
2443	-11.196144	5.546875	12.454601	-6.586350	
2444	-11.171875	5.593243	12.428074	-6.643065	
2444	-11.155430	5.625000	12.409821	-6.681784	
2445	-11.196144	5.546875	12.454601	-6.586350	
2445	-11.171875	5.593243	12.428074	-6.643065	
2446	-11.155430	5.625000	12.409821	-6.681784	
2446	-11.114517	5.703125	12.364398	-6.777095	
2447	-11.114517	5.703125	12.364398	-6.777095	
2447	-11.093750	5.742321	12.341330	-6.824943	
2448	-11.093750	5.742321	12.341330	-6.824943	
2448	-11.073343	5.781250	12.318320	-6.872304	
2449	-11.073343	5.781250	12.318320	-6.872304	
2449	-11.031919	5.859375	12.271592	-6.967397	
2450	-11.015625	5.889784	12.253203	-7.004427	
2450	-10.990325	5.937500	12.224235	-7.062327	
2451	-11.031919	5.859375	12.271592	-6.967397	
2451	-11.015625	5.889784	12.253203	-7.004427	
2452	-10.937500	6.035787	12.163707	-7.181637	
2452	-10.906442	6.093750	12.127606	-7.251755	
2453	-10.906442	6.093750	12.127606	-7.251755	
2453	-10.864076	6.171875	12.078320	-7.346274	
2454	-10.859375	6.180473	12.072851	-7.356678	
2454	-10.821757	6.250000	12.028479	-7.440488	
2455	-10.864076	6.171875	12.078320	-7.346274	
2455	-10.859375	6.180473	12.072851	-7.356678	
2456	-10.990325	5.937500	12.224235	-7.062327	
2456	-10.948417	6.015625	12.176218	-7.157156	
2457	-10.948417	6.015625	12.176218	-7.157156	
2457	-10.937500	6.035787	12.163707	-7.181637	
2458	-10.821757	6.250000	12.028479	-7.440488	
2458	-10.781250	6.323965	11.980655	-7.529637	
2459	-10.781250	6.323965	11.980655	-7.529637	
2459	-10.778995	6.328125	11.977957	-7.534631	
2460	-10.778995	6.328125	11.977957	-7.534631	
2460	-10.736335	6.406250	11.926906	-7.628424	
2461	-10.736335	6.406250	11.926906	-7.628424	
2461	-10.703125	6.466380	11.887134	-7.700592	
2462	-10.703125	6.466380	11.887134	-7.700592	
2462	-10.693289	6.484375	11.875198	-7.722101	
2463	-10.693289	6.484375	11.875198	-7.722101	
2463	-10.650237	6.562500	11.822944	-7.815463	
2464	-10.650237	6.562500	11.822944	-7.815463	
2464	-10.625000	6.607840	11.792299	-7.869626	
2465	-10.625000	6.607840	11.792299	-7.869626	
2465	-10.606942	6.640625	11.770084	-7.908622	
2466	-10.606942	6.640625	11.770084	-7.908622	
2466	-10.563522	6.718750	11.716658	-8.001508	
2467	-10.563522	6.718750	11.716658	-8.001508	
2467	-10.546875	6.748443	11.696171	-8.036796	
2468	-10.546875	6.748443	11.696171	-8.036796	
2468	-10.520008	6.796875	11.662682	-8.094097	
2469	-10.520008	6.796875	11.662682	-8.094097	
2469	-10.476242	6.875000	11.608113	-8.186465	
2470	-10.476242	6.875000	11.608113	-8.186465	
2470	-10.468750	6.888274	11.598773	-8.202153	
2471	-10.468750	6.888274	11.598773	-8.202153	
2471	-10.432540	6.953125	11.553059	-8.278436	
2472	-10.390625	7.027404	11.500136	-8.365729	
2472	-10.388478	7.031250	11.497391	-8.370227	
2473	-10.432540	6.953125	11.553059	-8.278436	
2473	-10.390625	7.027404	11.500136	-8.365729	
2474	-10.388478	7.031250	11.497391	-8.370227	
2474	-10.344577	7.109375	11.441286	-8.461554	
2475	-10.344577	7.109375	11.441286	-8.461554	
2475	-10.312500	7.165879	11.400299	-8.527541	
2476	-10.312500	7.165879	11.400299	-8.527541	
2476	-10.300360	7.187500	11.384595	-8.552665	
2477	-10.300360	7.187500	11.384595	-8.552665	
2477	-10.256149	7.265625	11.327434	-8.643379	
2478	-10.234375	7.303754	11.299300	-8.687613	
2478	-10.211790	7.343750	11.269758	-8.733773	
2479	-10.256149	7.265625	11.327434	-8.643379	
2479	-10.234375	7.303754	11.299300	-8.687613	
2480	-10.156250	7.441049	11.197188	-8.845942	
2480	-10.122768	7.500000	11.152944	-8.913500	
2481	-10.211790	7.343750	11.269758	-8.733773	
2481	-10.167266	7.421875	11.211569	-8.823850	
2482	-10.167266	7.421875	11.211569	-8.823850	
2482	-10.156250	7.441049	11.197188	-8.845942	
2483	-10.122768	7.500000	11.152944	-8.913500	
2483	-10.078125	7.577764	11.094028	-9.002513	
2484	-10.078125	7.577764	11.094028	-9.002513	
2484	-10.077920	7.578125	11.093754	-9.002925	
2485	-10.077920	7.578125	11.093754	-9.002925	
2485	-10.033271	7.656250	11.034209	-9.091816	
2486	-10.033271	7.656250	11.034209	-9.091816	
2486	-10.000000	7.713817	10.989925	-9.157248	
2487	-10.000000	7.713817	10.989925	-9.157248	
2487	-9.988260	7.734375	10.974110	-9.180480	
2488	-9.988260	7.734375	10.974110	-9.180480	
2488	-9.943237	7.812500	10.913594	-9.268718	
2489	-9.943237	7.812500	10.913594	-9.268718	
2489	-9.921875	7.849174	10.884959	-9.310116	
2490	-9.921875	7.849174	10.884959	-9.310116	
2490	-9.898027	7.890625	10.852604	-9.356625	
2491	-9.898027	7.890625	10.852604	-9.356625	
2491	-9.852560	7.968750	10.791118	-9.444236	
2492	-9.843750	7.983733	10.779246	-9.461039	
2492	-9.807088	8.046875	10.729243	-9.531410	
2493	-9.765625	8.117309	10.672946	-9.609885	
2493	-9.761156	8.125000	10.666804	-9.618399	
2494	-9.807088	8.046875	10.729243	-9.531410	
2494	-9.765625	8.117309	10.672946	-9.609885	
2495	-9.852560	7.968750	10.791118	-9.444236	
2495	-9.843750	7.983733	10.779246	-9.461039	
2496	-9.761156	8.125000	10.666804	-9.618399	
2496	-9.715245	8.203125	10.603998	-9.704933	
2497	-9.715245	8.203125	10.603998	-9.704933	
2497	-9.687500	8.249637	10.566263	-9.756472	
2498	-9.687500	8.249637	10.566263	-9.756472	
2498	-9.668891	8.281250	10.540644	-9.791272	
2499	-9.668891	8.281250	10.540644	-9.791272	
2499	-9.622211	8.359375	10.476790	-9.877352	
2500	-9.609375	8.380537	10.459351	-9.900701	
2500	-9.575279	8.437500	10.412471	-9.963132	
2501	-9.622211	8.359375	10.476790	-9.877352	
2501	-9.609375	8.380537	10.459351	-9.900701	
2502	-9.575279	8.437500	10.412471	-9.963132	
2502	-9.531250	8.509673	10.352448	-10.042367	
2503	-9.531250	8.509673	10.352448	-10.042367	
2503	-9.527668	8.515625	10.347506	-10.048857	
2504	-9.527668	8.515625	10.347506	-10.048857	
2504	-9.479867	8.593750	10.282105	-10.134252	
2505	-9.479867	8.593750	10.282105	-10.134252	
2505	-9.453125	8.636545	10.245884	-10.181163	
2506	-9.453125	8.636545	10.245884	-10.181163	
2506	-9.431332	8.671875	10.216027	-10.219631	
2507	-9.431332	8.671875	10.216027	-10.219631	
2507	-9.382053	8.750000	10.149263	-10.305006	
2508	-8.750000	9.620729	9.337941	-11.277462	
2508	-8.691134	9.687500	9.267721	-11.356274	
2509	-8.437500	9.952192	8.972080	-11.678379	
2509	-8.388353	10.000000	8.915518	-11.738111	
2510	-8.691134	9.687500	9.267721	-11.356274	
2510	-8.671875	9.708852	9.244917	-11.381684	
2511	-8.671875	9.708852	9.244917	-11.381684	
2511	-8.619487	9.765625	9.183347	-11.449829	
2512	-8.619487	9.765625	9.183347	-11.449829	
2512	-8.593750	9.793085	9.153186	-11.482964	
2513	-8.593750	9.793085	9.153186	-11.482964	
2513	-8.544899	9.843750	9.096485	-11.544806	
2514	-8.544899	9.843750	9.096485	-11.544806	
2514	-8.515625	9.873947	9.062404	-11.581691	
2515	-8.515625	9.873947	9.062404	-11.581691	
2515	-8.467620	9.921875	9.007127	-11.641049	
2516	-8.467620	9.921875	9.007127	-11.641049	
2516	-8.437500	9.952192	8.972080	-11.678379	
2517	-9.382053	8.750000	10.149263	-10.305006	
2517	-9.375000	8.760955	10.139808	-10.317025	
2518	-9.375000	8.760955	10.139808	-10.317025	
2518	-9.332270	8.828125	10.081913	-10.390244	
2519	-9.296875	8.882294	10.034601	-10.449602	
2519	-9.281401	8.906250	10.013703	-10.475686	
2520	-9.332270	8.828125	10.081913	-10.390244	
2520	-9.296875	8.882294	10.034601	-10.449602	
2521	-9.218750	9.000295	9.930440	-10.578808	
2521	-9.176802	9.062500	9.874821	-10.646988	
2522	-9.281401	8.906250	10.013703	-10.475686	
2522	-9.229584	8.984375	9.944680	-10.561262	
2523	-9.229584	8.984375	9.944680	-10.561262	
2523	-9.218750	9.000295	9.930440	-10.578808	
2524	-9.062500	9.224631	9.726268	-10.826397	
2524	-9.009700	9.296875	9.658558	-10.906897	
2525	-8.984375	9.330358	9.626620	-10.944596	
2525	-8.950614	9.375000	9.583895	-10.994754	
2526	-9.009700	9.296875	9.658558	-10.906897	
2526	-8.984375	9.330358	9.626620	-10.944596	
2527	-9.176802	9.062500	9.874821	-10.646988	
2527	-9.140625	9.114473	9.827622	-10.704413	
2528	-9.140625	9.114473	9.827622	-10.704413	
2528	-9.122560	9.140625	9.803868	-10.733163	
2529	-9.122560	9.140625	9.803868	-10.733163	
2529	-9.066812	9.218750	9.731769	-10.819823	
2530	-9.066812	9.218750	9.731769	-10.819823	
2530	-9.062500	9.224631	9.726268	-10.826397	
2531	-8.950614	9.375000	9.583895	-10.994754	
2531	-8.906250	9.431650	9.528672	-11.059124	
2532	-8.906250	9.431650	9.528672	-11.059124	
2532	-8.889371	9.453125	9.507632	-11.083513	
2533	-8.828125	9.528397	9.432477	-11.170016	
2533	-8.825784	9.531250	9.429608	-11.173300	
2534	-8.889371	9.453125	9.507632	-11.083513	
2534	-8.828125	9.528397	9.432477	-11.170016	
2535	-8.825784	9.531250	9.429608	-11.173300	
2535	-8.759842	9.609375	9.349739	-11.264136	
2536	-8.759842	9.609375	9.349739	-11.264136	
2536	-8.750000	9.620729	9.337941	-11.277462	
2537	-8.388353	10.000000	8.915518	-11.738111	
2537	-8.359375	10.028912	8.881513	-11.773711	
2538	-8.359375	10.028912	8.881513	-11.773711	
2538	-8.308502	10.078125	8.822339	-11.835089	
2539	-8.308502	10.078125	8.822339	-11.835089	
2539	-8.281250	10.105733	8.789673	-11.868654	
2540	-8.281250	10.105733	8.789673	-11.868654	
2540	-8.230329	10.156250	8.728870	-11.930512	
2541	-8.230329	10.156250	8.728870	-11.930512	
2541	-8.203125	10.185194	8.694979	-11.964635	
2542	-8.203125	10.185194	8.694979	-11.964635	
2542	-8.156731	10.234375	8.636930	-12.022477	
2543	-8.156731	10.234375	8.636930	-12.022477	
2543	-8.125000	10.271365	8.594933	-12.063843	
2544	-8.125000	10.271365	8.594933	-12.063843	
2544	-8.090380	10.312500	8.548405	-12.109196	
2545	-8.090380	10.312500	8.548405	-12.109196	
2545	-8.046875	10.370674	8.485672	-12.169550	
2546	-8.046875	10.370674	8.485672	-12.169550	
2546	-8.032577	10.390625	8.464476	-12.189737	
2547	-8.032577	10.390625	8.464476	-12.189737	
2547	-7.983212	10.468750	8.385466	-12.264092	
2548	-7.968750	10.494518	8.360525	-12.287275	
2548	-7.941121	10.546875	8.310959	-12.332955	
2549	-7.941121	10.546875	8.310959	-12.332955	
2549	-7.904251	10.625000	8.239858	-12.397603	
2550	-7.983212	10.468750	8.385466	-12.264092	
2550	-7.968750	10.494518	8.360525	-12.287275	
2551	-7.904251	10.625000	8.239858	-12.397603	
2551	-7.890625	10.656443	8.212069	-12.422602	
2552	-7.890625	10.656443	8.212069	-12.422602	
2552	-7.871576	10.703125	8.171647	-12.458710	
2553	-7.871576	10.703125	8.171647	-12.458710	
2553	-7.841668	10.781250	8.105484	-12.517196	
2554	-7.841668	10.781250	8.105484	-12.517196	
2554	-7.813268	10.859375	8.040591	-12.573867	
2555	-7.813268	10.859375	8.040591	-12.573867	
2555	-7.812500	10.861542	8.038808	-12.575415	
2556	-7.812500	10.861542	8.038808	-12.575415	
2556	-7.786715	10.937500	7.977234	-12.628590	
2557	-7.786715	10.937500	7.977234	-12.628590	
2557	-7.760681	11.015625	7.914542	-12.682195	
2558	-7.760681	11.015625	7.914542	-12.682195	
2558	-7.734927	11.093750	7.852368	-12.734868	
2559	-7.734927	11.093750	7.852368	-12.734868	
2559	-7.734375	11.095421	7.851041	-12.735987	
2560	-7.734375	11.095421	7.851041	-12.735987	
2560	-7.709906	11.171875	7.791024	-12.786398	
2561	-7.709906	11.171875	7.791024	-12.786398	
2561	-7.684860	11.250000	7.729998	-12.837263	
2562	-7.684860	11.250000	7.729998	-12.837263	
2562	-7.659714	11.328125	7.669238	-12.887542	
2563	-7.659714	11.328125	7.669238	-12.887542	
2563	-7.656250	11.338752	7.660970	-12.894358	
2564	-7.656250	11.338752	7.660970	-12.894358	
2564	-7.634835	11.406250	7.608991	-12.937071	
2565	-7.634835	11.406250	7.608991	-12.937071	
2565	-7.609805	11.484375	7.548967	-12.986119	
2566	-7.609805	11.484375	7.548967	-12.986119	
2566	-7.584473	11.562500	7.489058	-13.034806	
2567	-7.584473	11.562500	7.489058	-13.034806	
2567	-7.578125	11.581607	7.474352	-13.046720	
2568	-7.578125	11.581607	7.474352	-13.046720	
2568	-7.559120	11.640625	7.429447	-13.083013	
2569	-7.559120	11.640625	7.429447	-13.083013	
2569	-7.533413	11.718750	7.369901	-13.130959	
2570	-7.533413	11.718750	7.369901	-13.130959	
2570	-7.507025	11.796875	7.310190	-13.178854	
2571	-7.507025	11.796875	7.310190	-13.178854	
2571	-7.500000	11.816765	7.294828	-13.191150	
2572	-7.500000	11.816765	7.294828	-13.191150	
2572	-7.480250	11.875000	7.250500	-13.226576	
2573	-7.480250	11.875000	7.250500	-13.226576	
2573	-7.452582	11.953125	7.190481	-13.274431	
2574	-7.452582	11.953125	7.190481	-13.274431	
2574	-7.423441	12.031250	7.129733	-13.322763	
2575	-7.423441	12.031250	7.129733	-13.322763	
2575	-7.421875	12.035142	7.126637	-13.325224	
2576	-7.421875	12.035142	7.126637	-13.325224	
2576	-7.393501	12.109375	7.068689	-13.371255	
2577	-7.393501	12.109375	7.068689	-13.371255	
2577	-7.361384	12.187500	7.006415	-13.420676	
2578	-7.361384	12.187500	7.006415	-13.420676	
2578	-7.343750	12.226621	6.974280	-13.446169	
2579	-7.343750	12.226621	6.974280	-13.446169	
2579	-7.327169	12.265625	6.942944	-13.471027	
2580	-7.327169	12.265625	6.942944	-13.471027	
2580	-7.290368	12.343750	6.877927	-13.522616	
2581	-7.290368	12.343750	6.877927	-13.522616	
2581	-7.265625	12.390553	6.837264	-13.554899	
2582	-7.265625	12.390553	6.837264	-13.554899	
2582	-7.250055	12.421875	6.810719	-13.575987	
2583	-7.250055	12.421875	6.810719	-13.575987	
2583	-7.205844	12.500000	6.741022	-13.631417	
2584	-7.205844	12.500000	6.741022	-13.631417	
2584	-7.187500	12.528226	6.714292	-13.652704	
2585	-7.187500	12.528226	6.714292	-13.652704	
2585	-7.156809	12.578125	6.668164	-13.689487	
2586	-7.109375	12.643770	6.602792	-13.741726	
2586	-7.100802	12.656250	6.590641	-13.751453	
2587	-7.156809	12.578125	6.668164	-13.689487	
2587	-7.109375	12.643770	6.602792	-13.741726	
2588	-7.031250	12.740260	6.500889	-13.823476	
2588	-6.962220	12.812500	6.417202	-13.890949	
2589	-7.100802	12.656250	6.590641	-13.751453	
2589	-7.036924	12.734375	6.507717	-13.817985	
2590	-7.036924	12.734375	6.507717	-13.817985	
2590	-7.031250	12.740260	6.500889	-13.823476	
2591	-6.962220	12.812500	6.417202	-13.890949	
2591	-6.953125	12.820452	6.406964	-13.899226	
2592	-6.953125	12.820452	6.406964	-13.899226	
2592	-6.875000	12.887153	6.319414	-13.970233	
2593	-6.328125	13.069254	5.826607	-14.378748	
2593	-6.250000	13.060036	5.768463	-14.427925	
2594	-6.406250	13.069476	5.887435	-14.327460	
2594	-6.328125	13.069254	5.826607	-14.378748	
2595	-6.562500	13.044577	6.017455	-14.218631	
2595	-6.552863	13.046875	6.009215	-14.225493	
2596	-6.484375	13.061244	5.950971	-14.274134	
2596	-6.406250	13.069476	5.887435	-14.327460	
2597	-6.552863	13.046875	6.009215	-14.225493	
2597	-6.484375	13.061244	5.950971	-14.274134	
2598	-6.875000	12.887153	6.319414	-13.970233	
2598	-6.870852	12.890625	6.314775	-13.974007	
2599	-6.796875	12.941404	6.237593	-14.036978	
2599	-6.751911	12.968750	6.192100	-14.074262	
2600	-6.870852	12.890625	6.314775	-13.974007	
2600	-6.796875	12.941404	6.237593	-14.036978	
2601	-6.718750	12.985616	6.160110	-14.100556	
2601	-6.640625	13.019747	6.086904	-14.160976	
2602	-6.640625	13.019747	6.086904	-14.160976	
2602	-6.562500	13.044577	6.017455	-14.218631	
2603	-6.751911	12.968750	6.192100	-14.074262	
2603	-6.718750	12.985616	6.160110	-14.100556	
2604	-6.093750	13.022569	5.649406	-14.527864	
2604	-6.015625	12.999463	5.573890	-14.587130	
2605	-6.015625	12.999463	5.573890	-14.587130	
2605	-5.962523	13.046875	5.437464	-14.669372	
2606	-5.962523	13.046875	5.437464	-14.669372	
2606	-5.949448	13.125000	5.352891	-14.707966	
2607	-6.171875	13.041814	5.712319	-14.475381	
2607	-6.203920	13.046875	5.737840	-14.453830	
2608	-6.171875	13.041814	5.712319	-14.475381	
2608	-6.093750	13.022569	5.649406	-14.527864	
2609	-6.250000	13.060036	5.768463	-14.427925	
2609	-6.203920	13.046875	5.737840	-14.453830	
2610	-5.949448	13.125000	5.352891	-14.707966	
2610	-5.939144	13.203125	5.286238	-14.736318	
2611	-5.939144	13.203125	5.286238	-14.736318	
2611	-5.937500	13.214031	5.277296	-14.740078	
2612	-5.937500	13.214031	5.277296	-14.740078	
2612	-5.926760	13.281250	5.223972	-14.762444	
2613	-5.926760	13.281250	5.223972	-14.762444	
2613	-5.907900	13.359375	5.158353	-14.789984	
2614	-5.907900	13.359375	5.158353	-14.789984	
2614	-5.881714	13.437500	5.088115	-14.819618	
2615	-5.881714	13.437500	5.088115	-14.819618	
2615	-5.859375	13.492973	5.036225	-14.841646	
2616	-5.859375	13.492973	5.036225	-14.841646	
2616	-5.847188	13.515625	5.012165	-14.851902	
2617	-5.847188	13.515625	5.012165	-14.851902	
2617	-5.803593	13.593750	4.929914	-14.887159	
2618	-5.781250	13.631330	4.890071	-14.904345	
2618	-5.749204	13.671875	4.839842	-14.926106	
2619	-5.703125	13.730635	4.769025	-14.956954	
2619	-5.682997	13.750000	4.741265	-14.969096	
2620	-5.749204	13.671875	4.839842	-14.926106	
2620	-5.703125	13.730635	4.769025	-14.956954	
2621	-5.803593	13.593750	4.929914	-14.887159	
2621	-5.781250	13.631330	4.890071	-14.904345	
2622	-5.682997	13.750000	4.741265	-14.969096	
2622	-5.625000	13.809372	4.661044	-15.004324	
2623	-5.625000	13.809372	4.661044	-15.004324	
2623	-5.601168	13.828125	4.630895	-15.017612	
2624	-5.546875	13.874614	4.561474	-15.048300	
2624	-5.499994	13.906250	4.505768	-15.073001	
2625	-5.601168	13.828125	4.630895	-15.017612	
2625	-5.546875	13.874614	4.561474	-15.048300	
2626	-5.468750	13.929365	4.468155	-15.089711	
2626	-5.390625	13.976213	4.379459	-15.129194	
2627	-5.390625	13.976213	4.379459	-15.129194	
2627	-5.374045	13.984375	4.361492	-15.137202	
2628	-5.374045	13.984375	4.361492	-15.137202	
2628	-5.312500	14.017904	4.293904	-15.167344	
2629	-5.499994	13.906250	4.505768	-15.073001	
2629	-5.468750	13.929365	4.468155	-15.089711	
2630	-5.234375	14.053602	4.211538	-15.204089	
2630	-5.211350	14.062500	4.188023	-15.214576	
2631	-5.312500	14.017904	4.293904	-15.167344	
2631	-5.234375	14.053602	4.211538	-15.204089	
2632	-5.211350	14.062500	4.188023	-15.214576	
2632	-5.156250	14.085937	4.131117	-15.239941	
2633	-5.156250	14.085937	4.131117	-15.239941	
2633	-5.078125	14.114539	4.052620	-15.274875	
2634	-5.078125	14.114539	4.052620	-15.274875	
2634	-5.000000	14.139743	3.975782	-15.308977	
2635	-0.312500	14.723089	-0.627598	-16.573542	
2635	-0.234375	14.721976	-0.708295	-16.579356	
2636	-0.234375	14.721976	-0.708295	-16.579356	
2636	-0.156250	14.720404	-0.789105	-16.584648	
2637	-0.156250	14.720404	-0.789105	-16.584648	
2637	-0.078125	14.718376	-0.870028	-16.589418	
2638	-0.078125	14.718376	-0.870028	-16.589418	
2638	0.000000	14.715901	-0.951067	-16.593671	
2639	-0.625000	14.722871	-0.305893	-16.545014	
2639	-0.546875	14.723629	-0.386160	-16.552941	
2640	-0.546875	14.723629	-0.386160	-16.552941	
2640	-0.468750	14.723918	-0.466532	-16.560337	
2641	-0.468750	14.723918	-0.466532	-16.560337	
2641	-0.390625	14.723737	-0.547011	-16.567203	
2642	-0.390625	14.723737	-0.547011	-16.567203	
2642	-0.312500	14.723089	-0.627598	-16.573542	
2643	-0.937500	14.715164	0.014155	-16.507956	
2643	-0.859375	14.717787	-0.065707	-16.518027	
2644	-0.859375	14.717787	-0.065707	-16.518027	
2644	-0.781250	14.719948	-0.145668	-16.527559	
2645	-0.781250	14.719948	-0.145668	-16.527559	
2645	-0.703125	14.721643	-0.225730	-16.536554	
2646	-0.703125	14.721643	-0.225730	-16.536554	
2646	-0.625000	14.722871	-0.305893	-16.545014	
2647	-1.250000	14.700153	0.332618	-16.462266	
2647	-1.171875	14.704572	0.253149	-16.474502	
2648	-1.171875	14.704572	0.253149	-16.474502	
2648	-1.093750	14.708551	0.173582	-16.486195	
2649	-1.093750	14.708551	0.173582	-16.486195	
2649	-1.015625	14.712084	0.093918	-16.497346	
2650	-1.015625	14.712084	0.093918	-16.497346	
2650	-0.937500	14.715164	0.014155	-16.507956	
2651	-1.640625	14.672061	0.728392	-16.392932	
2651	-1.562500	14.678425	0.649458	-16.407884	
2652	-1.718750	14.665313	0.807217	-16.377438	
2652	-1.640625	14.672061	0.728392	-16.392932	
2653	-1.796875	14.658187	0.885929	-16.361402	
2653	-1.718750	14.665313	0.807217	-16.377438	
2654	-1.875000	14.650693	0.964525	-16.344826	
2654	-1.796875	14.658187	0.885929	-16.361402	
2655	-1.484375	14.684396	0.570416	-16.422293	
2655	-1.440769	14.687500	0.526262	-16.430098	
2656	-1.562500	14.678425	0.649458	-16.407884	
2656	-1.484375	14.684396	0.570416	-16.422293	
2657	-1.440769	14.687500	0.526262	-16.430098	
2657	-1.406250	14.690022	0.491258	-16.436161	
2658	-1.406250	14.690022	0.491258	-16.436161	
2658	-1.328125	14.695300	0.411988	-16.449485	
2659	-1.328125	14.695300	0.411988	-16.449485	
2659	-1.250000	14.700153	0.332618	-16.462266	
2660	-2.343750	14.598669	1.433399	-16.234177	
2660	-2.265625	14.608002	1.355631	-16.253927	
2661	-2.265625	14.608002	1.355631	-16.253927	
2661	-2.253677	14.609375	1.343731	-16.256900	
2662	-2.253677	14.609375	1.343731	-16.256900	
2662	-2.187500	14.617189	1.277678	-16.273165	
2663	-2.500000	14.579088	1.588483	-16.193133	
2663	-2.421875	14.589028	1.511018	-16.213911	
2664	-2.421875	14.589028	1.511018	-16.213911	
2664	-2.343750	14.598669	1.433399	-16.234177	
2665	-1.953125	14.642838	1.043002	-16.327712	
2665	-1.875000	14.650693	0.964525	-16.344826	
2666	-2.031250	14.634630	1.121355	-16.310062	
2666	-1.953125	14.642838	1.043002	-16.327712	
2667	-2.109375	14.626078	1.199582	-16.291879	
2667	-2.031250	14.634630	1.121355	-16.310062	
2668	-2.187500	14.617189	1.277678	-16.273165	
2668	-2.109375	14.626078	1.199582	-16.291879	
2669	-3.046875	14.502465	2.125756	-16.033957	
2669	-2.968750	14.514009	2.049606	-16.058105	
2670	-3.125000	14.490707	2.201701	-16.009359	
2670	-3.046875	14.502465	2.125756	-16.033957	
2671	-2.890625	14.525326	1.973256	-16.081795	
2671	-2.848721	14.531250	1.932238	-16.094305	
2672	-2.968750	14.514009	2.049606	-16.058105	
2672	-2.890625	14.525326	1.973256	-16.081795	
2673	-2.848721	14.531250	1.932238	-16.094305	
2673	-2.812500	14.536507	1.896684	-16.105025	
2674	-2.656250	14.558342	1.742927	-16.150065	
2674	-2.578125	14.568856	1.665787	-16.171849	
2675	-2.578125	14.568856	1.665787	-16.171849	
2675	-2.500000	14.579088	1.588483	-16.193133	
2676	-2.812500	14.536507	1.896684	-16.105025	
2676	-2.734375	14.547556	1.819894	-16.127788	
2677	-2.734375	14.547556	1.819894	-16.127788	
2677	-2.656250	14.558342	1.742927	-16.150065	
2678	-3.750000	14.391635	2.800847	-15.797859	
2678	-3.671875	14.404414	2.726800	-15.825617	
2679	-3.671875	14.404414	2.726800	-15.825617	
2679	-3.593750	14.417073	2.652518	-15.853019	
2680	-3.593750	14.417073	2.652518	-15.853019	
2680	-3.515625	14.429608	2.577997	-15.880054	
2681	-3.515625	14.429608	2.577997	-15.880054	
2681	-3.437500	14.442011	2.503239	-15.906709	
2682	-3.437500	14.442011	2.503239	-15.906709	
2682	-3.366603	14.453125	2.435198	-15.930557	
2683	-3.359375	14.454289	2.428239	-15.932974	
2683	-3.281250	14.466605	2.352948	-15.958857	
2684	-3.366603	14.453125	2.435198	-15.930557	
2684	-3.359375	14.454289	2.428239	-15.932974	
2685	-3.203125	14.478749	2.277434	-15.984322	
2685	-3.125000	14.490707	2.201701	-16.009359	
2686	-3.281250	14.466605	2.352948	-15.958857	
2686	-3.203125	14.478749	2.277434	-15.984322	
2687	-4.531250	14.255172	3.531022	-15.502888	
2687	-4.453125	14.270376	3.458310	-15.533778	
2688	-4.453125	14.270376	3.458310	-15.533778	
2688	-4.375000	14.284921	3.385703	-15.564335	
2689	-4.687500	14.221972	3.677211	-15.439993	
2689	-4.609375	14.239118	3.603946	-15.471638	
2690	-4.609375	14.239118	3.603946	-15.471638	
2690	-4.531250	14.255172	3.531022	-15.502888	
2691	-5.000000	14.139743	3.975782	-15.308977	
2691	-4.996847	14.140625	3.972738	-15.310326	
2692	-4.921875	14.163403	3.899785	-15.342582	
2692	-4.843750	14.184673	3.824862	-15.375559	
2693	-4.996847	14.140625	3.972738	-15.310326	
2693	-4.921875	14.163403	3.899785	-15.342582	
2694	-4.765625	14.204024	3.750757	-15.408000	
2694	-4.700771	14.218750	3.689768	-15.434546	
2695	-4.843750	14.184673	3.824862	-15.375559	
2695	-4.765625	14.204024	3.750757	-15.408000	
2696	-4.700771	14.218750	3.689768	-15.434546	
2696	-4.687500	14.221972	3.677211	-15.439993	
2697	-3.906250	14.365858	2.948203	-15.741341	
2697	-3.850268	14.375000	2.895562	-15.761723	
2698	-3.984375	14.352910	3.021508	-15.712611	
2698	-3.906250	14.365858	2.948203	-15.741341	
2699	-4.062500	14.339802	3.094618	-15.683567	
2699	-3.984375	14.352910	3.021508	-15.712611	
2700	-4.140625	14.326493	3.167561	-15.654213	
2700	-4.062500	14.339802	3.094618	-15.683567	
2701	-4.218750	14.312922	3.240373	-15.624552	
2701	-4.140625	14.326493	3.167561	-15.654213	
2702	-4.375000	14.284921	3.385703	-15.564335	
2702	-4.308235	14.296875	3.323699	-15.590186	
2703	-4.296875	14.299006	3.313101	-15.594581	
2703	-4.218750	14.312922	3.240373	-15.624552	
2704	-4.308235	14.296875	3.323699	-15.590186	
2704	-4.296875	14.299006	3.313101	-15.594581	
2705	-3.850268	14.375000	2.895562	-15.761723	
2705	-3.828125	14.378734	2.874662	-15.769757	
2706	-3.828125	14.378734	2.874662	-15.769757	
2706	-3.750000	14.391635	2.800847	-15.797859	
2707	-16.875000	14.924239	7.692246	-8.353598	
2707	-16.808432	15.000000	7.613012	-8.399407	
2708	-16.953125	14.923477	7.725609	-8.325969	
2708	-16.875000	14.924239	7.692246	-8.353598	
2709	-16.996669	15.000000	7.712492	-8.345847	
2709	-16.953125	14.923477	7.725609	-8.325969	
2710	-16.996669	15.000000	7.712492	-8.345847	
2710	-16.978356	15.078125	7.686551	-8.400805	
2711	-16.953125	15.094838	7.678978	-8.421581	
2711	-16.915717	15.156250	7.656850	-8.499578	
2712	-16.978356	15.078125	7.686551	-8.400805	
2712	-16.953125	15.094838	7.678978	-8.421581	
2713	-16.915717	15.156250	7.656850	-8.499578	
2713	-16.875000	15.171870	7.647400	-8.541710	
2714	-16.808432	15.000000	7.613012	-8.399407	
2714	-16.796875	15.004725	7.598725	-8.406050	
2715	-16.796875	15.004725	7.598725	-8.406050	
2715	-16.770304	15.078125	7.514903	-8.441591	
2716	-16.770304	15.078125	7.514903	-8.441591	
2716	-16.722591	15.156250	7.304984	-8.617247	
2717	-16.718750	15.180717	7.278288	-8.687177	
2717	-16.640625	15.226371	7.250483	-8.792424	
2718	-16.640625	15.226371	7.250483	-8.792424	
2718	-16.620475	15.234375	7.246219	-8.807560	
2719	-16.620475	15.234375	7.246219	-8.807560	
2719	-16.573310	15.312500	7.216798	-8.885616	
2720	-16.875000	15.171870	7.647400	-8.541710	
2720	-16.833623	15.234375	7.548311	-8.724725	
2721	-16.722591	15.156250	7.304984	-8.617247	
2721	-16.718750	15.180717	7.278288	-8.687177	
2722	-16.796875	15.299095	7.391521	-8.822110	
2722	-16.771082	15.312500	7.342559	-8.841897	
2723	-16.833623	15.234375	7.548311	-8.724725	
2723	-16.796875	15.299095	7.391521	-8.822110	
2724	-20.000000	23.905256	1.924633	-7.408112	
2724	-19.997779	23.906250	1.924515	-7.409356	
2725	-19.997779	23.906250	1.924515	-7.409356	
2725	-19.921875	23.982310	1.915795	-7.479870	
2726	-19.921875	23.982310	1.915795	-7.479870	
2726	-19.918607	23.984375	1.915507	-7.481590	
2727	-19.918607	23.984375	1.915507	-7.481590	
2727	-19.861450	24.062500	1.904571	-7.530790	
2728	-19.861450	24.062500	1.904571	-7.530790	
2728	-19.843750	24.117618	1.896382	-7.554687	
2729	-19.843750	24.117618	1.896382	-7.554687	
2729	-19.831690	24.140625	1.892382	-7.563771	
2730	-19.831690	24.140625	1.892382	-7.563771	
2730	-19.835893	24.218750	1.881426	-7.582293	
2731	-19.843750	24.231537	1.880509	-7.583421	
2731	-19.835893	24.218750	1.881426	-7.582293	
2732	-20.000000	24.262639	1.915921	-7.566282	
2732	-19.921875	24.275549	1.889396	-7.577800	
2733	-19.921875	24.275549	1.889396	-7.577800	
2733	-19.843750	24.231537	1.880509	-7.583421	
2734	-16.250000	27.154386	1.049675	-8.408905	
2734	-16.236884	27.187500	1.037266	-8.406205	
2735	-16.236884	27.187500	1.037266	-8.406205	
2735	-16.171875	27.255351	0.930521	-8.506252	
2736	-16.250000	27.198575	1.053097	-8.412991	
2736	-16.180491	27.265625	0.935122	-8.511483	
2737	-16.171875	27.255351	0.930521	-8.506252	
2737	-16.126638	27.265625	0.924574	-8.513844	
2738	-16.171875	27.299489	0.931403	-8.513412	
2738	-16.126638	27.265625	0.924574	-8.513844	
2739	-16.180491	27.265625	0.935122	-8.511483	
2739	-16.171875	27.299489	0.931403	-8.513412	
2740	-16.305190	27.187500	1.065905	-8.409068	
2740	-16.250000	27.154386	1.049675	-8.408905	
2741	-16.305190	27.187500	1.065905	-8.409068	
2741	-16.250000	27.198575	1.053097	-8.412991	
2742	-9.687500	24.311030	1.871490	-11.983305	
2742	-9.623962	24.375000	1.737277	-12.037073	
2743	-9.805069	24.296875	1.957630	-11.974935	
2743	-9.765625	24.291131	1.939007	-11.978515	
2744	-9.765625	24.291131	1.939007	-11.978515	
2744	-9.762774	24.296875	1.936953	-11.978777	
2745	-9.762774	24.296875	1.936953	-11.978777	
2745	-9.687500	24.311030	1.871490	-11.983305	
2746	-9.805069	24.296875	1.957630	-11.974935	
2746	-9.823856	24.375000	1.948550	-11.989877	
2747	-9.823856	24.375000	1.948550	-11.989877	
2747	-9.765625	24.395624	1.929495	-12.019808	
2748	-9.765625	24.395624	1.929495	-12.019808	
2748	-9.687500	24.426307	1.857120	-12.121225	
2749	-9.623962	24.375000	1.737277	-12.037073	
2749	-9.609375	24.418608	1.708214	-12.107472	
2750	-9.687500	24.426307	1.857120	-12.121225	
2750	-9.629529	24.453125	1.733478	-12.139060	
2751	-9.609375	24.418608	1.708214	-12.107472	
2751	-9.531250	24.434592	1.682215	-12.129212	
2752	-9.609375	24.501080	1.717282	-12.139411	
2752	-9.531250	24.500926	1.672214	-12.144580	
2753	-9.629529	24.453125	1.733478	-12.139060	
2753	-9.609375	24.501080	1.717282	-12.139411	
2754	-1.250000	29.689165	-1.818686	-11.868465	
2754	-1.171875	29.705284	-2.013623	-11.978086	
2755	-1.171875	29.705284	-2.013623	-11.978086	
2755	-1.093750	29.706364	-2.069098	-12.039376	
2756	-1.093750	29.706364	-2.069098	-12.039376	
2756	-1.015625	29.711359	-2.100810	-12.074690	
2757	-1.015625	29.711359	-2.100810	-12.074690	
2757	-0.937500	29.732168	-2.128345	-12.100107	
2758	-1.093750	29.888602	-2.068597	-12.152317	
2758	-1.015625	29.894355	-2.105507	-12.131897	
2759	-1.015625	29.894355	-2.105507	-12.131897	
2759	-0.937500	29.882595	-2.134743	-12.120184	
2760	-1.250000	29.847682	-1.878369	-12.234781	
2760	-1.171875	29.876102	-2.009894	-12.186864	
2761	-1.171875	29.876102	-2.009894	-12.186864	
2761	-1.093750	29.888602	-2.068597	-12.152317	
2762	-1.640625	29.666991	-1.414726	-11.975093	
2762	-1.562500	29.641819	-1.441309	-11.968452	
2763	-1.672047	29.687500	-1.406316	-11.975205	
2763	-1.640625	29.666991	-1.414726	-11.975093	
2764	-1.328125	29.684811	-1.595500	-11.888230	
2764	-1.325688	29.687500	-1.597934	-11.887186	
2765	-1.406250	29.655909	-1.519161	-11.928289	
2765	-1.328125	29.684811	-1.595500	-11.888230	
2766	-1.484375	29.642894	-1.474235	-11.953638	
2766	-1.406250	29.655909	-1.519161	-11.928289	
2767	-1.562500	29.641819	-1.441309	-11.968452	
2767	-1.484375	29.642894	-1.474235	-11.953638	
2768	-1.484375	29.830004	-1.475859	-12.035441	
2768	-1.406250	29.833299	-1.513818	-12.080743	
2769	-1.562500	29.813212	-1.446979	-12.004015	
2769	-1.484375	29.830004	-1.475859	-12.035441	
2770	-1.325688	29.687500	-1.597934	-11.887186	
2770	-1.250000	29.689165	-1.818686	-11.868465	
2771	-1.328125	29.837371	-1.611223	-12.171609	
2771	-1.261176	29.843750	-1.841966	-12.238723	
2772	-1.406250	29.833299	-1.513818	-12.080743	
2772	-1.328125	29.837371	-1.611223	-12.171609	
2773	-1.261176	29.843750	-1.841966	-12.238723	
2773	-1.250000	29.847682	-1.878369	-12.234781	
2774	-1.672047	29.687500	-1.406316	-11.975205	
2774	-1.662565	29.765625	-1.414179	-11.978580	
2775	-1.640625	29.777323	-1.420896	-11.982536	
2775	-1.562500	29.813212	-1.446979	-12.004015	
2776	-1.662565	29.765625	-1.414179	-11.978580	
2776	-1.640625	29.777323	-1.420896	-11.982536	
2777	-11.562500	30.365937	-0.109142	-8.994071	
2777	-11.553052	30.390625	-0.110040	-8.994319	
2778	-11.484375	30.392648	-0.207562	-8.975755	
2778	-11.406250	30.459007	-0.412623	-9.085116	
2779	-11.553052	30.390625	-0.110040	-8.994319	
2779	-11.484375	30.392648	-0.207562	-8.975755	
2780	-11.406250	30.459007	-0.412623	-9.085116	
2780	-11.366497	30.468750	-0.426540	-9.119861	
2781	-11.366497	30.468750	-0.426540	-9.119861	
2781	-11.328125	30.519680	-0.441645	-9.162506	
2782	-11.328125	30.519680	-0.441645	-9.162506	
2782	-11.264555	30.546875	-0.451811	-9.177043	
2783	-11.328125	30.595333	-0.439269	-9.181131	
2783	-11.264555	30.546875	-0.451811	-9.177043	
2784	-11.406250	30.576217	-0.392734	-9.194570	
2784	-11.328125	30.595333	-0.439269	-9.181131	
2785	-11.562500	30.479429	-0.094308	-9.065143	
2785	-11.484375	30.543654	-0.250928	-9.203049	
2786	-11.484375	30.543654	-0.250928	-9.203049	
2786	-11.417045	30.546875	-0.391640	-9.194823	
2787	-11.417045	30.546875	-0.391640	-9.194823	
2787	-11.406250	30.576217	-0.392734	-9.194570	
2788	-20.468750	23.401279	2.733508	-6.664907	
2788	-20.445798	23.437500	2.710934	-6.668723	
2789	-20.625000	23.308389	2.824828	-6.637730	
2789	-20.546875	23.340889	2.788610	-6.651810	
2790	-20.546875	23.340889	2.788610	-6.651810	
2790	-20.530061	23.359375	2.777414	-6.655087	
2791	-20.530061	23.359375	2.777414	-6.655087	
2791	-20.468750	23.401279	2.733508	-6.664907	
2792	-20.312500	23.599185	2.498621	-6.695951	
2792	-20.262927	23.671875	2.308727	-6.753150	
2793	-20.234375	23.689207	2.200575	-6.816624	
2793	-20.170243	23.750000	1.999122	-7.060453	
2794	-20.262927	23.671875	2.308727	-6.753150	
2794	-20.234375	23.689207	2.200575	-6.816624	
2795	-20.445798	23.437500	2.710934	-6.668723	
2795	-20.390625	23.490042	2.649263	-6.676615	
2796	-20.390625	23.490042	2.649263	-6.676615	
2796	-20.379652	23.515625	2.632136	-6.678484	
2797	-20.379652	23.515625	2.632136	-6.678484	
2797	-20.326444	23.593750	2.530177	-6.690824	
2798	-20.326444	23.593750	2.530177	-6.690824	
2798	-20.312500	23.599185	2.498621	-6.695951	
2799	-20.625000	23.647177	2.805589	-6.772662	
2799	-20.611742	23.671875	2.803525	-6.796679	
2800	-20.546875	23.717768	2.799159	-6.855356	
2800	-20.528741	23.750000	2.794901	-6.906475	
2801	-20.611742	23.671875	2.803525	-6.796679	
2801	-20.546875	23.717768	2.799159	-6.855356	
2802	-20.742274	23.359375	2.843157	-6.627308	
2802	-20.703125	23.317159	2.843590	-6.626208	
2803	-20.703125	23.317159	2.843590	-6.626208	
2803	-20.625000	23.308389	2.824828	-6.637730	
2804	-20.742274	23.359375	2.843157	-6.627308	
2804	-20.752648	23.437500	2.832522	-6.646213	
2805	-20.752648	23.437500	2.832522	-6.646213	
2805	-20.728909	23.515625	2.820944	-6.679364	
2806	-20.703125	23.547827	2.816362	-6.698162	
2806	-20.681334	23.593750	2.811088	-6.727449	
2807	-20.728909	23.515625	2.820944	-6.679364	
2807	-20.703125	23.547827	2.816362	-6.698162	
2808	-20.681334	23.593750	2.811088	-6.727449	
2808	-20.625000	23.647177	2.805589	-6.772662	
2809	-20.528741	23.750000	2.794901	-6.906475	
2809	-20.468750	23.784708	2.783801	-6.990944	
2810	-20.468750	23.784708	2.783801	-6.990944	
2810	-20.447063	23.828125	2.749452	-7.114510	
2811	-20.390625	23.874647	2.624982	-7.319747	
2811	-20.356602	23.906250	2.483632	-7.434311	
2812	-20.447063	23.828125	2.749452	-7.114510	
2812	-20.390625	23.874647	2.624982	-7.319747	
2813	-20.356602	23.906250	2.483632	-7.434311	
2813	-20.312500	23.969853	2.290535	-7.510807	
2814	-20.170243	23.750000	1.999122	-7.060453	
2814	-20.156250	23.784649	1.959443	-7.166893	
2815	-20.156250	23.784649	1.959443	-7.166893	
2815	-20.087367	23.828125	1.936139	-7.290703	
2816	-20.078125	23.848226	1.932173	-7.326353	
2816	-20.000000	23.905256	1.924633	-7.408112	
2817	-20.087367	23.828125	1.936139	-7.290703	
2817	-20.078125	23.848226	1.932173	-7.326353	
2818	-20.312500	23.969853	2.290535	-7.510807	
2818	-20.281667	23.984375	2.211602	-7.526245	
2819	-20.234375	24.059962	2.113962	-7.537254	
2819	-20.228951	24.062500	2.106062	-7.537932	
2820	-20.281667	23.984375	2.211602	-7.526245	
2820	-20.234375	24.059962	2.113962	-7.537254	
2821	-20.228951	24.062500	2.106062	-7.537932	
2821	-20.162509	24.140625	2.025218	-7.545262	
2822	-20.162509	24.140625	2.025218	-7.545262	
2822	-20.156250	24.152239	2.018689	-7.545988	
2823	-20.078125	24.217962	1.957815	-7.555222	
2823	-20.075780	24.218750	1.956417	-7.555508	
2824	-20.156250	24.152239	2.018689	-7.545988	
2824	-20.078125	24.217962	1.957815	-7.555222	
2825	-20.075780	24.218750	1.956417	-7.555508	
2825	-20.000000	24.262639	1.915921	-7.566282	
